{
"type": "FeatureCollection",
"name": "camps",
"crs": { "type": "name", "properties": { "name": "urn:ogc:def:crs:OGC:1.3:CRS84" } },
"features": [
{ "type": "Feature", "properties": { "osm_id": "639088692", "code": 2422, "fclass": "camp_site", "name": "" }, "geometry": { "type": "Point", "coordinates": [ 59.071167, 23.0370059 ] } },
{ "type": "Feature", "properties": { "osm_id": "700605250", "code": 2741, "fclass": "picnic_site", "name": "Wadi Darbat" }, "geometry": { "type": "Point", "coordinates": [ 54.4530357, 17.105271 ] } },
{ "type": "Feature", "properties": { "osm_id": "700770666", "code": 2422, "fclass": "camp_site", "name": "Bush Camp Fins Beach" }, "geometry": { "type": "Point", "coordinates": [ 59.2223625, 22.8915828 ] } },
{ "type": "Feature", "properties": { "osm_id": "702316821", "code": 2422, "fclass": "camp_site", "name": "Camp & picnic site in wadi" }, "geometry": { "type": "Point", "coordinates": [ 54.8890869, 19.5869508 ] } },
{ "type": "Feature", "properties": { "osm_id": "1156482198", "code": 2741, "fclass": "picnic_site", "name": "Ain al-Faydah" }, "geometry": { "type": "Point", "coordinates": [ 55.7120401, 24.0908546 ] } },
{ "type": "Feature", "properties": { "osm_id": "1472833207", "code": 2422, "fclass": "camp_site", "name": "" }, "geometry": { "type": "Point", "coordinates": [ 56.1452544, 25.499313 ] } },
{ "type": "Feature", "properties": { "osm_id": "1490105576", "code": 2422, "fclass": "camp_site", "name": "مخيم 12 - 520" }, "geometry": { "type": "Point", "coordinates": [ 39.9002973, 21.406944 ] } },
{ "type": "Feature", "properties": { "osm_id": "1502624974", "code": 2422, "fclass": "camp_site", "name": "" }, "geometry": { "type": "Point", "coordinates": [ 57.6161897, 23.1241381 ] } },
{ "type": "Feature", "properties": { "osm_id": "2153185336", "code": 2741, "fclass": "picnic_site", "name": "" }, "geometry": { "type": "Point", "coordinates": [ 54.0751726, 17.106194 ] } },
{ "type": "Feature", "properties": { "osm_id": "2344067293", "code": 2741, "fclass": "picnic_site", "name": "Ain Al Fayda" }, "geometry": { "type": "Point", "coordinates": [ 55.7107357, 24.0892445 ] } },
{ "type": "Feature", "properties": { "osm_id": "2498787860", "code": 2741, "fclass": "picnic_site", "name": "Khorfakkan Beach" }, "geometry": { "type": "Point", "coordinates": [ 56.3486627, 25.3614588 ] } },
{ "type": "Feature", "properties": { "osm_id": "2567791880", "code": 2741, "fclass": "picnic_site", "name": "Al Wakra Park" }, "geometry": { "type": "Point", "coordinates": [ 51.6121516, 25.1796868 ] } },
{ "type": "Feature", "properties": { "osm_id": "2571835506", "code": 2741, "fclass": "picnic_site", "name": "Al Wakra Beach" }, "geometry": { "type": "Point", "coordinates": [ 51.6173, 25.1320484 ] } },
{ "type": "Feature", "properties": { "osm_id": "3255247832", "code": 2422, "fclass": "camp_site", "name": "Bush camp Jebel Ali" }, "geometry": { "type": "Point", "coordinates": [ 55.0183363, 24.9859529 ] } },
{ "type": "Feature", "properties": { "osm_id": "3255365419", "code": 2424, "fclass": "caravan_site", "name": "Jebel Shams Resort" }, "geometry": { "type": "Point", "coordinates": [ 57.1980087, 23.2082276 ] } },
{ "type": "Feature", "properties": { "osm_id": "3255409674", "code": 2424, "fclass": "caravan_site", "name": "Public Parking Turtle Beach" }, "geometry": { "type": "Point", "coordinates": [ 59.826906, 22.4257696 ] } },
{ "type": "Feature", "properties": { "osm_id": "3260575303", "code": 2422, "fclass": "camp_site", "name": "Bush camp Khaburah" }, "geometry": { "type": "Point", "coordinates": [ 57.1378915, 23.9585558 ] } },
{ "type": "Feature", "properties": { "osm_id": "3260595865", "code": 2422, "fclass": "camp_site", "name": "Bush camp Wadi Indam Natural Park" }, "geometry": { "type": "Point", "coordinates": [ 58.0092081, 22.7653331 ] } },
{ "type": "Feature", "properties": { "osm_id": "3260596129", "code": 2422, "fclass": "camp_site", "name": "Bush camp Sayq" }, "geometry": { "type": "Point", "coordinates": [ 57.5917693, 23.1145917 ] } },
{ "type": "Feature", "properties": { "osm_id": "3260618809", "code": 2422, "fclass": "camp_site", "name": "Bush camp Badiyah" }, "geometry": { "type": "Point", "coordinates": [ 58.6812477, 22.493743 ] } },
{ "type": "Feature", "properties": { "osm_id": "3260618810", "code": 2422, "fclass": "camp_site", "name": "Bush camp Tiwi" }, "geometry": { "type": "Point", "coordinates": [ 59.2639263, 22.8222393 ] } },
{ "type": "Feature", "properties": { "osm_id": "3260618865", "code": 2422, "fclass": "camp_site", "name": "Bush camp Bimmah" }, "geometry": { "type": "Point", "coordinates": [ 59.0724328, 23.0426743 ] } },
{ "type": "Feature", "properties": { "osm_id": "3264381306", "code": 2422, "fclass": "camp_site", "name": "Bush camp Wahibi Sands" }, "geometry": { "type": "Point", "coordinates": [ 58.7657312, 22.2367925 ] } },
{ "type": "Feature", "properties": { "osm_id": "3264385775", "code": 2422, "fclass": "camp_site", "name": "منتزه شاطيء العذيبه" }, "geometry": { "type": "Point", "coordinates": [ 58.3486944, 23.6049247 ] } },
{ "type": "Feature", "properties": { "osm_id": "3279122764", "code": 2741, "fclass": "picnic_site", "name": "" }, "geometry": { "type": "Point", "coordinates": [ 55.5266407, 17.9336805 ] } },
{ "type": "Feature", "properties": { "osm_id": "3279122765", "code": 2741, "fclass": "picnic_site", "name": "" }, "geometry": { "type": "Point", "coordinates": [ 55.4548885, 17.9103082 ] } },
{ "type": "Feature", "properties": { "osm_id": "3450031684", "code": 2741, "fclass": "picnic_site", "name": "" }, "geometry": { "type": "Point", "coordinates": [ 56.2481053, 26.2006508 ] } },
{ "type": "Feature", "properties": { "osm_id": "3450031685", "code": 2741, "fclass": "picnic_site", "name": "" }, "geometry": { "type": "Point", "coordinates": [ 56.2478799, 26.2011699 ] } },
{ "type": "Feature", "properties": { "osm_id": "3450031686", "code": 2741, "fclass": "picnic_site", "name": "" }, "geometry": { "type": "Point", "coordinates": [ 56.2474915, 26.2012064 ] } },
{ "type": "Feature", "properties": { "osm_id": "3713154688", "code": 2741, "fclass": "picnic_site", "name": "Sadah" }, "geometry": { "type": "Point", "coordinates": [ 58.2695991, 22.9805408 ] } },
{ "type": "Feature", "properties": { "osm_id": "3870415632", "code": 2741, "fclass": "picnic_site", "name": "" }, "geometry": { "type": "Point", "coordinates": [ 54.4587274, 24.4189963 ] } },
{ "type": "Feature", "properties": { "osm_id": "3870431890", "code": 2741, "fclass": "picnic_site", "name": "" }, "geometry": { "type": "Point", "coordinates": [ 54.4587626, 24.4193086 ] } },
{ "type": "Feature", "properties": { "osm_id": "3870432347", "code": 2741, "fclass": "picnic_site", "name": "" }, "geometry": { "type": "Point", "coordinates": [ 54.4592824, 24.4187817 ] } },
{ "type": "Feature", "properties": { "osm_id": "3870432348", "code": 2741, "fclass": "picnic_site", "name": "" }, "geometry": { "type": "Point", "coordinates": [ 54.4589171, 24.4188127 ] } },
{ "type": "Feature", "properties": { "osm_id": "3870432351", "code": 2741, "fclass": "picnic_site", "name": "" }, "geometry": { "type": "Point", "coordinates": [ 54.459772, 24.4184969 ] } },
{ "type": "Feature", "properties": { "osm_id": "3981638847", "code": 2741, "fclass": "picnic_site", "name": "" }, "geometry": { "type": "Point", "coordinates": [ 54.459165, 24.4190348 ] } },
{ "type": "Feature", "properties": { "osm_id": "3981638848", "code": 2741, "fclass": "picnic_site", "name": "" }, "geometry": { "type": "Point", "coordinates": [ 54.459329, 24.4193001 ] } },
{ "type": "Feature", "properties": { "osm_id": "3981667377", "code": 2741, "fclass": "picnic_site", "name": "" }, "geometry": { "type": "Point", "coordinates": [ 54.4575828, 24.4200377 ] } },
{ "type": "Feature", "properties": { "osm_id": "3981667417", "code": 2741, "fclass": "picnic_site", "name": "" }, "geometry": { "type": "Point", "coordinates": [ 54.4578098, 24.4208051 ] } },
{ "type": "Feature", "properties": { "osm_id": "3981667418", "code": 2741, "fclass": "picnic_site", "name": "" }, "geometry": { "type": "Point", "coordinates": [ 54.4585246, 24.4207732 ] } },
{ "type": "Feature", "properties": { "osm_id": "3989446409", "code": 2741, "fclass": "picnic_site", "name": "" }, "geometry": { "type": "Point", "coordinates": [ 54.4406768, 24.4304581 ] } },
{ "type": "Feature", "properties": { "osm_id": "4148059690", "code": 2741, "fclass": "picnic_site", "name": "" }, "geometry": { "type": "Point", "coordinates": [ 55.7066765, 24.2363635 ] } },
{ "type": "Feature", "properties": { "osm_id": "4157284490", "code": 2422, "fclass": "camp_site", "name": "Habtoor camp alqouz" }, "geometry": { "type": "Point", "coordinates": [ 55.239009, 25.135145 ] } },
{ "type": "Feature", "properties": { "osm_id": "4160357489", "code": 2422, "fclass": "camp_site", "name": "قرية الراحة" }, "geometry": { "type": "Point", "coordinates": [ 54.626785, 24.2538685 ] } },
{ "type": "Feature", "properties": { "osm_id": "4174104896", "code": 2422, "fclass": "camp_site", "name": "Habshan Camp (ADCO, PE, CCC)" }, "geometry": { "type": "Point", "coordinates": [ 53.8352624, 23.8866443 ] } },
{ "type": "Feature", "properties": { "osm_id": "4184079692", "code": 2741, "fclass": "picnic_site", "name": "" }, "geometry": { "type": "Point", "coordinates": [ 54.3892921, 24.4729112 ] } },
{ "type": "Feature", "properties": { "osm_id": "4184085894", "code": 2741, "fclass": "picnic_site", "name": "" }, "geometry": { "type": "Point", "coordinates": [ 54.3892541, 24.4726061 ] } },
{ "type": "Feature", "properties": { "osm_id": "4208306090", "code": 2741, "fclass": "picnic_site", "name": "" }, "geometry": { "type": "Point", "coordinates": [ 48.025002, 28.716667 ] } },
{ "type": "Feature", "properties": { "osm_id": "4208315090", "code": 2741, "fclass": "picnic_site", "name": "" }, "geometry": { "type": "Point", "coordinates": [ 48.13895, 28.669451 ] } },
{ "type": "Feature", "properties": { "osm_id": "4208422389", "code": 2741, "fclass": "picnic_site", "name": "" }, "geometry": { "type": "Point", "coordinates": [ 47.912389, 28.882222 ] } },
{ "type": "Feature", "properties": { "osm_id": "4208677696", "code": 2741, "fclass": "picnic_site", "name": "" }, "geometry": { "type": "Point", "coordinates": [ 47.815552, 28.625834 ] } },
{ "type": "Feature", "properties": { "osm_id": "4208730191", "code": 2741, "fclass": "picnic_site", "name": "" }, "geometry": { "type": "Point", "coordinates": [ 47.808058, 28.584996 ] } },
{ "type": "Feature", "properties": { "osm_id": "4208739689", "code": 2741, "fclass": "picnic_site", "name": "" }, "geometry": { "type": "Point", "coordinates": [ 47.715134, 28.615967 ] } },
{ "type": "Feature", "properties": { "osm_id": "4209993092", "code": 2741, "fclass": "picnic_site", "name": "" }, "geometry": { "type": "Point", "coordinates": [ 47.761848, 28.643267 ] } },
{ "type": "Feature", "properties": { "osm_id": "4209993093", "code": 2741, "fclass": "picnic_site", "name": "" }, "geometry": { "type": "Point", "coordinates": [ 47.674725, 28.683615 ] } },
{ "type": "Feature", "properties": { "osm_id": "4209998189", "code": 2741, "fclass": "picnic_site", "name": "" }, "geometry": { "type": "Point", "coordinates": [ 47.745468, 28.667267 ] } },
{ "type": "Feature", "properties": { "osm_id": "4210676092", "code": 2422, "fclass": "camp_site", "name": "" }, "geometry": { "type": "Point", "coordinates": [ 55.7587771, 24.0989865 ] } },
{ "type": "Feature", "properties": { "osm_id": "4231223303", "code": 2741, "fclass": "picnic_site", "name": "" }, "geometry": { "type": "Point", "coordinates": [ 54.3718155, 24.5062398 ] } },
{ "type": "Feature", "properties": { "osm_id": "4231223305", "code": 2741, "fclass": "picnic_site", "name": "" }, "geometry": { "type": "Point", "coordinates": [ 54.3729627, 24.5066767 ] } },
{ "type": "Feature", "properties": { "osm_id": "4231229393", "code": 2741, "fclass": "picnic_site", "name": "" }, "geometry": { "type": "Point", "coordinates": [ 54.3721961, 24.5060781 ] } },
{ "type": "Feature", "properties": { "osm_id": "4233033290", "code": 2424, "fclass": "caravan_site", "name": "CP 07A1A Dorsch Office" }, "geometry": { "type": "Point", "coordinates": [ 51.4938103, 25.4525879 ] } },
{ "type": "Feature", "properties": { "osm_id": "4237008289", "code": 2422, "fclass": "camp_site", "name": "Falcon Aviation Compound" }, "geometry": { "type": "Point", "coordinates": [ 54.6543467, 24.5019478 ] } },
{ "type": "Feature", "properties": { "osm_id": "4238915890", "code": 2741, "fclass": "picnic_site", "name": "" }, "geometry": { "type": "Point", "coordinates": [ 47.292015, 29.994481 ] } },
{ "type": "Feature", "properties": { "osm_id": "4251322293", "code": 2422, "fclass": "camp_site", "name": "المكلا" }, "geometry": { "type": "Point", "coordinates": [ 59.229943, 22.8740552 ] } },
{ "type": "Feature", "properties": { "osm_id": "4251952990", "code": 2741, "fclass": "picnic_site", "name": "" }, "geometry": { "type": "Point", "coordinates": [ 47.283333, 29.899998 ] } },
{ "type": "Feature", "properties": { "osm_id": "4264977990", "code": 2741, "fclass": "picnic_site", "name": "" }, "geometry": { "type": "Point", "coordinates": [ 55.1461626, 25.0760644 ] } },
{ "type": "Feature", "properties": { "osm_id": "4267557089", "code": 2741, "fclass": "picnic_site", "name": "" }, "geometry": { "type": "Point", "coordinates": [ 59.5293961, 22.5718513 ] } },
{ "type": "Feature", "properties": { "osm_id": "4268014493", "code": 2424, "fclass": "caravan_site", "name": "" }, "geometry": { "type": "Point", "coordinates": [ 55.2172993, 25.1012339 ] } },
{ "type": "Feature", "properties": { "osm_id": "4269559397", "code": 2424, "fclass": "caravan_site", "name": "الغرافه" }, "geometry": { "type": "Point", "coordinates": [ 51.4485616, 25.3476874 ] } },
{ "type": "Feature", "properties": { "osm_id": "4278041891", "code": 2424, "fclass": "caravan_site", "name": "" }, "geometry": { "type": "Point", "coordinates": [ 56.3214442, 23.3300711 ] } },
{ "type": "Feature", "properties": { "osm_id": "4281767492", "code": 2741, "fclass": "picnic_site", "name": "" }, "geometry": { "type": "Point", "coordinates": [ 58.4766839, 23.6233866 ] } },
{ "type": "Feature", "properties": { "osm_id": "4285266590", "code": 2424, "fclass": "caravan_site", "name": "" }, "geometry": { "type": "Point", "coordinates": [ 47.9005692, 29.2960821 ] } },
{ "type": "Feature", "properties": { "osm_id": "4298097793", "code": 2422, "fclass": "camp_site", "name": "Jebellali" }, "geometry": { "type": "Point", "coordinates": [ 55.1057677, 25.0095803 ] } },
{ "type": "Feature", "properties": { "osm_id": "4315692494", "code": 2422, "fclass": "camp_site", "name": "Top Printers" }, "geometry": { "type": "Point", "coordinates": [ 51.4269927, 25.1890587 ] } },
{ "type": "Feature", "properties": { "osm_id": "4319130391", "code": 2422, "fclass": "camp_site", "name": "al quoz accamodation" }, "geometry": { "type": "Point", "coordinates": [ 55.232636, 25.1264197 ] } },
{ "type": "Feature", "properties": { "osm_id": "4319181996", "code": 2741, "fclass": "picnic_site", "name": "" }, "geometry": { "type": "Point", "coordinates": [ 58.1412314, 22.5999089 ] } },
{ "type": "Feature", "properties": { "osm_id": "4321342095", "code": 2422, "fclass": "camp_site", "name": "" }, "geometry": { "type": "Point", "coordinates": [ 57.8272761, 18.9957828 ] } },
{ "type": "Feature", "properties": { "osm_id": "4322473889", "code": 2424, "fclass": "caravan_site", "name": "" }, "geometry": { "type": "Point", "coordinates": [ 57.3273499, 23.8785579 ] } },
{ "type": "Feature", "properties": { "osm_id": "4347933492", "code": 2741, "fclass": "picnic_site", "name": "" }, "geometry": { "type": "Point", "coordinates": [ 55.1298186, 25.0755012 ] } },
{ "type": "Feature", "properties": { "osm_id": "4361682191", "code": 2422, "fclass": "camp_site", "name": "طوي عاشة" }, "geometry": { "type": "Point", "coordinates": [ 59.2503452, 22.2502341 ] } },
{ "type": "Feature", "properties": { "osm_id": "4365624599", "code": 2422, "fclass": "camp_site", "name": "DLP WUKAIR CAMP" }, "geometry": { "type": "Point", "coordinates": [ 51.4948371, 25.1094386 ] } },
{ "type": "Feature", "properties": { "osm_id": "4366704192", "code": 2741, "fclass": "picnic_site", "name": "" }, "geometry": { "type": "Point", "coordinates": [ 57.6655293, 22.9160779 ] } },
{ "type": "Feature", "properties": { "osm_id": "4368153948", "code": 2422, "fclass": "camp_site", "name": "Tent" }, "geometry": { "type": "Point", "coordinates": [ 55.3628918, 24.9329817 ] } },
{ "type": "Feature", "properties": { "osm_id": "4382850098", "code": 2422, "fclass": "camp_site", "name": "أرضي" }, "geometry": { "type": "Point", "coordinates": [ 58.6319657, 23.3236255 ] } },
{ "type": "Feature", "properties": { "osm_id": "4391994391", "code": 2422, "fclass": "camp_site", "name": "Dafco Camp" }, "geometry": { "type": "Point", "coordinates": [ 55.4316369, 25.3266239 ] } },
{ "type": "Feature", "properties": { "osm_id": "4395606289", "code": 2741, "fclass": "picnic_site", "name": "The Bra/Memorial Plaza" }, "geometry": { "type": "Point", "coordinates": [ 51.3379413, 25.1275939 ] } },
{ "type": "Feature", "properties": { "osm_id": "4398350289", "code": 2422, "fclass": "camp_site", "name": "شاطئ رأس الخيمة المفتوح" }, "geometry": { "type": "Point", "coordinates": [ 55.7452276, 25.655031 ] } },
{ "type": "Feature", "properties": { "osm_id": "4408954389", "code": 2422, "fclass": "camp_site", "name": "Ramesh mafraq" }, "geometry": { "type": "Point", "coordinates": [ 54.5955826, 24.288206 ] } },
{ "type": "Feature", "properties": { "osm_id": "4412522289", "code": 2422, "fclass": "camp_site", "name": "Ascon Labour Camp" }, "geometry": { "type": "Point", "coordinates": [ 55.4320553, 25.2682136 ] } },
{ "type": "Feature", "properties": { "osm_id": "4416819692", "code": 2741, "fclass": "picnic_site", "name": "" }, "geometry": { "type": "Point", "coordinates": [ 58.4048342, 23.5918223 ] } },
{ "type": "Feature", "properties": { "osm_id": "4424236090", "code": 2422, "fclass": "camp_site", "name": "Office European Automatic doors" }, "geometry": { "type": "Point", "coordinates": [ 55.4676525, 25.3876721 ] } },
{ "type": "Feature", "properties": { "osm_id": "4428362889", "code": 2422, "fclass": "camp_site", "name": "labour camp Parco" }, "geometry": { "type": "Point", "coordinates": [ 55.1067179, 25.0096505 ] } },
{ "type": "Feature", "properties": { "osm_id": "4429086490", "code": 2424, "fclass": "caravan_site", "name": "" }, "geometry": { "type": "Point", "coordinates": [ 48.1560118, 28.9855889 ] } },
{ "type": "Feature", "properties": { "osm_id": "4431680390", "code": 2741, "fclass": "picnic_site", "name": "" }, "geometry": { "type": "Point", "coordinates": [ 48.0602732, 29.2591411 ] } },
{ "type": "Feature", "properties": { "osm_id": "4435613889", "code": 2422, "fclass": "camp_site", "name": "PDO Lekhwair Camp" }, "geometry": { "type": "Point", "coordinates": [ 55.3254517, 22.831429 ] } },
{ "type": "Feature", "properties": { "osm_id": "4446645393", "code": 2424, "fclass": "caravan_site", "name": "سكن الضفره" }, "geometry": { "type": "Point", "coordinates": [ 54.4981224, 24.3124904 ] } },
{ "type": "Feature", "properties": { "osm_id": "4457505889", "code": 2741, "fclass": "picnic_site", "name": "" }, "geometry": { "type": "Point", "coordinates": [ 47.7685808, 28.9151019 ] } },
{ "type": "Feature", "properties": { "osm_id": "4461355592", "code": 2422, "fclass": "camp_site", "name": "" }, "geometry": { "type": "Point", "coordinates": [ 51.4309213, 25.3950876 ] } },
{ "type": "Feature", "properties": { "osm_id": "4462997598", "code": 2422, "fclass": "camp_site", "name": "Sharjah open Beach G20" }, "geometry": { "type": "Point", "coordinates": [ 55.3575244, 25.3328223 ] } },
{ "type": "Feature", "properties": { "osm_id": "4467077890", "code": 2422, "fclass": "camp_site", "name": "Wadi near Sohar" }, "geometry": { "type": "Point", "coordinates": [ 56.3327946, 24.4618921 ] } },
{ "type": "Feature", "properties": { "osm_id": "4467079291", "code": 2422, "fclass": "camp_site", "name": "Wadi road" }, "geometry": { "type": "Point", "coordinates": [ 56.3946526, 24.4633722 ] } },
{ "type": "Feature", "properties": { "osm_id": "4469400089", "code": 2741, "fclass": "picnic_site", "name": "" }, "geometry": { "type": "Point", "coordinates": [ 54.0611076, 17.0457858 ] } },
{ "type": "Feature", "properties": { "osm_id": "4469400189", "code": 2741, "fclass": "picnic_site", "name": "" }, "geometry": { "type": "Point", "coordinates": [ 54.3632013, 17.1117611 ] } },
{ "type": "Feature", "properties": { "osm_id": "4478881191", "code": 2422, "fclass": "camp_site", "name": "مخيم الاحترام المتبادل" }, "geometry": { "type": "Point", "coordinates": [ 47.7945505, 29.1715778 ] } },
{ "type": "Feature", "properties": { "osm_id": "4482267090", "code": 2741, "fclass": "picnic_site", "name": "" }, "geometry": { "type": "Point", "coordinates": [ 55.3753287, 25.2740282 ] } },
{ "type": "Feature", "properties": { "osm_id": "4482447690", "code": 2422, "fclass": "camp_site", "name": "" }, "geometry": { "type": "Point", "coordinates": [ 54.7219371, 24.6354478 ] } },
{ "type": "Feature", "properties": { "osm_id": "4488133692", "code": 2741, "fclass": "picnic_site", "name": "" }, "geometry": { "type": "Point", "coordinates": [ 46.958982, 29.366809 ] } },
{ "type": "Feature", "properties": { "osm_id": "4491161321", "code": 2422, "fclass": "camp_site", "name": "" }, "geometry": { "type": "Point", "coordinates": [ 55.0451991, 24.2925048 ] } },
{ "type": "Feature", "properties": { "osm_id": "4491503791", "code": 2422, "fclass": "camp_site", "name": "عزبة احمد الكعبي" }, "geometry": { "type": "Point", "coordinates": [ 55.6802492, 24.4060766 ] } },
{ "type": "Feature", "properties": { "osm_id": "4491512289", "code": 2741, "fclass": "picnic_site", "name": "" }, "geometry": { "type": "Point", "coordinates": [ 55.5283941, 24.3716575 ] } },
{ "type": "Feature", "properties": { "osm_id": "4504553790", "code": 2422, "fclass": "camp_site", "name": "جبد" }, "geometry": { "type": "Point", "coordinates": [ 47.8022033, 29.1453248 ] } },
{ "type": "Feature", "properties": { "osm_id": "4504644595", "code": 2741, "fclass": "picnic_site", "name": "" }, "geometry": { "type": "Point", "coordinates": [ 54.9084135, 24.6319966 ] } },
{ "type": "Feature", "properties": { "osm_id": "4517345389", "code": 2422, "fclass": "camp_site", "name": "" }, "geometry": { "type": "Point", "coordinates": [ 54.5966377, 24.2878405 ] } },
{ "type": "Feature", "properties": { "osm_id": "4523228416", "code": 2424, "fclass": "caravan_site", "name": "Balkies Res musaffah" }, "geometry": { "type": "Point", "coordinates": [ 54.531132, 24.3226145 ] } },
{ "type": "Feature", "properties": { "osm_id": "4524942989", "code": 2741, "fclass": "picnic_site", "name": "" }, "geometry": { "type": "Point", "coordinates": [ 55.5053475, 25.4936758 ] } },
{ "type": "Feature", "properties": { "osm_id": "4528869289", "code": 2422, "fclass": "camp_site", "name": "قاعة قصر البشائر" }, "geometry": { "type": "Point", "coordinates": [ 58.1243824, 23.6027179 ] } },
{ "type": "Feature", "properties": { "osm_id": "4531539790", "code": 2741, "fclass": "picnic_site", "name": "" }, "geometry": { "type": "Point", "coordinates": [ 54.3297775, 24.152314 ] } },
{ "type": "Feature", "properties": { "osm_id": "4532731290", "code": 2422, "fclass": "camp_site", "name": "مخيم ياسر" }, "geometry": { "type": "Point", "coordinates": [ 50.5834648, 25.9987457 ] } },
{ "type": "Feature", "properties": { "osm_id": "4535452193", "code": 2422, "fclass": "camp_site", "name": "Bgp China Kuwait ltd jahra" }, "geometry": { "type": "Point", "coordinates": [ 47.6125406, 29.3156748 ] } },
{ "type": "Feature", "properties": { "osm_id": "4541001893", "code": 2741, "fclass": "picnic_site", "name": "" }, "geometry": { "type": "Point", "coordinates": [ 54.4036619, 17.3030208 ] } },
{ "type": "Feature", "properties": { "osm_id": "4543378114", "code": 2422, "fclass": "camp_site", "name": "" }, "geometry": { "type": "Point", "coordinates": [ 59.1424203, 22.6764158 ] } },
{ "type": "Feature", "properties": { "osm_id": "4543378573", "code": 2422, "fclass": "camp_site", "name": "" }, "geometry": { "type": "Point", "coordinates": [ 59.143461, 22.6887004 ] } },
{ "type": "Feature", "properties": { "osm_id": "4543425770", "code": 2422, "fclass": "camp_site", "name": "" }, "geometry": { "type": "Point", "coordinates": [ 59.1436488, 22.6409736 ] } },
{ "type": "Feature", "properties": { "osm_id": "4545196989", "code": 2422, "fclass": "camp_site", "name": "Hameem Beach" }, "geometry": { "type": "Point", "coordinates": [ 54.3845585, 24.2566358 ] } },
{ "type": "Feature", "properties": { "osm_id": "4545204389", "code": 2422, "fclass": "camp_site", "name": "Al Dhafra Fishing Zone 1" }, "geometry": { "type": "Point", "coordinates": [ 54.3948098, 24.2615133 ] } },
{ "type": "Feature", "properties": { "osm_id": "4545204390", "code": 2422, "fclass": "camp_site", "name": "Al Aryam Island" }, "geometry": { "type": "Point", "coordinates": [ 54.2141903, 24.3079632 ] } },
{ "type": "Feature", "properties": { "osm_id": "4545988990", "code": 2741, "fclass": "picnic_site", "name": "" }, "geometry": { "type": "Point", "coordinates": [ 55.6588085, 25.5279888 ] } },
{ "type": "Feature", "properties": { "osm_id": "4546001989", "code": 2741, "fclass": "picnic_site", "name": "" }, "geometry": { "type": "Point", "coordinates": [ 55.4427254, 25.4173758 ] } },
{ "type": "Feature", "properties": { "osm_id": "4546073310", "code": 2422, "fclass": "camp_site", "name": "" }, "geometry": { "type": "Point", "coordinates": [ 59.1679396, 22.6982943 ] } },
{ "type": "Feature", "properties": { "osm_id": "4549482998", "code": 2422, "fclass": "camp_site", "name": "" }, "geometry": { "type": "Point", "coordinates": [ 58.8853776, 23.3274543 ] } },
{ "type": "Feature", "properties": { "osm_id": "4549508396", "code": 2422, "fclass": "camp_site", "name": "أفتلقوت" }, "geometry": { "type": "Point", "coordinates": [ 53.8752821, 16.8956552 ] } },
{ "type": "Feature", "properties": { "osm_id": "4552078489", "code": 2741, "fclass": "picnic_site", "name": "" }, "geometry": { "type": "Point", "coordinates": [ 53.8744112, 16.8968083 ] } },
{ "type": "Feature", "properties": { "osm_id": "4552078589", "code": 2741, "fclass": "picnic_site", "name": "" }, "geometry": { "type": "Point", "coordinates": [ 53.8715019, 16.8958229 ] } },
{ "type": "Feature", "properties": { "osm_id": "4552078689", "code": 2741, "fclass": "picnic_site", "name": "" }, "geometry": { "type": "Point", "coordinates": [ 53.872352, 16.8961729 ] } },
{ "type": "Feature", "properties": { "osm_id": "4552264843", "code": 2422, "fclass": "camp_site", "name": "Hameem Beach Entrance Test" }, "geometry": { "type": "Point", "coordinates": [ 54.4124494, 24.21799 ] } },
{ "type": "Feature", "properties": { "osm_id": "4552276189", "code": 2422, "fclass": "camp_site", "name": "Hameem Beach Entrance" }, "geometry": { "type": "Point", "coordinates": [ 54.4126164, 24.2178971 ] } },
{ "type": "Feature", "properties": { "osm_id": "4556417094", "code": 2741, "fclass": "picnic_site", "name": "" }, "geometry": { "type": "Point", "coordinates": [ 54.4738457, 24.2649898 ] } },
{ "type": "Feature", "properties": { "osm_id": "4556846095", "code": 2741, "fclass": "picnic_site", "name": "" }, "geometry": { "type": "Point", "coordinates": [ 54.3291503, 24.1520644 ] } },
{ "type": "Feature", "properties": { "osm_id": "4557537796", "code": 2422, "fclass": "camp_site", "name": "" }, "geometry": { "type": "Point", "coordinates": [ 51.4553984, 25.4540371 ] } },
{ "type": "Feature", "properties": { "osm_id": "4569869991", "code": 2422, "fclass": "camp_site", "name": "Amana company camp abu dhabi" }, "geometry": { "type": "Point", "coordinates": [ 54.5763589, 24.2812382 ] } },
{ "type": "Feature", "properties": { "osm_id": "4573153122", "code": 2741, "fclass": "picnic_site", "name": "" }, "geometry": { "type": "Point", "coordinates": [ 56.1472916, 24.0361933 ] } },
{ "type": "Feature", "properties": { "osm_id": "4580908393", "code": 2424, "fclass": "caravan_site", "name": "" }, "geometry": { "type": "Point", "coordinates": [ 51.563264, 25.1812226 ] } },
{ "type": "Feature", "properties": { "osm_id": "4584229491", "code": 2422, "fclass": "camp_site", "name": "Amana camp" }, "geometry": { "type": "Point", "coordinates": [ 54.5763834, 24.2810561 ] } },
{ "type": "Feature", "properties": { "osm_id": "4584231889", "code": 2422, "fclass": "camp_site", "name": "China camp" }, "geometry": { "type": "Point", "coordinates": [ 54.6274535, 24.2529474 ] } },
{ "type": "Feature", "properties": { "osm_id": "4587693392", "code": 2422, "fclass": "camp_site", "name": "" }, "geometry": { "type": "Point", "coordinates": [ 59.1742614, 22.7265576 ] } },
{ "type": "Feature", "properties": { "osm_id": "4592954790", "code": 2422, "fclass": "camp_site", "name": "العزبه" }, "geometry": { "type": "Point", "coordinates": [ 47.351525, 29.4250813 ] } },
{ "type": "Feature", "properties": { "osm_id": "4593943989", "code": 2424, "fclass": "caravan_site", "name": "" }, "geometry": { "type": "Point", "coordinates": [ 54.0836424, 22.9500078 ] } },
{ "type": "Feature", "properties": { "osm_id": "4595275240", "code": 2422, "fclass": "camp_site", "name": "" }, "geometry": { "type": "Point", "coordinates": [ 55.7435388, 24.1069836 ] } },
{ "type": "Feature", "properties": { "osm_id": "4603932395", "code": 2424, "fclass": "caravan_site", "name": "المنزل - عمان" }, "geometry": { "type": "Point", "coordinates": [ 57.4223502, 23.3883386 ] } },
{ "type": "Feature", "properties": { "osm_id": "4607667589", "code": 2741, "fclass": "picnic_site", "name": "" }, "geometry": { "type": "Point", "coordinates": [ 51.4788231, 25.3204165 ] } },
{ "type": "Feature", "properties": { "osm_id": "4608141490", "code": 2741, "fclass": "picnic_site", "name": "" }, "geometry": { "type": "Point", "coordinates": [ 55.8469813, 24.0234517 ] } },
{ "type": "Feature", "properties": { "osm_id": "4608144489", "code": 2424, "fclass": "caravan_site", "name": "جمال" }, "geometry": { "type": "Point", "coordinates": [ 54.6756992, 24.5288056 ] } },
{ "type": "Feature", "properties": { "osm_id": "4609269290", "code": 2422, "fclass": "camp_site", "name": "Desert, access 2wd car. pick up your dune and camp." }, "geometry": { "type": "Point", "coordinates": [ 58.869602, 22.376187 ] } },
{ "type": "Feature", "properties": { "osm_id": "4609269291", "code": 2422, "fclass": "camp_site", "name": "Camping: Turn here to access bush camp below" }, "geometry": { "type": "Point", "coordinates": [ 58.8687817, 22.3920306 ] } },
{ "type": "Feature", "properties": { "osm_id": "4610054591", "code": 2424, "fclass": "caravan_site", "name": "ymoo3" }, "geometry": { "type": "Point", "coordinates": [ 55.3494771, 25.1630769 ] } },
{ "type": "Feature", "properties": { "osm_id": "4612224394", "code": 2422, "fclass": "camp_site", "name": "Mosque turn" }, "geometry": { "type": "Point", "coordinates": [ 59.1989913, 22.0963691 ] } },
{ "type": "Feature", "properties": { "osm_id": "4613097029", "code": 2422, "fclass": "camp_site", "name": "Room" }, "geometry": { "type": "Point", "coordinates": [ 55.3832793, 25.2675541 ] } },
{ "type": "Feature", "properties": { "osm_id": "4618466698", "code": 2741, "fclass": "picnic_site", "name": "" }, "geometry": { "type": "Point", "coordinates": [ 50.494699, 26.0154604 ] } },
{ "type": "Feature", "properties": { "osm_id": "4618467491", "code": 2741, "fclass": "picnic_site", "name": "" }, "geometry": { "type": "Point", "coordinates": [ 59.7426979, 22.1557614 ] } },
{ "type": "Feature", "properties": { "osm_id": "4618493991", "code": 2422, "fclass": "camp_site", "name": "Fahim work place" }, "geometry": { "type": "Point", "coordinates": [ 55.2869703, 24.9686262 ] } },
{ "type": "Feature", "properties": { "osm_id": "4618506194", "code": 2422, "fclass": "camp_site", "name": "Akoya Oxygen Boundary" }, "geometry": { "type": "Point", "coordinates": [ 55.4034216, 24.9835424 ] } },
{ "type": "Feature", "properties": { "osm_id": "4634451390", "code": 2422, "fclass": "camp_site", "name": "expedite" }, "geometry": { "type": "Point", "coordinates": [ 55.205522, 24.9744344 ] } },
{ "type": "Feature", "properties": { "osm_id": "4642931489", "code": 2741, "fclass": "picnic_site", "name": "" }, "geometry": { "type": "Point", "coordinates": [ 54.4379454, 24.4221036 ] } },
{ "type": "Feature", "properties": { "osm_id": "4644280191", "code": 2424, "fclass": "caravan_site", "name": "" }, "geometry": { "type": "Point", "coordinates": [ 48.1019585, 29.113669 ] } },
{ "type": "Feature", "properties": { "osm_id": "4646407489", "code": 2741, "fclass": "picnic_site", "name": "" }, "geometry": { "type": "Point", "coordinates": [ 55.7374428, 24.2198503 ] } },
{ "type": "Feature", "properties": { "osm_id": "4666623691", "code": 2741, "fclass": "picnic_site", "name": "" }, "geometry": { "type": "Point", "coordinates": [ 55.3052619, 25.2430504 ] } },
{ "type": "Feature", "properties": { "osm_id": "4671507793", "code": 2422, "fclass": "camp_site", "name": "" }, "geometry": { "type": "Point", "coordinates": [ 53.8651227, 16.9028396 ] } },
{ "type": "Feature", "properties": { "osm_id": "4674327297", "code": 2422, "fclass": "camp_site", "name": "Flage" }, "geometry": { "type": "Point", "coordinates": [ 55.532089, 25.417123 ] } },
{ "type": "Feature", "properties": { "osm_id": "4677004989", "code": 2422, "fclass": "camp_site", "name": "Al Raha Tourism Camp" }, "geometry": { "type": "Point", "coordinates": [ 58.7693648, 22.2505671 ] } },
{ "type": "Feature", "properties": { "osm_id": "4677005089", "code": 2424, "fclass": "caravan_site", "name": "" }, "geometry": { "type": "Point", "coordinates": [ 58.8326445, 21.5363864 ] } },
{ "type": "Feature", "properties": { "osm_id": "4677005092", "code": 2422, "fclass": "camp_site", "name": "" }, "geometry": { "type": "Point", "coordinates": [ 58.0265818, 20.444583 ] } },
{ "type": "Feature", "properties": { "osm_id": "4681677307", "code": 2424, "fclass": "caravan_site", "name": "" }, "geometry": { "type": "Point", "coordinates": [ 48.0379036, 29.3412626 ] } },
{ "type": "Feature", "properties": { "osm_id": "4682822889", "code": 2424, "fclass": "caravan_site", "name": "" }, "geometry": { "type": "Point", "coordinates": [ 51.4395095, 25.254032 ] } },
{ "type": "Feature", "properties": { "osm_id": "4683077289", "code": 2422, "fclass": "camp_site", "name": "qbg kamp" }, "geometry": { "type": "Point", "coordinates": [ 55.1605182, 24.9830317 ] } },
{ "type": "Feature", "properties": { "osm_id": "4684541489", "code": 2422, "fclass": "camp_site", "name": "العزبة المجاهين بيت الشعر" }, "geometry": { "type": "Point", "coordinates": [ 52.5801396, 23.9052159 ] } },
{ "type": "Feature", "properties": { "osm_id": "4684852601", "code": 2741, "fclass": "picnic_site", "name": "" }, "geometry": { "type": "Point", "coordinates": [ 54.4715251, 24.3775737 ] } },
{ "type": "Feature", "properties": { "osm_id": "4685195995", "code": 2422, "fclass": "camp_site", "name": "China camp gate 6" }, "geometry": { "type": "Point", "coordinates": [ 54.6271452, 24.2594845 ] } },
{ "type": "Feature", "properties": { "osm_id": "4692140093", "code": 2741, "fclass": "picnic_site", "name": "" }, "geometry": { "type": "Point", "coordinates": [ 55.4119684, 25.3159567 ] } },
{ "type": "Feature", "properties": { "osm_id": "4699269694", "code": 2424, "fclass": "caravan_site", "name": "Al Ain DOT Traffic O&M Office" }, "geometry": { "type": "Point", "coordinates": [ 55.7501783, 24.2345702 ] } },
{ "type": "Feature", "properties": { "osm_id": "4714591790", "code": 2422, "fclass": "camp_site", "name": "Desert safari" }, "geometry": { "type": "Point", "coordinates": [ 55.6717987, 25.1308756 ] } },
{ "type": "Feature", "properties": { "osm_id": "4716009393", "code": 2422, "fclass": "camp_site", "name": "" }, "geometry": { "type": "Point", "coordinates": [ 55.1940193, 25.033036 ] } },
{ "type": "Feature", "properties": { "osm_id": "4721568489", "code": 2424, "fclass": "caravan_site", "name": "" }, "geometry": { "type": "Point", "coordinates": [ 58.2356082, 23.6433287 ] } },
{ "type": "Feature", "properties": { "osm_id": "4734737521", "code": 2741, "fclass": "picnic_site", "name": "" }, "geometry": { "type": "Point", "coordinates": [ 56.011851, 25.7876032 ] } },
{ "type": "Feature", "properties": { "osm_id": "4739925546", "code": 2741, "fclass": "picnic_site", "name": "" }, "geometry": { "type": "Point", "coordinates": [ 55.2983415, 25.0648634 ] } },
{ "type": "Feature", "properties": { "osm_id": "4740197422", "code": 2422, "fclass": "camp_site", "name": "حقل النور للغاز" }, "geometry": { "type": "Point", "coordinates": [ 55.5289873, 18.6479086 ] } },
{ "type": "Feature", "properties": { "osm_id": "4740370921", "code": 2741, "fclass": "picnic_site", "name": "" }, "geometry": { "type": "Point", "coordinates": [ 50.8893468, 25.3120668 ] } },
{ "type": "Feature", "properties": { "osm_id": "4745614324", "code": 2741, "fclass": "picnic_site", "name": "منتزه شاطئ الغبرة" }, "geometry": { "type": "Point", "coordinates": [ 58.4066601, 23.6034728 ] } },
{ "type": "Feature", "properties": { "osm_id": "4749072421", "code": 2422, "fclass": "camp_site", "name": "wazzan group" }, "geometry": { "type": "Point", "coordinates": [ 47.9395595, 29.3419625 ] } },
{ "type": "Feature", "properties": { "osm_id": "4753462922", "code": 2741, "fclass": "picnic_site", "name": "" }, "geometry": { "type": "Point", "coordinates": [ 55.24449, 25.0587485 ] } },
{ "type": "Feature", "properties": { "osm_id": "4756576028", "code": 2741, "fclass": "picnic_site", "name": "" }, "geometry": { "type": "Point", "coordinates": [ 54.3844145, 24.4309808 ] } },
{ "type": "Feature", "properties": { "osm_id": "4756579522", "code": 2741, "fclass": "picnic_site", "name": "" }, "geometry": { "type": "Point", "coordinates": [ 54.3842611, 24.4309936 ] } },
{ "type": "Feature", "properties": { "osm_id": "4756579523", "code": 2741, "fclass": "picnic_site", "name": "" }, "geometry": { "type": "Point", "coordinates": [ 54.3842063, 24.4309193 ] } },
{ "type": "Feature", "properties": { "osm_id": "4756585030", "code": 2741, "fclass": "picnic_site", "name": "" }, "geometry": { "type": "Point", "coordinates": [ 54.3843379, 24.430921 ] } },
{ "type": "Feature", "properties": { "osm_id": "4756599623", "code": 2741, "fclass": "picnic_site", "name": "" }, "geometry": { "type": "Point", "coordinates": [ 54.3844427, 24.4308728 ] } },
{ "type": "Feature", "properties": { "osm_id": "4756601322", "code": 2741, "fclass": "picnic_site", "name": "" }, "geometry": { "type": "Point", "coordinates": [ 54.3855042, 24.4305567 ] } },
{ "type": "Feature", "properties": { "osm_id": "4756601323", "code": 2741, "fclass": "picnic_site", "name": "" }, "geometry": { "type": "Point", "coordinates": [ 54.385552, 24.4305197 ] } },
{ "type": "Feature", "properties": { "osm_id": "4756601325", "code": 2741, "fclass": "picnic_site", "name": "" }, "geometry": { "type": "Point", "coordinates": [ 54.3857356, 24.4305533 ] } },
{ "type": "Feature", "properties": { "osm_id": "4756621823", "code": 2741, "fclass": "picnic_site", "name": "" }, "geometry": { "type": "Point", "coordinates": [ 54.3859096, 24.4305121 ] } },
{ "type": "Feature", "properties": { "osm_id": "4756621824", "code": 2741, "fclass": "picnic_site", "name": "" }, "geometry": { "type": "Point", "coordinates": [ 54.3860538, 24.4304907 ] } },
{ "type": "Feature", "properties": { "osm_id": "4756621922", "code": 2741, "fclass": "picnic_site", "name": "" }, "geometry": { "type": "Point", "coordinates": [ 54.3853215, 24.4306322 ] } },
{ "type": "Feature", "properties": { "osm_id": "4756622021", "code": 2741, "fclass": "picnic_site", "name": "" }, "geometry": { "type": "Point", "coordinates": [ 54.3852932, 24.4305732 ] } },
{ "type": "Feature", "properties": { "osm_id": "4759958323", "code": 2424, "fclass": "caravan_site", "name": "Q Express Documents" }, "geometry": { "type": "Point", "coordinates": [ 55.5213316, 25.4323688 ] } },
{ "type": "Feature", "properties": { "osm_id": "4766205175", "code": 2422, "fclass": "camp_site", "name": "Bro mbarak Camp 15 TG" }, "geometry": { "type": "Point", "coordinates": [ 55.4264971, 25.2622961 ] } },
{ "type": "Feature", "properties": { "osm_id": "4779700221", "code": 2741, "fclass": "picnic_site", "name": "" }, "geometry": { "type": "Point", "coordinates": [ 55.3251382, 25.2283398 ] } },
{ "type": "Feature", "properties": { "osm_id": "4787874134", "code": 2741, "fclass": "picnic_site", "name": "" }, "geometry": { "type": "Point", "coordinates": [ 55.3762523, 25.336552 ] } },
{ "type": "Feature", "properties": { "osm_id": "4801186221", "code": 2422, "fclass": "camp_site", "name": "" }, "geometry": { "type": "Point", "coordinates": [ 58.6483176, 23.534743 ] } },
{ "type": "Feature", "properties": { "osm_id": "4811371221", "code": 2741, "fclass": "picnic_site", "name": "" }, "geometry": { "type": "Point", "coordinates": [ 54.2974492, 24.2387983 ] } },
{ "type": "Feature", "properties": { "osm_id": "4814399922", "code": 2422, "fclass": "camp_site", "name": "سكن العمالية إجادة" }, "geometry": { "type": "Point", "coordinates": [ 55.2317182, 25.1316209 ] } },
{ "type": "Feature", "properties": { "osm_id": "4817224922", "code": 2424, "fclass": "caravan_site", "name": "بيت تاج محمد" }, "geometry": { "type": "Point", "coordinates": [ 55.5751422, 25.5056681 ] } },
{ "type": "Feature", "properties": { "osm_id": "4840062222", "code": 2424, "fclass": "caravan_site", "name": "شركة ابناء المختار للخضار والفواكه" }, "geometry": { "type": "Point", "coordinates": [ 54.3794125, 24.5174166 ] } },
{ "type": "Feature", "properties": { "osm_id": "4873245321", "code": 2424, "fclass": "caravan_site", "name": "الرحبة بيتنا" }, "geometry": { "type": "Point", "coordinates": [ 54.710959, 24.6180188 ] } },
{ "type": "Feature", "properties": { "osm_id": "4873245323", "code": 2424, "fclass": "caravan_site", "name": "الرحبة بيتنا" }, "geometry": { "type": "Point", "coordinates": [ 54.7158485, 24.6237255 ] } },
{ "type": "Feature", "properties": { "osm_id": "4873252124", "code": 2424, "fclass": "caravan_site", "name": "منزلنا الرحبه" }, "geometry": { "type": "Point", "coordinates": [ 54.7109871, 24.6180532 ] } },
{ "type": "Feature", "properties": { "osm_id": "4882597322", "code": 2741, "fclass": "picnic_site", "name": "" }, "geometry": { "type": "Point", "coordinates": [ 53.7197817, 23.6254098 ] } },
{ "type": "Feature", "properties": { "osm_id": "4883300122", "code": 2741, "fclass": "picnic_site", "name": "" }, "geometry": { "type": "Point", "coordinates": [ 55.3327348, 25.2853937 ] } },
{ "type": "Feature", "properties": { "osm_id": "4892816822", "code": 2741, "fclass": "picnic_site", "name": "" }, "geometry": { "type": "Point", "coordinates": [ 50.7600251, 25.4136523 ] } },
{ "type": "Feature", "properties": { "osm_id": "4896226324", "code": 2422, "fclass": "camp_site", "name": "catter piller" }, "geometry": { "type": "Point", "coordinates": [ 55.4055831, 25.3028966 ] } },
{ "type": "Feature", "properties": { "osm_id": "4899038522", "code": 2422, "fclass": "camp_site", "name": "مخيم القوز" }, "geometry": { "type": "Point", "coordinates": [ 55.2459006, 25.1582119 ] } },
{ "type": "Feature", "properties": { "osm_id": "4899057721", "code": 2422, "fclass": "camp_site", "name": "prestige" }, "geometry": { "type": "Point", "coordinates": [ 55.2331863, 25.1099766 ] } },
{ "type": "Feature", "properties": { "osm_id": "4919093821", "code": 2741, "fclass": "picnic_site", "name": "" }, "geometry": { "type": "Point", "coordinates": [ 54.3928253, 24.490694 ] } },
{ "type": "Feature", "properties": { "osm_id": "4919386427", "code": 2424, "fclass": "caravan_site", "name": "Steel king engineering" }, "geometry": { "type": "Point", "coordinates": [ 54.505845, 24.3566 ] } },
{ "type": "Feature", "properties": { "osm_id": "4940591723", "code": 2741, "fclass": "picnic_site", "name": "" }, "geometry": { "type": "Point", "coordinates": [ 54.0690523, 17.0871465 ] } },
{ "type": "Feature", "properties": { "osm_id": "4950251421", "code": 2741, "fclass": "picnic_site", "name": "" }, "geometry": { "type": "Point", "coordinates": [ 54.3649057, 24.4900786 ] } },
{ "type": "Feature", "properties": { "osm_id": "4950251521", "code": 2741, "fclass": "picnic_site", "name": "" }, "geometry": { "type": "Point", "coordinates": [ 54.3648873, 24.4886243 ] } },
{ "type": "Feature", "properties": { "osm_id": "4964540721", "code": 2422, "fclass": "camp_site", "name": "" }, "geometry": { "type": "Point", "coordinates": [ 51.6033645, 25.172231 ] } },
{ "type": "Feature", "properties": { "osm_id": "4968634828", "code": 2741, "fclass": "picnic_site", "name": "" }, "geometry": { "type": "Point", "coordinates": [ 51.8047848, 25.2466946 ] } },
{ "type": "Feature", "properties": { "osm_id": "4971590921", "code": 2741, "fclass": "picnic_site", "name": "" }, "geometry": { "type": "Point", "coordinates": [ 58.5477321, 22.2197546 ] } },
{ "type": "Feature", "properties": { "osm_id": "4971820221", "code": 2422, "fclass": "camp_site", "name": "" }, "geometry": { "type": "Point", "coordinates": [ 54.5718474, 24.5087843 ] } },
{ "type": "Feature", "properties": { "osm_id": "4988201321", "code": 2422, "fclass": "camp_site", "name": "" }, "geometry": { "type": "Point", "coordinates": [ 55.3897328, 25.3510923 ] } },
{ "type": "Feature", "properties": { "osm_id": "5029078423", "code": 2741, "fclass": "picnic_site", "name": "" }, "geometry": { "type": "Point", "coordinates": [ 55.4791236, 18.1498545 ] } },
{ "type": "Feature", "properties": { "osm_id": "5036142423", "code": 2422, "fclass": "camp_site", "name": "" }, "geometry": { "type": "Point", "coordinates": [ 58.9268282, 21.9139225 ] } },
{ "type": "Feature", "properties": { "osm_id": "5042283421", "code": 2424, "fclass": "caravan_site", "name": "الفلاح" }, "geometry": { "type": "Point", "coordinates": [ 54.7412371, 24.446685 ] } },
{ "type": "Feature", "properties": { "osm_id": "5046782425", "code": 2422, "fclass": "camp_site", "name": "" }, "geometry": { "type": "Point", "coordinates": [ 59.0811005, 22.988149 ] } },
{ "type": "Feature", "properties": { "osm_id": "5073691522", "code": 2741, "fclass": "picnic_site", "name": "" }, "geometry": { "type": "Point", "coordinates": [ 55.7702729, 24.0816453 ] } },
{ "type": "Feature", "properties": { "osm_id": "5073863322", "code": 2422, "fclass": "camp_site", "name": "مخيم ليبيا بعرفه" }, "geometry": { "type": "Point", "coordinates": [ 39.9809866, 21.3521305 ] } },
{ "type": "Feature", "properties": { "osm_id": "5075571944", "code": 2741, "fclass": "picnic_site", "name": "" }, "geometry": { "type": "Point", "coordinates": [ 55.7702959, 24.0815532 ] } },
{ "type": "Feature", "properties": { "osm_id": "5075571945", "code": 2741, "fclass": "picnic_site", "name": "" }, "geometry": { "type": "Point", "coordinates": [ 55.7702412, 24.0817502 ] } },
{ "type": "Feature", "properties": { "osm_id": "5091526623", "code": 2741, "fclass": "picnic_site", "name": "" }, "geometry": { "type": "Point", "coordinates": [ 54.4630862, 24.4086819 ] } },
{ "type": "Feature", "properties": { "osm_id": "5091557621", "code": 2741, "fclass": "picnic_site", "name": "" }, "geometry": { "type": "Point", "coordinates": [ 54.4632755, 24.4087092 ] } },
{ "type": "Feature", "properties": { "osm_id": "5099656921", "code": 2422, "fclass": "camp_site", "name": "Jun's Beach" }, "geometry": { "type": "Point", "coordinates": [ 55.0177854, 24.9855396 ] } },
{ "type": "Feature", "properties": { "osm_id": "5107788848", "code": 2741, "fclass": "picnic_site", "name": "" }, "geometry": { "type": "Point", "coordinates": [ 55.3110274, 25.2636199 ] } },
{ "type": "Feature", "properties": { "osm_id": "5135989422", "code": 2741, "fclass": "picnic_site", "name": "" }, "geometry": { "type": "Point", "coordinates": [ 58.1043183, 23.3730849 ] } },
{ "type": "Feature", "properties": { "osm_id": "5170578323", "code": 2422, "fclass": "camp_site", "name": "Camping and Picnic Wadi Al Qahfi" }, "geometry": { "type": "Point", "coordinates": [ 56.1548557, 24.6842165 ] } },
{ "type": "Feature", "properties": { "osm_id": "5180628222", "code": 2422, "fclass": "camp_site", "name": "ڤيلا / عبدالله باعمر- خليفة أ A" }, "geometry": { "type": "Point", "coordinates": [ 54.5981042, 24.4095377 ] } },
{ "type": "Feature", "properties": { "osm_id": "5208424634", "code": 2422, "fclass": "camp_site", "name": "" }, "geometry": { "type": "Point", "coordinates": [ 59.0074285, 23.1079747 ] } },
{ "type": "Feature", "properties": { "osm_id": "5208442374", "code": 2422, "fclass": "camp_site", "name": "" }, "geometry": { "type": "Point", "coordinates": [ 59.0096923, 23.1145614 ] } },
{ "type": "Feature", "properties": { "osm_id": "5209562722", "code": 2422, "fclass": "camp_site", "name": "Dubai Nad Al Sheeba Ladies Centre" }, "geometry": { "type": "Point", "coordinates": [ 55.3248407, 25.156105 ] } },
{ "type": "Feature", "properties": { "osm_id": "5210259552", "code": 2422, "fclass": "camp_site", "name": "" }, "geometry": { "type": "Point", "coordinates": [ 59.2071689, 22.8025076 ] } },
{ "type": "Feature", "properties": { "osm_id": "5210852292", "code": 2422, "fclass": "camp_site", "name": "" }, "geometry": { "type": "Point", "coordinates": [ 58.7323959, 23.4372158 ] } },
{ "type": "Feature", "properties": { "osm_id": "5210862980", "code": 2422, "fclass": "camp_site", "name": "" }, "geometry": { "type": "Point", "coordinates": [ 58.7145217, 23.4420318 ] } },
{ "type": "Feature", "properties": { "osm_id": "5210882016", "code": 2422, "fclass": "camp_site", "name": "" }, "geometry": { "type": "Point", "coordinates": [ 58.7335783, 23.4144393 ] } },
{ "type": "Feature", "properties": { "osm_id": "5210997970", "code": 2422, "fclass": "camp_site", "name": "" }, "geometry": { "type": "Point", "coordinates": [ 58.7192719, 23.4070588 ] } },
{ "type": "Feature", "properties": { "osm_id": "5210998535", "code": 2422, "fclass": "camp_site", "name": "" }, "geometry": { "type": "Point", "coordinates": [ 58.7229921, 23.4217481 ] } },
{ "type": "Feature", "properties": { "osm_id": "5211033523", "code": 2422, "fclass": "camp_site", "name": "" }, "geometry": { "type": "Point", "coordinates": [ 58.7740936, 23.4788332 ] } },
{ "type": "Feature", "properties": { "osm_id": "5211033796", "code": 2422, "fclass": "camp_site", "name": "" }, "geometry": { "type": "Point", "coordinates": [ 58.731808, 23.4610932 ] } },
{ "type": "Feature", "properties": { "osm_id": "5211052307", "code": 2422, "fclass": "camp_site", "name": "" }, "geometry": { "type": "Point", "coordinates": [ 58.7318434, 23.4737407 ] } },
{ "type": "Feature", "properties": { "osm_id": "5211052344", "code": 2422, "fclass": "camp_site", "name": "" }, "geometry": { "type": "Point", "coordinates": [ 58.6969339, 23.4587805 ] } },
{ "type": "Feature", "properties": { "osm_id": "5211052365", "code": 2422, "fclass": "camp_site", "name": "" }, "geometry": { "type": "Point", "coordinates": [ 58.7326341, 23.4601435 ] } },
{ "type": "Feature", "properties": { "osm_id": "5211077136", "code": 2422, "fclass": "camp_site", "name": "" }, "geometry": { "type": "Point", "coordinates": [ 58.7209558, 23.4714761 ] } },
{ "type": "Feature", "properties": { "osm_id": "5213038582", "code": 2422, "fclass": "camp_site", "name": "" }, "geometry": { "type": "Point", "coordinates": [ 59.321837, 22.7196853 ] } },
{ "type": "Feature", "properties": { "osm_id": "5213039892", "code": 2422, "fclass": "camp_site", "name": "" }, "geometry": { "type": "Point", "coordinates": [ 59.3179416, 22.7257115 ] } },
{ "type": "Feature", "properties": { "osm_id": "5213066611", "code": 2422, "fclass": "camp_site", "name": "" }, "geometry": { "type": "Point", "coordinates": [ 59.3061694, 22.7013135 ] } },
{ "type": "Feature", "properties": { "osm_id": "5213100838", "code": 2422, "fclass": "camp_site", "name": "" }, "geometry": { "type": "Point", "coordinates": [ 59.2450526, 22.714927 ] } },
{ "type": "Feature", "properties": { "osm_id": "5215137988", "code": 2422, "fclass": "camp_site", "name": "" }, "geometry": { "type": "Point", "coordinates": [ 59.271902, 22.7453158 ] } },
{ "type": "Feature", "properties": { "osm_id": "5215180343", "code": 2422, "fclass": "camp_site", "name": "" }, "geometry": { "type": "Point", "coordinates": [ 59.254838, 22.7398266 ] } },
{ "type": "Feature", "properties": { "osm_id": "5215180634", "code": 2422, "fclass": "camp_site", "name": "" }, "geometry": { "type": "Point", "coordinates": [ 59.2464595, 22.7344965 ] } },
{ "type": "Feature", "properties": { "osm_id": "5215192195", "code": 2422, "fclass": "camp_site", "name": "" }, "geometry": { "type": "Point", "coordinates": [ 59.2710491, 22.6912293 ] } },
{ "type": "Feature", "properties": { "osm_id": "5216872684", "code": 2422, "fclass": "camp_site", "name": "" }, "geometry": { "type": "Point", "coordinates": [ 59.0290277, 23.0460442 ] } },
{ "type": "Feature", "properties": { "osm_id": "5217623413", "code": 2422, "fclass": "camp_site", "name": "" }, "geometry": { "type": "Point", "coordinates": [ 59.0107323, 22.9061201 ] } },
{ "type": "Feature", "properties": { "osm_id": "5218880375", "code": 2422, "fclass": "camp_site", "name": "" }, "geometry": { "type": "Point", "coordinates": [ 58.7742742, 23.4514545 ] } },
{ "type": "Feature", "properties": { "osm_id": "5218929561", "code": 2422, "fclass": "camp_site", "name": "" }, "geometry": { "type": "Point", "coordinates": [ 59.1196515, 22.9487427 ] } },
{ "type": "Feature", "properties": { "osm_id": "5223630702", "code": 2422, "fclass": "camp_site", "name": "" }, "geometry": { "type": "Point", "coordinates": [ 59.0961368, 22.6666703 ] } },
{ "type": "Feature", "properties": { "osm_id": "5223798280", "code": 2422, "fclass": "camp_site", "name": "" }, "geometry": { "type": "Point", "coordinates": [ 59.0924813, 22.9360354 ] } },
{ "type": "Feature", "properties": { "osm_id": "5223798362", "code": 2422, "fclass": "camp_site", "name": "" }, "geometry": { "type": "Point", "coordinates": [ 59.0873668, 22.9352877 ] } },
{ "type": "Feature", "properties": { "osm_id": "5224312091", "code": 2422, "fclass": "camp_site", "name": "" }, "geometry": { "type": "Point", "coordinates": [ 59.0781091, 22.9960192 ] } },
{ "type": "Feature", "properties": { "osm_id": "5227067254", "code": 2422, "fclass": "camp_site", "name": "" }, "geometry": { "type": "Point", "coordinates": [ 59.3314284, 22.7189666 ] } },
{ "type": "Feature", "properties": { "osm_id": "5237208859", "code": 2422, "fclass": "camp_site", "name": "" }, "geometry": { "type": "Point", "coordinates": [ 59.2061643, 22.7419946 ] } },
{ "type": "Feature", "properties": { "osm_id": "5244861222", "code": 2422, "fclass": "camp_site", "name": "مخيم فهد عيسى" }, "geometry": { "type": "Point", "coordinates": [ 46.8429502, 29.1968461 ] } },
{ "type": "Feature", "properties": { "osm_id": "5260736925", "code": 2422, "fclass": "camp_site", "name": "عنة عبدالله" }, "geometry": { "type": "Point", "coordinates": [ 51.4634066, 24.8566064 ] } },
{ "type": "Feature", "properties": { "osm_id": "5261353924", "code": 2422, "fclass": "camp_site", "name": "Camels" }, "geometry": { "type": "Point", "coordinates": [ 54.938775, 24.2428166 ] } },
{ "type": "Feature", "properties": { "osm_id": "5263510421", "code": 2422, "fclass": "camp_site", "name": "تخييم 2017" }, "geometry": { "type": "Point", "coordinates": [ 58.3109942, 20.3780157 ] } },
{ "type": "Feature", "properties": { "osm_id": "5274062023", "code": 2741, "fclass": "picnic_site", "name": "" }, "geometry": { "type": "Point", "coordinates": [ 55.5645597, 23.6402498 ] } },
{ "type": "Feature", "properties": { "osm_id": "5276978127", "code": 2741, "fclass": "picnic_site", "name": "" }, "geometry": { "type": "Point", "coordinates": [ 55.5604126, 23.6404074 ] } },
{ "type": "Feature", "properties": { "osm_id": "5293593121", "code": 2422, "fclass": "camp_site", "name": "مكتب إستقبال مخيم سياحى" }, "geometry": { "type": "Point", "coordinates": [ 58.747749, 22.5026608 ] } },
{ "type": "Feature", "properties": { "osm_id": "5306707621", "code": 2422, "fclass": "camp_site", "name": "عنة عبدالعزيز" }, "geometry": { "type": "Point", "coordinates": [ 51.4797907, 24.9261229 ] } },
{ "type": "Feature", "properties": { "osm_id": "5314104121", "code": 2422, "fclass": "camp_site", "name": "desert camp" }, "geometry": { "type": "Point", "coordinates": [ 55.0235639, 24.2489048 ] } },
{ "type": "Feature", "properties": { "osm_id": "5318971322", "code": 2422, "fclass": "camp_site", "name": "مخيم مرعب ليوا" }, "geometry": { "type": "Point", "coordinates": [ 53.7849221, 22.975604 ] } },
{ "type": "Feature", "properties": { "osm_id": "5335471621", "code": 2422, "fclass": "camp_site", "name": "عنة علي درويش" }, "geometry": { "type": "Point", "coordinates": [ 51.4871195, 24.9048546 ] } },
{ "type": "Feature", "properties": { "osm_id": "5344324225", "code": 2422, "fclass": "camp_site", "name": "Ajman Ecc Camp 26" }, "geometry": { "type": "Point", "coordinates": [ 55.559301, 25.4346951 ] } },
{ "type": "Feature", "properties": { "osm_id": "5357023122", "code": 2424, "fclass": "caravan_site", "name": "أبوظبي" }, "geometry": { "type": "Point", "coordinates": [ 54.698658, 24.3837013 ] } },
{ "type": "Feature", "properties": { "osm_id": "5365316865", "code": 2422, "fclass": "camp_site", "name": "Break camp" }, "geometry": { "type": "Point", "coordinates": [ 58.3466216, 23.6048014 ] } },
{ "type": "Feature", "properties": { "osm_id": "5365317645", "code": 2422, "fclass": "camp_site", "name": "Camping spot" }, "geometry": { "type": "Point", "coordinates": [ 59.2258729, 22.8824286 ] } },
{ "type": "Feature", "properties": { "osm_id": "5381002021", "code": 2422, "fclass": "camp_site", "name": "aziz room" }, "geometry": { "type": "Point", "coordinates": [ 54.6258763, 24.2600671 ] } },
{ "type": "Feature", "properties": { "osm_id": "5398339322", "code": 2741, "fclass": "picnic_site", "name": "" }, "geometry": { "type": "Point", "coordinates": [ 55.4532613, 25.220488 ] } },
{ "type": "Feature", "properties": { "osm_id": "5398339323", "code": 2741, "fclass": "picnic_site", "name": "" }, "geometry": { "type": "Point", "coordinates": [ 55.4524012, 25.2195096 ] } },
{ "type": "Feature", "properties": { "osm_id": "5415669023", "code": 2422, "fclass": "camp_site", "name": "" }, "geometry": { "type": "Point", "coordinates": [ 58.7100966, 22.4398795 ] } },
{ "type": "Feature", "properties": { "osm_id": "5439118955", "code": 2422, "fclass": "camp_site", "name": "" }, "geometry": { "type": "Point", "coordinates": [ 57.9460608, 20.3943382 ] } },
{ "type": "Feature", "properties": { "osm_id": "5441184835", "code": 2422, "fclass": "camp_site", "name": "مرجم" }, "geometry": { "type": "Point", "coordinates": [ 55.5696298, 24.9201212 ] } },
{ "type": "Feature", "properties": { "osm_id": "5466554225", "code": 2422, "fclass": "camp_site", "name": "Ikram udin karbogha" }, "geometry": { "type": "Point", "coordinates": [ 55.4402152, 25.3960143 ] } },
{ "type": "Feature", "properties": { "osm_id": "5472243821", "code": 2422, "fclass": "camp_site", "name": "" }, "geometry": { "type": "Point", "coordinates": [ 58.6749814, 23.5420383 ] } },
{ "type": "Feature", "properties": { "osm_id": "5479432504", "code": 2422, "fclass": "camp_site", "name": "" }, "geometry": { "type": "Point", "coordinates": [ 59.2303094, 22.8761778 ] } },
{ "type": "Feature", "properties": { "osm_id": "5479435022", "code": 2422, "fclass": "camp_site", "name": "" }, "geometry": { "type": "Point", "coordinates": [ 59.2298168, 22.8745004 ] } },
{ "type": "Feature", "properties": { "osm_id": "5488579925", "code": 2422, "fclass": "camp_site", "name": "اتباع خارجی" }, "geometry": { "type": "Point", "coordinates": [ 58.2338013, 23.6119955 ] } },
{ "type": "Feature", "properties": { "osm_id": "5498189821", "code": 2422, "fclass": "camp_site", "name": "" }, "geometry": { "type": "Point", "coordinates": [ 58.3684253, 20.7299557 ] } },
{ "type": "Feature", "properties": { "osm_id": "5523304424", "code": 2422, "fclass": "camp_site", "name": "parke sabz" }, "geometry": { "type": "Point", "coordinates": [ 56.74232, 24.3318604 ] } },
{ "type": "Feature", "properties": { "osm_id": "5525464436", "code": 2422, "fclass": "camp_site", "name": "F59 Nepali room" }, "geometry": { "type": "Point", "coordinates": [ 54.6268154, 24.2593592 ] } },
{ "type": "Feature", "properties": { "osm_id": "5563366826", "code": 2741, "fclass": "picnic_site", "name": "" }, "geometry": { "type": "Point", "coordinates": [ 54.3821691, 24.4518285 ] } },
{ "type": "Feature", "properties": { "osm_id": "5563366827", "code": 2741, "fclass": "picnic_site", "name": "" }, "geometry": { "type": "Point", "coordinates": [ 54.382332, 24.4517533 ] } },
{ "type": "Feature", "properties": { "osm_id": "5563366828", "code": 2741, "fclass": "picnic_site", "name": "" }, "geometry": { "type": "Point", "coordinates": [ 54.3821773, 24.4511868 ] } },
{ "type": "Feature", "properties": { "osm_id": "5563366837", "code": 2741, "fclass": "picnic_site", "name": "" }, "geometry": { "type": "Point", "coordinates": [ 54.3726763, 24.5066284 ] } },
{ "type": "Feature", "properties": { "osm_id": "5563374623", "code": 2424, "fclass": "caravan_site", "name": "Midosh Room 30" }, "geometry": { "type": "Point", "coordinates": [ 52.6757696, 24.0758304 ] } },
{ "type": "Feature", "properties": { "osm_id": "5563386021", "code": 2741, "fclass": "picnic_site", "name": "" }, "geometry": { "type": "Point", "coordinates": [ 54.382292, 24.4515179 ] } },
{ "type": "Feature", "properties": { "osm_id": "5595716822", "code": 2422, "fclass": "camp_site", "name": "" }, "geometry": { "type": "Point", "coordinates": [ 59.2202945, 22.9079145 ] } },
{ "type": "Feature", "properties": { "osm_id": "5600624940", "code": 2741, "fclass": "picnic_site", "name": "" }, "geometry": { "type": "Point", "coordinates": [ 54.5650161, 24.404284 ] } },
{ "type": "Feature", "properties": { "osm_id": "5601606221", "code": 2424, "fclass": "caravan_site", "name": "" }, "geometry": { "type": "Point", "coordinates": [ 52.6776715, 24.0749967 ] } },
{ "type": "Feature", "properties": { "osm_id": "5623368521", "code": 2741, "fclass": "picnic_site", "name": "" }, "geometry": { "type": "Point", "coordinates": [ 50.5954458, 26.2331146 ] } },
{ "type": "Feature", "properties": { "osm_id": "5631071524", "code": 2422, "fclass": "camp_site", "name": "سكن حفارة دالما ٩٨" }, "geometry": { "type": "Point", "coordinates": [ 55.3580785, 22.8653425 ] } },
{ "type": "Feature", "properties": { "osm_id": "5631071526", "code": 2422, "fclass": "camp_site", "name": "" }, "geometry": { "type": "Point", "coordinates": [ 55.4795628, 18.1501508 ] } },
{ "type": "Feature", "properties": { "osm_id": "5631073522", "code": 2422, "fclass": "camp_site", "name": "Rig#98 Masrouq Camp" }, "geometry": { "type": "Point", "coordinates": [ 55.722329, 22.6553423 ] } },
{ "type": "Feature", "properties": { "osm_id": "5709295124", "code": 2424, "fclass": "caravan_site", "name": "" }, "geometry": { "type": "Point", "coordinates": [ 55.795692, 24.3398186 ] } },
{ "type": "Feature", "properties": { "osm_id": "5715781122", "code": 2422, "fclass": "camp_site", "name": "Salih ameer kbg" }, "geometry": { "type": "Point", "coordinates": [ 55.4111, 25.3693131 ] } },
{ "type": "Feature", "properties": { "osm_id": "5748558421", "code": 2422, "fclass": "camp_site", "name": "Virginia" }, "geometry": { "type": "Point", "coordinates": [ 47.4703836, 29.4357255 ] } },
{ "type": "Feature", "properties": { "osm_id": "5981818486", "code": 2422, "fclass": "camp_site", "name": "" }, "geometry": { "type": "Point", "coordinates": [ 58.8097207, 23.3897146 ] } },
{ "type": "Feature", "properties": { "osm_id": "6018882687", "code": 2422, "fclass": "camp_site", "name": "" }, "geometry": { "type": "Point", "coordinates": [ 56.1256411, 18.8588398 ] } },
{ "type": "Feature", "properties": { "osm_id": "6039962385", "code": 2424, "fclass": "caravan_site", "name": "منزل محمد ضحي الهاملي" }, "geometry": { "type": "Point", "coordinates": [ 54.6866894, 24.554241 ] } },
{ "type": "Feature", "properties": { "osm_id": "6052876485", "code": 2422, "fclass": "camp_site", "name": "كبري العزبه" }, "geometry": { "type": "Point", "coordinates": [ 50.9220112, 25.4672019 ] } },
{ "type": "Feature", "properties": { "osm_id": "6117690485", "code": 2422, "fclass": "camp_site", "name": "" }, "geometry": { "type": "Point", "coordinates": [ 57.0697519, 23.2314597 ] } },
{ "type": "Feature", "properties": { "osm_id": "6117690585", "code": 2422, "fclass": "camp_site", "name": "" }, "geometry": { "type": "Point", "coordinates": [ 56.239668, 25.9535457 ] } },
{ "type": "Feature", "properties": { "osm_id": "6117690685", "code": 2422, "fclass": "camp_site", "name": "" }, "geometry": { "type": "Point", "coordinates": [ 56.2066075, 25.9666261 ] } },
{ "type": "Feature", "properties": { "osm_id": "6117690686", "code": 2422, "fclass": "camp_site", "name": "" }, "geometry": { "type": "Point", "coordinates": [ 57.1367991, 23.9591169 ] } },
{ "type": "Feature", "properties": { "osm_id": "6117690687", "code": 2422, "fclass": "camp_site", "name": "" }, "geometry": { "type": "Point", "coordinates": [ 56.3320469, 26.0977339 ] } },
{ "type": "Feature", "properties": { "osm_id": "6117690688", "code": 2422, "fclass": "camp_site", "name": "" }, "geometry": { "type": "Point", "coordinates": [ 56.1985933, 26.2411009 ] } },
{ "type": "Feature", "properties": { "osm_id": "6117690886", "code": 2422, "fclass": "camp_site", "name": "" }, "geometry": { "type": "Point", "coordinates": [ 56.1730624, 26.1722309 ] } },
{ "type": "Feature", "properties": { "osm_id": "6117690985", "code": 2422, "fclass": "camp_site", "name": "" }, "geometry": { "type": "Point", "coordinates": [ 58.6815759, 23.5320916 ] } },
{ "type": "Feature", "properties": { "osm_id": "6117690986", "code": 2422, "fclass": "camp_site", "name": "" }, "geometry": { "type": "Point", "coordinates": [ 58.7427619, 23.5165808 ] } },
{ "type": "Feature", "properties": { "osm_id": "6122659785", "code": 2422, "fclass": "camp_site", "name": "" }, "geometry": { "type": "Point", "coordinates": [ 53.8884286, 17.2462516 ] } },
{ "type": "Feature", "properties": { "osm_id": "6134520086", "code": 2422, "fclass": "camp_site", "name": "" }, "geometry": { "type": "Point", "coordinates": [ 57.9455505, 20.3991651 ] } },
{ "type": "Feature", "properties": { "osm_id": "6137642289", "code": 2422, "fclass": "camp_site", "name": "" }, "geometry": { "type": "Point", "coordinates": [ 58.6626081, 20.3797805 ] } },
{ "type": "Feature", "properties": { "osm_id": "6157544105", "code": 2741, "fclass": "picnic_site", "name": "" }, "geometry": { "type": "Point", "coordinates": [ 55.7374274, 24.181102 ] } },
{ "type": "Feature", "properties": { "osm_id": "6157544234", "code": 2741, "fclass": "picnic_site", "name": "" }, "geometry": { "type": "Point", "coordinates": [ 55.737199, 24.1809167 ] } },
{ "type": "Feature", "properties": { "osm_id": "6157545287", "code": 2741, "fclass": "picnic_site", "name": "" }, "geometry": { "type": "Point", "coordinates": [ 55.7411598, 24.1797929 ] } },
{ "type": "Feature", "properties": { "osm_id": "6157545289", "code": 2741, "fclass": "picnic_site", "name": "" }, "geometry": { "type": "Point", "coordinates": [ 55.7377829, 24.1740613 ] } },
{ "type": "Feature", "properties": { "osm_id": "6174306986", "code": 2422, "fclass": "camp_site", "name": "3 camping spots" }, "geometry": { "type": "Point", "coordinates": [ 59.0909221, 22.6202497 ] } },
{ "type": "Feature", "properties": { "osm_id": "6207077285", "code": 2422, "fclass": "camp_site", "name": "" }, "geometry": { "type": "Point", "coordinates": [ 58.6820276, 23.5321455 ] } },
{ "type": "Feature", "properties": { "osm_id": "6208272490", "code": 2741, "fclass": "picnic_site", "name": "Leem Rest Area" }, "geometry": { "type": "Point", "coordinates": [ 56.1302514, 24.8162774 ] } },
{ "type": "Feature", "properties": { "osm_id": "6219114290", "code": 2741, "fclass": "picnic_site", "name": "" }, "geometry": { "type": "Point", "coordinates": [ 55.7966626, 24.2053306 ] } },
{ "type": "Feature", "properties": { "osm_id": "6220279486", "code": 2422, "fclass": "camp_site", "name": "خبة القعدان" }, "geometry": { "type": "Point", "coordinates": [ 57.6508941, 23.5288514 ] } },
{ "type": "Feature", "properties": { "osm_id": "6228337386", "code": 2424, "fclass": "caravan_site", "name": "منزل أبوخالدعاصفةالصحراء" }, "geometry": { "type": "Point", "coordinates": [ 56.7531125, 24.3578051 ] } },
{ "type": "Feature", "properties": { "osm_id": "6235711986", "code": 2422, "fclass": "camp_site", "name": "" }, "geometry": { "type": "Point", "coordinates": [ 58.936248, 21.155999 ] } },
{ "type": "Feature", "properties": { "osm_id": "6235712085", "code": 2422, "fclass": "camp_site", "name": "" }, "geometry": { "type": "Point", "coordinates": [ 58.7751474, 21.2200196 ] } },
{ "type": "Feature", "properties": { "osm_id": "6235712086", "code": 2422, "fclass": "camp_site", "name": "" }, "geometry": { "type": "Point", "coordinates": [ 58.7797968, 21.2201005 ] } },
{ "type": "Feature", "properties": { "osm_id": "6235712087", "code": 2422, "fclass": "camp_site", "name": "" }, "geometry": { "type": "Point", "coordinates": [ 59.505392, 21.943822 ] } },
{ "type": "Feature", "properties": { "osm_id": "6241931185", "code": 2424, "fclass": "caravan_site", "name": "" }, "geometry": { "type": "Point", "coordinates": [ 55.4181651, 25.1739014 ] } },
{ "type": "Feature", "properties": { "osm_id": "6266150785", "code": 2422, "fclass": "camp_site", "name": "مخيم" }, "geometry": { "type": "Point", "coordinates": [ 47.5562911, 29.3175114 ] } },
{ "type": "Feature", "properties": { "osm_id": "6276764486", "code": 2422, "fclass": "camp_site", "name": "Polat yol camp" }, "geometry": { "type": "Point", "coordinates": [ 47.6525391, 29.5243628 ] } },
{ "type": "Feature", "properties": { "osm_id": "6278221688", "code": 2422, "fclass": "camp_site", "name": "Entrance snake gorge wildcamp spot" }, "geometry": { "type": "Point", "coordinates": [ 57.4249672, 23.2310828 ] } },
{ "type": "Feature", "properties": { "osm_id": "6278221690", "code": 2422, "fclass": "camp_site", "name": "Wildcampingspot" }, "geometry": { "type": "Point", "coordinates": [ 56.7958089, 23.7043358 ] } },
{ "type": "Feature", "properties": { "osm_id": "6280453887", "code": 2741, "fclass": "picnic_site", "name": "" }, "geometry": { "type": "Point", "coordinates": [ 53.7155643, 16.8681127 ] } },
{ "type": "Feature", "properties": { "osm_id": "6282876087", "code": 2422, "fclass": "camp_site", "name": "" }, "geometry": { "type": "Point", "coordinates": [ 57.6028028, 23.4785703 ] } },
{ "type": "Feature", "properties": { "osm_id": "6282879791", "code": 2422, "fclass": "camp_site", "name": "" }, "geometry": { "type": "Point", "coordinates": [ 57.6121384, 23.4835308 ] } },
{ "type": "Feature", "properties": { "osm_id": "6310463985", "code": 2424, "fclass": "caravan_site", "name": "بيت عمي سعيد" }, "geometry": { "type": "Point", "coordinates": [ 58.2349998, 23.6002522 ] } },
{ "type": "Feature", "properties": { "osm_id": "6322358685", "code": 2422, "fclass": "camp_site", "name": "" }, "geometry": { "type": "Point", "coordinates": [ 59.1669901, 22.0815269 ] } },
{ "type": "Feature", "properties": { "osm_id": "6404698586", "code": 2422, "fclass": "camp_site", "name": "Khokhawala home Doha" }, "geometry": { "type": "Point", "coordinates": [ 51.4765534, 25.3409082 ] } },
{ "type": "Feature", "properties": { "osm_id": "6562292090", "code": 2422, "fclass": "camp_site", "name": "" }, "geometry": { "type": "Point", "coordinates": [ 55.4213036, 25.2160126 ] } },
{ "type": "Feature", "properties": { "osm_id": "6766062387", "code": 2422, "fclass": "camp_site", "name": "" }, "geometry": { "type": "Point", "coordinates": [ 58.9255467, 20.5783991 ] } },
{ "type": "Feature", "properties": { "osm_id": "6766273110", "code": 2422, "fclass": "camp_site", "name": "سكن عمال- الشامخه (شركة غنتوت)" }, "geometry": { "type": "Point", "coordinates": [ 54.8069518, 24.3323795 ] } },
{ "type": "Feature", "properties": { "osm_id": "6766273988", "code": 2422, "fclass": "camp_site", "name": "سكن عمال- الشامخه (شركة غنتوت)" }, "geometry": { "type": "Point", "coordinates": [ 54.8068566, 24.332299 ] } },
{ "type": "Feature", "properties": { "osm_id": "6766375389", "code": 2422, "fclass": "camp_site", "name": "سكن عمال- المرفأ (شركة غنتوت)" }, "geometry": { "type": "Point", "coordinates": [ 53.4451239, 24.0644645 ] } },
{ "type": "Feature", "properties": { "osm_id": "6766441385", "code": 2422, "fclass": "camp_site", "name": "سكن عمال ١ (مدينة دبي الصناعية)" }, "geometry": { "type": "Point", "coordinates": [ 55.058748, 24.8545522 ] } },
{ "type": "Feature", "properties": { "osm_id": "6991593231", "code": 2422, "fclass": "camp_site", "name": "" }, "geometry": { "type": "Point", "coordinates": [ 55.4342345, 25.2729267 ] } },
{ "type": "Feature", "properties": { "osm_id": "7006069586", "code": 2422, "fclass": "camp_site", "name": "" }, "geometry": { "type": "Point", "coordinates": [ 54.1023023, 17.185311 ] } },
{ "type": "Feature", "properties": { "osm_id": "7056097386", "code": 2741, "fclass": "picnic_site", "name": "" }, "geometry": { "type": "Point", "coordinates": [ 55.3629452, 24.8405397 ] } },
{ "type": "Feature", "properties": { "osm_id": "7057535386", "code": 2422, "fclass": "camp_site", "name": "" }, "geometry": { "type": "Point", "coordinates": [ 58.1489374, 23.6982498 ] } },
{ "type": "Feature", "properties": { "osm_id": "7077739388", "code": 2424, "fclass": "caravan_site", "name": "" }, "geometry": { "type": "Point", "coordinates": [ 57.3109443, 22.9865955 ] } },
{ "type": "Feature", "properties": { "osm_id": "7077739390", "code": 2741, "fclass": "picnic_site", "name": "حاتم 1" }, "geometry": { "type": "Point", "coordinates": [ 54.97701, 17.1388403 ] } },
{ "type": "Feature", "properties": { "osm_id": "7077758685", "code": 2424, "fclass": "caravan_site", "name": "المعمورة" }, "geometry": { "type": "Point", "coordinates": [ 57.310866, 22.9858104 ] } },
{ "type": "Feature", "properties": { "osm_id": "7077758785", "code": 2741, "fclass": "picnic_site", "name": "حاتم 2" }, "geometry": { "type": "Point", "coordinates": [ 54.942891, 17.0996489 ] } },
{ "type": "Feature", "properties": { "osm_id": "7082424985", "code": 2422, "fclass": "camp_site", "name": "" }, "geometry": { "type": "Point", "coordinates": [ 57.2471758, 22.9158963 ] } },
{ "type": "Feature", "properties": { "osm_id": "7082425085", "code": 2422, "fclass": "camp_site", "name": "" }, "geometry": { "type": "Point", "coordinates": [ 57.482609, 22.92307 ] } },
{ "type": "Feature", "properties": { "osm_id": "7083067985", "code": 2741, "fclass": "picnic_site", "name": "" }, "geometry": { "type": "Point", "coordinates": [ 55.293041, 25.2285874 ] } },
{ "type": "Feature", "properties": { "osm_id": "7108561685", "code": 2422, "fclass": "camp_site", "name": "Wild Camping" }, "geometry": { "type": "Point", "coordinates": [ 56.32237, 23.5524202 ] } },
{ "type": "Feature", "properties": { "osm_id": "7117628387", "code": 2422, "fclass": "camp_site", "name": "أدوات تخييم ورحلات" }, "geometry": { "type": "Point", "coordinates": [ 58.4909627, 23.5062329 ] } },
{ "type": "Feature", "properties": { "osm_id": "7118881587", "code": 2422, "fclass": "camp_site", "name": "" }, "geometry": { "type": "Point", "coordinates": [ 57.0920402, 23.2310885 ] } },
{ "type": "Feature", "properties": { "osm_id": "7118884085", "code": 2422, "fclass": "camp_site", "name": "" }, "geometry": { "type": "Point", "coordinates": [ 57.0910301, 23.2330566 ] } },
{ "type": "Feature", "properties": { "osm_id": "7123361187", "code": 2422, "fclass": "camp_site", "name": "" }, "geometry": { "type": "Point", "coordinates": [ 58.7895007, 22.354067 ] } },
{ "type": "Feature", "properties": { "osm_id": "7123379785", "code": 2422, "fclass": "camp_site", "name": "" }, "geometry": { "type": "Point", "coordinates": [ 58.7897608, 22.354273 ] } },
{ "type": "Feature", "properties": { "osm_id": "7132595285", "code": 2422, "fclass": "camp_site", "name": "" }, "geometry": { "type": "Point", "coordinates": [ 57.6676355, 23.4602394 ] } },
{ "type": "Feature", "properties": { "osm_id": "7133854446", "code": 2741, "fclass": "picnic_site", "name": "" }, "geometry": { "type": "Point", "coordinates": [ 42.9230475, 23.9319441 ] } },
{ "type": "Feature", "properties": { "osm_id": "7138541399", "code": 2422, "fclass": "camp_site", "name": "" }, "geometry": { "type": "Point", "coordinates": [ 56.2844254, 26.1978603 ] } },
{ "type": "Feature", "properties": { "osm_id": "7138541400", "code": 2422, "fclass": "camp_site", "name": "" }, "geometry": { "type": "Point", "coordinates": [ 56.3526434, 26.1986943 ] } },
{ "type": "Feature", "properties": { "osm_id": "7138541401", "code": 2422, "fclass": "camp_site", "name": "" }, "geometry": { "type": "Point", "coordinates": [ 56.3519085, 26.1990745 ] } },
{ "type": "Feature", "properties": { "osm_id": "7145598985", "code": 2741, "fclass": "picnic_site", "name": "" }, "geometry": { "type": "Point", "coordinates": [ 58.5813215, 22.6429797 ] } },
{ "type": "Feature", "properties": { "osm_id": "7145638587", "code": 2741, "fclass": "picnic_site", "name": "" }, "geometry": { "type": "Point", "coordinates": [ 58.2895307, 20.7677536 ] } },
{ "type": "Feature", "properties": { "osm_id": "7150329985", "code": 2741, "fclass": "picnic_site", "name": "" }, "geometry": { "type": "Point", "coordinates": [ 59.0480334, 21.2941443 ] } },
{ "type": "Feature", "properties": { "osm_id": "7159293585", "code": 2424, "fclass": "caravan_site", "name": "سكن الشبيبة" }, "geometry": { "type": "Point", "coordinates": [ 58.1938638, 23.6342538 ] } },
{ "type": "Feature", "properties": { "osm_id": "7177225085", "code": 2424, "fclass": "caravan_site", "name": "ديوان حجي الشريكه" }, "geometry": { "type": "Point", "coordinates": [ 47.9314228, 29.2946883 ] } },
{ "type": "Feature", "properties": { "osm_id": "7177228485", "code": 2422, "fclass": "camp_site", "name": "مخيم الشريكه" }, "geometry": { "type": "Point", "coordinates": [ 47.1638099, 29.4412799 ] } },
{ "type": "Feature", "properties": { "osm_id": "7218610185", "code": 2422, "fclass": "camp_site", "name": "" }, "geometry": { "type": "Point", "coordinates": [ 59.7871991, 22.2107036 ] } },
{ "type": "Feature", "properties": { "osm_id": "7235255785", "code": 2422, "fclass": "camp_site", "name": "" }, "geometry": { "type": "Point", "coordinates": [ 59.6518957, 21.9501393 ] } },
{ "type": "Feature", "properties": { "osm_id": "7235255796", "code": 2422, "fclass": "camp_site", "name": "" }, "geometry": { "type": "Point", "coordinates": [ 55.627842, 17.9964339 ] } },
{ "type": "Feature", "properties": { "osm_id": "7235256291", "code": 2422, "fclass": "camp_site", "name": "" }, "geometry": { "type": "Point", "coordinates": [ 55.2291414, 17.488449 ] } },
{ "type": "Feature", "properties": { "osm_id": "7235290787", "code": 2741, "fclass": "picnic_site", "name": "" }, "geometry": { "type": "Point", "coordinates": [ 58.4621394, 23.6166383 ] } },
{ "type": "Feature", "properties": { "osm_id": "7236218095", "code": 2422, "fclass": "camp_site", "name": "" }, "geometry": { "type": "Point", "coordinates": [ 54.450046, 17.0743021 ] } },
{ "type": "Feature", "properties": { "osm_id": "7236218487", "code": 2422, "fclass": "camp_site", "name": "" }, "geometry": { "type": "Point", "coordinates": [ 54.5971646, 17.067052 ] } },
{ "type": "Feature", "properties": { "osm_id": "7254171085", "code": 2422, "fclass": "camp_site", "name": "مخيمي" }, "geometry": { "type": "Point", "coordinates": [ 52.4412649, 24.0024954 ] } },
{ "type": "Feature", "properties": { "osm_id": "7265878672", "code": 2422, "fclass": "camp_site", "name": "" }, "geometry": { "type": "Point", "coordinates": [ 59.2184544, 22.9124211 ] } },
{ "type": "Feature", "properties": { "osm_id": "7306820585", "code": 2422, "fclass": "camp_site", "name": "" }, "geometry": { "type": "Point", "coordinates": [ 55.4984731, 24.6213119 ] } },
{ "type": "Feature", "properties": { "osm_id": "7502661787", "code": 2422, "fclass": "camp_site", "name": "عزبة مبروك لجهط" }, "geometry": { "type": "Point", "coordinates": [ 46.8543466, 17.0385054 ] } },
{ "type": "Feature", "properties": { "osm_id": "7599294585", "code": 2741, "fclass": "picnic_site", "name": "" }, "geometry": { "type": "Point", "coordinates": [ 47.7416927, 30.03233 ] } },
{ "type": "Feature", "properties": { "osm_id": "7689964088", "code": 2422, "fclass": "camp_site", "name": "Boom Construction Co. Camp" }, "geometry": { "type": "Point", "coordinates": [ 51.4894952, 25.0270624 ] } },
{ "type": "Feature", "properties": { "osm_id": "7787038685", "code": 2422, "fclass": "camp_site", "name": "موقع تخييم ٢٠٢٠" }, "geometry": { "type": "Point", "coordinates": [ 52.2564287, 18.7476424 ] } },
{ "type": "Feature", "properties": { "osm_id": "7924579385", "code": 2422, "fclass": "camp_site", "name": "مندي درام" }, "geometry": { "type": "Point", "coordinates": [ 51.3311593, 25.2328493 ] } },
{ "type": "Feature", "properties": { "osm_id": "7954770160", "code": 2741, "fclass": "picnic_site", "name": "" }, "geometry": { "type": "Point", "coordinates": [ 37.9613235, 26.6585409 ] } },
{ "type": "Feature", "properties": { "osm_id": "7954770161", "code": 2741, "fclass": "picnic_site", "name": "" }, "geometry": { "type": "Point", "coordinates": [ 37.9612431, 26.6587655 ] } },
{ "type": "Feature", "properties": { "osm_id": "7954770162", "code": 2741, "fclass": "picnic_site", "name": "" }, "geometry": { "type": "Point", "coordinates": [ 37.961344, 26.6587844 ] } },
{ "type": "Feature", "properties": { "osm_id": "7954770163", "code": 2741, "fclass": "picnic_site", "name": "" }, "geometry": { "type": "Point", "coordinates": [ 37.9613236, 26.6588983 ] } },
{ "type": "Feature", "properties": { "osm_id": "7954770164", "code": 2741, "fclass": "picnic_site", "name": "" }, "geometry": { "type": "Point", "coordinates": [ 37.9612148, 26.658892 ] } },
{ "type": "Feature", "properties": { "osm_id": "7954770165", "code": 2741, "fclass": "picnic_site", "name": "" }, "geometry": { "type": "Point", "coordinates": [ 37.961167, 26.658994 ] } },
{ "type": "Feature", "properties": { "osm_id": "7954770166", "code": 2741, "fclass": "picnic_site", "name": "" }, "geometry": { "type": "Point", "coordinates": [ 37.9612095, 26.6591458 ] } },
{ "type": "Feature", "properties": { "osm_id": "7954770167", "code": 2741, "fclass": "picnic_site", "name": "" }, "geometry": { "type": "Point", "coordinates": [ 37.9614112, 26.6590754 ] } },
{ "type": "Feature", "properties": { "osm_id": "7954770168", "code": 2741, "fclass": "picnic_site", "name": "" }, "geometry": { "type": "Point", "coordinates": [ 37.9614449, 26.6590114 ] } },
{ "type": "Feature", "properties": { "osm_id": "7954770169", "code": 2741, "fclass": "picnic_site", "name": "" }, "geometry": { "type": "Point", "coordinates": [ 37.9613962, 26.6589189 ] } },
{ "type": "Feature", "properties": { "osm_id": "7954770170", "code": 2741, "fclass": "picnic_site", "name": "" }, "geometry": { "type": "Point", "coordinates": [ 37.9614749, 26.6590588 ] } },
{ "type": "Feature", "properties": { "osm_id": "7954770171", "code": 2741, "fclass": "picnic_site", "name": "" }, "geometry": { "type": "Point", "coordinates": [ 37.9614723, 26.6592193 ] } },
{ "type": "Feature", "properties": { "osm_id": "7954770172", "code": 2741, "fclass": "picnic_site", "name": "" }, "geometry": { "type": "Point", "coordinates": [ 37.9612776, 26.6592272 ] } },
{ "type": "Feature", "properties": { "osm_id": "7954770173", "code": 2741, "fclass": "picnic_site", "name": "" }, "geometry": { "type": "Point", "coordinates": [ 37.9614342, 26.6591252 ] } },
{ "type": "Feature", "properties": { "osm_id": "7961949385", "code": 2422, "fclass": "camp_site", "name": "مخيم 2020" }, "geometry": { "type": "Point", "coordinates": [ 47.0972148, 29.2750993 ] } },
{ "type": "Feature", "properties": { "osm_id": "8007935085", "code": 2422, "fclass": "camp_site", "name": "دوار الشصر" }, "geometry": { "type": "Point", "coordinates": [ 53.6498841, 18.2525729 ] } },
{ "type": "Feature", "properties": { "osm_id": "8065859085", "code": 2422, "fclass": "camp_site", "name": "Turjakan Blues" }, "geometry": { "type": "Point", "coordinates": [ 55.3510476, 24.9932966 ] } },
{ "type": "Feature", "properties": { "osm_id": "8168185717", "code": 2741, "fclass": "picnic_site", "name": "" }, "geometry": { "type": "Point", "coordinates": [ 58.7610189, 22.0960421 ] } },
{ "type": "Feature", "properties": { "osm_id": "8200734817", "code": 2741, "fclass": "picnic_site", "name": "" }, "geometry": { "type": "Point", "coordinates": [ 53.8541987, 17.9866085 ] } },
{ "type": "Feature", "properties": { "osm_id": "8228487318", "code": 2422, "fclass": "camp_site", "name": "مخيم الوالد السالمي" }, "geometry": { "type": "Point", "coordinates": [ 47.1979444, 29.2794353 ] } },
{ "type": "Feature", "properties": { "osm_id": "8244793618", "code": 2422, "fclass": "camp_site", "name": "" }, "geometry": { "type": "Point", "coordinates": [ 59.0887692, 21.3371649 ] } },
{ "type": "Feature", "properties": { "osm_id": "8282916117", "code": 2422, "fclass": "camp_site", "name": "مخيم المقناص" }, "geometry": { "type": "Point", "coordinates": [ 47.2627583, 29.1260217 ] } },
{ "type": "Feature", "properties": { "osm_id": "8296243576", "code": 2422, "fclass": "camp_site", "name": "Caravanserai" }, "geometry": { "type": "Point", "coordinates": [ 55.4167305, 24.9925634 ] } },
{ "type": "Feature", "properties": { "osm_id": "8301026917", "code": 2422, "fclass": "camp_site", "name": "" }, "geometry": { "type": "Point", "coordinates": [ 51.3870922, 25.4705313 ] } },
{ "type": "Feature", "properties": { "osm_id": "8309627017", "code": 2422, "fclass": "camp_site", "name": "محمد عبيد الرميثي" }, "geometry": { "type": "Point", "coordinates": [ 55.7002797, 25.1444822 ] } },
{ "type": "Feature", "properties": { "osm_id": "8316932521", "code": 2422, "fclass": "camp_site", "name": "مخيم ثامر" }, "geometry": { "type": "Point", "coordinates": [ 48.6472727, 27.9454202 ] } },
{ "type": "Feature", "properties": { "osm_id": "8344460118", "code": 2422, "fclass": "camp_site", "name": "بر الحكمان" }, "geometry": { "type": "Point", "coordinates": [ 58.3826931, 20.365463 ] } },
{ "type": "Feature", "properties": { "osm_id": "8354143417", "code": 2422, "fclass": "camp_site", "name": "تخييم ميرو بصيه" }, "geometry": { "type": "Point", "coordinates": [ 46.7475989, 29.4690318 ] } },
{ "type": "Feature", "properties": { "osm_id": "8355269517", "code": 2422, "fclass": "camp_site", "name": "البيت" }, "geometry": { "type": "Point", "coordinates": [ 51.3909215, 25.1832886 ] } },
{ "type": "Feature", "properties": { "osm_id": "8359897074", "code": 2741, "fclass": "picnic_site", "name": "روضة مليحة" }, "geometry": { "type": "Point", "coordinates": [ 45.4317284, 25.193079 ] } },
{ "type": "Feature", "properties": { "osm_id": "8374766917", "code": 2422, "fclass": "camp_site", "name": "فلم" }, "geometry": { "type": "Point", "coordinates": [ 58.1858765, 20.6082244 ] } },
{ "type": "Feature", "properties": { "osm_id": "8390031617", "code": 2741, "fclass": "picnic_site", "name": "" }, "geometry": { "type": "Point", "coordinates": [ 48.0274673, 29.3650124 ] } },
{ "type": "Feature", "properties": { "osm_id": "8394311018", "code": 2422, "fclass": "camp_site", "name": "مخيمات سميسمة" }, "geometry": { "type": "Point", "coordinates": [ 51.4651287, 25.6472026 ] } },
{ "type": "Feature", "properties": { "osm_id": "8399080218", "code": 2422, "fclass": "camp_site", "name": "" }, "geometry": { "type": "Point", "coordinates": [ 56.1680207, 24.805666 ] } },
{ "type": "Feature", "properties": { "osm_id": "8399080417", "code": 2422, "fclass": "camp_site", "name": "" }, "geometry": { "type": "Point", "coordinates": [ 56.168568, 24.8041639 ] } },
{ "type": "Feature", "properties": { "osm_id": "8435814717", "code": 2422, "fclass": "camp_site", "name": "الابل" }, "geometry": { "type": "Point", "coordinates": [ 47.6730102, 28.6475713 ] } },
{ "type": "Feature", "properties": { "osm_id": "8441148417", "code": 2741, "fclass": "picnic_site", "name": "" }, "geometry": { "type": "Point", "coordinates": [ 43.9011682, 26.0312352 ] } },
{ "type": "Feature", "properties": { "osm_id": "8482836717", "code": 2422, "fclass": "camp_site", "name": "العزبة" }, "geometry": { "type": "Point", "coordinates": [ 47.9267572, 28.7334936 ] } },
{ "type": "Feature", "properties": { "osm_id": "8522166217", "code": 2741, "fclass": "picnic_site", "name": "" }, "geometry": { "type": "Point", "coordinates": [ 46.0361878, 18.5344729 ] } },
{ "type": "Feature", "properties": { "osm_id": "8635856418", "code": 2741, "fclass": "picnic_site", "name": "" }, "geometry": { "type": "Point", "coordinates": [ 50.8118682, 25.0532714 ] } },
{ "type": "Feature", "properties": { "osm_id": "8635856520", "code": 2422, "fclass": "camp_site", "name": "" }, "geometry": { "type": "Point", "coordinates": [ 51.4509146, 25.6300508 ] } },
{ "type": "Feature", "properties": { "osm_id": "8647902317", "code": 2422, "fclass": "camp_site", "name": "Bab Al Nojoum" }, "geometry": { "type": "Point", "coordinates": [ 54.3306768, 24.4166333 ] } },
{ "type": "Feature", "properties": { "osm_id": "8736182217", "code": 2741, "fclass": "picnic_site", "name": "" }, "geometry": { "type": "Point", "coordinates": [ 39.221169, 28.3072159 ] } },
{ "type": "Feature", "properties": { "osm_id": "8736182317", "code": 2741, "fclass": "picnic_site", "name": "" }, "geometry": { "type": "Point", "coordinates": [ 39.2212542, 28.3077516 ] } },
{ "type": "Feature", "properties": { "osm_id": "8830935987", "code": 2422, "fclass": "camp_site", "name": "Rig Camp Site" }, "geometry": { "type": "Point", "coordinates": [ 47.8882948, 30.0081536 ] } },
{ "type": "Feature", "properties": { "osm_id": "8842633719", "code": 2424, "fclass": "caravan_site", "name": "بيت الثور" }, "geometry": { "type": "Point", "coordinates": [ 52.4877061, 17.7725049 ] } },
{ "type": "Feature", "properties": { "osm_id": "8860274117", "code": 2741, "fclass": "picnic_site", "name": "" }, "geometry": { "type": "Point", "coordinates": [ 55.2797544, 25.1995848 ] } },
{ "type": "Feature", "properties": { "osm_id": "9204747217", "code": 2422, "fclass": "camp_site", "name": "محلة ابن دعيسان" }, "geometry": { "type": "Point", "coordinates": [ 47.1150893, 18.2971204 ] } },
{ "type": "Feature", "properties": { "osm_id": "9213066854", "code": 2422, "fclass": "camp_site", "name": "Bush Camping with best view" }, "geometry": { "type": "Point", "coordinates": [ 59.1253882, 22.8818345 ] } },
{ "type": "Feature", "properties": { "osm_id": "9213876690", "code": 2422, "fclass": "camp_site", "name": "Camping under trees" }, "geometry": { "type": "Point", "coordinates": [ 58.7595651, 22.0920483 ] } },
{ "type": "Feature", "properties": { "osm_id": "9227033208", "code": 2422, "fclass": "camp_site", "name": "Bush Camp with small pools" }, "geometry": { "type": "Point", "coordinates": [ 57.917095, 23.4965578 ] } },
{ "type": "Feature", "properties": { "osm_id": "9234280812", "code": 2422, "fclass": "camp_site", "name": "bush camp" }, "geometry": { "type": "Point", "coordinates": [ 57.0682183, 23.2294542 ] } },
{ "type": "Feature", "properties": { "osm_id": "9348236420", "code": 2741, "fclass": "picnic_site", "name": "" }, "geometry": { "type": "Point", "coordinates": [ 55.1551847, 24.9629096 ] } },
{ "type": "Feature", "properties": { "osm_id": "9489750802", "code": 2422, "fclass": "camp_site", "name": "" }, "geometry": { "type": "Point", "coordinates": [ 56.1419082, 25.9572544 ] } },
{ "type": "Feature", "properties": { "osm_id": "9489755940", "code": 2422, "fclass": "camp_site", "name": "" }, "geometry": { "type": "Point", "coordinates": [ 56.1430481, 25.9660632 ] } },
{ "type": "Feature", "properties": { "osm_id": "9489759081", "code": 2422, "fclass": "camp_site", "name": "Check image" }, "geometry": { "type": "Point", "coordinates": [ 56.1851876, 25.9847432 ] } },
{ "type": "Feature", "properties": { "osm_id": "9518450817", "code": 2741, "fclass": "picnic_site", "name": "" }, "geometry": { "type": "Point", "coordinates": [ 42.3539068, 18.3061631 ] } },
{ "type": "Feature", "properties": { "osm_id": "9518766717", "code": 2422, "fclass": "camp_site", "name": "Peak 2979" }, "geometry": { "type": "Point", "coordinates": [ 42.3623713, 18.2773299 ] } },
{ "type": "Feature", "properties": { "osm_id": "9524845525", "code": 2422, "fclass": "camp_site", "name": "منتزه الريان" }, "geometry": { "type": "Point", "coordinates": [ 48.2836732, 28.716814 ] } },
{ "type": "Feature", "properties": { "osm_id": "9537510217", "code": 2422, "fclass": "camp_site", "name": "" }, "geometry": { "type": "Point", "coordinates": [ 44.9981804, 28.2032031 ] } },
{ "type": "Feature", "properties": { "osm_id": "9608943705", "code": 2422, "fclass": "camp_site", "name": "Al Majles Resort" }, "geometry": { "type": "Point", "coordinates": [ 51.4913151, 24.8155892 ] } },
{ "type": "Feature", "properties": { "osm_id": "9629101717", "code": 2422, "fclass": "camp_site", "name": "" }, "geometry": { "type": "Point", "coordinates": [ 55.4500209, 25.3834602 ] } },
{ "type": "Feature", "properties": { "osm_id": "9788607517", "code": 2422, "fclass": "camp_site", "name": "" }, "geometry": { "type": "Point", "coordinates": [ 55.4460332, 25.4249932 ] } },
{ "type": "Feature", "properties": { "osm_id": "9811172517", "code": 2741, "fclass": "picnic_site", "name": "" }, "geometry": { "type": "Point", "coordinates": [ 46.6520806, 24.7922543 ] } },
{ "type": "Feature", "properties": { "osm_id": "9904924094", "code": 2741, "fclass": "picnic_site", "name": "" }, "geometry": { "type": "Point", "coordinates": [ 40.4269317, 21.2283967 ] } },
{ "type": "Feature", "properties": { "osm_id": "9904924095", "code": 2741, "fclass": "picnic_site", "name": "" }, "geometry": { "type": "Point", "coordinates": [ 40.4267667, 21.2283552 ] } },
{ "type": "Feature", "properties": { "osm_id": "9904924096", "code": 2741, "fclass": "picnic_site", "name": "" }, "geometry": { "type": "Point", "coordinates": [ 40.4265043, 21.22847 ] } },
{ "type": "Feature", "properties": { "osm_id": "9904924097", "code": 2741, "fclass": "picnic_site", "name": "" }, "geometry": { "type": "Point", "coordinates": [ 40.4263353, 21.2285012 ] } },
{ "type": "Feature", "properties": { "osm_id": "9904948840", "code": 2741, "fclass": "picnic_site", "name": "" }, "geometry": { "type": "Point", "coordinates": [ 40.4246462, 21.2326523 ] } },
{ "type": "Feature", "properties": { "osm_id": "9904948841", "code": 2741, "fclass": "picnic_site", "name": "" }, "geometry": { "type": "Point", "coordinates": [ 40.4248091, 21.2325589 ] } },
{ "type": "Feature", "properties": { "osm_id": "9904948850", "code": 2741, "fclass": "picnic_site", "name": "" }, "geometry": { "type": "Point", "coordinates": [ 40.4242546, 21.2333817 ] } },
{ "type": "Feature", "properties": { "osm_id": "9904948851", "code": 2741, "fclass": "picnic_site", "name": "" }, "geometry": { "type": "Point", "coordinates": [ 40.4242447, 21.2331678 ] } },
{ "type": "Feature", "properties": { "osm_id": "9904948852", "code": 2741, "fclass": "picnic_site", "name": "" }, "geometry": { "type": "Point", "coordinates": [ 40.4241152, 21.2328549 ] } },
{ "type": "Feature", "properties": { "osm_id": "9904948853", "code": 2741, "fclass": "picnic_site", "name": "" }, "geometry": { "type": "Point", "coordinates": [ 40.4236351, 21.2326099 ] } },
{ "type": "Feature", "properties": { "osm_id": "9904948854", "code": 2741, "fclass": "picnic_site", "name": "" }, "geometry": { "type": "Point", "coordinates": [ 40.4236869, 21.2328238 ] } },
{ "type": "Feature", "properties": { "osm_id": "9904948855", "code": 2741, "fclass": "picnic_site", "name": "" }, "geometry": { "type": "Point", "coordinates": [ 40.4238807, 21.2330849 ] } },
{ "type": "Feature", "properties": { "osm_id": "9904948856", "code": 2741, "fclass": "picnic_site", "name": "" }, "geometry": { "type": "Point", "coordinates": [ 40.4239264, 21.2333161 ] } },
{ "type": "Feature", "properties": { "osm_id": "9934069717", "code": 2424, "fclass": "caravan_site", "name": "بناية 35" }, "geometry": { "type": "Point", "coordinates": [ 56.3004892, 25.0856046 ] } },
{ "type": "Feature", "properties": { "osm_id": "9945866919", "code": 2424, "fclass": "caravan_site", "name": "شاليهنا صلاله" }, "geometry": { "type": "Point", "coordinates": [ 54.2122297, 17.0734864 ] } },
{ "type": "Feature", "properties": { "osm_id": "9953010517", "code": 2424, "fclass": "caravan_site", "name": "منزل على السحلى" }, "geometry": { "type": "Point", "coordinates": [ 58.1040607, 23.3223532 ] } },
{ "type": "Feature", "properties": { "osm_id": "9970344818", "code": 2741, "fclass": "picnic_site", "name": "" }, "geometry": { "type": "Point", "coordinates": [ 42.0950769, 19.1690112 ] } },
{ "type": "Feature", "properties": { "osm_id": "10000056917", "code": 2424, "fclass": "caravan_site", "name": "" }, "geometry": { "type": "Point", "coordinates": [ 47.6521088, 29.335356 ] } },
{ "type": "Feature", "properties": { "osm_id": "10017875917", "code": 2422, "fclass": "camp_site", "name": "الابل" }, "geometry": { "type": "Point", "coordinates": [ 47.5785906, 29.5794759 ] } },
{ "type": "Feature", "properties": { "osm_id": "10048747117", "code": 2422, "fclass": "camp_site", "name": "عزبة ال مشكر ابوشريدة" }, "geometry": { "type": "Point", "coordinates": [ 50.9881728, 25.1248253 ] } },
{ "type": "Feature", "properties": { "osm_id": "10048747118", "code": 2422, "fclass": "camp_site", "name": "عزبة ال مشكر ابوشريدة" }, "geometry": { "type": "Point", "coordinates": [ 51.0708562, 25.0913172 ] } },
{ "type": "Feature", "properties": { "osm_id": "10067102217", "code": 2424, "fclass": "caravan_site", "name": "" }, "geometry": { "type": "Point", "coordinates": [ 55.374542, 25.3253481 ] } },
{ "type": "Feature", "properties": { "osm_id": "10094733617", "code": 2422, "fclass": "camp_site", "name": "" }, "geometry": { "type": "Point", "coordinates": [ 55.6172924, 25.3534737 ] } },
{ "type": "Feature", "properties": { "osm_id": "10157532846", "code": 2422, "fclass": "camp_site", "name": "Arabian Desert Camp" }, "geometry": { "type": "Point", "coordinates": [ 53.1131879, 18.6446274 ] } },
{ "type": "Feature", "properties": { "osm_id": "10157862617", "code": 2422, "fclass": "camp_site", "name": "" }, "geometry": { "type": "Point", "coordinates": [ 47.7451484, 28.6078024 ] } },
{ "type": "Feature", "properties": { "osm_id": "10159663818", "code": 2424, "fclass": "caravan_site", "name": "ش--ماهر" }, "geometry": { "type": "Point", "coordinates": [ 58.1305297, 23.6709919 ] } },
{ "type": "Feature", "properties": { "osm_id": "10166920789", "code": 2424, "fclass": "caravan_site", "name": "موقف شاحنات ارامكو" }, "geometry": { "type": "Point", "coordinates": [ 40.161272, 29.8256777 ] } },
{ "type": "Feature", "properties": { "osm_id": "10178997816", "code": 2741, "fclass": "picnic_site", "name": "" }, "geometry": { "type": "Point", "coordinates": [ 54.066821, 17.0676273 ] } },
{ "type": "Feature", "properties": { "osm_id": "10260884892", "code": 2422, "fclass": "camp_site", "name": "" }, "geometry": { "type": "Point", "coordinates": [ 55.6587195, 25.5888369 ] } },
{ "type": "Feature", "properties": { "osm_id": "10297726256", "code": 2422, "fclass": "camp_site", "name": "مخيم رأس الحيتان" }, "geometry": { "type": "Point", "coordinates": [ 58.383548, 20.3653148 ] } },
{ "type": "Feature", "properties": { "osm_id": "10564962209", "code": 2741, "fclass": "picnic_site", "name": "" }, "geometry": { "type": "Point", "coordinates": [ 55.2387673, 25.1019085 ] } },
{ "type": "Feature", "properties": { "osm_id": "10648448730", "code": 2741, "fclass": "picnic_site", "name": "" }, "geometry": { "type": "Point", "coordinates": [ 54.6844044, 24.2213302 ] } },
{ "type": "Feature", "properties": { "osm_id": "10648448731", "code": 2741, "fclass": "picnic_site", "name": "" }, "geometry": { "type": "Point", "coordinates": [ 54.6842464, 24.2213421 ] } },
{ "type": "Feature", "properties": { "osm_id": "10648448732", "code": 2741, "fclass": "picnic_site", "name": "" }, "geometry": { "type": "Point", "coordinates": [ 54.6847601, 24.2212641 ] } },
{ "type": "Feature", "properties": { "osm_id": "10648448733", "code": 2741, "fclass": "picnic_site", "name": "" }, "geometry": { "type": "Point", "coordinates": [ 54.6849, 24.2212049 ] } },
{ "type": "Feature", "properties": { "osm_id": "10669764287", "code": 2741, "fclass": "picnic_site", "name": "" }, "geometry": { "type": "Point", "coordinates": [ 46.0835129, 25.0995629 ] } },
{ "type": "Feature", "properties": { "osm_id": "10671555705", "code": 2422, "fclass": "camp_site", "name": "محمد كتاب سعد ثعيلب" }, "geometry": { "type": "Point", "coordinates": [ 44.3074794, 29.5475928 ] } },
{ "type": "Feature", "properties": { "osm_id": "10688416607", "code": 2422, "fclass": "camp_site", "name": "مخيم برق الحيا" }, "geometry": { "type": "Point", "coordinates": [ 44.2676497, 25.8865114 ] } },
{ "type": "Feature", "properties": { "osm_id": "10738654612", "code": 2741, "fclass": "picnic_site", "name": "شلالات العنانية" }, "geometry": { "type": "Point", "coordinates": [ 45.5807091, 25.5548134 ] } },
{ "type": "Feature", "properties": { "osm_id": "10760372605", "code": 2424, "fclass": "caravan_site", "name": "بيتي منزلي" }, "geometry": { "type": "Point", "coordinates": [ 51.4175171, 25.2070582 ] } },
{ "type": "Feature", "properties": { "osm_id": "10853574684", "code": 2422, "fclass": "camp_site", "name": "" }, "geometry": { "type": "Point", "coordinates": [ 59.825343, 22.4234546 ] } },
{ "type": "Feature", "properties": { "osm_id": "10988882574", "code": 2741, "fclass": "picnic_site", "name": "الكرسة السوداء" }, "geometry": { "type": "Point", "coordinates": [ 42.5052369, 17.5010728 ] } },
{ "type": "Feature", "properties": { "osm_id": "11184126737", "code": 2741, "fclass": "picnic_site", "name": "مكان نزهة حديقة الملك فهد" }, "geometry": { "type": "Point", "coordinates": [ 44.1971958, 17.4829103 ] } },
{ "type": "Feature", "properties": { "osm_id": "11264883869", "code": 2422, "fclass": "camp_site", "name": "" }, "geometry": { "type": "Point", "coordinates": [ 59.3207196, 22.7560697 ] } },
{ "type": "Feature", "properties": { "osm_id": "11268978296", "code": 2741, "fclass": "picnic_site", "name": "شعفة الوادي" }, "geometry": { "type": "Point", "coordinates": [ 43.3886921, 25.893944 ] } },
{ "type": "Feature", "properties": { "osm_id": "11284343675", "code": 2741, "fclass": "picnic_site", "name": "خبت المنامة" }, "geometry": { "type": "Point", "coordinates": [ 41.6235243, 18.6540741 ] } },
{ "type": "Feature", "properties": { "osm_id": "11313744927", "code": 2422, "fclass": "camp_site", "name": "" }, "geometry": { "type": "Point", "coordinates": [ 58.7886522, 22.3587714 ] } },
{ "type": "Feature", "properties": { "osm_id": "11518184850", "code": 2422, "fclass": "camp_site", "name": "5" }, "geometry": { "type": "Point", "coordinates": [ 54.7984149, 24.1516685 ] } },
{ "type": "Feature", "properties": { "osm_id": "11518210575", "code": 2422, "fclass": "camp_site", "name": "4" }, "geometry": { "type": "Point", "coordinates": [ 54.7974387, 24.1523814 ] } },
{ "type": "Feature", "properties": { "osm_id": "11518210598", "code": 2422, "fclass": "camp_site", "name": "3" }, "geometry": { "type": "Point", "coordinates": [ 54.7963402, 24.1529812 ] } },
{ "type": "Feature", "properties": { "osm_id": "11518210619", "code": 2422, "fclass": "camp_site", "name": "2" }, "geometry": { "type": "Point", "coordinates": [ 54.7945001, 24.1520021 ] } },
{ "type": "Feature", "properties": { "osm_id": "11518210785", "code": 2422, "fclass": "camp_site", "name": "6" }, "geometry": { "type": "Point", "coordinates": [ 54.7995903, 24.1505916 ] } },
{ "type": "Feature", "properties": { "osm_id": "11518210812", "code": 2422, "fclass": "camp_site", "name": "1" }, "geometry": { "type": "Point", "coordinates": [ 54.7947568, 24.1507905 ] } },
{ "type": "Feature", "properties": { "osm_id": "11549091869", "code": 2424, "fclass": "caravan_site", "name": "موقع البيت المتنقل" }, "geometry": { "type": "Point", "coordinates": [ 51.4603565, 25.2596785 ] } },
{ "type": "Feature", "properties": { "osm_id": "11601573907", "code": 2422, "fclass": "camp_site", "name": "Desert Rose Camp Oman" }, "geometry": { "type": "Point", "coordinates": [ 58.7908499, 22.32298 ] } },
{ "type": "Feature", "properties": { "osm_id": "11630725269", "code": 2422, "fclass": "camp_site", "name": "" }, "geometry": { "type": "Point", "coordinates": [ 57.4312665, 23.0896216 ] } },
{ "type": "Feature", "properties": { "osm_id": "11671832769", "code": 2741, "fclass": "picnic_site", "name": "" }, "geometry": { "type": "Point", "coordinates": [ 56.1613566, 17.9369459 ] } },
{ "type": "Feature", "properties": { "osm_id": "11671832770", "code": 2741, "fclass": "picnic_site", "name": "" }, "geometry": { "type": "Point", "coordinates": [ 56.1458615, 17.9284396 ] } },
{ "type": "Feature", "properties": { "osm_id": "11671832869", "code": 2422, "fclass": "camp_site", "name": "" }, "geometry": { "type": "Point", "coordinates": [ 56.1492024, 17.9311665 ] } },
{ "type": "Feature", "properties": { "osm_id": "11746861269", "code": 2424, "fclass": "caravan_site", "name": "منزل اريج" }, "geometry": { "type": "Point", "coordinates": [ 55.323383, 25.274928 ] } },
{ "type": "Feature", "properties": { "osm_id": "11898318596", "code": 2422, "fclass": "camp_site", "name": "الظهرة" }, "geometry": { "type": "Point", "coordinates": [ 41.8492637, 19.4020033 ] } },
{ "type": "Feature", "properties": { "osm_id": "11913436269", "code": 2424, "fclass": "caravan_site", "name": "العدان" }, "geometry": { "type": "Point", "coordinates": [ 48.0743446, 29.238457 ] } },
{ "type": "Feature", "properties": { "osm_id": "11979366269", "code": 2424, "fclass": "caravan_site", "name": "" }, "geometry": { "type": "Point", "coordinates": [ 51.4259342, 25.3860006 ] } },
{ "type": "Feature", "properties": { "osm_id": "11984477477", "code": 2422, "fclass": "camp_site", "name": "" }, "geometry": { "type": "Point", "coordinates": [ 39.8979114, 21.4109673 ] } },
{ "type": "Feature", "properties": { "osm_id": "12182569087", "code": 2424, "fclass": "caravan_site", "name": "" }, "geometry": { "type": "Point", "coordinates": [ 56.3538617, 25.5457481 ] } },
{ "type": "Feature", "properties": { "osm_id": "12209614728", "code": 2741, "fclass": "picnic_site", "name": "Al Sadha Picnic Point" }, "geometry": { "type": "Point", "coordinates": [ 56.3009508, 25.2690488 ] } },
{ "type": "Feature", "properties": { "osm_id": "12209829545", "code": 2741, "fclass": "picnic_site", "name": "Wadi Madha Picnic Point" }, "geometry": { "type": "Point", "coordinates": [ 56.3064297, 25.2663782 ] } },
{ "type": "Feature", "properties": { "osm_id": "12378227694", "code": 2422, "fclass": "camp_site", "name": "" }, "geometry": { "type": "Point", "coordinates": [ 59.2294947, 22.8340633 ] } },
{ "type": "Feature", "properties": { "osm_id": "12378278438", "code": 2422, "fclass": "camp_site", "name": "" }, "geometry": { "type": "Point", "coordinates": [ 59.2290228, 22.8338516 ] } },
{ "type": "Feature", "properties": { "osm_id": "12378301093", "code": 2422, "fclass": "camp_site", "name": "" }, "geometry": { "type": "Point", "coordinates": [ 59.228775, 22.8335489 ] } },
{ "type": "Feature", "properties": { "osm_id": "12398574901", "code": 2741, "fclass": "picnic_site", "name": "" }, "geometry": { "type": "Point", "coordinates": [ 39.6040525, 24.4229687 ] } },
{ "type": "Feature", "properties": { "osm_id": "12398636003", "code": 2741, "fclass": "picnic_site", "name": "" }, "geometry": { "type": "Point", "coordinates": [ 39.60922, 24.4198287 ] } },
{ "type": "Feature", "properties": { "osm_id": "12496147061", "code": 2422, "fclass": "camp_site", "name": "Abandoned gas station" }, "geometry": { "type": "Point", "coordinates": [ 44.009019, 27.151643 ] } },
{ "type": "Feature", "properties": { "osm_id": "12496150159", "code": 2422, "fclass": "camp_site", "name": "walled area" }, "geometry": { "type": "Point", "coordinates": [ 46.3204617, 28.7197781 ] } },
{ "type": "Feature", "properties": { "osm_id": "12496178437", "code": 2422, "fclass": "camp_site", "name": "Big bushes" }, "geometry": { "type": "Point", "coordinates": [ 45.217408, 27.681975 ] } },
{ "type": "Feature", "properties": { "osm_id": "12496179627", "code": 2422, "fclass": "camp_site", "name": "Abandoned Rest Area with park" }, "geometry": { "type": "Point", "coordinates": [ 45.9476947, 28.3041048 ] } },
{ "type": "Feature", "properties": { "osm_id": "12515860730", "code": 2741, "fclass": "picnic_site", "name": "" }, "geometry": { "type": "Point", "coordinates": [ 40.4705017, 26.007476 ] } },
{ "type": "Feature", "properties": { "osm_id": "12515896054", "code": 2741, "fclass": "picnic_site", "name": "" }, "geometry": { "type": "Point", "coordinates": [ 40.3341256, 26.9960251 ] } },
{ "type": "Feature", "properties": { "osm_id": "12516148463", "code": 2422, "fclass": "camp_site", "name": "Wadi" }, "geometry": { "type": "Point", "coordinates": [ 42.3739338, 27.2829056 ] } },
{ "type": "Feature", "properties": { "osm_id": "12516150376", "code": 2422, "fclass": "camp_site", "name": "" }, "geometry": { "type": "Point", "coordinates": [ 41.6027695, 27.4202885 ] } },
{ "type": "Feature", "properties": { "osm_id": "12516229878", "code": 2422, "fclass": "camp_site", "name": "" }, "geometry": { "type": "Point", "coordinates": [ 40.4466146, 25.9126123 ] } },
{ "type": "Feature", "properties": { "osm_id": "12516331510", "code": 2422, "fclass": "camp_site", "name": "" }, "geometry": { "type": "Point", "coordinates": [ 40.4415735, 25.941514 ] } },
{ "type": "Feature", "properties": { "osm_id": "12516362274", "code": 2741, "fclass": "picnic_site", "name": "" }, "geometry": { "type": "Point", "coordinates": [ 40.4817105, 25.0260306 ] } },
{ "type": "Feature", "properties": { "osm_id": "12516380830", "code": 2741, "fclass": "picnic_site", "name": "" }, "geometry": { "type": "Point", "coordinates": [ 40.5141707, 25.1455641 ] } },
{ "type": "Feature", "properties": { "osm_id": "12520812105", "code": 2422, "fclass": "camp_site", "name": "Bushes" }, "geometry": { "type": "Point", "coordinates": [ 39.7693769, 24.5723469 ] } },
{ "type": "Feature", "properties": { "osm_id": "12538654950", "code": 2422, "fclass": "camp_site", "name": "" }, "geometry": { "type": "Point", "coordinates": [ 44.5685868, 23.2726476 ] } },
{ "type": "Feature", "properties": { "osm_id": "12556863012", "code": 2422, "fclass": "camp_site", "name": "" }, "geometry": { "type": "Point", "coordinates": [ 45.2462265, 23.154594 ] } },
{ "type": "Feature", "properties": { "osm_id": "12568902247", "code": 2422, "fclass": "camp_site", "name": "Gravel patch next to dune" }, "geometry": { "type": "Point", "coordinates": [ 52.4244079, 22.887786 ] } },
{ "type": "Feature", "properties": { "osm_id": "12583277303", "code": 2741, "fclass": "picnic_site", "name": "" }, "geometry": { "type": "Point", "coordinates": [ 45.3384673, 25.2584403 ] } },
{ "type": "Feature", "properties": { "osm_id": "12606302901", "code": 2422, "fclass": "camp_site", "name": "مخيم بيات البري" }, "geometry": { "type": "Point", "coordinates": [ 43.857821, 26.334606 ] } },
{ "type": "Feature", "properties": { "osm_id": "12647603001", "code": 2422, "fclass": "camp_site", "name": "" }, "geometry": { "type": "Point", "coordinates": [ 50.1486405, 26.0451941 ] } },
{ "type": "Feature", "properties": { "osm_id": "12663178901", "code": 2422, "fclass": "camp_site", "name": "" }, "geometry": { "type": "Point", "coordinates": [ 50.0607066, 26.1841456 ] } },
{ "type": "Feature", "properties": { "osm_id": "12779058101", "code": 2741, "fclass": "picnic_site", "name": "" }, "geometry": { "type": "Point", "coordinates": [ 54.1558898, 17.0089635 ] } },
{ "type": "Feature", "properties": { "osm_id": "12787848001", "code": 2422, "fclass": "camp_site", "name": "" }, "geometry": { "type": "Point", "coordinates": [ 58.9219697, 22.346657 ] } },
{ "type": "Feature", "properties": { "osm_id": "12868330776", "code": 2422, "fclass": "camp_site", "name": "Abandoned service area" }, "geometry": { "type": "Point", "coordinates": [ 55.7984583, 24.3913767 ] } },
{ "type": "Feature", "properties": { "osm_id": "12888085501", "code": 2424, "fclass": "caravan_site", "name": "" }, "geometry": { "type": "Point", "coordinates": [ 39.9906065, 21.3398048 ] } },
{ "type": "Feature", "properties": { "osm_id": "13069640735", "code": 2741, "fclass": "picnic_site", "name": "Sundowner Site" }, "geometry": { "type": "Point", "coordinates": [ 55.6766576, 24.8227739 ] } },
{ "type": "Feature", "properties": { "osm_id": "13201117972", "code": 2741, "fclass": "picnic_site", "name": "" }, "geometry": { "type": "Point", "coordinates": [ 43.6174247, 26.5011906 ] } },
{ "type": "Feature", "properties": { "osm_id": "13316776801", "code": 2422, "fclass": "camp_site", "name": "مخيم السلام" }, "geometry": { "type": "Point", "coordinates": [ 36.7595421, 27.283339 ] } },
{ "type": "Feature", "properties": { "osm_id": "13326796001", "code": 2422, "fclass": "camp_site", "name": "Sunrise Desert Local Private Camp" }, "geometry": { "type": "Point", "coordinates": [ 58.7907446, 22.4184557 ] } },
{ "type": "Feature", "properties": { "osm_id": "13326818501", "code": 2422, "fclass": "camp_site", "name": "Oman Desert Private Camp meeting point" }, "geometry": { "type": "Point", "coordinates": [ 58.7905659, 22.4185712 ] } },
{ "type": "Feature", "properties": { "osm_id": "13371644701", "code": 2422, "fclass": "camp_site", "name": "عزبه سعود الشاوي جبرتي" }, "geometry": { "type": "Point", "coordinates": [ 58.5318758, 20.454064 ] } },
{ "type": "Feature", "properties": { "osm_id": "13388726901", "code": 2422, "fclass": "camp_site", "name": "مكان العزبه جبرتي" }, "geometry": { "type": "Point", "coordinates": [ 58.5284781, 20.4415344 ] } },
{ "type": "Feature", "properties": { "osm_id": "13404063801", "code": 2422, "fclass": "camp_site", "name": "" }, "geometry": { "type": "Point", "coordinates": [ 42.2378141, 18.71654 ] } },
{ "type": "Feature", "properties": { "osm_id": "13415720279", "code": 2422, "fclass": "camp_site", "name": "" }, "geometry": { "type": "Point", "coordinates": [ 57.5285159, 22.9154911 ] } },
{ "type": "Feature", "properties": { "osm_id": "13464341601", "code": 2422, "fclass": "camp_site", "name": "" }, "geometry": { "type": "Point", "coordinates": [ 37.902093, 26.6676205 ] } },
{ "type": "Feature", "properties": { "osm_id": "13513374801", "code": 2422, "fclass": "camp_site", "name": "" }, "geometry": { "type": "Point", "coordinates": [ 47.883898, 29.1563934 ] } },
{ "type": "Feature", "properties": { "osm_id": "13787713201", "code": 2422, "fclass": "camp_site", "name": "Barwa Al baraha workers accomodation" }, "geometry": { "type": "Point", "coordinates": [ 51.4788433, 25.1636174 ] } },
{ "type": "Feature", "properties": { "osm_id": "13809746801", "code": 2424, "fclass": "caravan_site", "name": "" }, "geometry": { "type": "Point", "coordinates": [ 40.1826338, 29.9458625 ] } },
{ "type": "Feature", "properties": { "osm_id": "13810381546", "code": 2422, "fclass": "camp_site", "name": "" }, "geometry": { "type": "Point", "coordinates": [ 56.1511561, 24.6797196 ] } },
{ "type": "Feature", "properties": { "osm_id": "13810386467", "code": 2422, "fclass": "camp_site", "name": "" }, "geometry": { "type": "Point", "coordinates": [ 56.1746999, 23.8872529 ] } },
{ "type": "Feature", "properties": { "osm_id": "13810418679", "code": 2422, "fclass": "camp_site", "name": "" }, "geometry": { "type": "Point", "coordinates": [ 56.6780152, 24.4271153 ] } },
{ "type": "Feature", "properties": { "osm_id": "13811585302", "code": 2741, "fclass": "picnic_site", "name": "" }, "geometry": { "type": "Point", "coordinates": [ 42.7596418, 19.799991 ] } },
{ "type": "Feature", "properties": { "osm_id": "13811585303", "code": 2741, "fclass": "picnic_site", "name": "" }, "geometry": { "type": "Point", "coordinates": [ 42.8069629, 19.857938 ] } },
{ "type": "Feature", "properties": { "osm_id": "13811585401", "code": 2741, "fclass": "picnic_site", "name": "" }, "geometry": { "type": "Point", "coordinates": [ 42.6740264, 19.9448309 ] } },
{ "type": "Feature", "properties": { "osm_id": "13960847502", "code": 2424, "fclass": "caravan_site", "name": "" }, "geometry": { "type": "Point", "coordinates": [ 55.2541865, 25.1876121 ] } },
{ "type": "Feature", "properties": { "osm_id": "13990619301", "code": 2422, "fclass": "camp_site", "name": "مخيم الجوفا" }, "geometry": { "type": "Point", "coordinates": [ 45.5287843, 25.606355 ] } },
{ "type": "Feature", "properties": { "osm_id": "14079502472", "code": 2741, "fclass": "picnic_site", "name": "مزرعة السحاب جبل الحشر" }, "geometry": { "type": "Point", "coordinates": [ 43.023843, 17.4735024 ] } }
]
}
