{
"type": "FeatureCollection",
"name": "places",
"crs": { "type": "name", "properties": { "name": "urn:ogc:def:crs:OGC:1.3:CRS84" } },
"features": [
{ "type": "Feature", "properties": { "osm_id": "295923440", "code": 1003, "fclass": "village", "population": 0, "name": "وادي الصدر" }, "geometry": { "type": "Point", "coordinates": [ 41.3467778, 20.1296346 ] } },
{ "type": "Feature", "properties": { "osm_id": "631413268", "code": 1004, "fclass": "hamlet", "population": 0, "name": "وادي خضرة" }, "geometry": { "type": "Point", "coordinates": [ 39.7018271, 23.1109634 ] } },
{ "type": "Feature", "properties": { "osm_id": "747667513", "code": 1004, "fclass": "hamlet", "population": 0, "name": "فياضة" }, "geometry": { "type": "Point", "coordinates": [ 42.7160772, 25.5233146 ] } },
{ "type": "Feature", "properties": { "osm_id": "747667821", "code": 1003, "fclass": "village", "population": 0, "name": "فيضة دخنة" }, "geometry": { "type": "Point", "coordinates": [ 43.6378344, 25.3979986 ] } },
{ "type": "Feature", "properties": { "osm_id": "747671308", "code": 1003, "fclass": "village", "population": 0, "name": "الروضات" }, "geometry": { "type": "Point", "coordinates": [ 43.3438321, 25.7919989 ] } },
{ "type": "Feature", "properties": { "osm_id": "747671471", "code": 1004, "fclass": "hamlet", "population": 0, "name": "فيضة الريشية" }, "geometry": { "type": "Point", "coordinates": [ 42.3869996, 25.0523337 ] } },
{ "type": "Feature", "properties": { "osm_id": "798879600", "code": 1050, "fclass": "locality", "population": 0, "name": "وادي الجراني" }, "geometry": { "type": "Point", "coordinates": [ 38.2, 31.866667 ] } },
{ "type": "Feature", "properties": { "osm_id": "798881639", "code": 1050, "fclass": "locality", "population": 0, "name": "وادي حصيدة أم غدران" }, "geometry": { "type": "Point", "coordinates": [ 37.183333, 31.333333 ] } },
{ "type": "Feature", "properties": { "osm_id": "798881641", "code": 1050, "fclass": "locality", "population": 0, "name": "وادي سمرمدة" }, "geometry": { "type": "Point", "coordinates": [ 37.6058846, 31.0251946 ] } },
{ "type": "Feature", "properties": { "osm_id": "802665890", "code": 1050, "fclass": "locality", "population": 0, "name": "وادي الخشة" }, "geometry": { "type": "Point", "coordinates": [ 36.289167, 29.380278 ] } },
{ "type": "Feature", "properties": { "osm_id": "802667505", "code": 1050, "fclass": "locality", "population": 0, "name": "وادي أم غظية" }, "geometry": { "type": "Point", "coordinates": [ 37.566667, 30.066667 ] } },
{ "type": "Feature", "properties": { "osm_id": "802681504", "code": 1050, "fclass": "locality", "population": 0, "name": "وادي الرتامي" }, "geometry": { "type": "Point", "coordinates": [ 37.25, 31.566667 ] } },
{ "type": "Feature", "properties": { "osm_id": "802682285", "code": 1050, "fclass": "locality", "population": 0, "name": "وادي المخروق" }, "geometry": { "type": "Point", "coordinates": [ 37.164077, 31.510046 ] } },
{ "type": "Feature", "properties": { "osm_id": "802697956", "code": 1050, "fclass": "locality", "population": 0, "name": "وادي الحصاة" }, "geometry": { "type": "Point", "coordinates": [ 37.6411844, 30.8489427 ] } },
{ "type": "Feature", "properties": { "osm_id": "1218095520", "code": 1003, "fclass": "village", "population": 286, "name": "قلة شعيب" }, "geometry": { "type": "Point", "coordinates": [ 43.257899, 16.97056 ] } },
{ "type": "Feature", "properties": { "osm_id": "1236320243", "code": 1050, "fclass": "locality", "population": 0, "name": "وادي الاثيلي" }, "geometry": { "type": "Point", "coordinates": [ 36.65, 28.016667 ] } },
{ "type": "Feature", "properties": { "osm_id": "1236320249", "code": 1050, "fclass": "locality", "population": 0, "name": "وادي رشدان" }, "geometry": { "type": "Point", "coordinates": [ 36.683333, 27.95 ] } },
{ "type": "Feature", "properties": { "osm_id": "1236323909", "code": 1050, "fclass": "locality", "population": 0, "name": "وادي أبو طيران" }, "geometry": { "type": "Point", "coordinates": [ 35.804883, 27.2337849 ] } },
{ "type": "Feature", "properties": { "osm_id": "1236323917", "code": 1050, "fclass": "locality", "population": 0, "name": "وادي بهر" }, "geometry": { "type": "Point", "coordinates": [ 35.8213467, 27.2059669 ] } },
{ "type": "Feature", "properties": { "osm_id": "1236330245", "code": 1050, "fclass": "locality", "population": 0, "name": "روضة أم العمر" }, "geometry": { "type": "Point", "coordinates": [ 39.3149861, 25.8652544 ] } },
{ "type": "Feature", "properties": { "osm_id": "1236360158", "code": 1050, "fclass": "locality", "population": 0, "name": "جبل طويق" }, "geometry": { "type": "Point", "coordinates": [ 44.9638251, 26.1344946 ] } },
{ "type": "Feature", "properties": { "osm_id": "1236365157", "code": 1003, "fclass": "village", "population": 0, "name": "وادي أبو علي" }, "geometry": { "type": "Point", "coordinates": [ 43.981754, 26.182727 ] } },
{ "type": "Feature", "properties": { "osm_id": "1236367028", "code": 1004, "fclass": "hamlet", "population": 0, "name": "الروضة" }, "geometry": { "type": "Point", "coordinates": [ 43.862222, 25.954167 ] } },
{ "type": "Feature", "properties": { "osm_id": "1236367281", "code": 1003, "fclass": "village", "population": 0, "name": "روضة اللواف" }, "geometry": { "type": "Point", "coordinates": [ 44.2654, 25.946664 ] } },
{ "type": "Feature", "properties": { "osm_id": "1236369261", "code": 1003, "fclass": "village", "population": 0, "name": "الفيضة" }, "geometry": { "type": "Point", "coordinates": [ 42.67878, 26.6369927 ] } },
{ "type": "Feature", "properties": { "osm_id": "1236375168", "code": 1003, "fclass": "village", "population": 0, "name": "فيضة يكلب" }, "geometry": { "type": "Point", "coordinates": [ 43.143824, 26.886195 ] } },
{ "type": "Feature", "properties": { "osm_id": "1236383685", "code": 1003, "fclass": "village", "population": 0, "name": "الروضة" }, "geometry": { "type": "Point", "coordinates": [ 41.6726256, 26.798473 ] } },
{ "type": "Feature", "properties": { "osm_id": "1236386524", "code": 1003, "fclass": "village", "population": 0, "name": "فيضة إبن سويلم" }, "geometry": { "type": "Point", "coordinates": [ 40.628686, 27.15758 ] } },
{ "type": "Feature", "properties": { "osm_id": "1236398432", "code": 1050, "fclass": "locality", "population": 0, "name": "زبارة جبلة" }, "geometry": { "type": "Point", "coordinates": [ 44.435, 25.743611 ] } },
{ "type": "Feature", "properties": { "osm_id": "1236398444", "code": 1050, "fclass": "locality", "population": 0, "name": "زبارة جبلة" }, "geometry": { "type": "Point", "coordinates": [ 44.580278, 25.699444 ] } },
{ "type": "Feature", "properties": { "osm_id": "1236398551", "code": 1003, "fclass": "village", "population": 0, "name": "روضة الحسو" }, "geometry": { "type": "Point", "coordinates": [ 44.316677, 25.809383 ] } },
{ "type": "Feature", "properties": { "osm_id": "1236399969", "code": 1050, "fclass": "locality", "population": 0, "name": "شعيب الوسيعة" }, "geometry": { "type": "Point", "coordinates": [ 45.016944, 26.0 ] } },
{ "type": "Feature", "properties": { "osm_id": "1236402000", "code": 1050, "fclass": "locality", "population": 0, "name": "شعيب مليح" }, "geometry": { "type": "Point", "coordinates": [ 46.0920265, 25.7934776 ] } },
{ "type": "Feature", "properties": { "osm_id": "1236407866", "code": 1050, "fclass": "locality", "population": 0, "name": "شعيب الخميسية" }, "geometry": { "type": "Point", "coordinates": [ 43.970833, 28.614722 ] } },
{ "type": "Feature", "properties": { "osm_id": "1236411647", "code": 1050, "fclass": "locality", "population": 0, "name": "وادي المجامع" }, "geometry": { "type": "Point", "coordinates": [ 45.588889, 20.6375 ] } },
{ "type": "Feature", "properties": { "osm_id": "1236411662", "code": 1050, "fclass": "locality", "population": 0, "name": "شعيب أم حصية" }, "geometry": { "type": "Point", "coordinates": [ 45.416667, 20.75 ] } },
{ "type": "Feature", "properties": { "osm_id": "1236412158", "code": 1050, "fclass": "locality", "population": 0, "name": "شعيب المسماة" }, "geometry": { "type": "Point", "coordinates": [ 44.4, 20.4 ] } },
{ "type": "Feature", "properties": { "osm_id": "1236421265", "code": 1003, "fclass": "village", "population": 0, "name": "الروضة" }, "geometry": { "type": "Point", "coordinates": [ 44.794167, 23.747778 ] } },
{ "type": "Feature", "properties": { "osm_id": "1236421441", "code": 1050, "fclass": "locality", "population": 0, "name": "وادي أم وريط" }, "geometry": { "type": "Point", "coordinates": [ 45.283333, 23.55 ] } },
{ "type": "Feature", "properties": { "osm_id": "1236421521", "code": 1050, "fclass": "locality", "population": 0, "name": "وادي النسق" }, "geometry": { "type": "Point", "coordinates": [ 45.0, 24.0 ] } },
{ "type": "Feature", "properties": { "osm_id": "1236434604", "code": 1003, "fclass": "village", "population": 0, "name": "الفيضة" }, "geometry": { "type": "Point", "coordinates": [ 44.464848, 25.334836 ] } },
{ "type": "Feature", "properties": { "osm_id": "1236442858", "code": 1003, "fclass": "village", "population": 0, "name": "فيضة ساحوق" }, "geometry": { "type": "Point", "coordinates": [ 42.1080042, 25.3490266 ] } },
{ "type": "Feature", "properties": { "osm_id": "1236442997", "code": 1003, "fclass": "village", "population": 0, "name": "الفيضة" }, "geometry": { "type": "Point", "coordinates": [ 42.382595, 25.039466 ] } },
{ "type": "Feature", "properties": { "osm_id": "1236443511", "code": 1004, "fclass": "hamlet", "population": 0, "name": "فيضة الشعب" }, "geometry": { "type": "Point", "coordinates": [ 42.6858204, 25.4680599 ] } },
{ "type": "Feature", "properties": { "osm_id": "1236450416", "code": 1004, "fclass": "hamlet", "population": 0, "name": "فيضة المسلح" }, "geometry": { "type": "Point", "coordinates": [ 40.766944, 22.5025 ] } },
{ "type": "Feature", "properties": { "osm_id": "1236455117", "code": 1050, "fclass": "locality", "population": 0, "name": "شعيب تلهي" }, "geometry": { "type": "Point", "coordinates": [ 42.083333, 21.9 ] } },
{ "type": "Feature", "properties": { "osm_id": "1236463899", "code": 1003, "fclass": "village", "population": 0, "name": "الروضة" }, "geometry": { "type": "Point", "coordinates": [ 39.910949, 21.569787 ] } },
{ "type": "Feature", "properties": { "osm_id": "1236466304", "code": 1050, "fclass": "locality", "population": 0, "name": "وادي فج الكريمي" }, "geometry": { "type": "Point", "coordinates": [ 39.608333, 21.5 ] } },
{ "type": "Feature", "properties": { "osm_id": "1236470750", "code": 1050, "fclass": "locality", "population": 0, "name": "وادي الطلع" }, "geometry": { "type": "Point", "coordinates": [ 41.9275151, 19.8012022 ] } },
{ "type": "Feature", "properties": { "osm_id": "1236687886", "code": 1050, "fclass": "locality", "population": 0, "name": "وادي يبه" }, "geometry": { "type": "Point", "coordinates": [ 41.811389, 19.163056 ] } },
{ "type": "Feature", "properties": { "osm_id": "1236688814", "code": 1050, "fclass": "locality", "population": 0, "name": "وادي شسع" }, "geometry": { "type": "Point", "coordinates": [ 41.558333, 19.206111 ] } },
{ "type": "Feature", "properties": { "osm_id": "1236690512", "code": 1050, "fclass": "locality", "population": 0, "name": "وادي رنية" }, "geometry": { "type": "Point", "coordinates": [ 41.790833, 19.910833 ] } },
{ "type": "Feature", "properties": { "osm_id": "1236690545", "code": 1050, "fclass": "locality", "population": 0, "name": "وادي الفيل" }, "geometry": { "type": "Point", "coordinates": [ 41.521389, 19.961667 ] } },
{ "type": "Feature", "properties": { "osm_id": "1236695959", "code": 1050, "fclass": "locality", "population": 0, "name": "وادي عرجة" }, "geometry": { "type": "Point", "coordinates": [ 44.201944, 24.747222 ] } },
{ "type": "Feature", "properties": { "osm_id": "1236696382", "code": 1050, "fclass": "locality", "population": 0, "name": "زبارة جبلة" }, "geometry": { "type": "Point", "coordinates": [ 44.705, 25.376944 ] } },
{ "type": "Feature", "properties": { "osm_id": "1236696424", "code": 1050, "fclass": "locality", "population": 0, "name": "زبارة جبلة" }, "geometry": { "type": "Point", "coordinates": [ 44.822778, 25.240833 ] } },
{ "type": "Feature", "properties": { "osm_id": "1236702107", "code": 1050, "fclass": "locality", "population": 0, "name": "شعيب الثميلة الشمالية" }, "geometry": { "type": "Point", "coordinates": [ 46.5949529, 25.1376455 ] } },
{ "type": "Feature", "properties": { "osm_id": "1236702161", "code": 1003, "fclass": "village", "population": 0, "name": "روضة دعيج" }, "geometry": { "type": "Point", "coordinates": [ 45.372314, 25.240959 ] } },
{ "type": "Feature", "properties": { "osm_id": "1236702253", "code": 1050, "fclass": "locality", "population": 0, "name": "روضة أبا الرثي" }, "geometry": { "type": "Point", "coordinates": [ 46.681389, 25.061389 ] } },
{ "type": "Feature", "properties": { "osm_id": "1236702335", "code": 1050, "fclass": "locality", "population": 0, "name": "شعيب أعوج" }, "geometry": { "type": "Point", "coordinates": [ 45.500833, 25.5175 ] } },
{ "type": "Feature", "properties": { "osm_id": "1236702367", "code": 1050, "fclass": "locality", "population": 0, "name": "شعيب الأجرع" }, "geometry": { "type": "Point", "coordinates": [ 45.5075, 25.5075 ] } },
{ "type": "Feature", "properties": { "osm_id": "1236702393", "code": 1050, "fclass": "locality", "population": 0, "name": "شعيب الياطة" }, "geometry": { "type": "Point", "coordinates": [ 46.0533185, 25.0658352 ] } },
{ "type": "Feature", "properties": { "osm_id": "1236702431", "code": 1050, "fclass": "locality", "population": 0, "name": "شعيب التحيضات الشمالي" }, "geometry": { "type": "Point", "coordinates": [ 45.7712016, 25.1007581 ] } },
{ "type": "Feature", "properties": { "osm_id": "1236703357", "code": 1050, "fclass": "locality", "population": 0, "name": "شعيب بريش" }, "geometry": { "type": "Point", "coordinates": [ 46.858056, 24.848056 ] } },
{ "type": "Feature", "properties": { "osm_id": "1236703394", "code": 1050, "fclass": "locality", "population": 0, "name": "شعيب عقلة" }, "geometry": { "type": "Point", "coordinates": [ 46.833333, 24.816667 ] } },
{ "type": "Feature", "properties": { "osm_id": "1236704572", "code": 1004, "fclass": "hamlet", "population": 0, "name": "الفيضة" }, "geometry": { "type": "Point", "coordinates": [ 46.3738151, 24.4746461 ] } },
{ "type": "Feature", "properties": { "osm_id": "1236704869", "code": 1050, "fclass": "locality", "population": 0, "name": "وادي لبن" }, "geometry": { "type": "Point", "coordinates": [ 46.458611, 24.5725 ] } },
{ "type": "Feature", "properties": { "osm_id": "1236704878", "code": 1003, "fclass": "village", "population": 0, "name": "الروضة" }, "geometry": { "type": "Point", "coordinates": [ 46.232147, 24.556679 ] } },
{ "type": "Feature", "properties": { "osm_id": "1236705190", "code": 1050, "fclass": "locality", "population": 0, "name": "وادي الخرج" }, "geometry": { "type": "Point", "coordinates": [ 47.291111, 24.153889 ] } },
{ "type": "Feature", "properties": { "osm_id": "1236705297", "code": 1050, "fclass": "locality", "population": 0, "name": "وادي حنيفة" }, "geometry": { "type": "Point", "coordinates": [ 47.0832752, 24.3081921 ] } },
{ "type": "Feature", "properties": { "osm_id": "1236707730", "code": 1003, "fclass": "village", "population": 0, "name": "الفيضة" }, "geometry": { "type": "Point", "coordinates": [ 45.337068, 24.391329 ] } },
{ "type": "Feature", "properties": { "osm_id": "1236707939", "code": 1003, "fclass": "village", "population": 0, "name": "روضة الفرس" }, "geometry": { "type": "Point", "coordinates": [ 45.363835, 24.622342 ] } },
{ "type": "Feature", "properties": { "osm_id": "1236709729", "code": 1003, "fclass": "village", "population": 0, "name": "فيضة المفص" }, "geometry": { "type": "Point", "coordinates": [ 44.808056, 24.343889 ] } },
{ "type": "Feature", "properties": { "osm_id": "1236709965", "code": 1050, "fclass": "locality", "population": 0, "name": "وادي السرحي" }, "geometry": { "type": "Point", "coordinates": [ 44.038333, 23.308889 ] } },
{ "type": "Feature", "properties": { "osm_id": "1236714081", "code": 1050, "fclass": "locality", "population": 0, "name": "شعيب كرز" }, "geometry": { "type": "Point", "coordinates": [ 46.1341765, 22.3807949 ] } },
{ "type": "Feature", "properties": { "osm_id": "1236714111", "code": 1050, "fclass": "locality", "population": 0, "name": "شعيب دحلة أرنب" }, "geometry": { "type": "Point", "coordinates": [ 45.883333, 21.766667 ] } },
{ "type": "Feature", "properties": { "osm_id": "1236714804", "code": 1050, "fclass": "locality", "population": 0, "name": "شعيب مغرة" }, "geometry": { "type": "Point", "coordinates": [ 45.75, 21.5 ] } },
{ "type": "Feature", "properties": { "osm_id": "1236714846", "code": 1050, "fclass": "locality", "population": 0, "name": "شعيب دحلة سدير" }, "geometry": { "type": "Point", "coordinates": [ 45.9, 21.666667 ] } },
{ "type": "Feature", "properties": { "osm_id": "1236717025", "code": 1050, "fclass": "locality", "population": 0, "name": "شعيب دحلة" }, "geometry": { "type": "Point", "coordinates": [ 47.0575525, 23.5419517 ] } },
{ "type": "Feature", "properties": { "osm_id": "1236717159", "code": 1050, "fclass": "locality", "population": 0, "name": "وادي الخوار" }, "geometry": { "type": "Point", "coordinates": [ 48.133333, 23.633333 ] } },
{ "type": "Feature", "properties": { "osm_id": "1236720186", "code": 1050, "fclass": "locality", "population": 0, "name": "شعيب كتنة" }, "geometry": { "type": "Point", "coordinates": [ 42.8489207, 19.3499453 ] } },
{ "type": "Feature", "properties": { "osm_id": "1236744531", "code": 1050, "fclass": "locality", "population": 0, "name": "وادي أم قيعن" }, "geometry": { "type": "Point", "coordinates": [ 37.830278, 30.766111 ] } },
{ "type": "Feature", "properties": { "osm_id": "1236744604", "code": 1050, "fclass": "locality", "population": 0, "name": "شعيب مديسيس" }, "geometry": { "type": "Point", "coordinates": [ 37.6008115, 30.9731171 ] } },
{ "type": "Feature", "properties": { "osm_id": "1236744622", "code": 1050, "fclass": "locality", "population": 0, "name": "وادي الغراء" }, "geometry": { "type": "Point", "coordinates": [ 37.6054124, 31.0166148 ] } },
{ "type": "Feature", "properties": { "osm_id": "1236744825", "code": 1050, "fclass": "locality", "population": 0, "name": "وادي حصيدة الفصيا" }, "geometry": { "type": "Point", "coordinates": [ 37.333333, 31.233333 ] } },
{ "type": "Feature", "properties": { "osm_id": "1236744883", "code": 1050, "fclass": "locality", "population": 0, "name": "وادي أم قريص" }, "geometry": { "type": "Point", "coordinates": [ 37.9875, 30.655 ] } },
{ "type": "Feature", "properties": { "osm_id": "1236763108", "code": 1050, "fclass": "locality", "population": 0, "name": "وادي الحوصاء" }, "geometry": { "type": "Point", "coordinates": [ 37.55, 29.966667 ] } },
{ "type": "Feature", "properties": { "osm_id": "1236771250", "code": 1050, "fclass": "locality", "population": 0, "name": "زبارة الجبلان" }, "geometry": { "type": "Point", "coordinates": [ 48.914167, 26.482222 ] } },
{ "type": "Feature", "properties": { "osm_id": "1236774127", "code": 1003, "fclass": "village", "population": 0, "name": "شعيبة المياه" }, "geometry": { "type": "Point", "coordinates": [ 42.7761011, 27.8421778 ] } },
{ "type": "Feature", "properties": { "osm_id": "1237332003", "code": 1050, "fclass": "locality", "population": 0, "name": "روضة شامان" }, "geometry": { "type": "Point", "coordinates": [ 51.425055, 24.236082 ] } },
{ "type": "Feature", "properties": { "osm_id": "1237343234", "code": 1050, "fclass": "locality", "population": 0, "name": "حمرور أبا النواديس" }, "geometry": { "type": "Point", "coordinates": [ 50.052222, 25.466389 ] } },
{ "type": "Feature", "properties": { "osm_id": "1237534503", "code": 1004, "fclass": "hamlet", "population": 0, "name": "جبلة القديمة" }, "geometry": { "type": "Point", "coordinates": [ 42.710688, 28.537445 ] } },
{ "type": "Feature", "properties": { "osm_id": "1237555872", "code": 1050, "fclass": "locality", "population": 0, "name": "جبل شمر" }, "geometry": { "type": "Point", "coordinates": [ 41.748455, 27.3377934 ] } },
{ "type": "Feature", "properties": { "osm_id": "1237556596", "code": 1050, "fclass": "locality", "population": 0, "name": "شعيب الوطاه" }, "geometry": { "type": "Point", "coordinates": [ 43.9158926, 26.5375247 ] } },
{ "type": "Feature", "properties": { "osm_id": "1237556955", "code": 1003, "fclass": "village", "population": 0, "name": "روضة قرادان" }, "geometry": { "type": "Point", "coordinates": [ 42.875936, 25.906302 ] } },
{ "type": "Feature", "properties": { "osm_id": "1237557165", "code": 1050, "fclass": "locality", "population": 0, "name": "روضة دغمانية" }, "geometry": { "type": "Point", "coordinates": [ 43.833333, 26.833333 ] } },
{ "type": "Feature", "properties": { "osm_id": "1237835590", "code": 1050, "fclass": "locality", "population": 0, "name": "شعيب دابان" }, "geometry": { "type": "Point", "coordinates": [ 45.6334422, 26.1903196 ] } },
{ "type": "Feature", "properties": { "osm_id": "1237836100", "code": 1050, "fclass": "locality", "population": 0, "name": "شعيب السحيمي" }, "geometry": { "type": "Point", "coordinates": [ 45.336389, 26.635833 ] } },
{ "type": "Feature", "properties": { "osm_id": "1237844711", "code": 1050, "fclass": "locality", "population": 0, "name": "جبل عاتق وريك" }, "geometry": { "type": "Point", "coordinates": [ 44.497222, 17.982222 ] } },
{ "type": "Feature", "properties": { "osm_id": "1237943496", "code": 1050, "fclass": "locality", "population": 0, "name": "وادي القويصرة" }, "geometry": { "type": "Point", "coordinates": [ 37.766667, 30.35 ] } },
{ "type": "Feature", "properties": { "osm_id": "1237943807", "code": 1050, "fclass": "locality", "population": 0, "name": "وادي حدرج" }, "geometry": { "type": "Point", "coordinates": [ 37.695278, 30.300833 ] } },
{ "type": "Feature", "properties": { "osm_id": "1237951508", "code": 1050, "fclass": "locality", "population": 0, "name": "وادي روى" }, "geometry": { "type": "Point", "coordinates": [ 35.356111, 28.235833 ] } },
{ "type": "Feature", "properties": { "osm_id": "1237951614", "code": 1050, "fclass": "locality", "population": 0, "name": "وادي عمق" }, "geometry": { "type": "Point", "coordinates": [ 35.1019352, 28.733718 ] } },
{ "type": "Feature", "properties": { "osm_id": "1237951652", "code": 1050, "fclass": "locality", "population": 0, "name": "مغائر شعيب" }, "geometry": { "type": "Point", "coordinates": [ 35.011389, 28.48 ] } },
{ "type": "Feature", "properties": { "osm_id": "1237957995", "code": 1050, "fclass": "locality", "population": 0, "name": "وادي عيانة" }, "geometry": { "type": "Point", "coordinates": [ 35.6444886, 27.3849512 ] } },
{ "type": "Feature", "properties": { "osm_id": "1237958845", "code": 1050, "fclass": "locality", "population": 0, "name": "وادي المعيضب" }, "geometry": { "type": "Point", "coordinates": [ 36.05, 29.2 ] } },
{ "type": "Feature", "properties": { "osm_id": "1237960542", "code": 1050, "fclass": "locality", "population": 0, "name": "وادي الداهن" }, "geometry": { "type": "Point", "coordinates": [ 41.581667, 18.134722 ] } },
{ "type": "Feature", "properties": { "osm_id": "1237960547", "code": 1050, "fclass": "locality", "population": 0, "name": "حصن العوادي" }, "geometry": { "type": "Point", "coordinates": [ 41.933333, 17.8 ] } },
{ "type": "Feature", "properties": { "osm_id": "1237960998", "code": 1050, "fclass": "locality", "population": 0, "name": "وادي ملح" }, "geometry": { "type": "Point", "coordinates": [ 42.63373, 17.4345101 ] } },
{ "type": "Feature", "properties": { "osm_id": "1237961132", "code": 1050, "fclass": "locality", "population": 0, "name": "وادي مسماه" }, "geometry": { "type": "Point", "coordinates": [ 42.666667, 17.716667 ] } },
{ "type": "Feature", "properties": { "osm_id": "1237961297", "code": 1003, "fclass": "village", "population": 0, "name": "وادي عروج" }, "geometry": { "type": "Point", "coordinates": [ 42.9397274, 17.2266517 ] } },
{ "type": "Feature", "properties": { "osm_id": "1237961306", "code": 1050, "fclass": "locality", "population": 0, "name": "شعيب تع" }, "geometry": { "type": "Point", "coordinates": [ 43.0651484, 17.3167161 ] } },
{ "type": "Feature", "properties": { "osm_id": "1237961331", "code": 1050, "fclass": "locality", "population": 0, "name": "وادي ضمد" }, "geometry": { "type": "Point", "coordinates": [ 43.2114118, 17.2648235 ] } },
{ "type": "Feature", "properties": { "osm_id": "1237961392", "code": 1050, "fclass": "locality", "population": 0, "name": "وادي أبو جريدة" }, "geometry": { "type": "Point", "coordinates": [ 42.9997428, 16.5999576 ] } },
{ "type": "Feature", "properties": { "osm_id": "1237961428", "code": 1050, "fclass": "locality", "population": 0, "name": "وادي هوسية" }, "geometry": { "type": "Point", "coordinates": [ 42.9693149, 16.5413271 ] } },
{ "type": "Feature", "properties": { "osm_id": "1237968524", "code": 1050, "fclass": "locality", "population": 0, "name": "وادي خمال" }, "geometry": { "type": "Point", "coordinates": [ 37.8, 24.2 ] } },
{ "type": "Feature", "properties": { "osm_id": "1237968832", "code": 1050, "fclass": "locality", "population": 0, "name": "وادي صلا" }, "geometry": { "type": "Point", "coordinates": [ 38.7115146, 24.1413947 ] } },
{ "type": "Feature", "properties": { "osm_id": "1474051101", "code": 1003, "fclass": "village", "population": 0, "name": "روضة راشد" }, "geometry": { "type": "Point", "coordinates": [ 51.205327, 25.2347842 ] } },
{ "type": "Feature", "properties": { "osm_id": "1716907233", "code": 1050, "fclass": "locality", "population": 0, "name": "وادي مسلم" }, "geometry": { "type": "Point", "coordinates": [ 56.59, 21.68 ] } },
{ "type": "Feature", "properties": { "osm_id": "1716907896", "code": 1050, "fclass": "locality", "population": 0, "name": "وادي هلفين" }, "geometry": { "type": "Point", "coordinates": [ 58.2337254, 20.9195697 ] } },
{ "type": "Feature", "properties": { "osm_id": "1716907907", "code": 1050, "fclass": "locality", "population": 0, "name": "وادي حلفين" }, "geometry": { "type": "Point", "coordinates": [ 58.2274388, 20.9008647 ] } },
{ "type": "Feature", "properties": { "osm_id": "1716907932", "code": 1050, "fclass": "locality", "population": 0, "name": "وادي هلبة" }, "geometry": { "type": "Point", "coordinates": [ 57.1494111, 21.9075133 ] } },
{ "type": "Feature", "properties": { "osm_id": "1716907938", "code": 1050, "fclass": "locality", "population": 0, "name": "وادي حليبة" }, "geometry": { "type": "Point", "coordinates": [ 57.1501472, 21.8887977 ] } },
{ "type": "Feature", "properties": { "osm_id": "1716932503", "code": 1003, "fclass": "village", "population": 5151, "name": "روضة" }, "geometry": { "type": "Point", "coordinates": [ 58.2247407, 22.8789127 ] } },
{ "type": "Feature", "properties": { "osm_id": "1716934908", "code": 1050, "fclass": "locality", "population": 0, "name": "وادي عين أم رصيص" }, "geometry": { "type": "Point", "coordinates": [ 58.7905092, 20.4658822 ] } },
{ "type": "Feature", "properties": { "osm_id": "1716935059", "code": 1050, "fclass": "locality", "population": 0, "name": "وادي بركاء" }, "geometry": { "type": "Point", "coordinates": [ 59.4306537, 22.6488947 ] } },
{ "type": "Feature", "properties": { "osm_id": "1716935125", "code": 1050, "fclass": "locality", "population": 0, "name": "وادي بذيمة" }, "geometry": { "type": "Point", "coordinates": [ 58.7398936, 22.4901883 ] } },
{ "type": "Feature", "properties": { "osm_id": "1716935289", "code": 1050, "fclass": "locality", "population": 0, "name": "وادي فق" }, "geometry": { "type": "Point", "coordinates": [ 59.2775706, 22.7805185 ] } },
{ "type": "Feature", "properties": { "osm_id": "1716935594", "code": 1050, "fclass": "locality", "population": 0, "name": "وادي هيذة" }, "geometry": { "type": "Point", "coordinates": [ 59.3243737, 22.7430382 ] } },
{ "type": "Feature", "properties": { "osm_id": "1716935608", "code": 1004, "fclass": "hamlet", "population": 0, "name": "وادي الحجر" }, "geometry": { "type": "Point", "coordinates": [ 57.7465172, 22.898815 ] } },
{ "type": "Feature", "properties": { "osm_id": "1716935933", "code": 1050, "fclass": "locality", "population": 0, "name": "وادي خفيفة" }, "geometry": { "type": "Point", "coordinates": [ 58.42, 22.84 ] } },
{ "type": "Feature", "properties": { "osm_id": "1716936002", "code": 1050, "fclass": "locality", "population": 0, "name": "وادي خور الجرامة" }, "geometry": { "type": "Point", "coordinates": [ 59.7192247, 22.4906228 ] } },
{ "type": "Feature", "properties": { "osm_id": "1716936129", "code": 1050, "fclass": "locality", "population": 0, "name": "وادي لثم" }, "geometry": { "type": "Point", "coordinates": [ 55.91, 22.87 ] } },
{ "type": "Feature", "properties": { "osm_id": "1716936207", "code": 1003, "fclass": "village", "population": 0, "name": "وادي ليه" }, "geometry": { "type": "Point", "coordinates": [ 59.2500026, 22.4200049 ] } },
{ "type": "Feature", "properties": { "osm_id": "1716936730", "code": 1050, "fclass": "locality", "population": 0, "name": "وادي نام" }, "geometry": { "type": "Point", "coordinates": [ 58.5, 22.78 ] } },
{ "type": "Feature", "properties": { "osm_id": "1716936797", "code": 1050, "fclass": "locality", "population": 0, "name": "وادي نزوى" }, "geometry": { "type": "Point", "coordinates": [ 57.54, 22.79 ] } },
{ "type": "Feature", "properties": { "osm_id": "1716936803", "code": 1050, "fclass": "locality", "population": 0, "name": "وادي نخيلة" }, "geometry": { "type": "Point", "coordinates": [ 58.7382725, 20.2490466 ] } },
{ "type": "Feature", "properties": { "osm_id": "1716936833", "code": 1050, "fclass": "locality", "population": 0, "name": "وادي نقي" }, "geometry": { "type": "Point", "coordinates": [ 56.4, 22.82 ] } },
{ "type": "Feature", "properties": { "osm_id": "1716936834", "code": 1050, "fclass": "locality", "population": 0, "name": "وادي قنت" }, "geometry": { "type": "Point", "coordinates": [ 57.9851541, 22.8320409 ] } },
{ "type": "Feature", "properties": { "osm_id": "1716936849", "code": 1050, "fclass": "locality", "population": 0, "name": "وادي رفاش" }, "geometry": { "type": "Point", "coordinates": [ 56.14, 22.88 ] } },
{ "type": "Feature", "properties": { "osm_id": "1716936852", "code": 1050, "fclass": "locality", "population": 0, "name": "وادي رفصة" }, "geometry": { "type": "Point", "coordinates": [ 59.4491311, 22.5218444 ] } },
{ "type": "Feature", "properties": { "osm_id": "1716936981", "code": 1050, "fclass": "locality", "population": 0, "name": "وادي تسنيد" }, "geometry": { "type": "Point", "coordinates": [ 56.63, 22.79 ] } },
{ "type": "Feature", "properties": { "osm_id": "1716936994", "code": 1050, "fclass": "locality", "population": 0, "name": "وادي طيمسة" }, "geometry": { "type": "Point", "coordinates": [ 57.54, 22.81 ] } },
{ "type": "Feature", "properties": { "osm_id": "1716937059", "code": 1050, "fclass": "locality", "population": 0, "name": "وادي أم رودة" }, "geometry": { "type": "Point", "coordinates": [ 56.19, 22.79 ] } },
{ "type": "Feature", "properties": { "osm_id": "1716937584", "code": 1050, "fclass": "locality", "population": 0, "name": "وادي ورك" }, "geometry": { "type": "Point", "coordinates": [ 56.61, 22.83 ] } },
{ "type": "Feature", "properties": { "osm_id": "1718026513", "code": 1050, "fclass": "locality", "population": 0, "name": "Ar Rawdah Airstrip" }, "geometry": { "type": "Point", "coordinates": [ 56.3, 25.86 ] } },
{ "type": "Feature", "properties": { "osm_id": "1718120435", "code": 1050, "fclass": "locality", "population": 0, "name": "وادي" }, "geometry": { "type": "Point", "coordinates": [ 56.23, 26.1 ] } },
{ "type": "Feature", "properties": { "osm_id": "1718134021", "code": 1003, "fclass": "village", "population": 0, "name": "روضة" }, "geometry": { "type": "Point", "coordinates": [ 57.45, 23.04 ] } },
{ "type": "Feature", "properties": { "osm_id": "1718134434", "code": 1050, "fclass": "locality", "population": 0, "name": "وادي ضاعن" }, "geometry": { "type": "Point", "coordinates": [ 57.401396, 23.1466374 ] } },
{ "type": "Feature", "properties": { "osm_id": "1718134495", "code": 1050, "fclass": "locality", "population": 0, "name": "وادي كمة" }, "geometry": { "type": "Point", "coordinates": [ 57.54, 23.02 ] } },
{ "type": "Feature", "properties": { "osm_id": "1718134511", "code": 1050, "fclass": "locality", "population": 0, "name": "وادي طلة" }, "geometry": { "type": "Point", "coordinates": [ 57.48, 23.1 ] } },
{ "type": "Feature", "properties": { "osm_id": "1718134577", "code": 1050, "fclass": "locality", "population": 0, "name": "وادي طنوف" }, "geometry": { "type": "Point", "coordinates": [ 57.4715021, 23.0522729 ] } },
{ "type": "Feature", "properties": { "osm_id": "1718134591", "code": 1050, "fclass": "locality", "population": 0, "name": "وادي الحجري" }, "geometry": { "type": "Point", "coordinates": [ 57.47, 23.07 ] } },
{ "type": "Feature", "properties": { "osm_id": "1718134657", "code": 1050, "fclass": "locality", "population": 0, "name": "وادي الكور" }, "geometry": { "type": "Point", "coordinates": [ 57.52, 23.14 ] } },
{ "type": "Feature", "properties": { "osm_id": "1718134712", "code": 1050, "fclass": "locality", "population": 0, "name": "وادي القر" }, "geometry": { "type": "Point", "coordinates": [ 57.5199728, 23.1402459 ] } },
{ "type": "Feature", "properties": { "osm_id": "1718140070", "code": 1003, "fclass": "village", "population": 0, "name": "غيل وادي السيتين" }, "geometry": { "type": "Point", "coordinates": [ 57.29, 23.18 ] } },
{ "type": "Feature", "properties": { "osm_id": "1718140265", "code": 1050, "fclass": "locality", "population": 0, "name": "وادي معقل" }, "geometry": { "type": "Point", "coordinates": [ 57.32, 23.13 ] } },
{ "type": "Feature", "properties": { "osm_id": "1718140280", "code": 1050, "fclass": "locality", "population": 0, "name": "وادي مسفاح" }, "geometry": { "type": "Point", "coordinates": [ 57.3, 23.12 ] } },
{ "type": "Feature", "properties": { "osm_id": "1718140285", "code": 1050, "fclass": "locality", "population": 0, "name": "وادي الحمراء" }, "geometry": { "type": "Point", "coordinates": [ 57.29, 23.1 ] } },
{ "type": "Feature", "properties": { "osm_id": "1718140305", "code": 1050, "fclass": "locality", "population": 0, "name": "وادي المنبك" }, "geometry": { "type": "Point", "coordinates": [ 57.29, 23.09 ] } },
{ "type": "Feature", "properties": { "osm_id": "1718142539", "code": 1050, "fclass": "locality", "population": 0, "name": "وادي عندم" }, "geometry": { "type": "Point", "coordinates": [ 58.0131121, 22.8795295 ] } },
{ "type": "Feature", "properties": { "osm_id": "1718142549", "code": 1050, "fclass": "locality", "population": 0, "name": "وادي عريش" }, "geometry": { "type": "Point", "coordinates": [ 58.06, 22.95 ] } },
{ "type": "Feature", "properties": { "osm_id": "1718142560", "code": 1050, "fclass": "locality", "population": 0, "name": "وادي كورة" }, "geometry": { "type": "Point", "coordinates": [ 58.0202566, 22.9002479 ] } },
{ "type": "Feature", "properties": { "osm_id": "1718142586", "code": 1050, "fclass": "locality", "population": 0, "name": "وادي محرم" }, "geometry": { "type": "Point", "coordinates": [ 58.02, 22.89 ] } },
{ "type": "Feature", "properties": { "osm_id": "1718142600", "code": 1050, "fclass": "locality", "population": 0, "name": "وادي قري" }, "geometry": { "type": "Point", "coordinates": [ 57.8599644, 23.1703869 ] } },
{ "type": "Feature", "properties": { "osm_id": "1718204375", "code": 1050, "fclass": "locality", "population": 0, "name": "وادي غدون" }, "geometry": { "type": "Point", "coordinates": [ 53.6896989, 18.525524 ] } },
{ "type": "Feature", "properties": { "osm_id": "1718308817", "code": 1050, "fclass": "locality", "population": 0, "name": "وادي حمصي" }, "geometry": { "type": "Point", "coordinates": [ 56.2897571, 26.1994571 ] } },
{ "type": "Feature", "properties": { "osm_id": "1718324153", "code": 1050, "fclass": "locality", "population": 0, "name": "وادي لتب" }, "geometry": { "type": "Point", "coordinates": [ 56.4099949, 26.2197854 ] } },
{ "type": "Feature", "properties": { "osm_id": "1719152399", "code": 1050, "fclass": "locality", "population": 0, "name": "وادي سدارة" }, "geometry": { "type": "Point", "coordinates": [ 57.7647786, 19.8742455 ] } },
{ "type": "Feature", "properties": { "osm_id": "1719157075", "code": 1050, "fclass": "locality", "population": 0, "name": "وادي ذرف" }, "geometry": { "type": "Point", "coordinates": [ 57.3446115, 18.938463 ] } },
{ "type": "Feature", "properties": { "osm_id": "1719157077", "code": 1050, "fclass": "locality", "population": 0, "name": "وادي ترف" }, "geometry": { "type": "Point", "coordinates": [ 57.3469055, 18.930923 ] } },
{ "type": "Feature", "properties": { "osm_id": "1719157078", "code": 1050, "fclass": "locality", "population": 0, "name": "وادي ثرف" }, "geometry": { "type": "Point", "coordinates": [ 57.3441483, 18.9329177 ] } },
{ "type": "Feature", "properties": { "osm_id": "1719157165", "code": 1050, "fclass": "locality", "population": 0, "name": "وادي ذهر" }, "geometry": { "type": "Point", "coordinates": [ 57.5234278, 18.9510221 ] } },
{ "type": "Feature", "properties": { "osm_id": "1719157167", "code": 1050, "fclass": "locality", "population": 0, "name": "وادي ظاهر" }, "geometry": { "type": "Point", "coordinates": [ 57.5267363, 18.9496421 ] } },
{ "type": "Feature", "properties": { "osm_id": "1719157460", "code": 1050, "fclass": "locality", "population": 0, "name": "وادي برثنة" }, "geometry": { "type": "Point", "coordinates": [ 57.5276625, 18.9700895 ] } },
{ "type": "Feature", "properties": { "osm_id": "1719158068", "code": 1050, "fclass": "locality", "population": 0, "name": "وادي هيتم" }, "geometry": { "type": "Point", "coordinates": [ 56.9373906, 18.8180636 ] } },
{ "type": "Feature", "properties": { "osm_id": "1719163276", "code": 1050, "fclass": "locality", "population": 0, "name": "وادي عنشير" }, "geometry": { "type": "Point", "coordinates": [ 54.74931, 16.9697951 ] } },
{ "type": "Feature", "properties": { "osm_id": "1719166370", "code": 1050, "fclass": "locality", "population": 0, "name": "جبل سمحان" }, "geometry": { "type": "Point", "coordinates": [ 54.79, 17.15 ] } },
{ "type": "Feature", "properties": { "osm_id": "1719166373", "code": 1050, "fclass": "locality", "population": 0, "name": "جبل آل أمر" }, "geometry": { "type": "Point", "coordinates": [ 54.7902408, 17.1505599 ] } },
{ "type": "Feature", "properties": { "osm_id": "1719174459", "code": 1050, "fclass": "locality", "population": 0, "name": "وادي ثنقير" }, "geometry": { "type": "Point", "coordinates": [ 53.0587555, 17.7207971 ] } },
{ "type": "Feature", "properties": { "osm_id": "1719454288", "code": 1050, "fclass": "locality", "population": 0, "name": "وادي أنذيرة" }, "geometry": { "type": "Point", "coordinates": [ 55.93, 24.87 ] } },
{ "type": "Feature", "properties": { "osm_id": "1719454292", "code": 1050, "fclass": "locality", "population": 0, "name": "وادي بدي" }, "geometry": { "type": "Point", "coordinates": [ 56.3596404, 24.8617076 ] } },
{ "type": "Feature", "properties": { "osm_id": "1719454294", "code": 1050, "fclass": "locality", "population": 0, "name": "وادي بن حسين" }, "geometry": { "type": "Point", "coordinates": [ 56.387127, 24.9317236 ] } },
{ "type": "Feature", "properties": { "osm_id": "1719454298", "code": 1050, "fclass": "locality", "population": 0, "name": "وادي بو بقرة" }, "geometry": { "type": "Point", "coordinates": [ 56.4, 24.88 ] } },
{ "type": "Feature", "properties": { "osm_id": "1719454314", "code": 1050, "fclass": "locality", "population": 0, "name": "وادي بو هرمن" }, "geometry": { "type": "Point", "coordinates": [ 56.29, 24.85 ] } },
{ "type": "Feature", "properties": { "osm_id": "1719454327", "code": 1050, "fclass": "locality", "population": 0, "name": "وادي خضراء" }, "geometry": { "type": "Point", "coordinates": [ 55.94, 24.77 ] } },
{ "type": "Feature", "properties": { "osm_id": "1719454330", "code": 1050, "fclass": "locality", "population": 0, "name": "وادي خور" }, "geometry": { "type": "Point", "coordinates": [ 55.9, 24.92 ] } },
{ "type": "Feature", "properties": { "osm_id": "1719454333", "code": 1050, "fclass": "locality", "population": 0, "name": "وادي خضيراء" }, "geometry": { "type": "Point", "coordinates": [ 55.93, 24.78 ] } },
{ "type": "Feature", "properties": { "osm_id": "1719454335", "code": 1050, "fclass": "locality", "population": 0, "name": "وادي خريمة" }, "geometry": { "type": "Point", "coordinates": [ 55.82, 24.88 ] } },
{ "type": "Feature", "properties": { "osm_id": "1719454338", "code": 1050, "fclass": "locality", "population": 0, "name": "وادي ملاحة" }, "geometry": { "type": "Point", "coordinates": [ 56.3789828, 24.9494958 ] } },
{ "type": "Feature", "properties": { "osm_id": "1719454351", "code": 1050, "fclass": "locality", "population": 0, "name": "وادي سمين" }, "geometry": { "type": "Point", "coordinates": [ 55.7799631, 24.8299408 ] } },
{ "type": "Feature", "properties": { "osm_id": "1719454359", "code": 1050, "fclass": "locality", "population": 0, "name": "وادي شعيب" }, "geometry": { "type": "Point", "coordinates": [ 55.83, 24.78 ] } },
{ "type": "Feature", "properties": { "osm_id": "1719454380", "code": 1050, "fclass": "locality", "population": 0, "name": "وادي سميني" }, "geometry": { "type": "Point", "coordinates": [ 55.7800129, 24.8301555 ] } },
{ "type": "Feature", "properties": { "osm_id": "1719454386", "code": 1050, "fclass": "locality", "population": 0, "name": "وادي ثقيبة" }, "geometry": { "type": "Point", "coordinates": [ 55.97, 24.98 ] } },
{ "type": "Feature", "properties": { "osm_id": "1719454464", "code": 1050, "fclass": "locality", "population": 0, "name": "وادي المرير;وادي البهيسة" }, "geometry": { "type": "Point", "coordinates": [ 56.3984695, 24.901741 ] } },
{ "type": "Feature", "properties": { "osm_id": "1719455554", "code": 1050, "fclass": "locality", "population": 0, "name": "وادي حمود" }, "geometry": { "type": "Point", "coordinates": [ 55.9513533, 24.7182439 ] } },
{ "type": "Feature", "properties": { "osm_id": "1719455615", "code": 1050, "fclass": "locality", "population": 0, "name": "وادي مقام" }, "geometry": { "type": "Point", "coordinates": [ 55.83, 24.75 ] } },
{ "type": "Feature", "properties": { "osm_id": "1719455699", "code": 1050, "fclass": "locality", "population": 0, "name": "وادي وسع" }, "geometry": { "type": "Point", "coordinates": [ 55.84, 24.75 ] } },
{ "type": "Feature", "properties": { "osm_id": "1719455721", "code": 1050, "fclass": "locality", "population": 0, "name": "وادي البدعة" }, "geometry": { "type": "Point", "coordinates": [ 56.435035, 24.6663469 ] } },
{ "type": "Feature", "properties": { "osm_id": "1719461197", "code": 1050, "fclass": "locality", "population": 0, "name": "وادي حيل" }, "geometry": { "type": "Point", "coordinates": [ 56.38, 24.28 ] } },
{ "type": "Feature", "properties": { "osm_id": "1719461249", "code": 1050, "fclass": "locality", "population": 0, "name": "وادي الثقبة" }, "geometry": { "type": "Point", "coordinates": [ 56.35, 24.27 ] } },
{ "type": "Feature", "properties": { "osm_id": "1719469969", "code": 1050, "fclass": "locality", "population": 0, "name": "وادي فزح" }, "geometry": { "type": "Point", "coordinates": [ 56.55, 24.56 ] } },
{ "type": "Feature", "properties": { "osm_id": "1719469971", "code": 1050, "fclass": "locality", "population": 0, "name": "وادي الأسرار" }, "geometry": { "type": "Point", "coordinates": [ 56.549267, 24.589789 ] } },
{ "type": "Feature", "properties": { "osm_id": "1719470703", "code": 1050, "fclass": "locality", "population": 0, "name": "وادي بني عمر الغربي" }, "geometry": { "type": "Point", "coordinates": [ 56.57, 24.51 ] } },
{ "type": "Feature", "properties": { "osm_id": "1719470705", "code": 1050, "fclass": "locality", "population": 0, "name": "وادي مخيليف" }, "geometry": { "type": "Point", "coordinates": [ 56.55, 24.5 ] } },
{ "type": "Feature", "properties": { "osm_id": "1719470731", "code": 1050, "fclass": "locality", "population": 0, "name": "وادي زبعين" }, "geometry": { "type": "Point", "coordinates": [ 56.4499786, 24.6000253 ] } },
{ "type": "Feature", "properties": { "osm_id": "1719474248", "code": 1050, "fclass": "locality", "population": 0, "name": "وادي الجزي" }, "geometry": { "type": "Point", "coordinates": [ 56.7170884, 24.4086066 ] } },
{ "type": "Feature", "properties": { "osm_id": "1719474359", "code": 1050, "fclass": "locality", "population": 0, "name": "وادي صلان" }, "geometry": { "type": "Point", "coordinates": [ 56.71, 24.41 ] } },
{ "type": "Feature", "properties": { "osm_id": "1719474365", "code": 1050, "fclass": "locality", "population": 0, "name": "وادي سوق" }, "geometry": { "type": "Point", "coordinates": [ 56.66, 24.45 ] } },
{ "type": "Feature", "properties": { "osm_id": "1719495077", "code": 1050, "fclass": "locality", "population": 0, "name": "وادي مجز" }, "geometry": { "type": "Point", "coordinates": [ 56.8388263, 24.2386116 ] } },
{ "type": "Feature", "properties": { "osm_id": "1719501406", "code": 1050, "fclass": "locality", "population": 0, "name": "وادي فرست" }, "geometry": { "type": "Point", "coordinates": [ 56.65, 24.18 ] } },
{ "type": "Feature", "properties": { "osm_id": "1719501417", "code": 1050, "fclass": "locality", "population": 0, "name": "وادي الحلتي" }, "geometry": { "type": "Point", "coordinates": [ 56.73, 24.25 ] } },
{ "type": "Feature", "properties": { "osm_id": "1719504023", "code": 1050, "fclass": "locality", "population": 0, "name": "وادي صويحرة" }, "geometry": { "type": "Point", "coordinates": [ 56.7800967, 24.319717 ] } },
{ "type": "Feature", "properties": { "osm_id": "1719504637", "code": 1050, "fclass": "locality", "population": 0, "name": "وادي العوينات" }, "geometry": { "type": "Point", "coordinates": [ 56.8, 24.28 ] } },
{ "type": "Feature", "properties": { "osm_id": "1719518297", "code": 1050, "fclass": "locality", "population": 0, "name": "وادي محموم" }, "geometry": { "type": "Point", "coordinates": [ 56.86, 24.18 ] } },
{ "type": "Feature", "properties": { "osm_id": "1719518307", "code": 1050, "fclass": "locality", "population": 0, "name": "وادي صحم" }, "geometry": { "type": "Point", "coordinates": [ 56.8478474, 24.1981184 ] } },
{ "type": "Feature", "properties": { "osm_id": "1719518312", "code": 1050, "fclass": "locality", "population": 0, "name": "وادي ساخن" }, "geometry": { "type": "Point", "coordinates": [ 56.8496412, 24.2016362 ] } },
{ "type": "Feature", "properties": { "osm_id": "1719519477", "code": 1050, "fclass": "locality", "population": 0, "name": "وادي عاهن" }, "geometry": { "type": "Point", "coordinates": [ 56.8197463, 24.2276866 ] } },
{ "type": "Feature", "properties": { "osm_id": "1719519478", "code": 1050, "fclass": "locality", "population": 0, "name": "وادي أكد" }, "geometry": { "type": "Point", "coordinates": [ 56.8203805, 24.2316194 ] } },
{ "type": "Feature", "properties": { "osm_id": "1719521384", "code": 1003, "fclass": "village", "population": 0, "name": "الروضة" }, "geometry": { "type": "Point", "coordinates": [ 56.79, 24.05 ] } },
{ "type": "Feature", "properties": { "osm_id": "1719521708", "code": 1050, "fclass": "locality", "population": 0, "name": "وادي كنوت" }, "geometry": { "type": "Point", "coordinates": [ 56.86, 23.95 ] } },
{ "type": "Feature", "properties": { "osm_id": "1719521718", "code": 1050, "fclass": "locality", "population": 0, "name": "وادي ميدو" }, "geometry": { "type": "Point", "coordinates": [ 56.7, 24.05 ] } },
{ "type": "Feature", "properties": { "osm_id": "1719521735", "code": 1050, "fclass": "locality", "population": 0, "name": "وادي سرامي" }, "geometry": { "type": "Point", "coordinates": [ 56.8599619, 24.1199431 ] } },
{ "type": "Feature", "properties": { "osm_id": "1719521759", "code": 1050, "fclass": "locality", "population": 0, "name": "وادي الصرامي" }, "geometry": { "type": "Point", "coordinates": [ 56.8601138, 24.1203262 ] } },
{ "type": "Feature", "properties": { "osm_id": "1719523564", "code": 1050, "fclass": "locality", "population": 0, "name": "وادي صلاحي" }, "geometry": { "type": "Point", "coordinates": [ 56.72, 24.33 ] } },
{ "type": "Feature", "properties": { "osm_id": "1719523569", "code": 1050, "fclass": "locality", "population": 0, "name": "وادي الخدق" }, "geometry": { "type": "Point", "coordinates": [ 56.7668569, 24.3387851 ] } },
{ "type": "Feature", "properties": { "osm_id": "1719523636", "code": 1050, "fclass": "locality", "population": 0, "name": "وادي برغة" }, "geometry": { "type": "Point", "coordinates": [ 56.62, 24.31 ] } },
{ "type": "Feature", "properties": { "osm_id": "1719523643", "code": 1050, "fclass": "locality", "population": 0, "name": "وادي ينبع" }, "geometry": { "type": "Point", "coordinates": [ 56.59, 24.3 ] } },
{ "type": "Feature", "properties": { "osm_id": "1719524359", "code": 1050, "fclass": "locality", "population": 0, "name": "وادي سد" }, "geometry": { "type": "Point", "coordinates": [ 56.11, 24.53 ] } },
{ "type": "Feature", "properties": { "osm_id": "1719524455", "code": 1050, "fclass": "locality", "population": 0, "name": "وادي مزيرة" }, "geometry": { "type": "Point", "coordinates": [ 56.13, 24.53 ] } },
{ "type": "Feature", "properties": { "osm_id": "1719524457", "code": 1050, "fclass": "locality", "population": 0, "name": "وادي اليابس" }, "geometry": { "type": "Point", "coordinates": [ 56.05, 24.55 ] } },
{ "type": "Feature", "properties": { "osm_id": "1719528225", "code": 1050, "fclass": "locality", "population": 0, "name": "وادي أشية" }, "geometry": { "type": "Point", "coordinates": [ 55.9301173, 24.6322563 ] } },
{ "type": "Feature", "properties": { "osm_id": "1719528238", "code": 1050, "fclass": "locality", "population": 0, "name": "وادي صفوان" }, "geometry": { "type": "Point", "coordinates": [ 55.85, 24.57 ] } },
{ "type": "Feature", "properties": { "osm_id": "1719528242", "code": 1050, "fclass": "locality", "population": 0, "name": "وادي سرفة" }, "geometry": { "type": "Point", "coordinates": [ 55.9798622, 24.6398722 ] } },
{ "type": "Feature", "properties": { "osm_id": "1719528256", "code": 1050, "fclass": "locality", "population": 0, "name": "وادي شري" }, "geometry": { "type": "Point", "coordinates": [ 55.9800717, 24.640202 ] } },
{ "type": "Feature", "properties": { "osm_id": "1719528259", "code": 1050, "fclass": "locality", "population": 0, "name": "وادي عوينة" }, "geometry": { "type": "Point", "coordinates": [ 55.96, 24.56 ] } },
{ "type": "Feature", "properties": { "osm_id": "1719528269", "code": 1050, "fclass": "locality", "population": 0, "name": "وادي الشية" }, "geometry": { "type": "Point", "coordinates": [ 55.9301213, 24.6296601 ] } },
{ "type": "Feature", "properties": { "osm_id": "1719529037", "code": 1050, "fclass": "locality", "population": 0, "name": "وادي شرم" }, "geometry": { "type": "Point", "coordinates": [ 55.9700442, 24.5099232 ] } },
{ "type": "Feature", "properties": { "osm_id": "1719529056", "code": 1050, "fclass": "locality", "population": 0, "name": "وادي سبة" }, "geometry": { "type": "Point", "coordinates": [ 55.96, 24.48 ] } },
{ "type": "Feature", "properties": { "osm_id": "1719529086", "code": 1050, "fclass": "locality", "population": 0, "name": "وادي أم الهسة" }, "geometry": { "type": "Point", "coordinates": [ 55.9699429, 24.5100759 ] } },
{ "type": "Feature", "properties": { "osm_id": "1719535533", "code": 1050, "fclass": "locality", "population": 0, "name": "وادي أبو سعد" }, "geometry": { "type": "Point", "coordinates": [ 56.03, 24.33 ] } },
{ "type": "Feature", "properties": { "osm_id": "1719535539", "code": 1050, "fclass": "locality", "population": 0, "name": "وادي بدع" }, "geometry": { "type": "Point", "coordinates": [ 56.07, 24.38 ] } },
{ "type": "Feature", "properties": { "osm_id": "1719535570", "code": 1050, "fclass": "locality", "population": 0, "name": "وادي بو قلعة" }, "geometry": { "type": "Point", "coordinates": [ 56.030006, 24.4000344 ] } },
{ "type": "Feature", "properties": { "osm_id": "1719535587", "code": 1050, "fclass": "locality", "population": 0, "name": "وادي حيوان" }, "geometry": { "type": "Point", "coordinates": [ 56.0, 24.4 ] } },
{ "type": "Feature", "properties": { "osm_id": "1719535614", "code": 1050, "fclass": "locality", "population": 0, "name": "وادي مساح" }, "geometry": { "type": "Point", "coordinates": [ 56.01, 24.35 ] } },
{ "type": "Feature", "properties": { "osm_id": "1719535628", "code": 1050, "fclass": "locality", "population": 0, "name": "وادي الحمراء" }, "geometry": { "type": "Point", "coordinates": [ 56.05, 24.33 ] } },
{ "type": "Feature", "properties": { "osm_id": "1719535663", "code": 1050, "fclass": "locality", "population": 0, "name": "وادي المصيفرة" }, "geometry": { "type": "Point", "coordinates": [ 55.98, 24.39 ] } },
{ "type": "Feature", "properties": { "osm_id": "1719538220", "code": 1050, "fclass": "locality", "population": 0, "name": "وادي أعبل" }, "geometry": { "type": "Point", "coordinates": [ 56.02, 24.43 ] } },
{ "type": "Feature", "properties": { "osm_id": "1719538236", "code": 1050, "fclass": "locality", "population": 0, "name": "وادي فجع" }, "geometry": { "type": "Point", "coordinates": [ 55.93, 24.39 ] } },
{ "type": "Feature", "properties": { "osm_id": "1719538248", "code": 1050, "fclass": "locality", "population": 0, "name": "وادي كحل" }, "geometry": { "type": "Point", "coordinates": [ 55.91, 24.46 ] } },
{ "type": "Feature", "properties": { "osm_id": "1719538254", "code": 1050, "fclass": "locality", "population": 0, "name": "وادي خبيب" }, "geometry": { "type": "Point", "coordinates": [ 56.03, 24.42 ] } },
{ "type": "Feature", "properties": { "osm_id": "1719540308", "code": 1050, "fclass": "locality", "population": 0, "name": "وادي الخطوة" }, "geometry": { "type": "Point", "coordinates": [ 55.9696698, 24.2795991 ] } },
{ "type": "Feature", "properties": { "osm_id": "1719544772", "code": 1050, "fclass": "locality", "population": 0, "name": "وادي نهبان" }, "geometry": { "type": "Point", "coordinates": [ 55.54, 23.93 ] } },
{ "type": "Feature", "properties": { "osm_id": "1719550143", "code": 1050, "fclass": "locality", "population": 0, "name": "وادي ملحة" }, "geometry": { "type": "Point", "coordinates": [ 55.7597988, 23.7789568 ] } },
{ "type": "Feature", "properties": { "osm_id": "1719550147", "code": 1050, "fclass": "locality", "population": 0, "name": "وادي سيفة" }, "geometry": { "type": "Point", "coordinates": [ 55.7607376, 23.7814931 ] } },
{ "type": "Feature", "properties": { "osm_id": "1719550150", "code": 1050, "fclass": "locality", "population": 0, "name": "وادي زعبة" }, "geometry": { "type": "Point", "coordinates": [ 55.7, 23.61 ] } },
{ "type": "Feature", "properties": { "osm_id": "1719550152", "code": 1050, "fclass": "locality", "population": 0, "name": "وادي العين" }, "geometry": { "type": "Point", "coordinates": [ 55.7886942, 23.5980466 ] } },
{ "type": "Feature", "properties": { "osm_id": "1719550154", "code": 1050, "fclass": "locality", "population": 0, "name": "وادي الفتح" }, "geometry": { "type": "Point", "coordinates": [ 55.7960436, 23.6131578 ] } },
{ "type": "Feature", "properties": { "osm_id": "1719550155", "code": 1050, "fclass": "locality", "population": 0, "name": "وادي الحاسي" }, "geometry": { "type": "Point", "coordinates": [ 55.63, 23.75 ] } },
{ "type": "Feature", "properties": { "osm_id": "1719551150", "code": 1050, "fclass": "locality", "population": 0, "name": "وادي بطحا" }, "geometry": { "type": "Point", "coordinates": [ 55.8, 23.95 ] } },
{ "type": "Feature", "properties": { "osm_id": "1719551152", "code": 1050, "fclass": "locality", "population": 0, "name": "وادي بو بقرة" }, "geometry": { "type": "Point", "coordinates": [ 55.81, 23.95 ] } },
{ "type": "Feature", "properties": { "osm_id": "1719551154", "code": 1050, "fclass": "locality", "population": 0, "name": "وادي مري" }, "geometry": { "type": "Point", "coordinates": [ 55.84, 23.71 ] } },
{ "type": "Feature", "properties": { "osm_id": "1719551160", "code": 1050, "fclass": "locality", "population": 0, "name": "وادي الموفية" }, "geometry": { "type": "Point", "coordinates": [ 55.8499284, 23.7199327 ] } },
{ "type": "Feature", "properties": { "osm_id": "1719558300", "code": 1003, "fclass": "village", "population": 0, "name": "الفياض" }, "geometry": { "type": "Point", "coordinates": [ 56.1448502, 24.0310191 ] } },
{ "type": "Feature", "properties": { "osm_id": "1719558312", "code": 1003, "fclass": "village", "population": 0, "name": "وادي حمد" }, "geometry": { "type": "Point", "coordinates": [ 56.1168028, 24.1028597 ] } },
{ "type": "Feature", "properties": { "osm_id": "1719558455", "code": 1050, "fclass": "locality", "population": 0, "name": "وادي مضبة" }, "geometry": { "type": "Point", "coordinates": [ 56.08, 24.08 ] } },
{ "type": "Feature", "properties": { "osm_id": "1719687775", "code": 1050, "fclass": "locality", "population": 0, "name": "وادي ماغلة" }, "geometry": { "type": "Point", "coordinates": [ 58.8178118, 20.4094903 ] } },
{ "type": "Feature", "properties": { "osm_id": "1719691354", "code": 1050, "fclass": "locality", "population": 0, "name": "وادي غاب" }, "geometry": { "type": "Point", "coordinates": [ 58.6287425, 20.2523257 ] } },
{ "type": "Feature", "properties": { "osm_id": "1719691358", "code": 1050, "fclass": "locality", "population": 0, "name": "وادي خلال" }, "geometry": { "type": "Point", "coordinates": [ 58.6396871, 20.1686577 ] } },
{ "type": "Feature", "properties": { "osm_id": "1719693436", "code": 1050, "fclass": "locality", "population": 0, "name": "وادي فروخ" }, "geometry": { "type": "Point", "coordinates": [ 58.6339299, 20.2998594 ] } },
{ "type": "Feature", "properties": { "osm_id": "1719823714", "code": 1050, "fclass": "locality", "population": 0, "name": "تقاطع وادي عدي" }, "geometry": { "type": "Point", "coordinates": [ 58.5265612, 23.591503 ] } },
{ "type": "Feature", "properties": { "osm_id": "1719831045", "code": 1050, "fclass": "locality", "population": 0, "name": "وادي بيت الفلج" }, "geometry": { "type": "Point", "coordinates": [ 58.53, 23.63 ] } },
{ "type": "Feature", "properties": { "osm_id": "1720531515", "code": 1050, "fclass": "locality", "population": 0, "name": "وادي حشير" }, "geometry": { "type": "Point", "coordinates": [ 54.6, 17.07 ] } },
{ "type": "Feature", "properties": { "osm_id": "1720531565", "code": 1050, "fclass": "locality", "population": 0, "name": "وادي الغزير" }, "geometry": { "type": "Point", "coordinates": [ 54.5800912, 17.0301436 ] } },
{ "type": "Feature", "properties": { "osm_id": "1720545100", "code": 1050, "fclass": "locality", "population": 0, "name": "وادي شويمية" }, "geometry": { "type": "Point", "coordinates": [ 55.6019828, 17.880688 ] } },
{ "type": "Feature", "properties": { "osm_id": "1720548568", "code": 1050, "fclass": "locality", "population": 0, "name": "وادي شظاظ" }, "geometry": { "type": "Point", "coordinates": [ 54.5, 17.85 ] } },
{ "type": "Feature", "properties": { "osm_id": "1720584898", "code": 1050, "fclass": "locality", "population": 0, "name": "وادي نحيز" }, "geometry": { "type": "Point", "coordinates": [ 54.1600574, 17.1000484 ] } },
{ "type": "Feature", "properties": { "osm_id": "1720586074", "code": 1050, "fclass": "locality", "population": 0, "name": "وادي جرزيز" }, "geometry": { "type": "Point", "coordinates": [ 54.1099129, 17.0656594 ] } },
{ "type": "Feature", "properties": { "osm_id": "1720590247", "code": 1050, "fclass": "locality", "population": 0, "name": "جبل حمر" }, "geometry": { "type": "Point", "coordinates": [ 53.9309372, 16.899219 ] } },
{ "type": "Feature", "properties": { "osm_id": "1720591297", "code": 1050, "fclass": "locality", "population": 0, "name": "وادي أثوق" }, "geometry": { "type": "Point", "coordinates": [ 53.7798504, 16.8806017 ] } },
{ "type": "Feature", "properties": { "osm_id": "1720591662", "code": 1050, "fclass": "locality", "population": 0, "name": "وادي عفول" }, "geometry": { "type": "Point", "coordinates": [ 53.7491314, 16.8666305 ] } },
{ "type": "Feature", "properties": { "osm_id": "1720597901", "code": 1050, "fclass": "locality", "population": 0, "name": "وادي توسينات" }, "geometry": { "type": "Point", "coordinates": [ 53.0162227, 17.941429 ] } },
{ "type": "Feature", "properties": { "osm_id": "1720598790", "code": 1050, "fclass": "locality", "population": 0, "name": "وادي متان" }, "geometry": { "type": "Point", "coordinates": [ 52.5411594, 18.5857763 ] } },
{ "type": "Feature", "properties": { "osm_id": "1720611685", "code": 1050, "fclass": "locality", "population": 0, "name": "وادي بني خالد" }, "geometry": { "type": "Point", "coordinates": [ 59.1106164, 22.4698291 ] } },
{ "type": "Feature", "properties": { "osm_id": "1720614526", "code": 1050, "fclass": "locality", "population": 0, "name": "وادي بركاء" }, "geometry": { "type": "Point", "coordinates": [ 59.4277655, 22.6479991 ] } },
{ "type": "Feature", "properties": { "osm_id": "1720808086", "code": 1050, "fclass": "locality", "population": 0, "name": "وادي منظرية" }, "geometry": { "type": "Point", "coordinates": [ 58.5496574, 23.3395516 ] } },
{ "type": "Feature", "properties": { "osm_id": "1720808093", "code": 1050, "fclass": "locality", "population": 0, "name": "وادي معول" }, "geometry": { "type": "Point", "coordinates": [ 58.7200249, 23.2392079 ] } },
{ "type": "Feature", "properties": { "osm_id": "1720810149", "code": 1050, "fclass": "locality", "population": 0, "name": "وادي حاجر" }, "geometry": { "type": "Point", "coordinates": [ 58.53, 23.4 ] } },
{ "type": "Feature", "properties": { "osm_id": "1720810158", "code": 1050, "fclass": "locality", "population": 0, "name": "وادي هطاط" }, "geometry": { "type": "Point", "coordinates": [ 58.5097369, 23.3995541 ] } },
{ "type": "Feature", "properties": { "osm_id": "1720810160", "code": 1050, "fclass": "locality", "population": 0, "name": "وادي جنة" }, "geometry": { "type": "Point", "coordinates": [ 58.51, 23.4 ] } },
{ "type": "Feature", "properties": { "osm_id": "1720810174", "code": 1003, "fclass": "village", "population": 0, "name": "وادي ميح" }, "geometry": { "type": "Point", "coordinates": [ 58.5494481, 23.4294889 ] } },
{ "type": "Feature", "properties": { "osm_id": "1720813130", "code": 1050, "fclass": "locality", "population": 0, "name": "وادي عمدة" }, "geometry": { "type": "Point", "coordinates": [ 58.3896269, 23.3296727 ] } },
{ "type": "Feature", "properties": { "osm_id": "1720813166", "code": 1050, "fclass": "locality", "population": 0, "name": "وادي قحزا" }, "geometry": { "type": "Point", "coordinates": [ 58.3902506, 23.3302148 ] } },
{ "type": "Feature", "properties": { "osm_id": "1720822423", "code": 1050, "fclass": "locality", "population": 0, "name": "وادي لسيل" }, "geometry": { "type": "Point", "coordinates": [ 56.17, 23.97 ] } },
{ "type": "Feature", "properties": { "osm_id": "1720822431", "code": 1050, "fclass": "locality", "population": 0, "name": "وادي قميرة" }, "geometry": { "type": "Point", "coordinates": [ 56.1412757, 23.9485989 ] } },
{ "type": "Feature", "properties": { "osm_id": "1720822435", "code": 1050, "fclass": "locality", "population": 0, "name": "وادي سوار" }, "geometry": { "type": "Point", "coordinates": [ 56.1386571, 23.9508693 ] } },
{ "type": "Feature", "properties": { "osm_id": "1720826705", "code": 1050, "fclass": "locality", "population": 0, "name": "وادي بلت" }, "geometry": { "type": "Point", "coordinates": [ 56.231084, 23.9402856 ] } },
{ "type": "Feature", "properties": { "osm_id": "1720826736", "code": 1050, "fclass": "locality", "population": 0, "name": "وادي حرق" }, "geometry": { "type": "Point", "coordinates": [ 56.2291732, 23.9397541 ] } },
{ "type": "Feature", "properties": { "osm_id": "1720828482", "code": 1050, "fclass": "locality", "population": 0, "name": "وادي الهشمي" }, "geometry": { "type": "Point", "coordinates": [ 56.46, 23.95 ] } },
{ "type": "Feature", "properties": { "osm_id": "1720828492", "code": 1050, "fclass": "locality", "population": 0, "name": "وادي الحيول" }, "geometry": { "type": "Point", "coordinates": [ 56.45, 23.93 ] } },
{ "type": "Feature", "properties": { "osm_id": "1720828521", "code": 1050, "fclass": "locality", "population": 0, "name": "وادي الحيول" }, "geometry": { "type": "Point", "coordinates": [ 56.46, 23.93 ] } },
{ "type": "Feature", "properties": { "osm_id": "1720830254", "code": 1050, "fclass": "locality", "population": 0, "name": "وادي سدم" }, "geometry": { "type": "Point", "coordinates": [ 56.5115047, 24.0039455 ] } },
{ "type": "Feature", "properties": { "osm_id": "1720833553", "code": 1050, "fclass": "locality", "population": 0, "name": "وادي قفساء" }, "geometry": { "type": "Point", "coordinates": [ 56.57, 23.91 ] } },
{ "type": "Feature", "properties": { "osm_id": "1720833558", "code": 1050, "fclass": "locality", "population": 0, "name": "وادي شام" }, "geometry": { "type": "Point", "coordinates": [ 56.54, 23.97 ] } },
{ "type": "Feature", "properties": { "osm_id": "1720833564", "code": 1050, "fclass": "locality", "population": 0, "name": "وادي سدري" }, "geometry": { "type": "Point", "coordinates": [ 56.47, 23.96 ] } },
{ "type": "Feature", "properties": { "osm_id": "1720834926", "code": 1050, "fclass": "locality", "population": 0, "name": "وادي السهيلي" }, "geometry": { "type": "Point", "coordinates": [ 56.55, 24.12 ] } },
{ "type": "Feature", "properties": { "osm_id": "1720836786", "code": 1050, "fclass": "locality", "population": 0, "name": "وادي النجاد" }, "geometry": { "type": "Point", "coordinates": [ 56.6353475, 23.6653821 ] } },
{ "type": "Feature", "properties": { "osm_id": "1720839249", "code": 1050, "fclass": "locality", "population": 0, "name": "وادي فلج سديريين" }, "geometry": { "type": "Point", "coordinates": [ 56.5305428, 23.6316575 ] } },
{ "type": "Feature", "properties": { "osm_id": "1720839260", "code": 1050, "fclass": "locality", "population": 0, "name": "وادي الحيل العالي" }, "geometry": { "type": "Point", "coordinates": [ 56.53, 23.63 ] } },
{ "type": "Feature", "properties": { "osm_id": "1720841585", "code": 1050, "fclass": "locality", "population": 0, "name": "وادي راكة" }, "geometry": { "type": "Point", "coordinates": [ 56.5504222, 23.5902368 ] } },
{ "type": "Feature", "properties": { "osm_id": "1720846953", "code": 1050, "fclass": "locality", "population": 0, "name": "وادي حلوة" }, "geometry": { "type": "Point", "coordinates": [ 55.8, 24.47 ] } },
{ "type": "Feature", "properties": { "osm_id": "1720846959", "code": 1050, "fclass": "locality", "population": 0, "name": "وادي محيرة" }, "geometry": { "type": "Point", "coordinates": [ 56.1177743, 24.4734149 ] } },
{ "type": "Feature", "properties": { "osm_id": "1720846971", "code": 1050, "fclass": "locality", "population": 0, "name": "وادي قور سدر" }, "geometry": { "type": "Point", "coordinates": [ 56.1297291, 24.449554 ] } },
{ "type": "Feature", "properties": { "osm_id": "1720846994", "code": 1050, "fclass": "locality", "population": 0, "name": "وادي يال هرش" }, "geometry": { "type": "Point", "coordinates": [ 56.1300561, 24.4500529 ] } },
{ "type": "Feature", "properties": { "osm_id": "1720850913", "code": 1003, "fclass": "village", "population": 0, "name": "جبل غويل" }, "geometry": { "type": "Point", "coordinates": [ 56.02, 24.58 ] } },
{ "type": "Feature", "properties": { "osm_id": "1720850978", "code": 1050, "fclass": "locality", "population": 0, "name": "وادي أهرمية" }, "geometry": { "type": "Point", "coordinates": [ 56.03, 24.6 ] } },
{ "type": "Feature", "properties": { "osm_id": "1720850982", "code": 1050, "fclass": "locality", "population": 0, "name": "وادي ضهر" }, "geometry": { "type": "Point", "coordinates": [ 56.07, 24.28 ] } },
{ "type": "Feature", "properties": { "osm_id": "1720850990", "code": 1050, "fclass": "locality", "population": 0, "name": "وادي صرفة" }, "geometry": { "type": "Point", "coordinates": [ 56.03, 24.61 ] } },
{ "type": "Feature", "properties": { "osm_id": "1720851000", "code": 1050, "fclass": "locality", "population": 0, "name": "وادي سميني" }, "geometry": { "type": "Point", "coordinates": [ 56.04, 24.59 ] } },
{ "type": "Feature", "properties": { "osm_id": "1720853409", "code": 1050, "fclass": "locality", "population": 0, "name": "وادي شيك" }, "geometry": { "type": "Point", "coordinates": [ 55.77, 24.22 ] } },
{ "type": "Feature", "properties": { "osm_id": "1720853410", "code": 1050, "fclass": "locality", "population": 0, "name": "وادي عدن" }, "geometry": { "type": "Point", "coordinates": [ 55.78, 24.17 ] } },
{ "type": "Feature", "properties": { "osm_id": "1720853442", "code": 1050, "fclass": "locality", "population": 0, "name": "وادي العين" }, "geometry": { "type": "Point", "coordinates": [ 55.95, 24.21 ] } },
{ "type": "Feature", "properties": { "osm_id": "1720853443", "code": 1003, "fclass": "village", "population": 0, "name": "الواديين" }, "geometry": { "type": "Point", "coordinates": [ 55.96, 24.25 ] } },
{ "type": "Feature", "properties": { "osm_id": "1720853796", "code": 1050, "fclass": "locality", "population": 0, "name": "وادي عبدة" }, "geometry": { "type": "Point", "coordinates": [ 56.0505068, 24.1794581 ] } },
{ "type": "Feature", "properties": { "osm_id": "1720853810", "code": 1050, "fclass": "locality", "population": 0, "name": "وادي ثجة" }, "geometry": { "type": "Point", "coordinates": [ 56.16, 24.18 ] } },
{ "type": "Feature", "properties": { "osm_id": "1720855425", "code": 1050, "fclass": "locality", "population": 0, "name": "جبل متونة" }, "geometry": { "type": "Point", "coordinates": [ 56.06, 23.97 ] } },
{ "type": "Feature", "properties": { "osm_id": "1720855504", "code": 1050, "fclass": "locality", "population": 0, "name": "وادي أجران" }, "geometry": { "type": "Point", "coordinates": [ 56.0297694, 24.0502522 ] } },
{ "type": "Feature", "properties": { "osm_id": "1720855515", "code": 1050, "fclass": "locality", "population": 0, "name": "وادي إجرن" }, "geometry": { "type": "Point", "coordinates": [ 56.030298, 24.0497021 ] } },
{ "type": "Feature", "properties": { "osm_id": "1720855540", "code": 1050, "fclass": "locality", "population": 0, "name": "وادي إران" }, "geometry": { "type": "Point", "coordinates": [ 56.0302871, 24.0502043 ] } },
{ "type": "Feature", "properties": { "osm_id": "1720855548", "code": 1050, "fclass": "locality", "population": 0, "name": "وادي مريخات" }, "geometry": { "type": "Point", "coordinates": [ 55.91, 24.02 ] } },
{ "type": "Feature", "properties": { "osm_id": "1720855568", "code": 1050, "fclass": "locality", "population": 0, "name": "وادي سدر" }, "geometry": { "type": "Point", "coordinates": [ 56.03, 23.99 ] } },
{ "type": "Feature", "properties": { "osm_id": "1720856123", "code": 1050, "fclass": "locality", "population": 0, "name": "وادي أقير" }, "geometry": { "type": "Point", "coordinates": [ 56.4, 23.98 ] } },
{ "type": "Feature", "properties": { "osm_id": "1720856129", "code": 1050, "fclass": "locality", "population": 0, "name": "وادي بيحاء" }, "geometry": { "type": "Point", "coordinates": [ 56.4, 23.86 ] } },
{ "type": "Feature", "properties": { "osm_id": "1720856136", "code": 1050, "fclass": "locality", "population": 0, "name": "وادي حيبي" }, "geometry": { "type": "Point", "coordinates": [ 56.54, 24.01 ] } },
{ "type": "Feature", "properties": { "osm_id": "1720856142", "code": 1050, "fclass": "locality", "population": 0, "name": "وادي سمر" }, "geometry": { "type": "Point", "coordinates": [ 56.25, 23.9 ] } },
{ "type": "Feature", "properties": { "osm_id": "1720856143", "code": 1050, "fclass": "locality", "population": 0, "name": "وادي شكية" }, "geometry": { "type": "Point", "coordinates": [ 56.0594784, 23.9078177 ] } },
{ "type": "Feature", "properties": { "osm_id": "1720856155", "code": 1050, "fclass": "locality", "population": 0, "name": "وادي سدرة" }, "geometry": { "type": "Point", "coordinates": [ 56.06, 23.87 ] } },
{ "type": "Feature", "properties": { "osm_id": "1720856157", "code": 1050, "fclass": "locality", "population": 0, "name": "وادي وعقة" }, "geometry": { "type": "Point", "coordinates": [ 56.05, 23.9 ] } },
{ "type": "Feature", "properties": { "osm_id": "1720856167", "code": 1050, "fclass": "locality", "population": 0, "name": "وادي الفج" }, "geometry": { "type": "Point", "coordinates": [ 56.19, 23.88 ] } },
{ "type": "Feature", "properties": { "osm_id": "1720858455", "code": 1050, "fclass": "locality", "population": 0, "name": "وادي دقال" }, "geometry": { "type": "Point", "coordinates": [ 56.8710484, 23.8588085 ] } },
{ "type": "Feature", "properties": { "osm_id": "1720858457", "code": 1050, "fclass": "locality", "population": 0, "name": "وادي جنف" }, "geometry": { "type": "Point", "coordinates": [ 56.86, 23.85 ] } },
{ "type": "Feature", "properties": { "osm_id": "1720858466", "code": 1050, "fclass": "locality", "population": 0, "name": "وادي كرن" }, "geometry": { "type": "Point", "coordinates": [ 56.85, 23.86 ] } },
{ "type": "Feature", "properties": { "osm_id": "1720860752", "code": 1050, "fclass": "locality", "population": 0, "name": "وادي حفيت" }, "geometry": { "type": "Point", "coordinates": [ 57.0000797, 24.0698965 ] } },
{ "type": "Feature", "properties": { "osm_id": "1720860759", "code": 1050, "fclass": "locality", "population": 0, "name": "وادي خور الملح" }, "geometry": { "type": "Point", "coordinates": [ 57.0275811, 24.0403068 ] } },
{ "type": "Feature", "properties": { "osm_id": "1720860766", "code": 1050, "fclass": "locality", "population": 0, "name": "وادي مجاعصة" }, "geometry": { "type": "Point", "coordinates": [ 56.9999025, 24.0700759 ] } },
{ "type": "Feature", "properties": { "osm_id": "1720860775", "code": 1050, "fclass": "locality", "population": 0, "name": "وادي شافان" }, "geometry": { "type": "Point", "coordinates": [ 56.98, 24.05 ] } },
{ "type": "Feature", "properties": { "osm_id": "1720965941", "code": 1050, "fclass": "locality", "population": 0, "name": "وادي بو تيمة" }, "geometry": { "type": "Point", "coordinates": [ 58.7398974, 22.4904123 ] } },
{ "type": "Feature", "properties": { "osm_id": "1720967205", "code": 1050, "fclass": "locality", "population": 0, "name": "وادي القابل" }, "geometry": { "type": "Point", "coordinates": [ 58.7218763, 22.5695668 ] } },
{ "type": "Feature", "properties": { "osm_id": "1720968372", "code": 1050, "fclass": "locality", "population": 0, "name": "وادي بني جابر" }, "geometry": { "type": "Point", "coordinates": [ 59.2633487, 22.7695831 ] } },
{ "type": "Feature", "properties": { "osm_id": "1720973496", "code": 1050, "fclass": "locality", "population": 0, "name": "وادي خور الجرامة" }, "geometry": { "type": "Point", "coordinates": [ 59.7184259, 22.4949531 ] } },
{ "type": "Feature", "properties": { "osm_id": "1720977372", "code": 1050, "fclass": "locality", "population": 0, "name": "وادي حافر" }, "geometry": { "type": "Point", "coordinates": [ 59.4400921, 22.6298955 ] } },
{ "type": "Feature", "properties": { "osm_id": "1720979390", "code": 1050, "fclass": "locality", "population": 0, "name": "وادي فليق" }, "geometry": { "type": "Point", "coordinates": [ 59.4863092, 22.5911322 ] } },
{ "type": "Feature", "properties": { "osm_id": "1720979883", "code": 1050, "fclass": "locality", "population": 0, "name": "وادي طهوة" }, "geometry": { "type": "Point", "coordinates": [ 59.3174632, 22.3850673 ] } },
{ "type": "Feature", "properties": { "osm_id": "1720979892", "code": 1050, "fclass": "locality", "population": 0, "name": "وادي طاوا" }, "geometry": { "type": "Point", "coordinates": [ 59.3135603, 22.3806268 ] } },
{ "type": "Feature", "properties": { "osm_id": "1720990797", "code": 1050, "fclass": "locality", "population": 0, "name": "وادي حيلين" }, "geometry": { "type": "Point", "coordinates": [ 57.2293989, 23.892343 ] } },
{ "type": "Feature", "properties": { "osm_id": "1720990809", "code": 1050, "fclass": "locality", "population": 0, "name": "وادي جهاور" }, "geometry": { "type": "Point", "coordinates": [ 57.23, 23.89 ] } },
{ "type": "Feature", "properties": { "osm_id": "1720990832", "code": 1050, "fclass": "locality", "population": 0, "name": "وادي مبطح" }, "geometry": { "type": "Point", "coordinates": [ 57.2306644, 23.8883512 ] } },
{ "type": "Feature", "properties": { "osm_id": "1720997485", "code": 1050, "fclass": "locality", "population": 0, "name": "وادي خليل" }, "geometry": { "type": "Point", "coordinates": [ 57.2705873, 23.899867 ] } },
{ "type": "Feature", "properties": { "osm_id": "1720998045", "code": 1050, "fclass": "locality", "population": 0, "name": "وادي ضيان" }, "geometry": { "type": "Point", "coordinates": [ 57.2897904, 23.8893745 ] } },
{ "type": "Feature", "properties": { "osm_id": "1720998061", "code": 1050, "fclass": "locality", "population": 0, "name": "وادي محاريق" }, "geometry": { "type": "Point", "coordinates": [ 57.2783668, 23.8956636 ] } },
{ "type": "Feature", "properties": { "osm_id": "1720999025", "code": 1050, "fclass": "locality", "population": 0, "name": "وادي عثابة" }, "geometry": { "type": "Point", "coordinates": [ 57.33, 23.88 ] } },
{ "type": "Feature", "properties": { "osm_id": "1721000270", "code": 1050, "fclass": "locality", "population": 0, "name": "وادي بطحاء" }, "geometry": { "type": "Point", "coordinates": [ 57.3781967, 23.865694 ] } },
{ "type": "Feature", "properties": { "osm_id": "1721000271", "code": 1050, "fclass": "locality", "population": 0, "name": "وادي الصريمة" }, "geometry": { "type": "Point", "coordinates": [ 57.3488612, 23.8766155 ] } },
{ "type": "Feature", "properties": { "osm_id": "1721005504", "code": 1050, "fclass": "locality", "population": 0, "name": "وادي بطحاء" }, "geometry": { "type": "Point", "coordinates": [ 57.41, 23.86 ] } },
{ "type": "Feature", "properties": { "osm_id": "1721005779", "code": 1050, "fclass": "locality", "population": 0, "name": "وادي بطحاء" }, "geometry": { "type": "Point", "coordinates": [ 57.399891, 23.8496344 ] } },
{ "type": "Feature", "properties": { "osm_id": "1721010622", "code": 1050, "fclass": "locality", "population": 0, "name": "وادي عيش" }, "geometry": { "type": "Point", "coordinates": [ 57.6191939, 23.7794576 ] } },
{ "type": "Feature", "properties": { "osm_id": "1721017502", "code": 1050, "fclass": "locality", "population": 0, "name": "خور سوادي" }, "geometry": { "type": "Point", "coordinates": [ 57.79, 23.76 ] } },
{ "type": "Feature", "properties": { "osm_id": "1721017528", "code": 1050, "fclass": "locality", "population": 0, "name": "رأس السوادي" }, "geometry": { "type": "Point", "coordinates": [ 57.7902459, 23.7804737 ] } },
{ "type": "Feature", "properties": { "osm_id": "1721017557", "code": 1050, "fclass": "locality", "population": 0, "name": "وادي بني خروص" }, "geometry": { "type": "Point", "coordinates": [ 57.710894, 23.7693455 ] } },
{ "type": "Feature", "properties": { "osm_id": "1721017565", "code": 1050, "fclass": "locality", "population": 0, "name": "وادي جزمي" }, "geometry": { "type": "Point", "coordinates": [ 57.7083684, 23.7688546 ] } },
{ "type": "Feature", "properties": { "osm_id": "1721019553", "code": 1050, "fclass": "locality", "population": 0, "name": "وادي الفرع" }, "geometry": { "type": "Point", "coordinates": [ 57.6000987, 23.7204556 ] } },
{ "type": "Feature", "properties": { "osm_id": "1721019682", "code": 1003, "fclass": "village", "population": 0, "name": "سوادي علوا" }, "geometry": { "type": "Point", "coordinates": [ 57.7368007, 23.740419 ] } },
{ "type": "Feature", "properties": { "osm_id": "1721019707", "code": 1050, "fclass": "locality", "population": 0, "name": "وادي حرادي" }, "geometry": { "type": "Point", "coordinates": [ 57.92, 23.7 ] } },
{ "type": "Feature", "properties": { "osm_id": "1721019715", "code": 1050, "fclass": "locality", "population": 0, "name": "وادي حفري" }, "geometry": { "type": "Point", "coordinates": [ 57.83, 23.73 ] } },
{ "type": "Feature", "properties": { "osm_id": "1721019748", "code": 1050, "fclass": "locality", "population": 0, "name": "وادي لبيجة" }, "geometry": { "type": "Point", "coordinates": [ 57.7099307, 23.7183801 ] } },
{ "type": "Feature", "properties": { "osm_id": "1721019774", "code": 1050, "fclass": "locality", "population": 0, "name": "وادي معاول" }, "geometry": { "type": "Point", "coordinates": [ 57.82, 23.71 ] } },
{ "type": "Feature", "properties": { "osm_id": "1721019784", "code": 1050, "fclass": "locality", "population": 0, "name": "وادي رستاق" }, "geometry": { "type": "Point", "coordinates": [ 57.5993918, 23.7194793 ] } },
{ "type": "Feature", "properties": { "osm_id": "1721019797", "code": 1050, "fclass": "locality", "population": 0, "name": "وادي طو" }, "geometry": { "type": "Point", "coordinates": [ 57.9997766, 23.6801637 ] } },
{ "type": "Feature", "properties": { "osm_id": "1721019807", "code": 1050, "fclass": "locality", "population": 0, "name": "وادي الأبيض" }, "geometry": { "type": "Point", "coordinates": [ 57.7099911, 23.7201978 ] } },
{ "type": "Feature", "properties": { "osm_id": "1721019828", "code": 1050, "fclass": "locality", "population": 0, "name": "وادي الآجال" }, "geometry": { "type": "Point", "coordinates": [ 57.9199487, 23.6792045 ] } },
{ "type": "Feature", "properties": { "osm_id": "1721019839", "code": 1050, "fclass": "locality", "population": 0, "name": "وادي العجال" }, "geometry": { "type": "Point", "coordinates": [ 57.9193683, 23.6817862 ] } },
{ "type": "Feature", "properties": { "osm_id": "1721743237", "code": 1050, "fclass": "locality", "population": 0, "name": "وادي خرار" }, "geometry": { "type": "Point", "coordinates": [ 57.6697486, 23.1596353 ] } },
{ "type": "Feature", "properties": { "osm_id": "1721743301", "code": 1050, "fclass": "locality", "population": 0, "name": "وادي سخيمر" }, "geometry": { "type": "Point", "coordinates": [ 57.6701335, 23.1602419 ] } },
{ "type": "Feature", "properties": { "osm_id": "1721748088", "code": 1050, "fclass": "locality", "population": 0, "name": "وادي سلوت" }, "geometry": { "type": "Point", "coordinates": [ 57.6599189, 23.0700746 ] } },
{ "type": "Feature", "properties": { "osm_id": "1721748623", "code": 1050, "fclass": "locality", "population": 0, "name": "وادي دويخلة" }, "geometry": { "type": "Point", "coordinates": [ 57.7, 23.06 ] } },
{ "type": "Feature", "properties": { "osm_id": "1721748625", "code": 1050, "fclass": "locality", "population": 0, "name": "وادي الغشان" }, "geometry": { "type": "Point", "coordinates": [ 57.69, 23.08 ] } },
{ "type": "Feature", "properties": { "osm_id": "1721748627", "code": 1050, "fclass": "locality", "population": 0, "name": "وادي الكتة" }, "geometry": { "type": "Point", "coordinates": [ 57.71, 23.07 ] } },
{ "type": "Feature", "properties": { "osm_id": "1721748923", "code": 1050, "fclass": "locality", "population": 0, "name": "وادي المظفرة" }, "geometry": { "type": "Point", "coordinates": [ 57.68, 23.16 ] } },
{ "type": "Feature", "properties": { "osm_id": "1721749151", "code": 1050, "fclass": "locality", "population": 0, "name": "وادي مصفى" }, "geometry": { "type": "Point", "coordinates": [ 58.22, 22.9 ] } },
{ "type": "Feature", "properties": { "osm_id": "1721750806", "code": 1050, "fclass": "locality", "population": 0, "name": "وادي كلبو" }, "geometry": { "type": "Point", "coordinates": [ 57.528194, 22.9401048 ] } },
{ "type": "Feature", "properties": { "osm_id": "1721750807", "code": 1050, "fclass": "locality", "population": 0, "name": "وادي الأبيض" }, "geometry": { "type": "Point", "coordinates": [ 57.5372646, 22.9395434 ] } },
{ "type": "Feature", "properties": { "osm_id": "1721753005", "code": 1050, "fclass": "locality", "population": 0, "name": "وادي علوا" }, "geometry": { "type": "Point", "coordinates": [ 58.5290253, 23.1191904 ] } },
{ "type": "Feature", "properties": { "osm_id": "1721753017", "code": 1050, "fclass": "locality", "population": 0, "name": "وادي حمدة" }, "geometry": { "type": "Point", "coordinates": [ 58.54, 23.12 ] } },
{ "type": "Feature", "properties": { "osm_id": "1721753973", "code": 1050, "fclass": "locality", "population": 0, "name": "وادي حنية" }, "geometry": { "type": "Point", "coordinates": [ 56.45, 23.09 ] } },
{ "type": "Feature", "properties": { "osm_id": "1721755286", "code": 1050, "fclass": "locality", "population": 0, "name": "وادي نخر" }, "geometry": { "type": "Point", "coordinates": [ 57.2129216, 23.1973517 ] } },
{ "type": "Feature", "properties": { "osm_id": "1721760159", "code": 1050, "fclass": "locality", "population": 0, "name": "وادي عبري" }, "geometry": { "type": "Point", "coordinates": [ 56.5000433, 23.1801916 ] } },
{ "type": "Feature", "properties": { "osm_id": "1721760160", "code": 1050, "fclass": "locality", "population": 0, "name": "وادي سنيسل" }, "geometry": { "type": "Point", "coordinates": [ 56.4998446, 23.1797849 ] } },
{ "type": "Feature", "properties": { "osm_id": "1721763996", "code": 1050, "fclass": "locality", "population": 0, "name": "وادي سويح" }, "geometry": { "type": "Point", "coordinates": [ 58.9909751, 23.0303426 ] } },
{ "type": "Feature", "properties": { "osm_id": "1721766962", "code": 1050, "fclass": "locality", "population": 0, "name": "وادي أهلة" }, "geometry": { "type": "Point", "coordinates": [ 56.03, 23.07 ] } },
{ "type": "Feature", "properties": { "osm_id": "1721767697", "code": 1050, "fclass": "locality", "population": 0, "name": "وادي كور" }, "geometry": { "type": "Point", "coordinates": [ 57.1199902, 22.9402531 ] } },
{ "type": "Feature", "properties": { "osm_id": "1721767698", "code": 1050, "fclass": "locality", "population": 0, "name": "وادي سيفم" }, "geometry": { "type": "Point", "coordinates": [ 57.1200039, 22.9396221 ] } },
{ "type": "Feature", "properties": { "osm_id": "1721768052", "code": 1050, "fclass": "locality", "population": 0, "name": "وادي رحبة" }, "geometry": { "type": "Point", "coordinates": [ 58.3199722, 23.1202966 ] } },
{ "type": "Feature", "properties": { "osm_id": "1721768336", "code": 1050, "fclass": "locality", "population": 0, "name": "وادي عين شوح" }, "geometry": { "type": "Point", "coordinates": [ 56.5211311, 22.9819381 ] } },
{ "type": "Feature", "properties": { "osm_id": "1721768386", "code": 1050, "fclass": "locality", "population": 0, "name": "وادي طاين" }, "geometry": { "type": "Point", "coordinates": [ 58.7401628, 23.0203922 ] } },
{ "type": "Feature", "properties": { "osm_id": "1721768559", "code": 1050, "fclass": "locality", "population": 0, "name": "وادي دما" }, "geometry": { "type": "Point", "coordinates": [ 58.6205557, 23.0501099 ] } },
{ "type": "Feature", "properties": { "osm_id": "1721769267", "code": 1050, "fclass": "locality", "population": 0, "name": "وادي حاور" }, "geometry": { "type": "Point", "coordinates": [ 58.9966394, 23.138556 ] } },
{ "type": "Feature", "properties": { "osm_id": "1721769291", "code": 1050, "fclass": "locality", "population": 0, "name": "وادي لسمو" }, "geometry": { "type": "Point", "coordinates": [ 58.8886809, 23.0999133 ] } },
{ "type": "Feature", "properties": { "osm_id": "1721769887", "code": 1050, "fclass": "locality", "population": 0, "name": "وادي غياظة" }, "geometry": { "type": "Point", "coordinates": [ 58.4600445, 23.1203374 ] } },
{ "type": "Feature", "properties": { "osm_id": "1721769904", "code": 1050, "fclass": "locality", "population": 0, "name": "وادي مسفاح" }, "geometry": { "type": "Point", "coordinates": [ 58.56, 23.04 ] } },
{ "type": "Feature", "properties": { "osm_id": "1721769912", "code": 1050, "fclass": "locality", "population": 0, "name": "وادي الشريجي" }, "geometry": { "type": "Point", "coordinates": [ 58.59, 23.03 ] } },
{ "type": "Feature", "properties": { "osm_id": "1721770380", "code": 1050, "fclass": "locality", "population": 0, "name": "وادي واسط" }, "geometry": { "type": "Point", "coordinates": [ 58.36, 23.11 ] } },
{ "type": "Feature", "properties": { "osm_id": "1721772096", "code": 1003, "fclass": "village", "population": 0, "name": "جبل قيقة السافل" }, "geometry": { "type": "Point", "coordinates": [ 57.28, 23.16 ] } },
{ "type": "Feature", "properties": { "osm_id": "1721772230", "code": 1050, "fclass": "locality", "population": 0, "name": "وادي غول" }, "geometry": { "type": "Point", "coordinates": [ 57.26, 23.12 ] } },
{ "type": "Feature", "properties": { "osm_id": "1721772240", "code": 1050, "fclass": "locality", "population": 0, "name": "وادي قاطم" }, "geometry": { "type": "Point", "coordinates": [ 57.65, 23.04 ] } },
{ "type": "Feature", "properties": { "osm_id": "1721772241", "code": 1050, "fclass": "locality", "population": 0, "name": "وادي شمس" }, "geometry": { "type": "Point", "coordinates": [ 57.24, 23.1 ] } },
{ "type": "Feature", "properties": { "osm_id": "1721772242", "code": 1050, "fclass": "locality", "population": 0, "name": "وادي سميت" }, "geometry": { "type": "Point", "coordinates": [ 57.53, 22.97 ] } },
{ "type": "Feature", "properties": { "osm_id": "1721772245", "code": 1050, "fclass": "locality", "population": 0, "name": "وادي واسط" }, "geometry": { "type": "Point", "coordinates": [ 57.5889586, 22.8930558 ] } },
{ "type": "Feature", "properties": { "osm_id": "1721772246", "code": 1050, "fclass": "locality", "population": 0, "name": "وادي العلى" }, "geometry": { "type": "Point", "coordinates": [ 57.13, 23.02 ] } },
{ "type": "Feature", "properties": { "osm_id": "1721772247", "code": 1050, "fclass": "locality", "population": 0, "name": "وادي السيح" }, "geometry": { "type": "Point", "coordinates": [ 57.63, 23.07 ] } },
{ "type": "Feature", "properties": { "osm_id": "1721772301", "code": 1050, "fclass": "locality", "population": 0, "name": "جبل بويضة" }, "geometry": { "type": "Point", "coordinates": [ 56.98, 23.03 ] } },
{ "type": "Feature", "properties": { "osm_id": "1721772341", "code": 1050, "fclass": "locality", "population": 0, "name": "وادي بويضة" }, "geometry": { "type": "Point", "coordinates": [ 56.83, 23.05 ] } },
{ "type": "Feature", "properties": { "osm_id": "1721772352", "code": 1050, "fclass": "locality", "population": 0, "name": "وادي مصلة" }, "geometry": { "type": "Point", "coordinates": [ 57.0585076, 22.9631473 ] } },
{ "type": "Feature", "properties": { "osm_id": "1721772353", "code": 1050, "fclass": "locality", "population": 0, "name": "وادي الخريم" }, "geometry": { "type": "Point", "coordinates": [ 56.83, 23.07 ] } },
{ "type": "Feature", "properties": { "osm_id": "1721772557", "code": 1050, "fclass": "locality", "population": 0, "name": "وادي بو شعب" }, "geometry": { "type": "Point", "coordinates": [ 56.65, 22.92 ] } },
{ "type": "Feature", "properties": { "osm_id": "1721773564", "code": 1050, "fclass": "locality", "population": 0, "name": "وادي ضعاضعة" }, "geometry": { "type": "Point", "coordinates": [ 56.58, 22.9 ] } },
{ "type": "Feature", "properties": { "osm_id": "1721773866", "code": 1050, "fclass": "locality", "population": 0, "name": "جبل شبامينة" }, "geometry": { "type": "Point", "coordinates": [ 56.56, 23.15 ] } },
{ "type": "Feature", "properties": { "osm_id": "1721774012", "code": 1050, "fclass": "locality", "population": 0, "name": "وادي ألوي" }, "geometry": { "type": "Point", "coordinates": [ 56.58, 22.94 ] } },
{ "type": "Feature", "properties": { "osm_id": "1721774013", "code": 1050, "fclass": "locality", "population": 0, "name": "وادي غرور" }, "geometry": { "type": "Point", "coordinates": [ 55.98, 22.9 ] } },
{ "type": "Feature", "properties": { "osm_id": "1721774014", "code": 1050, "fclass": "locality", "population": 0, "name": "وادي حيوو" }, "geometry": { "type": "Point", "coordinates": [ 55.76, 23.14 ] } },
{ "type": "Feature", "properties": { "osm_id": "1721774015", "code": 1050, "fclass": "locality", "population": 0, "name": "وادي هيوو" }, "geometry": { "type": "Point", "coordinates": [ 55.57, 23.17 ] } },
{ "type": "Feature", "properties": { "osm_id": "1721774016", "code": 1050, "fclass": "locality", "population": 0, "name": "وادي كوشة" }, "geometry": { "type": "Point", "coordinates": [ 56.09, 23.0 ] } },
{ "type": "Feature", "properties": { "osm_id": "1721774020", "code": 1050, "fclass": "locality", "population": 0, "name": "وادي شرع" }, "geometry": { "type": "Point", "coordinates": [ 56.1, 22.9 ] } },
{ "type": "Feature", "properties": { "osm_id": "1721774021", "code": 1050, "fclass": "locality", "population": 0, "name": "وادي شواعي" }, "geometry": { "type": "Point", "coordinates": [ 56.61, 23.06 ] } },
{ "type": "Feature", "properties": { "osm_id": "1721774022", "code": 1050, "fclass": "locality", "population": 0, "name": "وادي سنيسل" }, "geometry": { "type": "Point", "coordinates": [ 56.43, 23.11 ] } },
{ "type": "Feature", "properties": { "osm_id": "1721774023", "code": 1050, "fclass": "locality", "population": 0, "name": "وادي تنعم" }, "geometry": { "type": "Point", "coordinates": [ 56.29, 23.04 ] } },
{ "type": "Feature", "properties": { "osm_id": "1721774025", "code": 1050, "fclass": "locality", "population": 0, "name": "وادي الصومحان" }, "geometry": { "type": "Point", "coordinates": [ 55.82, 23.16 ] } },
{ "type": "Feature", "properties": { "osm_id": "1721778276", "code": 1050, "fclass": "locality", "population": 0, "name": "جبل جميرة" }, "geometry": { "type": "Point", "coordinates": [ 56.1399721, 23.7796983 ] } },
{ "type": "Feature", "properties": { "osm_id": "1721778281", "code": 1050, "fclass": "locality", "population": 0, "name": "جبل الفتح" }, "geometry": { "type": "Point", "coordinates": [ 56.1400112, 23.7803324 ] } },
{ "type": "Feature", "properties": { "osm_id": "1721780193", "code": 1050, "fclass": "locality", "population": 0, "name": "وادي مري" }, "geometry": { "type": "Point", "coordinates": [ 56.2499442, 23.6997392 ] } },
{ "type": "Feature", "properties": { "osm_id": "1721780194", "code": 1050, "fclass": "locality", "population": 0, "name": "وادي صلح" }, "geometry": { "type": "Point", "coordinates": [ 56.249785, 23.7003733 ] } },
{ "type": "Feature", "properties": { "osm_id": "1721780195", "code": 1050, "fclass": "locality", "population": 0, "name": "وادي طوي" }, "geometry": { "type": "Point", "coordinates": [ 56.25, 23.7 ] } },
{ "type": "Feature", "properties": { "osm_id": "1721785117", "code": 1050, "fclass": "locality", "population": 0, "name": "وادي سعيدة" }, "geometry": { "type": "Point", "coordinates": [ 56.75, 23.69 ] } },
{ "type": "Feature", "properties": { "osm_id": "1721790931", "code": 1050, "fclass": "locality", "population": 0, "name": "وادي فية" }, "geometry": { "type": "Point", "coordinates": [ 56.66, 23.92 ] } },
{ "type": "Feature", "properties": { "osm_id": "1721790939", "code": 1050, "fclass": "locality", "population": 0, "name": "وادي قفس" }, "geometry": { "type": "Point", "coordinates": [ 56.84, 23.76 ] } },
{ "type": "Feature", "properties": { "osm_id": "1721790952", "code": 1050, "fclass": "locality", "population": 0, "name": "وادي شيدة" }, "geometry": { "type": "Point", "coordinates": [ 56.64, 23.98 ] } },
{ "type": "Feature", "properties": { "osm_id": "1721790967", "code": 1050, "fclass": "locality", "population": 0, "name": "وادي شيدة" }, "geometry": { "type": "Point", "coordinates": [ 56.67, 24.01 ] } },
{ "type": "Feature", "properties": { "osm_id": "1721790974", "code": 1050, "fclass": "locality", "population": 0, "name": "وادي الغالجة" }, "geometry": { "type": "Point", "coordinates": [ 56.8, 23.77 ] } },
{ "type": "Feature", "properties": { "osm_id": "1721790989", "code": 1050, "fclass": "locality", "population": 0, "name": "وادي القلع" }, "geometry": { "type": "Point", "coordinates": [ 56.61, 23.81 ] } },
{ "type": "Feature", "properties": { "osm_id": "1721791974", "code": 1050, "fclass": "locality", "population": 0, "name": "وادي دنك" }, "geometry": { "type": "Point", "coordinates": [ 56.54, 23.59 ] } },
{ "type": "Feature", "properties": { "osm_id": "1721791983", "code": 1050, "fclass": "locality", "population": 0, "name": "وادي معيدن" }, "geometry": { "type": "Point", "coordinates": [ 56.5397475, 23.5892481 ] } },
{ "type": "Feature", "properties": { "osm_id": "1721793433", "code": 1050, "fclass": "locality", "population": 0, "name": "وادي ظاهر الفوارس" }, "geometry": { "type": "Point", "coordinates": [ 56.5918504, 23.6000625 ] } },
{ "type": "Feature", "properties": { "osm_id": "1721793440", "code": 1050, "fclass": "locality", "population": 0, "name": "وادي حلحال" }, "geometry": { "type": "Point", "coordinates": [ 57.1, 23.75 ] } },
{ "type": "Feature", "properties": { "osm_id": "1721793451", "code": 1050, "fclass": "locality", "population": 0, "name": "وادي ميحة" }, "geometry": { "type": "Point", "coordinates": [ 57.13, 23.78 ] } },
{ "type": "Feature", "properties": { "osm_id": "1721793462", "code": 1050, "fclass": "locality", "population": 0, "name": "وادي تفلي" }, "geometry": { "type": "Point", "coordinates": [ 56.97, 23.79 ] } },
{ "type": "Feature", "properties": { "osm_id": "1721793470", "code": 1050, "fclass": "locality", "population": 0, "name": "وادي الضلع" }, "geometry": { "type": "Point", "coordinates": [ 56.92, 23.68 ] } },
{ "type": "Feature", "properties": { "osm_id": "1721795018", "code": 1050, "fclass": "locality", "population": 0, "name": "وادي مجزي" }, "geometry": { "type": "Point", "coordinates": [ 56.57, 23.5395602 ] } },
{ "type": "Feature", "properties": { "osm_id": "1721795019", "code": 1050, "fclass": "locality", "population": 0, "name": "وادي اللثلة" }, "geometry": { "type": "Point", "coordinates": [ 56.57, 23.54 ] } },
{ "type": "Feature", "properties": { "osm_id": "1721797701", "code": 1050, "fclass": "locality", "population": 0, "name": "وادي المازم" }, "geometry": { "type": "Point", "coordinates": [ 56.28, 23.41 ] } },
{ "type": "Feature", "properties": { "osm_id": "1721799787", "code": 1050, "fclass": "locality", "population": 0, "name": "جبل أفلاج" }, "geometry": { "type": "Point", "coordinates": [ 56.24, 23.45 ] } },
{ "type": "Feature", "properties": { "osm_id": "1721799885", "code": 1050, "fclass": "locality", "population": 0, "name": "وادي بجالة" }, "geometry": { "type": "Point", "coordinates": [ 56.2, 23.45 ] } },
{ "type": "Feature", "properties": { "osm_id": "1721802809", "code": 1050, "fclass": "locality", "population": 0, "name": "وادي شبامينة" }, "geometry": { "type": "Point", "coordinates": [ 56.5299138, 23.2001585 ] } },
{ "type": "Feature", "properties": { "osm_id": "1721802810", "code": 1050, "fclass": "locality", "population": 0, "name": "وادي العين" }, "geometry": { "type": "Point", "coordinates": [ 56.53, 23.1998466 ] } },
{ "type": "Feature", "properties": { "osm_id": "1721802813", "code": 1050, "fclass": "locality", "population": 0, "name": "وادي لسيل" }, "geometry": { "type": "Point", "coordinates": [ 56.6101724, 23.2096874 ] } },
{ "type": "Feature", "properties": { "osm_id": "1721802814", "code": 1050, "fclass": "locality", "population": 0, "name": "وادي قعب" }, "geometry": { "type": "Point", "coordinates": [ 56.610003, 23.2100334 ] } },
{ "type": "Feature", "properties": { "osm_id": "1721807662", "code": 1050, "fclass": "locality", "population": 0, "name": "الوادي الكبير" }, "geometry": { "type": "Point", "coordinates": [ 56.5192279, 23.2509457 ] } },
{ "type": "Feature", "properties": { "osm_id": "1721807797", "code": 1050, "fclass": "locality", "population": 0, "name": "جبل شواعي" }, "geometry": { "type": "Point", "coordinates": [ 56.69, 23.34 ] } },
{ "type": "Feature", "properties": { "osm_id": "1721807921", "code": 1050, "fclass": "locality", "population": 0, "name": "وادي عنص" }, "geometry": { "type": "Point", "coordinates": [ 56.65, 23.55 ] } },
{ "type": "Feature", "properties": { "osm_id": "1721807922", "code": 1050, "fclass": "locality", "population": 0, "name": "وادي ضنك" }, "geometry": { "type": "Point", "coordinates": [ 56.5397003, 23.5196637 ] } },
{ "type": "Feature", "properties": { "osm_id": "1721807923", "code": 1050, "fclass": "locality", "population": 0, "name": "وادي حابس" }, "geometry": { "type": "Point", "coordinates": [ 56.7198319, 23.429383 ] } },
{ "type": "Feature", "properties": { "osm_id": "1721807924", "code": 1050, "fclass": "locality", "population": 0, "name": "وادي إبط" }, "geometry": { "type": "Point", "coordinates": [ 56.84, 23.5 ] } },
{ "type": "Feature", "properties": { "osm_id": "1721807925", "code": 1050, "fclass": "locality", "population": 0, "name": "وادي كهنات" }, "geometry": { "type": "Point", "coordinates": [ 56.65, 23.45 ] } },
{ "type": "Feature", "properties": { "osm_id": "1721807926", "code": 1050, "fclass": "locality", "population": 0, "name": "وادي منقس" }, "geometry": { "type": "Point", "coordinates": [ 56.6, 23.21 ] } },
{ "type": "Feature", "properties": { "osm_id": "1721807928", "code": 1050, "fclass": "locality", "population": 0, "name": "وادي مقنييات" }, "geometry": { "type": "Point", "coordinates": [ 56.69, 23.38 ] } },
{ "type": "Feature", "properties": { "osm_id": "1721807930", "code": 1050, "fclass": "locality", "population": 0, "name": "وادي قبير" }, "geometry": { "type": "Point", "coordinates": [ 56.75, 23.44 ] } },
{ "type": "Feature", "properties": { "osm_id": "1721807931", "code": 1050, "fclass": "locality", "population": 0, "name": "وادي شرصة" }, "geometry": { "type": "Point", "coordinates": [ 56.6497796, 23.2705496 ] } },
{ "type": "Feature", "properties": { "osm_id": "1721807932", "code": 1050, "fclass": "locality", "population": 0, "name": "وادي شليشل" }, "geometry": { "type": "Point", "coordinates": [ 56.54, 23.19 ] } },
{ "type": "Feature", "properties": { "osm_id": "1721807933", "code": 1050, "fclass": "locality", "population": 0, "name": "وادي شميت" }, "geometry": { "type": "Point", "coordinates": [ 56.7500167, 23.4196676 ] } },
{ "type": "Feature", "properties": { "osm_id": "1721807934", "code": 1050, "fclass": "locality", "population": 0, "name": "وادي تييب" }, "geometry": { "type": "Point", "coordinates": [ 56.55, 23.21 ] } },
{ "type": "Feature", "properties": { "osm_id": "1721807935", "code": 1050, "fclass": "locality", "population": 0, "name": "وادي ينقل" }, "geometry": { "type": "Point", "coordinates": [ 56.5402642, 23.5203435 ] } },
{ "type": "Feature", "properties": { "osm_id": "1721807936", "code": 1050, "fclass": "locality", "population": 0, "name": "وادي العارض" }, "geometry": { "type": "Point", "coordinates": [ 56.61, 23.39 ] } },
{ "type": "Feature", "properties": { "osm_id": "1721807937", "code": 1050, "fclass": "locality", "population": 0, "name": "وادي الهجر" }, "geometry": { "type": "Point", "coordinates": [ 56.6507793, 23.2695082 ] } },
{ "type": "Feature", "properties": { "osm_id": "1721807938", "code": 1050, "fclass": "locality", "population": 0, "name": "وادي الجيلة" }, "geometry": { "type": "Point", "coordinates": [ 56.65, 23.46 ] } },
{ "type": "Feature", "properties": { "osm_id": "1721808483", "code": 1050, "fclass": "locality", "population": 0, "name": "وادي بقرة" }, "geometry": { "type": "Point", "coordinates": [ 55.92, 23.34 ] } },
{ "type": "Feature", "properties": { "osm_id": "1721808493", "code": 1050, "fclass": "locality", "population": 0, "name": "وادي بو كربة" }, "geometry": { "type": "Point", "coordinates": [ 56.05, 23.52 ] } },
{ "type": "Feature", "properties": { "osm_id": "1721808497", "code": 1050, "fclass": "locality", "population": 0, "name": "وادي ضنك" }, "geometry": { "type": "Point", "coordinates": [ 55.83, 23.47 ] } },
{ "type": "Feature", "properties": { "osm_id": "1721808512", "code": 1050, "fclass": "locality", "population": 0, "name": "وادي ضنك" }, "geometry": { "type": "Point", "coordinates": [ 55.98, 23.47 ] } },
{ "type": "Feature", "properties": { "osm_id": "1721808515", "code": 1050, "fclass": "locality", "population": 0, "name": "وادي خبيح" }, "geometry": { "type": "Point", "coordinates": [ 55.9201263, 23.6100651 ] } },
{ "type": "Feature", "properties": { "osm_id": "1721808523", "code": 1050, "fclass": "locality", "population": 0, "name": "وادي خرية" }, "geometry": { "type": "Point", "coordinates": [ 55.78, 23.4 ] } },
{ "type": "Feature", "properties": { "osm_id": "1721808535", "code": 1050, "fclass": "locality", "population": 0, "name": "وادي مياهة" }, "geometry": { "type": "Point", "coordinates": [ 55.74, 23.39 ] } },
{ "type": "Feature", "properties": { "osm_id": "1721808536", "code": 1050, "fclass": "locality", "population": 0, "name": "وادي مديسس" }, "geometry": { "type": "Point", "coordinates": [ 55.48, 23.39 ] } },
{ "type": "Feature", "properties": { "osm_id": "1721808551", "code": 1050, "fclass": "locality", "population": 0, "name": "وادي مليحة" }, "geometry": { "type": "Point", "coordinates": [ 55.69, 23.36 ] } },
{ "type": "Feature", "properties": { "osm_id": "1721808559", "code": 1050, "fclass": "locality", "population": 0, "name": "وادي شري" }, "geometry": { "type": "Point", "coordinates": [ 55.89, 23.75 ] } },
{ "type": "Feature", "properties": { "osm_id": "1721808566", "code": 1050, "fclass": "locality", "population": 0, "name": "وادي طويلة" }, "geometry": { "type": "Point", "coordinates": [ 55.64, 23.33 ] } },
{ "type": "Feature", "properties": { "osm_id": "1721808577", "code": 1050, "fclass": "locality", "population": 0, "name": "وادي الغدير بن هدف" }, "geometry": { "type": "Point", "coordinates": [ 56.0, 23.8 ] } },
{ "type": "Feature", "properties": { "osm_id": "1721808581", "code": 1050, "fclass": "locality", "population": 0, "name": "وادي الخب" }, "geometry": { "type": "Point", "coordinates": [ 55.9194263, 23.6103333 ] } },
{ "type": "Feature", "properties": { "osm_id": "1721808597", "code": 1050, "fclass": "locality", "population": 0, "name": "وادي الخبيب" }, "geometry": { "type": "Point", "coordinates": [ 55.9198885, 23.6095298 ] } },
{ "type": "Feature", "properties": { "osm_id": "1721808604", "code": 1050, "fclass": "locality", "population": 0, "name": "وادي القبة" }, "geometry": { "type": "Point", "coordinates": [ 55.62, 23.47 ] } },
{ "type": "Feature", "properties": { "osm_id": "1721808610", "code": 1050, "fclass": "locality", "population": 0, "name": "وادي الصفى" }, "geometry": { "type": "Point", "coordinates": [ 55.56, 23.45 ] } },
{ "type": "Feature", "properties": { "osm_id": "1721809315", "code": 1050, "fclass": "locality", "population": 0, "name": "وادي بلى" }, "geometry": { "type": "Point", "coordinates": [ 56.07, 23.26 ] } },
{ "type": "Feature", "properties": { "osm_id": "1721809316", "code": 1050, "fclass": "locality", "population": 0, "name": "وادي غنش" }, "geometry": { "type": "Point", "coordinates": [ 56.12, 23.51 ] } },
{ "type": "Feature", "properties": { "osm_id": "1721809317", "code": 1050, "fclass": "locality", "population": 0, "name": "وادي جفرة" }, "geometry": { "type": "Point", "coordinates": [ 56.21, 23.28 ] } },
{ "type": "Feature", "properties": { "osm_id": "1721809318", "code": 1050, "fclass": "locality", "population": 0, "name": "وادي الخبيب" }, "geometry": { "type": "Point", "coordinates": [ 56.15, 23.67 ] } },
{ "type": "Feature", "properties": { "osm_id": "1721809319", "code": 1050, "fclass": "locality", "population": 0, "name": "وادي العقيبة" }, "geometry": { "type": "Point", "coordinates": [ 56.17, 23.77 ] } },
{ "type": "Feature", "properties": { "osm_id": "1721809511", "code": 1003, "fclass": "village", "population": 0, "name": "الروضة" }, "geometry": { "type": "Point", "coordinates": [ 56.4434947, 23.6329106 ] } },
{ "type": "Feature", "properties": { "osm_id": "1721809514", "code": 1050, "fclass": "locality", "population": 0, "name": "وادي خويبة" }, "geometry": { "type": "Point", "coordinates": [ 56.44, 23.31 ] } },
{ "type": "Feature", "properties": { "osm_id": "1721809524", "code": 1050, "fclass": "locality", "population": 0, "name": "وادي خويبة" }, "geometry": { "type": "Point", "coordinates": [ 56.47, 23.32 ] } },
{ "type": "Feature", "properties": { "osm_id": "1721813584", "code": 1050, "fclass": "locality", "population": 0, "name": "وادي بليدة" }, "geometry": { "type": "Point", "coordinates": [ 56.91, 23.38 ] } },
{ "type": "Feature", "properties": { "osm_id": "1721813603", "code": 1050, "fclass": "locality", "population": 0, "name": "وادي حداق" }, "geometry": { "type": "Point", "coordinates": [ 57.06, 23.46 ] } },
{ "type": "Feature", "properties": { "osm_id": "1721813610", "code": 1050, "fclass": "locality", "population": 0, "name": "وادي مسفاح" }, "geometry": { "type": "Point", "coordinates": [ 57.0500231, 23.2299851 ] } },
{ "type": "Feature", "properties": { "osm_id": "1721813611", "code": 1050, "fclass": "locality", "population": 0, "name": "وادي شهوم" }, "geometry": { "type": "Point", "coordinates": [ 56.9103816, 23.3797264 ] } },
{ "type": "Feature", "properties": { "osm_id": "1721813620", "code": 1050, "fclass": "locality", "population": 0, "name": "وادي الحيل" }, "geometry": { "type": "Point", "coordinates": [ 57.04, 23.22 ] } },
{ "type": "Feature", "properties": { "osm_id": "1721813627", "code": 1050, "fclass": "locality", "population": 0, "name": "وادي الجيل" }, "geometry": { "type": "Point", "coordinates": [ 57.04069, 23.2297699 ] } },
{ "type": "Feature", "properties": { "osm_id": "1721857798", "code": 1050, "fclass": "locality", "population": 0, "name": "وادي هاجر" }, "geometry": { "type": "Point", "coordinates": [ 57.22, 23.55 ] } },
{ "type": "Feature", "properties": { "osm_id": "1721857804", "code": 1050, "fclass": "locality", "population": 0, "name": "وادي حيملية" }, "geometry": { "type": "Point", "coordinates": [ 57.23, 23.57 ] } },
{ "type": "Feature", "properties": { "osm_id": "1721857807", "code": 1050, "fclass": "locality", "population": 0, "name": "وادي ودية" }, "geometry": { "type": "Point", "coordinates": [ 57.25, 23.69 ] } },
{ "type": "Feature", "properties": { "osm_id": "1721857818", "code": 1050, "fclass": "locality", "population": 0, "name": "وادي يكاء" }, "geometry": { "type": "Point", "coordinates": [ 57.2198925, 23.3894359 ] } },
{ "type": "Feature", "properties": { "osm_id": "1721858815", "code": 1050, "fclass": "locality", "population": 0, "name": "وادي حجيرة" }, "geometry": { "type": "Point", "coordinates": [ 57.24, 23.91 ] } },
{ "type": "Feature", "properties": { "osm_id": "1721858816", "code": 1050, "fclass": "locality", "population": 0, "name": "وادي الحوقين" }, "geometry": { "type": "Point", "coordinates": [ 57.39, 23.78 ] } },
{ "type": "Feature", "properties": { "osm_id": "1721860519", "code": 1050, "fclass": "locality", "population": 0, "name": "وادي بني عوف" }, "geometry": { "type": "Point", "coordinates": [ 57.44, 23.26 ] } },
{ "type": "Feature", "properties": { "osm_id": "1721860541", "code": 1050, "fclass": "locality", "population": 0, "name": "وادي بيمة" }, "geometry": { "type": "Point", "coordinates": [ 57.3885092, 23.2093346 ] } },
{ "type": "Feature", "properties": { "osm_id": "1721860548", "code": 1050, "fclass": "locality", "population": 0, "name": "وادي فالة" }, "geometry": { "type": "Point", "coordinates": [ 57.41, 23.62 ] } },
{ "type": "Feature", "properties": { "osm_id": "1721860582", "code": 1050, "fclass": "locality", "population": 0, "name": "وادي حصلة" }, "geometry": { "type": "Point", "coordinates": [ 57.5, 23.2 ] } },
{ "type": "Feature", "properties": { "osm_id": "1721860608", "code": 1050, "fclass": "locality", "population": 0, "name": "وادي الهط" }, "geometry": { "type": "Point", "coordinates": [ 57.3949096, 23.1942664 ] } },
{ "type": "Feature", "properties": { "osm_id": "1721860642", "code": 1050, "fclass": "locality", "population": 0, "name": "وادي الساقنة" }, "geometry": { "type": "Point", "coordinates": [ 57.4499872, 23.4599331 ] } },
{ "type": "Feature", "properties": { "osm_id": "1721867777", "code": 1050, "fclass": "locality", "population": 0, "name": "وادي رقيم" }, "geometry": { "type": "Point", "coordinates": [ 57.83, 23.62 ] } },
{ "type": "Feature", "properties": { "osm_id": "1721867783", "code": 1050, "fclass": "locality", "population": 0, "name": "وادي ربخة" }, "geometry": { "type": "Point", "coordinates": [ 57.85, 23.63 ] } },
{ "type": "Feature", "properties": { "osm_id": "1721977760", "code": 1050, "fclass": "locality", "population": 0, "name": "وادي رسيل" }, "geometry": { "type": "Point", "coordinates": [ 58.2491475, 23.6395661 ] } },
{ "type": "Feature", "properties": { "osm_id": "1721983074", "code": 1050, "fclass": "locality", "population": 0, "name": "وادي عقبية" }, "geometry": { "type": "Point", "coordinates": [ 58.3014382, 23.4596727 ] } },
{ "type": "Feature", "properties": { "osm_id": "1721983089", "code": 1050, "fclass": "locality", "population": 0, "name": "وادي حبل" }, "geometry": { "type": "Point", "coordinates": [ 58.3, 23.46 ] } },
{ "type": "Feature", "properties": { "osm_id": "1721989588", "code": 1050, "fclass": "locality", "population": 0, "name": "وادي بوشر" }, "geometry": { "type": "Point", "coordinates": [ 58.3406013, 23.499743 ] } },
{ "type": "Feature", "properties": { "osm_id": "1721989610", "code": 1050, "fclass": "locality", "population": 0, "name": "وادي مسفاح" }, "geometry": { "type": "Point", "coordinates": [ 58.27, 23.46 ] } },
{ "type": "Feature", "properties": { "osm_id": "1721996359", "code": 1050, "fclass": "locality", "population": 0, "name": "وادي بدبد" }, "geometry": { "type": "Point", "coordinates": [ 58.1348716, 23.4194881 ] } },
{ "type": "Feature", "properties": { "osm_id": "1721996371", "code": 1050, "fclass": "locality", "population": 0, "name": "وادي منصح" }, "geometry": { "type": "Point", "coordinates": [ 58.1394688, 23.4206915 ] } },
{ "type": "Feature", "properties": { "osm_id": "1721996416", "code": 1050, "fclass": "locality", "population": 0, "name": "وادي نفعة" }, "geometry": { "type": "Point", "coordinates": [ 58.1389538, 23.4172696 ] } },
{ "type": "Feature", "properties": { "osm_id": "1721996438", "code": 1050, "fclass": "locality", "population": 0, "name": "وادي نجوم" }, "geometry": { "type": "Point", "coordinates": [ 58.1410761, 23.4215122 ] } },
{ "type": "Feature", "properties": { "osm_id": "1721998818", "code": 1050, "fclass": "locality", "population": 0, "name": "وادي سيجاني" }, "geometry": { "type": "Point", "coordinates": [ 58.0797885, 23.2397929 ] } },
{ "type": "Feature", "properties": { "osm_id": "1721999584", "code": 1050, "fclass": "locality", "population": 0, "name": "وادي نداب" }, "geometry": { "type": "Point", "coordinates": [ 58.12, 23.29 ] } },
{ "type": "Feature", "properties": { "osm_id": "1722018153", "code": 1050, "fclass": "locality", "population": 0, "name": "وادي بني خروص" }, "geometry": { "type": "Point", "coordinates": [ 57.6497995, 23.369371 ] } },
{ "type": "Feature", "properties": { "osm_id": "1722018163", "code": 1050, "fclass": "locality", "population": 0, "name": "وادي حجر" }, "geometry": { "type": "Point", "coordinates": [ 57.65, 23.37 ] } },
{ "type": "Feature", "properties": { "osm_id": "1722018190", "code": 1050, "fclass": "locality", "population": 0, "name": "وادي سبط" }, "geometry": { "type": "Point", "coordinates": [ 57.68, 23.35 ] } },
{ "type": "Feature", "properties": { "osm_id": "1722018203", "code": 1050, "fclass": "locality", "population": 0, "name": "وادي سويقمة" }, "geometry": { "type": "Point", "coordinates": [ 57.63, 23.33 ] } },
{ "type": "Feature", "properties": { "osm_id": "1722018221", "code": 1050, "fclass": "locality", "population": 0, "name": "وادي سويقمة" }, "geometry": { "type": "Point", "coordinates": [ 57.6500557, 23.3704142 ] } },
{ "type": "Feature", "properties": { "osm_id": "1722018743", "code": 1050, "fclass": "locality", "population": 0, "name": "وادي آفي" }, "geometry": { "type": "Point", "coordinates": [ 57.82, 23.48 ] } },
{ "type": "Feature", "properties": { "osm_id": "1722018752", "code": 1050, "fclass": "locality", "population": 0, "name": "وادي جحفان" }, "geometry": { "type": "Point", "coordinates": [ 57.81, 23.43 ] } },
{ "type": "Feature", "properties": { "osm_id": "1722018760", "code": 1050, "fclass": "locality", "population": 0, "name": "وادي ثبات" }, "geometry": { "type": "Point", "coordinates": [ 57.83, 23.45 ] } },
{ "type": "Feature", "properties": { "osm_id": "1722024165", "code": 1050, "fclass": "locality", "population": 0, "name": "وادي سقلة" }, "geometry": { "type": "Point", "coordinates": [ 57.6799862, 23.1999566 ] } },
{ "type": "Feature", "properties": { "osm_id": "1722027630", "code": 1003, "fclass": "village", "population": 0, "name": "بيت جبل" }, "geometry": { "type": "Point", "coordinates": [ 58.0099819, 23.3099131 ] } },
{ "type": "Feature", "properties": { "osm_id": "1722028612", "code": 1050, "fclass": "locality", "population": 0, "name": "وادي بني غافر" }, "geometry": { "type": "Point", "coordinates": [ 57.33, 23.51 ] } },
{ "type": "Feature", "properties": { "osm_id": "1722028634", "code": 1050, "fclass": "locality", "population": 0, "name": "وادي بني جابر" }, "geometry": { "type": "Point", "coordinates": [ 58.0999429, 23.3803399 ] } },
{ "type": "Feature", "properties": { "osm_id": "1722028696", "code": 1050, "fclass": "locality", "population": 0, "name": "وادي بني سوق" }, "geometry": { "type": "Point", "coordinates": [ 57.5600446, 23.5599987 ] } },
{ "type": "Feature", "properties": { "osm_id": "1722028738", "code": 1050, "fclass": "locality", "population": 0, "name": "وادي ضيق" }, "geometry": { "type": "Point", "coordinates": [ 57.91, 23.52 ] } },
{ "type": "Feature", "properties": { "osm_id": "1722028751", "code": 1050, "fclass": "locality", "population": 0, "name": "وادي فنجا" }, "geometry": { "type": "Point", "coordinates": [ 58.1142915, 23.4568505 ] } },
{ "type": "Feature", "properties": { "osm_id": "1722028774", "code": 1050, "fclass": "locality", "population": 0, "name": "وادي جباء" }, "geometry": { "type": "Point", "coordinates": [ 58.1903368, 23.5296441 ] } },
{ "type": "Feature", "properties": { "osm_id": "1722028797", "code": 1050, "fclass": "locality", "population": 0, "name": "وادي جيلة" }, "geometry": { "type": "Point", "coordinates": [ 58.0997479, 23.3797559 ] } },
{ "type": "Feature", "properties": { "osm_id": "1722028823", "code": 1050, "fclass": "locality", "population": 0, "name": "وادي قيلة" }, "geometry": { "type": "Point", "coordinates": [ 58.1, 23.38 ] } },
{ "type": "Feature", "properties": { "osm_id": "1722028830", "code": 1050, "fclass": "locality", "population": 0, "name": "وادي راك" }, "geometry": { "type": "Point", "coordinates": [ 58.23, 23.29 ] } },
{ "type": "Feature", "properties": { "osm_id": "1722028843", "code": 1050, "fclass": "locality", "population": 0, "name": "وادي سعال" }, "geometry": { "type": "Point", "coordinates": [ 58.2041413, 23.5284715 ] } },
{ "type": "Feature", "properties": { "osm_id": "1722028862", "code": 1050, "fclass": "locality", "population": 0, "name": "وادي طوية" }, "geometry": { "type": "Point", "coordinates": [ 58.0599936, 23.3099928 ] } },
{ "type": "Feature", "properties": { "osm_id": "1722028882", "code": 1050, "fclass": "locality", "population": 0, "name": "وادي العق" }, "geometry": { "type": "Point", "coordinates": [ 58.09, 23.31 ] } },
{ "type": "Feature", "properties": { "osm_id": "2330700502", "code": 1003, "fclass": "village", "population": 0, "name": "روضة العجوز" }, "geometry": { "type": "Point", "coordinates": [ 51.3625513, 25.5331285 ] } },
{ "type": "Feature", "properties": { "osm_id": "2337609863", "code": 1003, "fclass": "village", "population": 0, "name": "Wadi al Madiq" }, "geometry": { "type": "Point", "coordinates": [ 57.0255597, 23.2477584 ] } },
{ "type": "Feature", "properties": { "osm_id": "2341090334", "code": 1004, "fclass": "hamlet", "population": 0, "name": "Rawdat Alfaras" }, "geometry": { "type": "Point", "coordinates": [ 51.3343919, 25.8218827 ] } },
{ "type": "Feature", "properties": { "osm_id": "2344031848", "code": 1003, "fclass": "village", "population": 0, "name": "الروضة الشرقية" }, "geometry": { "type": "Point", "coordinates": [ 55.6570786, 24.1451513 ] } },
{ "type": "Feature", "properties": { "osm_id": "2344099531", "code": 1003, "fclass": "village", "population": 0, "name": "جبل حفيت" }, "geometry": { "type": "Point", "coordinates": [ 55.7693411, 24.0684952 ] } },
{ "type": "Feature", "properties": { "osm_id": "4033752413", "code": 1003, "fclass": "village", "population": 0, "name": "وادي سيال" }, "geometry": { "type": "Point", "coordinates": [ 40.9154936, 19.9945581 ] } },
{ "type": "Feature", "properties": { "osm_id": "4947748359", "code": 1003, "fclass": "village", "population": 0, "name": "وادي دفا" }, "geometry": { "type": "Point", "coordinates": [ 43.2034065, 17.4081549 ] } },
{ "type": "Feature", "properties": { "osm_id": "4948059679", "code": 1050, "fclass": "locality", "population": 0, "name": "وادي الجمه" }, "geometry": { "type": "Point", "coordinates": [ 43.1239226, 17.3594716 ] } },
{ "type": "Feature", "properties": { "osm_id": "4962584243", "code": 1050, "fclass": "locality", "population": 0, "name": "وادي الجنيه" }, "geometry": { "type": "Point", "coordinates": [ 43.1510906, 17.3051793 ] } },
{ "type": "Feature", "properties": { "osm_id": "5205444227", "code": 1003, "fclass": "village", "population": 0, "name": "فيضة أثقب" }, "geometry": { "type": "Point", "coordinates": [ 40.6222165, 26.0406183 ] } },
{ "type": "Feature", "properties": { "osm_id": "5229092157", "code": 1003, "fclass": "village", "population": 0, "name": "قرى وادي نيرا بالديان" }, "geometry": { "type": "Point", "coordinates": [ 41.1512724, 19.9144025 ] } },
{ "type": "Feature", "properties": { "osm_id": "5229092161", "code": 1003, "fclass": "village", "population": 0, "name": "قرى وادي الشعب الشامي" }, "geometry": { "type": "Point", "coordinates": [ 41.1166973, 19.8047658 ] } },
{ "type": "Feature", "properties": { "osm_id": "5229095566", "code": 1003, "fclass": "village", "population": 0, "name": "قرى وادي الحضن السويدي" }, "geometry": { "type": "Point", "coordinates": [ 41.0232346, 19.9023516 ] } },
{ "type": "Feature", "properties": { "osm_id": "5229102924", "code": 1003, "fclass": "village", "population": 0, "name": "قرى وادي رشوة" }, "geometry": { "type": "Point", "coordinates": [ 41.1127131, 19.9718933 ] } },
{ "type": "Feature", "properties": { "osm_id": "5229102925", "code": 1003, "fclass": "village", "population": 0, "name": "قرى وادي سمعة" }, "geometry": { "type": "Point", "coordinates": [ 41.1138718, 20.0015666 ] } },
{ "type": "Feature", "properties": { "osm_id": "5229109721", "code": 1003, "fclass": "village", "population": 0, "name": "قرى وادي حنذية" }, "geometry": { "type": "Point", "coordinates": [ 41.2175864, 19.8780267 ] } },
{ "type": "Feature", "properties": { "osm_id": "5229115821", "code": 1003, "fclass": "village", "population": 0, "name": "قرى وادي لقط" }, "geometry": { "type": "Point", "coordinates": [ 41.1393748, 20.1074333 ] } },
{ "type": "Feature", "properties": { "osm_id": "5229115983", "code": 1003, "fclass": "village", "population": 0, "name": "قرى وادي الحزر" }, "geometry": { "type": "Point", "coordinates": [ 41.1376167, 20.1241708 ] } },
{ "type": "Feature", "properties": { "osm_id": "5229127871", "code": 1003, "fclass": "village", "population": 0, "name": "قرى وادي دو" }, "geometry": { "type": "Point", "coordinates": [ 41.1862827, 20.1074675 ] } },
{ "type": "Feature", "properties": { "osm_id": "5250090564", "code": 1050, "fclass": "locality", "population": 0, "name": "معترض النفود" }, "geometry": { "type": "Point", "coordinates": [ 39.1144859, 29.063987 ] } },
{ "type": "Feature", "properties": { "osm_id": "5526321821", "code": 1003, "fclass": "village", "population": 0, "name": "وادي عصيل" }, "geometry": { "type": "Point", "coordinates": [ 44.4816838, 23.6091794 ] } },
{ "type": "Feature", "properties": { "osm_id": "5609345162", "code": 1003, "fclass": "village", "population": 0, "name": "وادي شريم" }, "geometry": { "type": "Point", "coordinates": [ 56.3951859, 24.6628801 ] } },
{ "type": "Feature", "properties": { "osm_id": "5609345164", "code": 1003, "fclass": "village", "population": 0, "name": "وادي الحنة" }, "geometry": { "type": "Point", "coordinates": [ 56.3721296, 24.6414962 ] } },
{ "type": "Feature", "properties": { "osm_id": "5609345165", "code": 1003, "fclass": "village", "population": 0, "name": "Ar Rawdah الرّوضة" }, "geometry": { "type": "Point", "coordinates": [ 56.4628848, 24.613481 ] } },
{ "type": "Feature", "properties": { "osm_id": "5610283932", "code": 1003, "fclass": "village", "population": 0, "name": "وادي نعمة" }, "geometry": { "type": "Point", "coordinates": [ 56.3201362, 24.5843042 ] } },
{ "type": "Feature", "properties": { "osm_id": "5650574983", "code": 1003, "fclass": "village", "population": 571, "name": "الروضة" }, "geometry": { "type": "Point", "coordinates": [ 55.86047, 24.9032671 ] } },
{ "type": "Feature", "properties": { "osm_id": "5652778909", "code": 1003, "fclass": "village", "population": 0, "name": "وادي قصيد" }, "geometry": { "type": "Point", "coordinates": [ 56.1368695, 24.2284737 ] } },
{ "type": "Feature", "properties": { "osm_id": "5652778919", "code": 1003, "fclass": "village", "population": 0, "name": "وادي حميضة" }, "geometry": { "type": "Point", "coordinates": [ 56.1218484, 24.2397489 ] } },
{ "type": "Feature", "properties": { "osm_id": "5652779129", "code": 1003, "fclass": "village", "population": 0, "name": "وادي المضي" }, "geometry": { "type": "Point", "coordinates": [ 52.8471967, 17.482721 ] } },
{ "type": "Feature", "properties": { "osm_id": "5654266730", "code": 1003, "fclass": "village", "population": 0, "name": "وادي السيل" }, "geometry": { "type": "Point", "coordinates": [ 58.3759267, 20.9699457 ] } },
{ "type": "Feature", "properties": { "osm_id": "5702789125", "code": 1050, "fclass": "locality", "population": 0, "name": "وادي طلح" }, "geometry": { "type": "Point", "coordinates": [ 37.7202969, 28.249423 ] } },
{ "type": "Feature", "properties": { "osm_id": "5813392179", "code": 1003, "fclass": "village", "population": 0, "name": "وادي ريم" }, "geometry": { "type": "Point", "coordinates": [ 39.4188055, 23.9577144 ] } },
{ "type": "Feature", "properties": { "osm_id": "5850797701", "code": 1004, "fclass": "hamlet", "population": 0, "name": "جبلة" }, "geometry": { "type": "Point", "coordinates": [ 42.6257982, 28.5291021 ] } },
{ "type": "Feature", "properties": { "osm_id": "5872461612", "code": 1003, "fclass": "village", "population": 0, "name": "رأس الجبل" }, "geometry": { "type": "Point", "coordinates": [ 59.8033058, 22.3571087 ] } },
{ "type": "Feature", "properties": { "osm_id": "5877015784", "code": 1003, "fclass": "village", "population": 0, "name": "وادي ضنك" }, "geometry": { "type": "Point", "coordinates": [ 56.1499095, 23.548831 ] } },
{ "type": "Feature", "properties": { "osm_id": "5877106869", "code": 1003, "fclass": "village", "population": 0, "name": "وادي الشكلة" }, "geometry": { "type": "Point", "coordinates": [ 59.691903, 22.2423809 ] } },
{ "type": "Feature", "properties": { "osm_id": "5877106870", "code": 1003, "fclass": "village", "population": 0, "name": "وادي ملاحي" }, "geometry": { "type": "Point", "coordinates": [ 59.7301191, 22.2938214 ] } },
{ "type": "Feature", "properties": { "osm_id": "5877106872", "code": 1003, "fclass": "village", "population": 0, "name": "وادي الشرخة" }, "geometry": { "type": "Point", "coordinates": [ 59.7558093, 22.3119839 ] } },
{ "type": "Feature", "properties": { "osm_id": "5877106873", "code": 1003, "fclass": "village", "population": 0, "name": "وادي المر" }, "geometry": { "type": "Point", "coordinates": [ 59.7320986, 22.2533611 ] } },
{ "type": "Feature", "properties": { "osm_id": "6064960093", "code": 1003, "fclass": "village", "population": 0, "name": "وادي القصب" }, "geometry": { "type": "Point", "coordinates": [ 56.578249, 24.4983912 ] } },
{ "type": "Feature", "properties": { "osm_id": "6064986829", "code": 1003, "fclass": "village", "population": 0, "name": "وادي الحيول" }, "geometry": { "type": "Point", "coordinates": [ 56.3082472, 24.3797106 ] } },
{ "type": "Feature", "properties": { "osm_id": "6216720123", "code": 1050, "fclass": "locality", "population": 0, "name": "حتّا وادي هب" }, "geometry": { "type": "Point", "coordinates": [ 56.1598617, 24.8139804 ] } },
{ "type": "Feature", "properties": { "osm_id": "6770013518", "code": 1003, "fclass": "village", "population": 0, "name": "الواديين" }, "geometry": { "type": "Point", "coordinates": [ 42.802538, 18.085573 ] } },
{ "type": "Feature", "properties": { "osm_id": "6774243817", "code": 1050, "fclass": "locality", "population": 0, "name": "وادي الحاير" }, "geometry": { "type": "Point", "coordinates": [ 44.329469, 18.672938 ] } },
{ "type": "Feature", "properties": { "osm_id": "6774262419", "code": 1050, "fclass": "locality", "population": 0, "name": "وادي ظلمة" }, "geometry": { "type": "Point", "coordinates": [ 43.7634578, 17.4799563 ] } },
{ "type": "Feature", "properties": { "osm_id": "6774266341", "code": 1050, "fclass": "locality", "population": 0, "name": "وادي حصن" }, "geometry": { "type": "Point", "coordinates": [ 43.984623, 17.414038 ] } },
{ "type": "Feature", "properties": { "osm_id": "6774270974", "code": 1050, "fclass": "locality", "population": 0, "name": "وادي الحج" }, "geometry": { "type": "Point", "coordinates": [ 44.194887, 17.566237 ] } },
{ "type": "Feature", "properties": { "osm_id": "6774273938", "code": 1003, "fclass": "village", "population": 0, "name": "فرع الجبل" }, "geometry": { "type": "Point", "coordinates": [ 43.7690807, 17.6670639 ] } },
{ "type": "Feature", "properties": { "osm_id": "6774274223", "code": 1050, "fclass": "locality", "population": 0, "name": "وادي كهلان" }, "geometry": { "type": "Point", "coordinates": [ 44.231193, 17.850766 ] } },
{ "type": "Feature", "properties": { "osm_id": "6774276164", "code": 1050, "fclass": "locality", "population": 0, "name": "وادي حيرور" }, "geometry": { "type": "Point", "coordinates": [ 44.296596, 17.600076 ] } },
{ "type": "Feature", "properties": { "osm_id": "6774276925", "code": 1050, "fclass": "locality", "population": 0, "name": "شعيب القمراء" }, "geometry": { "type": "Point", "coordinates": [ 44.08777, 17.498689 ] } },
{ "type": "Feature", "properties": { "osm_id": "6774278005", "code": 1050, "fclass": "locality", "population": 0, "name": "سد وادي نجران" }, "geometry": { "type": "Point", "coordinates": [ 44.013952, 17.407749 ] } },
{ "type": "Feature", "properties": { "osm_id": "6774281970", "code": 1050, "fclass": "locality", "population": 0, "name": "وادي حلال" }, "geometry": { "type": "Point", "coordinates": [ 43.770003, 17.61205 ] } },
{ "type": "Feature", "properties": { "osm_id": "6774282629", "code": 1050, "fclass": "locality", "population": 0, "name": "شعيب ظلم" }, "geometry": { "type": "Point", "coordinates": [ 44.347901, 17.470858 ] } },
{ "type": "Feature", "properties": { "osm_id": "6774284127", "code": 1050, "fclass": "locality", "population": 0, "name": "وادي تقورا" }, "geometry": { "type": "Point", "coordinates": [ 44.5556971, 18.954155 ] } },
{ "type": "Feature", "properties": { "osm_id": "6774284159", "code": 1050, "fclass": "locality", "population": 0, "name": "وادي حلاف" }, "geometry": { "type": "Point", "coordinates": [ 44.340649, 18.222156 ] } },
{ "type": "Feature", "properties": { "osm_id": "6774285407", "code": 1050, "fclass": "locality", "population": 0, "name": "هجرة المنتزه" }, "geometry": { "type": "Point", "coordinates": [ 44.573271, 18.145466 ] } },
{ "type": "Feature", "properties": { "osm_id": "6774285408", "code": 1050, "fclass": "locality", "population": 0, "name": "وادي لبو" }, "geometry": { "type": "Point", "coordinates": [ 44.397726, 18.220267 ] } },
{ "type": "Feature", "properties": { "osm_id": "6774285490", "code": 1050, "fclass": "locality", "population": 0, "name": "وادي عشر" }, "geometry": { "type": "Point", "coordinates": [ 44.307561, 17.607479 ] } },
{ "type": "Feature", "properties": { "osm_id": "6774285931", "code": 1050, "fclass": "locality", "population": 0, "name": "وادي السليل" }, "geometry": { "type": "Point", "coordinates": [ 44.361227, 18.569019 ] } },
{ "type": "Feature", "properties": { "osm_id": "6774286786", "code": 1050, "fclass": "locality", "population": 0, "name": "وادي اللجام" }, "geometry": { "type": "Point", "coordinates": [ 44.291103, 18.648112 ] } },
{ "type": "Feature", "properties": { "osm_id": "6774288191", "code": 1050, "fclass": "locality", "population": 0, "name": "وادي الرغام" }, "geometry": { "type": "Point", "coordinates": [ 44.195273, 17.626212 ] } },
{ "type": "Feature", "properties": { "osm_id": "6774291567", "code": 1050, "fclass": "locality", "population": 0, "name": "سد وادي نعوان" }, "geometry": { "type": "Point", "coordinates": [ 44.327495, 18.22222 ] } },
{ "type": "Feature", "properties": { "osm_id": "6779367694", "code": 1050, "fclass": "locality", "population": 0, "name": "خزان الروضة" }, "geometry": { "type": "Point", "coordinates": [ 46.6697073, 22.2113687 ] } },
{ "type": "Feature", "properties": { "osm_id": "6779374783", "code": 1050, "fclass": "locality", "population": 0, "name": "خبة عجبلين" }, "geometry": { "type": "Point", "coordinates": [ 45.4552879, 26.8975563 ] } },
{ "type": "Feature", "properties": { "osm_id": "6780202243", "code": 1050, "fclass": "locality", "population": 0, "name": "وادي ابو نخله" }, "geometry": { "type": "Point", "coordinates": [ 43.19983, 26.018436 ] } },
{ "type": "Feature", "properties": { "osm_id": "6780218662", "code": 1050, "fclass": "locality", "population": 0, "name": "جبل مديسيس" }, "geometry": { "type": "Point", "coordinates": [ 43.027267, 26.408515 ] } },
{ "type": "Feature", "properties": { "osm_id": "6780219043", "code": 1050, "fclass": "locality", "population": 0, "name": "شعيب الحيسونيه" }, "geometry": { "type": "Point", "coordinates": [ 41.843319, 25.661659 ] } },
{ "type": "Feature", "properties": { "osm_id": "6780241883", "code": 1050, "fclass": "locality", "population": 0, "name": "شعيب الذيبية" }, "geometry": { "type": "Point", "coordinates": [ 43.16097, 26.060493 ] } },
{ "type": "Feature", "properties": { "osm_id": "6780242513", "code": 1050, "fclass": "locality", "population": 0, "name": "وادي الجفن" }, "geometry": { "type": "Point", "coordinates": [ 41.461329, 25.591149 ] } },
{ "type": "Feature", "properties": { "osm_id": "6780242514", "code": 1050, "fclass": "locality", "population": 0, "name": "وادي عفير" }, "geometry": { "type": "Point", "coordinates": [ 41.568897, 25.627284 ] } },
{ "type": "Feature", "properties": { "osm_id": "6780243002", "code": 1050, "fclass": "locality", "population": 0, "name": "شعيب مخيط" }, "geometry": { "type": "Point", "coordinates": [ 42.96474, 25.896149 ] } },
{ "type": "Feature", "properties": { "osm_id": "6780250093", "code": 1050, "fclass": "locality", "population": 0, "name": "شعيب عطره" }, "geometry": { "type": "Point", "coordinates": [ 41.944084, 25.612307 ] } },
{ "type": "Feature", "properties": { "osm_id": "6780254300", "code": 1050, "fclass": "locality", "population": 0, "name": "شعيب مجفل" }, "geometry": { "type": "Point", "coordinates": [ 41.688266, 25.655887 ] } },
{ "type": "Feature", "properties": { "osm_id": "6780255392", "code": 1050, "fclass": "locality", "population": 0, "name": "شعيب الحميمه" }, "geometry": { "type": "Point", "coordinates": [ 41.620202, 25.648227 ] } },
{ "type": "Feature", "properties": { "osm_id": "6781259828", "code": 1050, "fclass": "locality", "population": 0, "name": "شعيب عطي" }, "geometry": { "type": "Point", "coordinates": [ 42.67431, 25.827806 ] } },
{ "type": "Feature", "properties": { "osm_id": "6781279291", "code": 1050, "fclass": "locality", "population": 0, "name": "جبل المزيريرة" }, "geometry": { "type": "Point", "coordinates": [ 42.976928, 25.928786 ] } },
{ "type": "Feature", "properties": { "osm_id": "6781610658", "code": 1050, "fclass": "locality", "population": 0, "name": "وادي يبه" }, "geometry": { "type": "Point", "coordinates": [ 41.3774652, 18.9761933 ] } },
{ "type": "Feature", "properties": { "osm_id": "6781690414", "code": 1050, "fclass": "locality", "population": 0, "name": "وادي يبه" }, "geometry": { "type": "Point", "coordinates": [ 41.3089223, 18.9538479 ] } },
{ "type": "Feature", "properties": { "osm_id": "6781691319", "code": 1050, "fclass": "locality", "population": 0, "name": "وادي حلي" }, "geometry": { "type": "Point", "coordinates": [ 41.4239883, 18.743871 ] } },
{ "type": "Feature", "properties": { "osm_id": "6785885845", "code": 1050, "fclass": "locality", "population": 0, "name": "وادي الهويدي" }, "geometry": { "type": "Point", "coordinates": [ 41.337218, 26.965771 ] } },
{ "type": "Feature", "properties": { "osm_id": "6787751305", "code": 1050, "fclass": "locality", "population": 0, "name": "جبل رمان السمر" }, "geometry": { "type": "Point", "coordinates": [ 41.5821164, 26.7898838 ] } },
{ "type": "Feature", "properties": { "osm_id": "6873708227", "code": 1050, "fclass": "locality", "population": 0, "name": "منتزه المدينة الوطني" }, "geometry": { "type": "Point", "coordinates": [ 39.4291852, 24.5823569 ] } },
{ "type": "Feature", "properties": { "osm_id": "6913423108", "code": 1003, "fclass": "village", "population": 0, "name": "قرية وادي لحسن" }, "geometry": { "type": "Point", "coordinates": [ 41.9915684, 18.0875514 ] } },
{ "type": "Feature", "properties": { "osm_id": "6914243884", "code": 1003, "fclass": "village", "population": 0, "name": "وادي عمود" }, "geometry": { "type": "Point", "coordinates": [ 43.020538, 17.5727073 ] } },
{ "type": "Feature", "properties": { "osm_id": "6914292275", "code": 1004, "fclass": "hamlet", "population": 0, "name": "الجبل الأسود" }, "geometry": { "type": "Point", "coordinates": [ 42.9041926, 17.5497753 ] } },
{ "type": "Feature", "properties": { "osm_id": "6936495877", "code": 1004, "fclass": "hamlet", "population": 43, "name": "وادي عامر" }, "geometry": { "type": "Point", "coordinates": [ 43.251683, 17.16292 ] } },
{ "type": "Feature", "properties": { "osm_id": "6936511051", "code": 1004, "fclass": "hamlet", "population": 95, "name": "وادي أمير" }, "geometry": { "type": "Point", "coordinates": [ 43.215778, 16.982451 ] } },
{ "type": "Feature", "properties": { "osm_id": "6936511553", "code": 1004, "fclass": "hamlet", "population": 142, "name": "وادي النصاري" }, "geometry": { "type": "Point", "coordinates": [ 43.260495, 16.834766 ] } },
{ "type": "Feature", "properties": { "osm_id": "6936512639", "code": 1004, "fclass": "hamlet", "population": 141, "name": "الروضة" }, "geometry": { "type": "Point", "coordinates": [ 44.163054, 17.283232 ] } },
{ "type": "Feature", "properties": { "osm_id": "6936514376", "code": 1004, "fclass": "hamlet", "population": 86, "name": "وادي المعين" }, "geometry": { "type": "Point", "coordinates": [ 43.242419, 17.214103 ] } },
{ "type": "Feature", "properties": { "osm_id": "6936516260", "code": 1003, "fclass": "village", "population": 257, "name": "وادي الغول" }, "geometry": { "type": "Point", "coordinates": [ 43.274785, 16.829112 ] } },
{ "type": "Feature", "properties": { "osm_id": "6936519589", "code": 1004, "fclass": "hamlet", "population": 0, "name": "بيت سوادي" }, "geometry": { "type": "Point", "coordinates": [ 43.272993, 16.923508 ] } },
{ "type": "Feature", "properties": { "osm_id": "6936519700", "code": 1004, "fclass": "hamlet", "population": 71, "name": "وادي الفلج" }, "geometry": { "type": "Point", "coordinates": [ 43.258477, 17.155573 ] } },
{ "type": "Feature", "properties": { "osm_id": "6936525724", "code": 1004, "fclass": "hamlet", "population": 0, "name": "وادي الجارة" }, "geometry": { "type": "Point", "coordinates": [ 43.267132, 16.806445 ] } },
{ "type": "Feature", "properties": { "osm_id": "6936526098", "code": 1004, "fclass": "hamlet", "population": 0, "name": "وادي المقوع" }, "geometry": { "type": "Point", "coordinates": [ 43.215624, 17.144917 ] } },
{ "type": "Feature", "properties": { "osm_id": "6936540953", "code": 1003, "fclass": "village", "population": 428, "name": "رأس الوادي" }, "geometry": { "type": "Point", "coordinates": [ 43.286397, 16.933334 ] } },
{ "type": "Feature", "properties": { "osm_id": "6936541973", "code": 1004, "fclass": "hamlet", "population": 29, "name": "الشعيب" }, "geometry": { "type": "Point", "coordinates": [ 43.236061, 17.17547 ] } },
{ "type": "Feature", "properties": { "osm_id": "6936542357", "code": 1004, "fclass": "hamlet", "population": 0, "name": "بئر الجبل" }, "geometry": { "type": "Point", "coordinates": [ 44.153587, 17.276284 ] } },
{ "type": "Feature", "properties": { "osm_id": "6936555881", "code": 1004, "fclass": "hamlet", "population": 40, "name": "لوح جبل عزان" }, "geometry": { "type": "Point", "coordinates": [ 43.244176, 17.256802 ] } },
{ "type": "Feature", "properties": { "osm_id": "6936594144", "code": 1050, "fclass": "locality", "population": 0, "name": "عزلة جبل الأزد" }, "geometry": { "type": "Point", "coordinates": [ 43.278783, 16.911384 ] } },
{ "type": "Feature", "properties": { "osm_id": "6952547777", "code": 1050, "fclass": "locality", "population": 0, "name": "وادي غضي لدنى" }, "geometry": { "type": "Point", "coordinates": [ 45.6099096, 20.3704937 ] } },
{ "type": "Feature", "properties": { "osm_id": "6952549063", "code": 1050, "fclass": "locality", "population": 0, "name": "وادي صفيان" }, "geometry": { "type": "Point", "coordinates": [ 45.6017699, 20.3083879 ] } },
{ "type": "Feature", "properties": { "osm_id": "6952556384", "code": 1050, "fclass": "locality", "population": 0, "name": "وادي جريف" }, "geometry": { "type": "Point", "coordinates": [ 45.5814823, 20.283191 ] } },
{ "type": "Feature", "properties": { "osm_id": "6952561245", "code": 1050, "fclass": "locality", "population": 0, "name": "وادي غضي لقصى" }, "geometry": { "type": "Point", "coordinates": [ 45.6088426, 20.3594566 ] } },
{ "type": "Feature", "properties": { "osm_id": "6952561687", "code": 1050, "fclass": "locality", "population": 0, "name": "وادي جراف" }, "geometry": { "type": "Point", "coordinates": [ 45.5778965, 20.2650129 ] } },
{ "type": "Feature", "properties": { "osm_id": "6952754773", "code": 1050, "fclass": "locality", "population": 0, "name": "وادي البكرة" }, "geometry": { "type": "Point", "coordinates": [ 45.37955, 20.020677 ] } },
{ "type": "Feature", "properties": { "osm_id": "6952756371", "code": 1050, "fclass": "locality", "population": 0, "name": "وادي مريخه" }, "geometry": { "type": "Point", "coordinates": [ 45.247434, 19.8103849 ] } },
{ "type": "Feature", "properties": { "osm_id": "6952774208", "code": 1050, "fclass": "locality", "population": 0, "name": "وادي كميع" }, "geometry": { "type": "Point", "coordinates": [ 45.5063656, 20.0597484 ] } },
{ "type": "Feature", "properties": { "osm_id": "6952784374", "code": 1050, "fclass": "locality", "population": 0, "name": "وادي مرخ" }, "geometry": { "type": "Point", "coordinates": [ 45.3143614, 19.943463 ] } },
{ "type": "Feature", "properties": { "osm_id": "6967195321", "code": 1050, "fclass": "locality", "population": 0, "name": "وادي الصفقة" }, "geometry": { "type": "Point", "coordinates": [ 41.9312882, 17.9289669 ] } },
{ "type": "Feature", "properties": { "osm_id": "6970496788", "code": 1050, "fclass": "locality", "population": 0, "name": "وادي سدير" }, "geometry": { "type": "Point", "coordinates": [ 45.5483657, 20.2045937 ] } },
{ "type": "Feature", "properties": { "osm_id": "6974177858", "code": 1003, "fclass": "village", "population": 0, "name": "وادي فو" }, "geometry": { "type": "Point", "coordinates": [ 42.2689743, 18.3202629 ] } },
{ "type": "Feature", "properties": { "osm_id": "7037032931", "code": 1004, "fclass": "hamlet", "population": 0, "name": "وادي نسيل" }, "geometry": { "type": "Point", "coordinates": [ 56.4333377, 24.315969 ] } },
{ "type": "Feature", "properties": { "osm_id": "7045232546", "code": 1050, "fclass": "locality", "population": 0, "name": "وادي المرة" }, "geometry": { "type": "Point", "coordinates": [ 36.7339, 26.0294 ] } },
{ "type": "Feature", "properties": { "osm_id": "7045247805", "code": 1050, "fclass": "locality", "population": 0, "name": "وادي العرجاء" }, "geometry": { "type": "Point", "coordinates": [ 36.6582, 26.0724 ] } },
{ "type": "Feature", "properties": { "osm_id": "7045252415", "code": 1050, "fclass": "locality", "population": 0, "name": "وادي زاعم" }, "geometry": { "type": "Point", "coordinates": [ 36.4448, 26.2979 ] } },
{ "type": "Feature", "properties": { "osm_id": "7045264102", "code": 1050, "fclass": "locality", "population": 0, "name": "وادي ابا العجاج" }, "geometry": { "type": "Point", "coordinates": [ 36.8065, 25.9891 ] } },
{ "type": "Feature", "properties": { "osm_id": "7055463123", "code": 1003, "fclass": "village", "population": 0, "name": "وادي العيص" }, "geometry": { "type": "Point", "coordinates": [ 57.6151764, 23.7665784 ] } },
{ "type": "Feature", "properties": { "osm_id": "7073227999", "code": 1003, "fclass": "village", "population": 0, "name": "روضة شبيرمه" }, "geometry": { "type": "Point", "coordinates": [ 43.5292007, 24.6628112 ] } },
{ "type": "Feature", "properties": { "osm_id": "7075757079", "code": 1003, "fclass": "village", "population": 0, "name": "روضة ابن حباب" }, "geometry": { "type": "Point", "coordinates": [ 43.7244348, 24.7960952 ] } },
{ "type": "Feature", "properties": { "osm_id": "7114438681", "code": 1004, "fclass": "hamlet", "population": 0, "name": "همجة وادي الخوير" }, "geometry": { "type": "Point", "coordinates": [ 43.2040237, 27.6135108 ] } },
{ "type": "Feature", "properties": { "osm_id": "7136053108", "code": 1050, "fclass": "locality", "population": 0, "name": "وادي الحمل" }, "geometry": { "type": "Point", "coordinates": [ 44.3905, 21.4438 ] } },
{ "type": "Feature", "properties": { "osm_id": "7138589605", "code": 1050, "fclass": "locality", "population": 0, "name": "شعيب نير" }, "geometry": { "type": "Point", "coordinates": [ 45.4298969, 20.791209 ] } },
{ "type": "Feature", "properties": { "osm_id": "7139442476", "code": 1050, "fclass": "locality", "population": 0, "name": "سوق الإبل بوادي الدواسر" }, "geometry": { "type": "Point", "coordinates": [ 44.8139806, 20.4786825 ] } },
{ "type": "Feature", "properties": { "osm_id": "7139477203", "code": 1050, "fclass": "locality", "population": 0, "name": "مسلخ بلدية وادي الدواسر" }, "geometry": { "type": "Point", "coordinates": [ 44.8124685, 20.486399 ] } },
{ "type": "Feature", "properties": { "osm_id": "7144593607", "code": 1050, "fclass": "locality", "population": 0, "name": "شعيب نير" }, "geometry": { "type": "Point", "coordinates": [ 45.5343212, 20.7964424 ] } },
{ "type": "Feature", "properties": { "osm_id": "7144593608", "code": 1050, "fclass": "locality", "population": 0, "name": "شعيب ثرار" }, "geometry": { "type": "Point", "coordinates": [ 45.5025938, 20.76986 ] } },
{ "type": "Feature", "properties": { "osm_id": "7165443049", "code": 1050, "fclass": "locality", "population": 0, "name": "بوابة شعيب الفحيحيل - أبوفحيحيل" }, "geometry": { "type": "Point", "coordinates": [ 45.9970348, 25.2952041 ] } },
{ "type": "Feature", "properties": { "osm_id": "7169681057", "code": 1003, "fclass": "village", "population": 0, "name": "روضة العوازم" }, "geometry": { "type": "Point", "coordinates": [ 42.7765273, 25.5920423 ] } },
{ "type": "Feature", "properties": { "osm_id": "7183310527", "code": 1050, "fclass": "locality", "population": 0, "name": "شعيب سمير" }, "geometry": { "type": "Point", "coordinates": [ 45.4718094, 20.5356007 ] } },
{ "type": "Feature", "properties": { "osm_id": "7183318590", "code": 1050, "fclass": "locality", "population": 0, "name": "شعيب سديرة" }, "geometry": { "type": "Point", "coordinates": [ 45.5429497, 20.6758709 ] } },
{ "type": "Feature", "properties": { "osm_id": "7183339064", "code": 1050, "fclass": "locality", "population": 0, "name": "شعيب تمرة الايسر" }, "geometry": { "type": "Point", "coordinates": [ 45.4087522, 20.3738872 ] } },
{ "type": "Feature", "properties": { "osm_id": "7183339698", "code": 1050, "fclass": "locality", "population": 0, "name": "شعيب تمرة الايمن" }, "geometry": { "type": "Point", "coordinates": [ 45.382706, 20.367493 ] } },
{ "type": "Feature", "properties": { "osm_id": "7215421822", "code": 1050, "fclass": "locality", "population": 0, "name": "وادي الصوق" }, "geometry": { "type": "Point", "coordinates": [ 44.4779206, 19.3049043 ] } },
{ "type": "Feature", "properties": { "osm_id": "7278007769", "code": 1050, "fclass": "locality", "population": 0, "name": "وادي طيب اسم" }, "geometry": { "type": "Point", "coordinates": [ 34.8014268, 28.5598165 ] } },
{ "type": "Feature", "properties": { "osm_id": "7319396157", "code": 1050, "fclass": "locality", "population": 0, "name": "وادي الصاني" }, "geometry": { "type": "Point", "coordinates": [ 37.2918411, 28.002504 ] } },
{ "type": "Feature", "properties": { "osm_id": "7319435620", "code": 1050, "fclass": "locality", "population": 0, "name": "وادي لصان" }, "geometry": { "type": "Point", "coordinates": [ 37.2889313, 28.0106129 ] } },
{ "type": "Feature", "properties": { "osm_id": "7319452794", "code": 1050, "fclass": "locality", "population": 0, "name": "وادي الصاني" }, "geometry": { "type": "Point", "coordinates": [ 37.3274233, 27.9436725 ] } },
{ "type": "Feature", "properties": { "osm_id": "7364522074", "code": 1050, "fclass": "locality", "population": 0, "name": "جبل عبلاء" }, "geometry": { "type": "Point", "coordinates": [ 41.9205824, 20.164844 ] } },
{ "type": "Feature", "properties": { "osm_id": "7364677315", "code": 1050, "fclass": "locality", "population": 0, "name": "رحى جبل عبلاء" }, "geometry": { "type": "Point", "coordinates": [ 41.9265496, 20.1702033 ] } },
{ "type": "Feature", "properties": { "osm_id": "7364689366", "code": 1050, "fclass": "locality", "population": 0, "name": "جبل عبلاء" }, "geometry": { "type": "Point", "coordinates": [ 41.9178008, 20.1656495 ] } },
{ "type": "Feature", "properties": { "osm_id": "7377435581", "code": 1004, "fclass": "hamlet", "population": 0, "name": "الروضة" }, "geometry": { "type": "Point", "coordinates": [ 43.384264, 24.2877016 ] } },
{ "type": "Feature", "properties": { "osm_id": "7467184686", "code": 1050, "fclass": "locality", "population": 0, "name": "شعيب محبط" }, "geometry": { "type": "Point", "coordinates": [ 45.835197, 21.6242992 ] } },
{ "type": "Feature", "properties": { "osm_id": "7535499285", "code": 1050, "fclass": "locality", "population": 0, "name": "شعيب جريبيعه" }, "geometry": { "type": "Point", "coordinates": [ 40.0607113, 25.986784 ] } },
{ "type": "Feature", "properties": { "osm_id": "7550015841", "code": 1050, "fclass": "locality", "population": 0, "name": "شعيب وعرة" }, "geometry": { "type": "Point", "coordinates": [ 45.3858454, 20.6053062 ] } },
{ "type": "Feature", "properties": { "osm_id": "7579775346", "code": 1050, "fclass": "locality", "population": 0, "name": "وادي محلة" }, "geometry": { "type": "Point", "coordinates": [ 38.7090947, 24.0347939 ] } },
{ "type": "Feature", "properties": { "osm_id": "7650199587", "code": 1004, "fclass": "hamlet", "population": 0, "name": "شعيب الصيافة" }, "geometry": { "type": "Point", "coordinates": [ 39.2555237, 25.7756533 ] } },
{ "type": "Feature", "properties": { "osm_id": "7677950514", "code": 1003, "fclass": "village", "population": 0, "name": "الواديين" }, "geometry": { "type": "Point", "coordinates": [ 37.612333, 24.371001 ] } },
{ "type": "Feature", "properties": { "osm_id": "7678097193", "code": 1003, "fclass": "village", "population": 0, "name": "وادي المجز" }, "geometry": { "type": "Point", "coordinates": [ 39.683993, 23.933854 ] } },
{ "type": "Feature", "properties": { "osm_id": "7684022180", "code": 1003, "fclass": "village", "population": 0, "name": "وادي الحنو" }, "geometry": { "type": "Point", "coordinates": [ 39.557807, 23.933066 ] } },
{ "type": "Feature", "properties": { "osm_id": "7684022181", "code": 1003, "fclass": "village", "population": 0, "name": "وادي حظة" }, "geometry": { "type": "Point", "coordinates": [ 39.413466, 23.993575 ] } },
{ "type": "Feature", "properties": { "osm_id": "7684022182", "code": 1003, "fclass": "village", "population": 0, "name": "وادي ريم" }, "geometry": { "type": "Point", "coordinates": [ 39.366968, 23.962157 ] } },
{ "type": "Feature", "properties": { "osm_id": "7684117089", "code": 1003, "fclass": "village", "population": 0, "name": "شعيب انفة" }, "geometry": { "type": "Point", "coordinates": [ 39.5106132, 23.8335153 ] } },
{ "type": "Feature", "properties": { "osm_id": "7684858994", "code": 1003, "fclass": "village", "population": 0, "name": "وادي سنان" }, "geometry": { "type": "Point", "coordinates": [ 38.219204, 24.727877 ] } },
{ "type": "Feature", "properties": { "osm_id": "7684858996", "code": 1004, "fclass": "hamlet", "population": 0, "name": "وادي ضاس" }, "geometry": { "type": "Point", "coordinates": [ 38.430033, 24.580433 ] } },
{ "type": "Feature", "properties": { "osm_id": "7695217584", "code": 1003, "fclass": "village", "population": 0, "name": "مشرفة بالجبل" }, "geometry": { "type": "Point", "coordinates": [ 40.501773, 22.643688 ] } },
{ "type": "Feature", "properties": { "osm_id": "7695219490", "code": 1004, "fclass": "hamlet", "population": 0, "name": "وادي عشر" }, "geometry": { "type": "Point", "coordinates": [ 39.9450975, 22.9531961 ] } },
{ "type": "Feature", "properties": { "osm_id": "7695241533", "code": 1003, "fclass": "village", "population": 0, "name": "الشعيبين" }, "geometry": { "type": "Point", "coordinates": [ 40.417132, 23.222846 ] } },
{ "type": "Feature", "properties": { "osm_id": "7695288538", "code": 1003, "fclass": "village", "population": 0, "name": "الفيضة" }, "geometry": { "type": "Point", "coordinates": [ 41.068299, 23.108136 ] } },
{ "type": "Feature", "properties": { "osm_id": "7706823941", "code": 1003, "fclass": "village", "population": 0, "name": "وادي عباثر" }, "geometry": { "type": "Point", "coordinates": [ 38.513626, 24.502677 ] } },
{ "type": "Feature", "properties": { "osm_id": "7710071385", "code": 1003, "fclass": "village", "population": 0, "name": "وادي ظلامة" }, "geometry": { "type": "Point", "coordinates": [ 39.563085, 23.711355 ] } },
{ "type": "Feature", "properties": { "osm_id": "7710071386", "code": 1003, "fclass": "village", "population": 0, "name": "وادي العقدة" }, "geometry": { "type": "Point", "coordinates": [ 39.507929, 23.730077 ] } },
{ "type": "Feature", "properties": { "osm_id": "7713563092", "code": 1003, "fclass": "village", "population": 0, "name": "وادي العطشان" }, "geometry": { "type": "Point", "coordinates": [ 39.6995278, 23.4925603 ] } },
{ "type": "Feature", "properties": { "osm_id": "7736150215", "code": 1003, "fclass": "village", "population": 0, "name": "المنتزه" }, "geometry": { "type": "Point", "coordinates": [ 41.625461, 24.348917 ] } },
{ "type": "Feature", "properties": { "osm_id": "7775333185", "code": 1003, "fclass": "village", "population": 8000, "name": "وادي النخيل" }, "geometry": { "type": "Point", "coordinates": [ 42.828617, 25.4254629 ] } },
{ "type": "Feature", "properties": { "osm_id": "7972800069", "code": 1003, "fclass": "village", "population": 0, "name": "جبله" }, "geometry": { "type": "Point", "coordinates": [ 40.6645851, 25.4989471 ] } },
{ "type": "Feature", "properties": { "osm_id": "7972851866", "code": 1003, "fclass": "village", "population": 0, "name": "فيضة المسعار" }, "geometry": { "type": "Point", "coordinates": [ 41.0127053, 25.6170793 ] } },
{ "type": "Feature", "properties": { "osm_id": "8156105654", "code": 1050, "fclass": "locality", "population": 0, "name": "فياض الكدر" }, "geometry": { "type": "Point", "coordinates": [ 44.0242863, 27.6492919 ] } },
{ "type": "Feature", "properties": { "osm_id": "8156120249", "code": 1050, "fclass": "locality", "population": 0, "name": "عروق الشعيبة" }, "geometry": { "type": "Point", "coordinates": [ 42.5727508, 28.0667615 ] } },
{ "type": "Feature", "properties": { "osm_id": "8270398017", "code": 1050, "fclass": "locality", "population": 0, "name": "فيضة الهوبجه" }, "geometry": { "type": "Point", "coordinates": [ 45.0727272, 25.4669527 ] } },
{ "type": "Feature", "properties": { "osm_id": "8283354517", "code": 1050, "fclass": "locality", "population": 0, "name": "فيضة مداح الواسعة" }, "geometry": { "type": "Point", "coordinates": [ 42.4278194, 29.9511117 ] } },
{ "type": "Feature", "properties": { "osm_id": "8323875578", "code": 1050, "fclass": "locality", "population": 0, "name": "روضة قدران" }, "geometry": { "type": "Point", "coordinates": [ 39.9353088, 29.8784598 ] } },
{ "type": "Feature", "properties": { "osm_id": "8384203988", "code": 1003, "fclass": "village", "population": 0, "name": "الروضة" }, "geometry": { "type": "Point", "coordinates": [ 44.8119745, 26.2800489 ] } },
{ "type": "Feature", "properties": { "osm_id": "8412248600", "code": 1004, "fclass": "hamlet", "population": 0, "name": "فيضة مغيراء" }, "geometry": { "type": "Point", "coordinates": [ 41.9158249, 23.4131864 ] } },
{ "type": "Feature", "properties": { "osm_id": "8461011085", "code": 1050, "fclass": "locality", "population": 0, "name": "فيضة أم جمس" }, "geometry": { "type": "Point", "coordinates": [ 44.6018448, 28.7594833 ] } },
{ "type": "Feature", "properties": { "osm_id": "8462912329", "code": 1050, "fclass": "locality", "population": 0, "name": "روضة رنية بلحجاز" }, "geometry": { "type": "Point", "coordinates": [ 43.628926, 21.637483 ] } },
{ "type": "Feature", "properties": { "osm_id": "8510923219", "code": 1050, "fclass": "locality", "population": 0, "name": "فيضة غرب القصير" }, "geometry": { "type": "Point", "coordinates": [ 41.507737, 30.3861074 ] } },
{ "type": "Feature", "properties": { "osm_id": "8532002317", "code": 1050, "fclass": "locality", "population": 0, "name": "فيضة المذبح" }, "geometry": { "type": "Point", "coordinates": [ 41.5031364, 30.383001 ] } },
{ "type": "Feature", "properties": { "osm_id": "8545179618", "code": 1050, "fclass": "locality", "population": 0, "name": "وادي عيار" }, "geometry": { "type": "Point", "coordinates": [ 39.8092636, 25.1308635 ] } },
{ "type": "Feature", "properties": { "osm_id": "8579544466", "code": 1003, "fclass": "village", "population": 0, "name": "روضة بن نورة" }, "geometry": { "type": "Point", "coordinates": [ 43.40277, 18.4239798 ] } },
{ "type": "Feature", "properties": { "osm_id": "8688886215", "code": 1003, "fclass": "village", "population": 0, "name": "وادي الرهط" }, "geometry": { "type": "Point", "coordinates": [ 43.2887008, 18.0264434 ] } },
{ "type": "Feature", "properties": { "osm_id": "8712455714", "code": 1003, "fclass": "village", "population": 500, "name": "فيضة أبان الأحمر" }, "geometry": { "type": "Point", "coordinates": [ 42.854793, 25.4441045 ] } },
{ "type": "Feature", "properties": { "osm_id": "8804424498", "code": 1003, "fclass": "village", "population": 0, "name": "روضة فردة" }, "geometry": { "type": "Point", "coordinates": [ 43.9944654, 25.6099199 ] } },
{ "type": "Feature", "properties": { "osm_id": "8929320460", "code": 1003, "fclass": "village", "population": 0, "name": "Wadi Al haimli" }, "geometry": { "type": "Point", "coordinates": [ 57.2095997, 23.5765789 ] } },
{ "type": "Feature", "properties": { "osm_id": "9009333156", "code": 1050, "fclass": "locality", "population": 0, "name": "فيضة الرّحبه" }, "geometry": { "type": "Point", "coordinates": [ 39.8918067, 29.8656139 ] } },
{ "type": "Feature", "properties": { "osm_id": "9103858677", "code": 1004, "fclass": "hamlet", "population": 0, "name": "وادي اموبلة" }, "geometry": { "type": "Point", "coordinates": [ 41.8125087, 18.2129745 ] } },
{ "type": "Feature", "properties": { "osm_id": "9182176279", "code": 1050, "fclass": "locality", "population": 0, "name": "شعيب ابو حرمل" }, "geometry": { "type": "Point", "coordinates": [ 46.49237, 20.49262 ] } },
{ "type": "Feature", "properties": { "osm_id": "9191271383", "code": 1003, "fclass": "village", "population": 0, "name": "وادي ذهب" }, "geometry": { "type": "Point", "coordinates": [ 42.8567879, 17.9447001 ] } },
{ "type": "Feature", "properties": { "osm_id": "9359053814", "code": 1050, "fclass": "locality", "population": 0, "name": "شعيب اللصفي" }, "geometry": { "type": "Point", "coordinates": [ 43.9553653, 27.1053415 ] } },
{ "type": "Feature", "properties": { "osm_id": "9359184491", "code": 1050, "fclass": "locality", "population": 0, "name": "فيضة ام غزالة" }, "geometry": { "type": "Point", "coordinates": [ 43.7205511, 27.0963761 ] } },
{ "type": "Feature", "properties": { "osm_id": "9630591025", "code": 1004, "fclass": "hamlet", "population": 0, "name": "غزالة النفود" }, "geometry": { "type": "Point", "coordinates": [ 41.4298296, 28.1592273 ] } },
{ "type": "Feature", "properties": { "osm_id": "9644407473", "code": 1003, "fclass": "village", "population": 0, "name": "قرى جبل البلس" }, "geometry": { "type": "Point", "coordinates": [ 41.8648458, 19.8135776 ] } },
{ "type": "Feature", "properties": { "osm_id": "9644409759", "code": 1003, "fclass": "village", "population": 0, "name": "قرى وادي عياس" }, "geometry": { "type": "Point", "coordinates": [ 41.2325476, 20.1345848 ] } },
{ "type": "Feature", "properties": { "osm_id": "9644418049", "code": 1003, "fclass": "village", "population": 0, "name": "قرى وادي غليلة" }, "geometry": { "type": "Point", "coordinates": [ 41.2045146, 20.1274512 ] } },
{ "type": "Feature", "properties": { "osm_id": "9644462914", "code": 1004, "fclass": "hamlet", "population": 0, "name": "فيضة السلمات" }, "geometry": { "type": "Point", "coordinates": [ 42.8192377, 25.5889973 ] } },
{ "type": "Feature", "properties": { "osm_id": "9644487356", "code": 1003, "fclass": "village", "population": 0, "name": "فيضة العبسي" }, "geometry": { "type": "Point", "coordinates": [ 43.6330033, 24.545869 ] } },
{ "type": "Feature", "properties": { "osm_id": "9644487772", "code": 1003, "fclass": "village", "population": 0, "name": "قرى وادي أشحط" }, "geometry": { "type": "Point", "coordinates": [ 41.2597061, 20.0615736 ] } },
{ "type": "Feature", "properties": { "osm_id": "9753804001", "code": 1003, "fclass": "village", "population": 0, "name": "الروضة" }, "geometry": { "type": "Point", "coordinates": [ 43.5881016, 18.9176544 ] } },
{ "type": "Feature", "properties": { "osm_id": "9778382028", "code": 1004, "fclass": "hamlet", "population": 0, "name": "روضة عسعس" }, "geometry": { "type": "Point", "coordinates": [ 42.9568206, 24.5501237 ] } },
{ "type": "Feature", "properties": { "osm_id": "9893027450", "code": 1050, "fclass": "locality", "population": 0, "name": "كثيب الحنَّان" }, "geometry": { "type": "Point", "coordinates": [ 38.7663334, 23.8075031 ] } },
{ "type": "Feature", "properties": { "osm_id": "9976911320", "code": 1050, "fclass": "locality", "population": 0, "name": "سبخة مطي" }, "geometry": { "type": "Point", "coordinates": [ 52.0257555, 23.8393707 ] } },
{ "type": "Feature", "properties": { "osm_id": "10025889548", "code": 1004, "fclass": "hamlet", "population": 0, "name": "وادي ضرق" }, "geometry": { "type": "Point", "coordinates": [ 53.3621996, 16.8083861 ] } },
{ "type": "Feature", "properties": { "osm_id": "10048412152", "code": 1004, "fclass": "hamlet", "population": 0, "name": "وادي المعبر" }, "geometry": { "type": "Point", "coordinates": [ 56.5008974, 19.9001639 ] } },
{ "type": "Feature", "properties": { "osm_id": "10080739000", "code": 1050, "fclass": "locality", "population": 0, "name": "وادي ثفه" }, "geometry": { "type": "Point", "coordinates": [ 37.369293, 25.8584278 ] } },
{ "type": "Feature", "properties": { "osm_id": "10080739179", "code": 1050, "fclass": "locality", "population": 0, "name": "وادي مرخ" }, "geometry": { "type": "Point", "coordinates": [ 37.2195897, 25.3059493 ] } },
{ "type": "Feature", "properties": { "osm_id": "10080745873", "code": 1050, "fclass": "locality", "population": 0, "name": "وادي العنق" }, "geometry": { "type": "Point", "coordinates": [ 37.6050795, 25.739079 ] } },
{ "type": "Feature", "properties": { "osm_id": "10080759353", "code": 1050, "fclass": "locality", "population": 0, "name": "وادي الطبيقا" }, "geometry": { "type": "Point", "coordinates": [ 37.4269862, 25.8307575 ] } },
{ "type": "Feature", "properties": { "osm_id": "10080783973", "code": 1050, "fclass": "locality", "population": 0, "name": "وادي سبق" }, "geometry": { "type": "Point", "coordinates": [ 36.9983459, 25.5982393 ] } },
{ "type": "Feature", "properties": { "osm_id": "10080785253", "code": 1050, "fclass": "locality", "population": 0, "name": "وادي مثر" }, "geometry": { "type": "Point", "coordinates": [ 37.5773252, 25.7600768 ] } },
{ "type": "Feature", "properties": { "osm_id": "10080785377", "code": 1050, "fclass": "locality", "population": 0, "name": "وادي مليح" }, "geometry": { "type": "Point", "coordinates": [ 37.487329, 25.8003411 ] } },
{ "type": "Feature", "properties": { "osm_id": "10080785557", "code": 1050, "fclass": "locality", "population": 0, "name": "وادي النضوح" }, "geometry": { "type": "Point", "coordinates": [ 37.5198124, 25.7882148 ] } },
{ "type": "Feature", "properties": { "osm_id": "10080944835", "code": 1003, "fclass": "village", "population": 0, "name": "وادي أسود" }, "geometry": { "type": "Point", "coordinates": [ 56.6277719, 22.7222736 ] } },
{ "type": "Feature", "properties": { "osm_id": "10080944837", "code": 1004, "fclass": "hamlet", "population": 0, "name": "وادي سال" }, "geometry": { "type": "Point", "coordinates": [ 56.7923275, 22.7547454 ] } },
{ "type": "Feature", "properties": { "osm_id": "10082602974", "code": 1003, "fclass": "village", "population": 0, "name": "وادي يريف" }, "geometry": { "type": "Point", "coordinates": [ 59.4802508, 22.2765129 ] } },
{ "type": "Feature", "properties": { "osm_id": "10284943173", "code": 1003, "fclass": "village", "population": 0, "name": "السبخة" }, "geometry": { "type": "Point", "coordinates": [ 42.5243794, 17.0813004 ] } },
{ "type": "Feature", "properties": { "osm_id": "10313027733", "code": 1050, "fclass": "locality", "population": 0, "name": "سبخة الخشم" }, "geometry": { "type": "Point", "coordinates": [ 51.7692088, 23.8291631 ] } },
{ "type": "Feature", "properties": { "osm_id": "10580313856", "code": 1003, "fclass": "village", "population": 0, "name": "وادي خوس" }, "geometry": { "type": "Point", "coordinates": [ 56.4424938, 23.4947451 ] } },
{ "type": "Feature", "properties": { "osm_id": "10606435640", "code": 1003, "fclass": "village", "population": 0, "name": "دار الجبل" }, "geometry": { "type": "Point", "coordinates": [ 41.4837005, 19.9470153 ] } },
{ "type": "Feature", "properties": { "osm_id": "10882706748", "code": 1003, "fclass": "village", "population": 0, "name": "الفيضة" }, "geometry": { "type": "Point", "coordinates": [ 43.9632904, 19.3420591 ] } },
{ "type": "Feature", "properties": { "osm_id": "10976934506", "code": 1004, "fclass": "hamlet", "population": 0, "name": "وادي طير" }, "geometry": { "type": "Point", "coordinates": [ 42.9189912, 16.8077535 ] } },
{ "type": "Feature", "properties": { "osm_id": "11033740188", "code": 1003, "fclass": "village", "population": 0, "name": "وادي الساهية" }, "geometry": { "type": "Point", "coordinates": [ 43.0884647, 17.0631849 ] } },
{ "type": "Feature", "properties": { "osm_id": "11039794124", "code": 1004, "fclass": "hamlet", "population": 0, "name": "الردحة الجبلية" }, "geometry": { "type": "Point", "coordinates": [ 43.0208731, 17.0344899 ] } },
{ "type": "Feature", "properties": { "osm_id": "11053876512", "code": 1003, "fclass": "village", "population": 130, "name": "وادي الحمامدة" }, "geometry": { "type": "Point", "coordinates": [ 57.494299, 23.7982547 ] } },
{ "type": "Feature", "properties": { "osm_id": "11148907443", "code": 1004, "fclass": "hamlet", "population": 0, "name": "قرية وادي عرم" }, "geometry": { "type": "Point", "coordinates": [ 42.3101091, 18.5027977 ] } },
{ "type": "Feature", "properties": { "osm_id": "11160205165", "code": 1004, "fclass": "hamlet", "population": 0, "name": "روضة الطليحة" }, "geometry": { "type": "Point", "coordinates": [ 43.2516346, 27.4087094 ] } },
{ "type": "Feature", "properties": { "osm_id": "11164918446", "code": 1003, "fclass": "village", "population": 0, "name": "وادي الرباح" }, "geometry": { "type": "Point", "coordinates": [ 42.916975, 16.8634446 ] } },
{ "type": "Feature", "properties": { "osm_id": "11164918458", "code": 1004, "fclass": "hamlet", "population": 0, "name": "جبل القلفوع" }, "geometry": { "type": "Point", "coordinates": [ 42.9773998, 16.9389571 ] } },
{ "type": "Feature", "properties": { "osm_id": "11294626286", "code": 1050, "fclass": "locality", "population": 0, "name": "Wadi Al Masalah" }, "geometry": { "type": "Point", "coordinates": [ 57.3679048, 23.0709364 ] } },
{ "type": "Feature", "properties": { "osm_id": "11339255452", "code": 1003, "fclass": "village", "population": 0, "name": "وادي الكبب" }, "geometry": { "type": "Point", "coordinates": [ 41.8650475, 18.2672424 ] } },
{ "type": "Feature", "properties": { "osm_id": "11417096188", "code": 1004, "fclass": "hamlet", "population": 0, "name": "Lahsa, Wadi Jib" }, "geometry": { "type": "Point", "coordinates": [ 56.1423769, 25.9094411 ] } },
{ "type": "Feature", "properties": { "osm_id": "11598189514", "code": 1003, "fclass": "village", "population": 0, "name": "فياض الضحايا" }, "geometry": { "type": "Point", "coordinates": [ 39.9506846, 26.1578254 ] } },
{ "type": "Feature", "properties": { "osm_id": "11832593055", "code": 1004, "fclass": "hamlet", "population": 0, "name": "Wadi al Kawr" }, "geometry": { "type": "Point", "coordinates": [ 56.2036345, 25.8361325 ] } },
{ "type": "Feature", "properties": { "osm_id": "11870002831", "code": 1004, "fclass": "hamlet", "population": 0, "name": "وادي شرى" }, "geometry": { "type": "Point", "coordinates": [ 41.7684271, 19.78937 ] } },
{ "type": "Feature", "properties": { "osm_id": "11870047699", "code": 1050, "fclass": "locality", "population": 0, "name": "علم سبخة الرشدان" }, "geometry": { "type": "Point", "coordinates": [ 51.7765381, 20.0342569 ] } },
{ "type": "Feature", "properties": { "osm_id": "11870047704", "code": 1050, "fclass": "locality", "population": 0, "name": "روضة أم قَبر" }, "geometry": { "type": "Point", "coordinates": [ 43.7716123, 26.629391 ] } },
{ "type": "Feature", "properties": { "osm_id": "11870047757", "code": 1050, "fclass": "locality", "population": 0, "name": "نفود الغويطة" }, "geometry": { "type": "Point", "coordinates": [ 39.1232326, 29.6408009 ] } },
{ "type": "Feature", "properties": { "osm_id": "11870047800", "code": 1050, "fclass": "locality", "population": 0, "name": "روضة البُسَيتين الشَّرقي" }, "geometry": { "type": "Point", "coordinates": [ 43.7676477, 26.6899855 ] } },
{ "type": "Feature", "properties": { "osm_id": "11870047851", "code": 1050, "fclass": "locality", "population": 0, "name": "روضة التوضحيّة" }, "geometry": { "type": "Point", "coordinates": [ 48.058447, 24.1901022 ] } },
{ "type": "Feature", "properties": { "osm_id": "11870047873", "code": 1050, "fclass": "locality", "population": 0, "name": "روضة أم كُهَيف" }, "geometry": { "type": "Point", "coordinates": [ 43.8115198, 26.5176133 ] } },
{ "type": "Feature", "properties": { "osm_id": "11870047881", "code": 1050, "fclass": "locality", "population": 0, "name": "فيضة الشِّعب" }, "geometry": { "type": "Point", "coordinates": [ 42.6910893, 25.4499644 ] } },
{ "type": "Feature", "properties": { "osm_id": "11870048085", "code": 1050, "fclass": "locality", "population": 0, "name": "نفود النعيجة" }, "geometry": { "type": "Point", "coordinates": [ 47.6895516, 26.8484247 ] } },
{ "type": "Feature", "properties": { "osm_id": "11870048218", "code": 1050, "fclass": "locality", "population": 0, "name": "روضة مريغة" }, "geometry": { "type": "Point", "coordinates": [ 47.2152177, 27.2843384 ] } },
{ "type": "Feature", "properties": { "osm_id": "11870048421", "code": 1050, "fclass": "locality", "population": 0, "name": "نفود السيف" }, "geometry": { "type": "Point", "coordinates": [ 41.1134971, 27.8501373 ] } },
{ "type": "Feature", "properties": { "osm_id": "11870048466", "code": 1050, "fclass": "locality", "population": 0, "name": "روضة مريفقيّة" }, "geometry": { "type": "Point", "coordinates": [ 43.8635771, 26.9157486 ] } },
{ "type": "Feature", "properties": { "osm_id": "11870048493", "code": 1050, "fclass": "locality", "population": 0, "name": "روضة العَوجاء" }, "geometry": { "type": "Point", "coordinates": [ 44.3951933, 26.2365974 ] } },
{ "type": "Feature", "properties": { "osm_id": "11870251035", "code": 1050, "fclass": "locality", "population": 0, "name": "روضة أم شَرع" }, "geometry": { "type": "Point", "coordinates": [ 43.7759165, 26.5997052 ] } },
{ "type": "Feature", "properties": { "osm_id": "11870256429", "code": 1050, "fclass": "locality", "population": 0, "name": "كبع السبخة" }, "geometry": { "type": "Point", "coordinates": [ 51.533645, 23.7669067 ] } },
{ "type": "Feature", "properties": { "osm_id": "11870256441", "code": 1050, "fclass": "locality", "population": 0, "name": "روضة أبا العِشَر" }, "geometry": { "type": "Point", "coordinates": [ 43.7712363, 26.5707758 ] } },
{ "type": "Feature", "properties": { "osm_id": "11870259037", "code": 1050, "fclass": "locality", "population": 0, "name": "نفود مُشرِف" }, "geometry": { "type": "Point", "coordinates": [ 43.7403713, 26.0992509 ] } },
{ "type": "Feature", "properties": { "osm_id": "11870259038", "code": 1050, "fclass": "locality", "population": 0, "name": "نفود المخيتم" }, "geometry": { "type": "Point", "coordinates": [ 43.6730185, 23.3883413 ] } },
{ "type": "Feature", "properties": { "osm_id": "11870263575", "code": 1050, "fclass": "locality", "population": 0, "name": "نفود الصَّلعَاء" }, "geometry": { "type": "Point", "coordinates": [ 43.6183689, 26.2037253 ] } },
{ "type": "Feature", "properties": { "osm_id": "11870268220", "code": 1003, "fclass": "village", "population": 0, "name": "أبو شعيب" }, "geometry": { "type": "Point", "coordinates": [ 39.700736, 21.5846031 ] } },
{ "type": "Feature", "properties": { "osm_id": "11870273868", "code": 1050, "fclass": "locality", "population": 0, "name": "روضة أم الأفاعي" }, "geometry": { "type": "Point", "coordinates": [ 43.7904916, 26.5918427 ] } },
{ "type": "Feature", "properties": { "osm_id": "11870275400", "code": 1050, "fclass": "locality", "population": 0, "name": "نفود المراوين" }, "geometry": { "type": "Point", "coordinates": [ 37.3646296, 25.0374564 ] } },
{ "type": "Feature", "properties": { "osm_id": "11870737787", "code": 1050, "fclass": "locality", "population": 0, "name": "روضة العَرِيفي" }, "geometry": { "type": "Point", "coordinates": [ 43.7672326, 26.663879 ] } },
{ "type": "Feature", "properties": { "osm_id": "11870737884", "code": 1050, "fclass": "locality", "population": 0, "name": "نفود الحَومة" }, "geometry": { "type": "Point", "coordinates": [ 42.714012, 27.9810946 ] } },
{ "type": "Feature", "properties": { "osm_id": "11870738111", "code": 1050, "fclass": "locality", "population": 0, "name": "خب فيضة" }, "geometry": { "type": "Point", "coordinates": [ 41.3622798, 28.4480679 ] } },
{ "type": "Feature", "properties": { "osm_id": "11870738163", "code": 1050, "fclass": "locality", "population": 0, "name": "روضة أم القَوام" }, "geometry": { "type": "Point", "coordinates": [ 43.9812851, 26.5331327 ] } },
{ "type": "Feature", "properties": { "osm_id": "11870738309", "code": 1004, "fclass": "hamlet", "population": 0, "name": "الشعيبة" }, "geometry": { "type": "Point", "coordinates": [ 39.5368878, 20.6889196 ] } },
{ "type": "Feature", "properties": { "osm_id": "11870738435", "code": 1050, "fclass": "locality", "population": 0, "name": "رجوم جبلة" }, "geometry": { "type": "Point", "coordinates": [ 48.2862814, 24.9051338 ] } },
{ "type": "Feature", "properties": { "osm_id": "11870738497", "code": 1050, "fclass": "locality", "population": 0, "name": "عروق سبخة الظباء" }, "geometry": { "type": "Point", "coordinates": [ 51.5645544, 20.4702454 ] } },
{ "type": "Feature", "properties": { "osm_id": "11870738532", "code": 1050, "fclass": "locality", "population": 0, "name": "نفود الخطيم" }, "geometry": { "type": "Point", "coordinates": [ 42.6175433, 25.6104156 ] } },
{ "type": "Feature", "properties": { "osm_id": "11870738586", "code": 1050, "fclass": "locality", "population": 0, "name": "فيضة المليساء" }, "geometry": { "type": "Point", "coordinates": [ 44.8967694, 29.1704379 ] } },
{ "type": "Feature", "properties": { "osm_id": "11870738661", "code": 1050, "fclass": "locality", "population": 0, "name": "سبخة هدي" }, "geometry": { "type": "Point", "coordinates": [ 53.3113865, 22.8036161 ] } },
{ "type": "Feature", "properties": { "osm_id": "11870939701", "code": 1050, "fclass": "locality", "population": 0, "name": "روضة النِّهابَة" }, "geometry": { "type": "Point", "coordinates": [ 43.8196068, 26.6744695 ] } },
{ "type": "Feature", "properties": { "osm_id": "11870939739", "code": 1050, "fclass": "locality", "population": 0, "name": "فيضة النُّمَيلات" }, "geometry": { "type": "Point", "coordinates": [ 44.4038301, 26.3279064 ] } },
{ "type": "Feature", "properties": { "osm_id": "11870950411", "code": 1050, "fclass": "locality", "population": 0, "name": "روضة أم زَهر" }, "geometry": { "type": "Point", "coordinates": [ 43.8936504, 26.6681674 ] } },
{ "type": "Feature", "properties": { "osm_id": "11870950413", "code": 1050, "fclass": "locality", "population": 0, "name": "الفياض" }, "geometry": { "type": "Point", "coordinates": [ 40.0658733, 29.9862378 ] } },
{ "type": "Feature", "properties": { "osm_id": "11870950464", "code": 1050, "fclass": "locality", "population": 0, "name": "روضة أم الهَشيم" }, "geometry": { "type": "Point", "coordinates": [ 43.5598911, 26.3957229 ] } },
{ "type": "Feature", "properties": { "osm_id": "11870950514", "code": 1050, "fclass": "locality", "population": 0, "name": "نفود الغَمِيس" }, "geometry": { "type": "Point", "coordinates": [ 43.8996452, 25.9562371 ] } },
{ "type": "Feature", "properties": { "osm_id": "11870950585", "code": 1050, "fclass": "locality", "population": 0, "name": "روضة صنت" }, "geometry": { "type": "Point", "coordinates": [ 45.3484309, 26.7999801 ] } },
{ "type": "Feature", "properties": { "osm_id": "11870950612", "code": 1050, "fclass": "locality", "population": 0, "name": "عرق جبلية المستور" }, "geometry": { "type": "Point", "coordinates": [ 51.6950775, 20.4837292 ] } },
{ "type": "Feature", "properties": { "osm_id": "11870950699", "code": 1050, "fclass": "locality", "population": 0, "name": "نازية فيضة" }, "geometry": { "type": "Point", "coordinates": [ 41.1478124, 28.9416974 ] } },
{ "type": "Feature", "properties": { "osm_id": "11870950765", "code": 1050, "fclass": "locality", "population": 0, "name": "نفود الجرعاء" }, "geometry": { "type": "Point", "coordinates": [ 45.0376399, 27.5992996 ] } },
{ "type": "Feature", "properties": { "osm_id": "11870950846", "code": 1050, "fclass": "locality", "population": 0, "name": "روضة اللُّبَيِّد" }, "geometry": { "type": "Point", "coordinates": [ 43.8734972, 26.8318697 ] } },
{ "type": "Feature", "properties": { "osm_id": "11870950926", "code": 1050, "fclass": "locality", "population": 0, "name": "وادي السرحان" }, "geometry": { "type": "Point", "coordinates": [ 38.1422081, 30.6545854 ] } },
{ "type": "Feature", "properties": { "osm_id": "11870951021", "code": 1050, "fclass": "locality", "population": 0, "name": "روضة طِلاح الحَمَّاد" }, "geometry": { "type": "Point", "coordinates": [ 43.8186009, 26.6078312 ] } },
{ "type": "Feature", "properties": { "osm_id": "11870951097", "code": 1050, "fclass": "locality", "population": 0, "name": "نفود الهمل" }, "geometry": { "type": "Point", "coordinates": [ 45.2775319, 27.3762027 ] } },
{ "type": "Feature", "properties": { "osm_id": "11870951144", "code": 1050, "fclass": "locality", "population": 0, "name": "فياض قليّب خضر" }, "geometry": { "type": "Point", "coordinates": [ 37.8612074, 30.7944711 ] } },
{ "type": "Feature", "properties": { "osm_id": "11870951146", "code": 1050, "fclass": "locality", "population": 0, "name": "نفود الدحي" }, "geometry": { "type": "Point", "coordinates": [ 45.3853483, 22.1863547 ] } },
{ "type": "Feature", "properties": { "osm_id": "11870951232", "code": 1050, "fclass": "locality", "population": 0, "name": "نفود السَّيف" }, "geometry": { "type": "Point", "coordinates": [ 41.3426871, 28.0394513 ] } },
{ "type": "Feature", "properties": { "osm_id": "11871231059", "code": 1050, "fclass": "locality", "population": 0, "name": "نفود الحيزا" }, "geometry": { "type": "Point", "coordinates": [ 39.2142696, 27.4727135 ] } },
{ "type": "Feature", "properties": { "osm_id": "11871306322", "code": 1050, "fclass": "locality", "population": 0, "name": "شعيب الحريقة" }, "geometry": { "type": "Point", "coordinates": [ 41.8398833, 21.0772892 ] } },
{ "type": "Feature", "properties": { "osm_id": "11871306426", "code": 1050, "fclass": "locality", "population": 0, "name": "نفود حنجران" }, "geometry": { "type": "Point", "coordinates": [ 43.067076, 20.9802318 ] } },
{ "type": "Feature", "properties": { "osm_id": "11871306477", "code": 1050, "fclass": "locality", "population": 0, "name": "فيضة دويرة" }, "geometry": { "type": "Point", "coordinates": [ 48.1077544, 26.9865674 ] } },
{ "type": "Feature", "properties": { "osm_id": "11871306496", "code": 1050, "fclass": "locality", "population": 0, "name": "روضة الدُّوَيَّة" }, "geometry": { "type": "Point", "coordinates": [ 43.9000448, 26.6888981 ] } },
{ "type": "Feature", "properties": { "osm_id": "11871306539", "code": 1004, "fclass": "hamlet", "population": 0, "name": "دار الوادي" }, "geometry": { "type": "Point", "coordinates": [ 41.1189399, 19.15734 ] } },
{ "type": "Feature", "properties": { "osm_id": "11871306544", "code": 1050, "fclass": "locality", "population": 0, "name": "جبل القوم" }, "geometry": { "type": "Point", "coordinates": [ 49.9670697, 26.6118298 ] } },
{ "type": "Feature", "properties": { "osm_id": "11871306569", "code": 1050, "fclass": "locality", "population": 0, "name": "فيضة خنيفسان" }, "geometry": { "type": "Point", "coordinates": [ 45.1823046, 24.7022803 ] } },
{ "type": "Feature", "properties": { "osm_id": "11871306579", "code": 1050, "fclass": "locality", "population": 0, "name": "فيضة مفكّ" }, "geometry": { "type": "Point", "coordinates": [ 44.0423222, 29.0797671 ] } },
{ "type": "Feature", "properties": { "osm_id": "11871306776", "code": 1004, "fclass": "hamlet", "population": 0, "name": "روضة الزرع" }, "geometry": { "type": "Point", "coordinates": [ 44.2545383, 25.7839999 ] } },
{ "type": "Feature", "properties": { "osm_id": "11871306847", "code": 1050, "fclass": "locality", "population": 0, "name": "الفياض" }, "geometry": { "type": "Point", "coordinates": [ 40.0666342, 30.0220159 ] } },
{ "type": "Feature", "properties": { "osm_id": "11871306988", "code": 1050, "fclass": "locality", "population": 0, "name": "عروق جبلية الحباك" }, "geometry": { "type": "Point", "coordinates": [ 53.6368871, 20.7014537 ] } },
{ "type": "Feature", "properties": { "osm_id": "11871307014", "code": 1050, "fclass": "locality", "population": 0, "name": "روضة السوّاد" }, "geometry": { "type": "Point", "coordinates": [ 45.1093714, 19.9245751 ] } },
{ "type": "Feature", "properties": { "osm_id": "11871307180", "code": 1050, "fclass": "locality", "population": 0, "name": "روضة سُلَيمان" }, "geometry": { "type": "Point", "coordinates": [ 43.9351335, 26.6134146 ] } },
{ "type": "Feature", "properties": { "osm_id": "11871307221", "code": 1050, "fclass": "locality", "population": 0, "name": "نفود ام البردي" }, "geometry": { "type": "Point", "coordinates": [ 49.6109842, 26.7622424 ] } },
{ "type": "Feature", "properties": { "osm_id": "11871307231", "code": 1050, "fclass": "locality", "population": 0, "name": "نفود سُعيد" }, "geometry": { "type": "Point", "coordinates": [ 41.8234502, 28.9438795 ] } },
{ "type": "Feature", "properties": { "osm_id": "11871528065", "code": 1050, "fclass": "locality", "population": 0, "name": "عروق الكثيب" }, "geometry": { "type": "Point", "coordinates": [ 46.5344004, 17.1668095 ] } },
{ "type": "Feature", "properties": { "osm_id": "11871538975", "code": 1050, "fclass": "locality", "population": 0, "name": "روضة أم حَزم" }, "geometry": { "type": "Point", "coordinates": [ 43.7987481, 26.6201488 ] } },
{ "type": "Feature", "properties": { "osm_id": "11871539005", "code": 1050, "fclass": "locality", "population": 0, "name": "روضة مسيعيد" }, "geometry": { "type": "Point", "coordinates": [ 48.6332227, 26.0490189 ] } },
{ "type": "Feature", "properties": { "osm_id": "11871539103", "code": 1004, "fclass": "hamlet", "population": 0, "name": "فياض الشعراء" }, "geometry": { "type": "Point", "coordinates": [ 44.1690655, 24.2422175 ] } },
{ "type": "Feature", "properties": { "osm_id": "11871539234", "code": 1050, "fclass": "locality", "population": 0, "name": "برقاء روضة السُّعَيِّد" }, "geometry": { "type": "Point", "coordinates": [ 44.4402836, 25.2848515 ] } },
{ "type": "Feature", "properties": { "osm_id": "11871539478", "code": 1050, "fclass": "locality", "population": 0, "name": "نفود السِّر" }, "geometry": { "type": "Point", "coordinates": [ 44.3953374, 25.8969624 ] } },
{ "type": "Feature", "properties": { "osm_id": "11871539588", "code": 1050, "fclass": "locality", "population": 0, "name": "حيرة الكثيب" }, "geometry": { "type": "Point", "coordinates": [ 46.8949908, 17.020442 ] } },
{ "type": "Feature", "properties": { "osm_id": "11871539600", "code": 1050, "fclass": "locality", "population": 0, "name": "روضة البكرة" }, "geometry": { "type": "Point", "coordinates": [ 45.4038182, 19.9824485 ] } },
{ "type": "Feature", "properties": { "osm_id": "11871539619", "code": 1050, "fclass": "locality", "population": 0, "name": "روضة غُنيم" }, "geometry": { "type": "Point", "coordinates": [ 44.545717, 26.0747775 ] } },
{ "type": "Feature", "properties": { "osm_id": "11871539695", "code": 1050, "fclass": "locality", "population": 0, "name": "الروضات" }, "geometry": { "type": "Point", "coordinates": [ 41.8356428, 21.225946 ] } },
{ "type": "Feature", "properties": { "osm_id": "11871539718", "code": 1050, "fclass": "locality", "population": 0, "name": "فيضة أمّ العبيد" }, "geometry": { "type": "Point", "coordinates": [ 45.496926, 29.0859198 ] } },
{ "type": "Feature", "properties": { "osm_id": "11871636161", "code": 1050, "fclass": "locality", "population": 0, "name": "نفود الجرع" }, "geometry": { "type": "Point", "coordinates": [ 44.979702, 27.6291521 ] } },
{ "type": "Feature", "properties": { "osm_id": "11871651847", "code": 1050, "fclass": "locality", "population": 0, "name": "نفود أبان" }, "geometry": { "type": "Point", "coordinates": [ 42.6313095, 25.4614308 ] } },
{ "type": "Feature", "properties": { "osm_id": "11871651859", "code": 1050, "fclass": "locality", "population": 0, "name": "نفود الأجرَب" }, "geometry": { "type": "Point", "coordinates": [ 43.7389148, 26.1427868 ] } },
{ "type": "Feature", "properties": { "osm_id": "11871651938", "code": 1050, "fclass": "locality", "population": 0, "name": "حاذ سبخة الرشدان" }, "geometry": { "type": "Point", "coordinates": [ 51.8028699, 20.0843328 ] } },
{ "type": "Feature", "properties": { "osm_id": "11871652073", "code": 1050, "fclass": "locality", "population": 0, "name": "نفود أم هَضِيد" }, "geometry": { "type": "Point", "coordinates": [ 43.9809846, 25.8660078 ] } },
{ "type": "Feature", "properties": { "osm_id": "11871652193", "code": 1050, "fclass": "locality", "population": 0, "name": "حمادة الوادي" }, "geometry": { "type": "Point", "coordinates": [ 42.2652745, 25.8143036 ] } },
{ "type": "Feature", "properties": { "osm_id": "11871652220", "code": 1050, "fclass": "locality", "population": 0, "name": "روضة العبَيدان" }, "geometry": { "type": "Point", "coordinates": [ 43.8104374, 26.5518852 ] } },
{ "type": "Feature", "properties": { "osm_id": "11871652389", "code": 1050, "fclass": "locality", "population": 0, "name": "نفود النعلة" }, "geometry": { "type": "Point", "coordinates": [ 49.4444798, 25.778171 ] } },
{ "type": "Feature", "properties": { "osm_id": "11871652655", "code": 1050, "fclass": "locality", "population": 0, "name": "نفود الحويذيّة" }, "geometry": { "type": "Point", "coordinates": [ 49.6214983, 26.1687032 ] } },
{ "type": "Feature", "properties": { "osm_id": "11871768096", "code": 1004, "fclass": "hamlet", "population": 0, "name": "الفيضة" }, "geometry": { "type": "Point", "coordinates": [ 44.8245036, 23.725505 ] } },
{ "type": "Feature", "properties": { "osm_id": "11871768100", "code": 1050, "fclass": "locality", "population": 0, "name": "نفود الأسيَاف" }, "geometry": { "type": "Point", "coordinates": [ 43.779941, 26.0925063 ] } },
{ "type": "Feature", "properties": { "osm_id": "11871768217", "code": 1050, "fclass": "locality", "population": 0, "name": "فياض الغِزلانيَّات" }, "geometry": { "type": "Point", "coordinates": [ 43.2680964, 27.0762177 ] } },
{ "type": "Feature", "properties": { "osm_id": "11871768224", "code": 1050, "fclass": "locality", "population": 0, "name": "نفود المُشَيرِف" }, "geometry": { "type": "Point", "coordinates": [ 43.8673113, 26.2387884 ] } },
{ "type": "Feature", "properties": { "osm_id": "11871768245", "code": 1004, "fclass": "hamlet", "population": 0, "name": "الفيضة" }, "geometry": { "type": "Point", "coordinates": [ 43.5146282, 24.636749 ] } },
{ "type": "Feature", "properties": { "osm_id": "11871768253", "code": 1050, "fclass": "locality", "population": 0, "name": "نفود السِّمسِي" }, "geometry": { "type": "Point", "coordinates": [ 43.6914342, 26.0461541 ] } },
{ "type": "Feature", "properties": { "osm_id": "11871768257", "code": 1004, "fclass": "hamlet", "population": 0, "name": "روضة الشُّقَيِّقَة" }, "geometry": { "type": "Point", "coordinates": [ 44.1787855, 25.6401984 ] } },
{ "type": "Feature", "properties": { "osm_id": "11871768435", "code": 1050, "fclass": "locality", "population": 0, "name": "روضة صلفة" }, "geometry": { "type": "Point", "coordinates": [ 47.5178452, 27.5340425 ] } },
{ "type": "Feature", "properties": { "osm_id": "11871768501", "code": 1004, "fclass": "hamlet", "population": 0, "name": "فياض مانع" }, "geometry": { "type": "Point", "coordinates": [ 40.194143, 29.8506719 ] } },
{ "type": "Feature", "properties": { "osm_id": "11871768543", "code": 1050, "fclass": "locality", "population": 0, "name": "عروق الشعيبة" }, "geometry": { "type": "Point", "coordinates": [ 42.455624, 28.1666786 ] } },
{ "type": "Feature", "properties": { "osm_id": "11873682085", "code": 1003, "fclass": "village", "population": 0, "name": "الروضة القديمة" }, "geometry": { "type": "Point", "coordinates": [ 45.2186067, 23.1555821 ] } },
{ "type": "Feature", "properties": { "osm_id": "12045470453", "code": 1003, "fclass": "village", "population": 0, "name": "فيضة السمار" }, "geometry": { "type": "Point", "coordinates": [ 41.7996521, 26.2170258 ] } },
{ "type": "Feature", "properties": { "osm_id": "12128291563", "code": 1003, "fclass": "village", "population": 0, "name": "وادي شاقر" }, "geometry": { "type": "Point", "coordinates": [ 43.5990944, 17.7422695 ] } },
{ "type": "Feature", "properties": { "osm_id": "12199322033", "code": 1004, "fclass": "hamlet", "population": 0, "name": "فيضة الرميثي" }, "geometry": { "type": "Point", "coordinates": [ 43.3165276, 24.213294 ] } },
{ "type": "Feature", "properties": { "osm_id": "12376025737", "code": 1004, "fclass": "hamlet", "population": 0, "name": "فيضة الحمادة" }, "geometry": { "type": "Point", "coordinates": [ 42.8542873, 24.2730783 ] } },
{ "type": "Feature", "properties": { "osm_id": "12441549306", "code": 1003, "fclass": "village", "population": 0, "name": "فيضة غثاة" }, "geometry": { "type": "Point", "coordinates": [ 43.3620628, 24.3561774 ] } },
{ "type": "Feature", "properties": { "osm_id": "12497564400", "code": 1050, "fclass": "locality", "population": 0, "name": "فيضة طيب اسم" }, "geometry": { "type": "Point", "coordinates": [ 34.8335521, 28.5697798 ] } },
{ "type": "Feature", "properties": { "osm_id": "12601895601", "code": 1004, "fclass": "hamlet", "population": 0, "name": "فيضة ذيبان" }, "geometry": { "type": "Point", "coordinates": [ 41.9184691, 25.8784152 ] } },
{ "type": "Feature", "properties": { "osm_id": "12614202201", "code": 1004, "fclass": "hamlet", "population": 0, "name": "الروضة" }, "geometry": { "type": "Point", "coordinates": [ 40.3861671, 25.6189682 ] } },
{ "type": "Feature", "properties": { "osm_id": "12614277901", "code": 1004, "fclass": "hamlet", "population": 0, "name": "وادي الغرس" }, "geometry": { "type": "Point", "coordinates": [ 39.4491642, 25.1821374 ] } },
{ "type": "Feature", "properties": { "osm_id": "12617076402", "code": 1004, "fclass": "hamlet", "population": 0, "name": "روضة العبد" }, "geometry": { "type": "Point", "coordinates": [ 41.2519603, 27.4306762 ] } },
{ "type": "Feature", "properties": { "osm_id": "12619452401", "code": 1003, "fclass": "village", "population": 0, "name": "شعيب الحمر" }, "geometry": { "type": "Point", "coordinates": [ 43.0461064, 26.0616424 ] } },
{ "type": "Feature", "properties": { "osm_id": "12619860802", "code": 1004, "fclass": "hamlet", "population": 0, "name": "فيضة الدارة" }, "geometry": { "type": "Point", "coordinates": [ 42.1680297, 25.5241567 ] } },
{ "type": "Feature", "properties": { "osm_id": "12619860803", "code": 1004, "fclass": "hamlet", "population": 0, "name": "شعيب الدارة" }, "geometry": { "type": "Point", "coordinates": [ 42.2435828, 25.5216921 ] } },
{ "type": "Feature", "properties": { "osm_id": "12621549802", "code": 1004, "fclass": "hamlet", "population": 0, "name": "روضة ريمان" }, "geometry": { "type": "Point", "coordinates": [ 42.6906863, 25.1129022 ] } },
{ "type": "Feature", "properties": { "osm_id": "12624178801", "code": 1003, "fclass": "village", "population": 0, "name": "فيضة نومان" }, "geometry": { "type": "Point", "coordinates": [ 42.9330078, 24.4556193 ] } },
{ "type": "Feature", "properties": { "osm_id": "12624220902", "code": 1004, "fclass": "hamlet", "population": 0, "name": "روضة مصودعة" }, "geometry": { "type": "Point", "coordinates": [ 42.9575339, 24.369378 ] } },
{ "type": "Feature", "properties": { "osm_id": "12627862302", "code": 1003, "fclass": "village", "population": 0, "name": "فيضة الجمش" }, "geometry": { "type": "Point", "coordinates": [ 43.6893639, 24.6766598 ] } },
{ "type": "Feature", "properties": { "osm_id": "12644166503", "code": 1003, "fclass": "village", "population": 0, "name": "فيضة عفيف" }, "geometry": { "type": "Point", "coordinates": [ 42.8548511, 23.8990512 ] } },
{ "type": "Feature", "properties": { "osm_id": "12663633201", "code": 1004, "fclass": "hamlet", "population": 0, "name": "وادي قينة" }, "geometry": { "type": "Point", "coordinates": [ 40.1814315, 21.8235585 ] } },
{ "type": "Feature", "properties": { "osm_id": "12663633501", "code": 1004, "fclass": "hamlet", "population": 0, "name": "وادي الصفية" }, "geometry": { "type": "Point", "coordinates": [ 40.1846796, 21.7839722 ] } },
{ "type": "Feature", "properties": { "osm_id": "12677518101", "code": 1004, "fclass": "hamlet", "population": 0, "name": "وادي جدعان" }, "geometry": { "type": "Point", "coordinates": [ 40.1230103, 21.5577115 ] } },
{ "type": "Feature", "properties": { "osm_id": "12677518501", "code": 1004, "fclass": "hamlet", "population": 0, "name": "وادي ضرعا" }, "geometry": { "type": "Point", "coordinates": [ 40.0320458, 21.7290527 ] } },
{ "type": "Feature", "properties": { "osm_id": "12679739502", "code": 1004, "fclass": "hamlet", "population": 0, "name": "وادي الشراء" }, "geometry": { "type": "Point", "coordinates": [ 40.1619802, 21.365655 ] } },
{ "type": "Feature", "properties": { "osm_id": "12685764801", "code": 1004, "fclass": "hamlet", "population": 0, "name": "وادي اللصيبة" }, "geometry": { "type": "Point", "coordinates": [ 40.1561663, 21.8513298 ] } },
{ "type": "Feature", "properties": { "osm_id": "12685764901", "code": 1004, "fclass": "hamlet", "population": 0, "name": "الفيضة" }, "geometry": { "type": "Point", "coordinates": [ 40.3301337, 21.8550653 ] } },
{ "type": "Feature", "properties": { "osm_id": "12725114598", "code": 1003, "fclass": "village", "population": 0, "name": "السوادي الساحل" }, "geometry": { "type": "Point", "coordinates": [ 57.7654266, 23.7667098 ] } },
{ "type": "Feature", "properties": { "osm_id": "12849724640", "code": 1003, "fclass": "village", "population": 479, "name": "رأس الجبل" }, "geometry": { "type": "Point", "coordinates": [ 57.1563935, 22.4125361 ] } },
{ "type": "Feature", "properties": { "osm_id": "12850051612", "code": 1004, "fclass": "hamlet", "population": 122, "name": "رأس وادي موّة" }, "geometry": { "type": "Point", "coordinates": [ 56.2106042, 26.135455 ] } },
{ "type": "Feature", "properties": { "osm_id": "12865357702", "code": 1004, "fclass": "hamlet", "population": 0, "name": "وادي الشقيري" }, "geometry": { "type": "Point", "coordinates": [ 58.6661473, 23.4509559 ] } },
{ "type": "Feature", "properties": { "osm_id": "12990514067", "code": 1003, "fclass": "village", "population": 0, "name": "جبلة حبشي" }, "geometry": { "type": "Point", "coordinates": [ 50.5277869, 26.2132384 ] } },
{ "type": "Feature", "properties": { "osm_id": "12999842074", "code": 1003, "fclass": "village", "population": 0, "name": "واديان" }, "geometry": { "type": "Point", "coordinates": [ 50.6157442, 26.15792 ] } },
{ "type": "Feature", "properties": { "osm_id": "13172640998", "code": 1004, "fclass": "hamlet", "population": 0, "name": "وادي بانة" }, "geometry": { "type": "Point", "coordinates": [ 56.2944177, 25.9282116 ] } },
{ "type": "Feature", "properties": { "osm_id": "13342258135", "code": 1050, "fclass": "locality", "population": 0, "name": "الدهوش - وادي حمض" }, "geometry": { "type": "Point", "coordinates": [ 42.1379775, 26.9890072 ] } },
{ "type": "Feature", "properties": { "osm_id": "13358020501", "code": 1004, "fclass": "hamlet", "population": 0, "name": "السوادين" }, "geometry": { "type": "Point", "coordinates": [ 40.962019, 20.8836106 ] } },
{ "type": "Feature", "properties": { "osm_id": "13382751414", "code": 1050, "fclass": "locality", "population": 0, "name": "فيضة الخويش" }, "geometry": { "type": "Point", "coordinates": [ 47.2901344, 25.3479433 ] } },
{ "type": "Feature", "properties": { "osm_id": "13386071777", "code": 1050, "fclass": "locality", "population": 0, "name": "مطل جبل العقاب" }, "geometry": { "type": "Point", "coordinates": [ 41.6554614, 26.8263288 ] } },
{ "type": "Feature", "properties": { "osm_id": "13479988399", "code": 1003, "fclass": "village", "population": 0, "name": "البليدة وادي قبض" }, "geometry": { "type": "Point", "coordinates": [ 56.7150248, 23.8206784 ] } },
{ "type": "Feature", "properties": { "osm_id": "13510162745", "code": 1050, "fclass": "locality", "population": 0, "name": "وادي الثعابين" }, "geometry": { "type": "Point", "coordinates": [ 57.3926961, 23.2073951 ] } },
{ "type": "Feature", "properties": { "osm_id": "13782908484", "code": 1004, "fclass": "hamlet", "population": 0, "name": "فياضة سواج" }, "geometry": { "type": "Point", "coordinates": [ 43.2410863, 25.1208444 ] } },
{ "type": "Feature", "properties": { "osm_id": "13919155984", "code": 1050, "fclass": "locality", "population": 0, "name": "حلق وادي الصفراء" }, "geometry": { "type": "Point", "coordinates": [ 38.7908516, 23.7513294 ] } },
{ "type": "Feature", "properties": { "osm_id": "13919251945", "code": 1050, "fclass": "locality", "population": 0, "name": "روضة ابن خريص" }, "geometry": { "type": "Point", "coordinates": [ 38.8088799, 23.7360306 ] } },
{ "type": "Feature", "properties": { "osm_id": "13919274191", "code": 1050, "fclass": "locality", "population": 0, "name": "كثيب العقنقل" }, "geometry": { "type": "Point", "coordinates": [ 38.812641, 23.7246704 ] } },
{ "type": "Feature", "properties": { "osm_id": "13965972780", "code": 1050, "fclass": "locality", "population": 0, "name": "ريع الروضة" }, "geometry": { "type": "Point", "coordinates": [ 35.3334272, 28.2051546 ] } },
{ "type": "Feature", "properties": { "osm_id": "13965978408", "code": 1050, "fclass": "locality", "population": 0, "name": "شعيب أبو طور" }, "geometry": { "type": "Point", "coordinates": [ 35.2290292, 28.6250133 ] } },
{ "type": "Feature", "properties": { "osm_id": "13965985186", "code": 1050, "fclass": "locality", "population": 0, "name": "شعيب أم طور" }, "geometry": { "type": "Point", "coordinates": [ 35.2383445, 28.6258464 ] } },
{ "type": "Feature", "properties": { "osm_id": "13965988347", "code": 1050, "fclass": "locality", "population": 0, "name": "شعيب أم حناك" }, "geometry": { "type": "Point", "coordinates": [ 35.2488134, 28.6273098 ] } },
{ "type": "Feature", "properties": { "osm_id": "13965998624", "code": 1050, "fclass": "locality", "population": 0, "name": "شعيب مسوك لافي" }, "geometry": { "type": "Point", "coordinates": [ 35.3418076, 28.2264128 ] } },
{ "type": "Feature", "properties": { "osm_id": "13991061502", "code": 1050, "fclass": "locality", "population": 0, "name": "شعيب امحيجر" }, "geometry": { "type": "Point", "coordinates": [ 44.0654354, 18.9281041 ] } },
{ "type": "Feature", "properties": { "osm_id": "13991061940", "code": 1050, "fclass": "locality", "population": 0, "name": "شعيب القليتة السفلى" }, "geometry": { "type": "Point", "coordinates": [ 44.0805639, 18.9391366 ] } },
{ "type": "Feature", "properties": { "osm_id": "13991088022", "code": 1050, "fclass": "locality", "population": 0, "name": "شعيب النقمة" }, "geometry": { "type": "Point", "coordinates": [ 44.070624, 18.9334016 ] } },
{ "type": "Feature", "properties": { "osm_id": "13998352633", "code": 1050, "fclass": "locality", "population": 0, "name": "وادي أبو عرينة" }, "geometry": { "type": "Point", "coordinates": [ 42.9539692, 18.9493148 ] } },
{ "type": "Feature", "properties": { "osm_id": "13998362573", "code": 1050, "fclass": "locality", "population": 0, "name": "وادي كتادة" }, "geometry": { "type": "Point", "coordinates": [ 42.9888832, 18.9214479 ] } },
{ "type": "Feature", "properties": { "osm_id": "13998387379", "code": 1050, "fclass": "locality", "population": 0, "name": "شعيب المدسم" }, "geometry": { "type": "Point", "coordinates": [ 42.9981385, 18.9300251 ] } },
{ "type": "Feature", "properties": { "osm_id": "13998498796", "code": 1050, "fclass": "locality", "population": 0, "name": "وادي نزبان" }, "geometry": { "type": "Point", "coordinates": [ 42.9720067, 19.4526464 ] } },
{ "type": "Feature", "properties": { "osm_id": "13998570621", "code": 1050, "fclass": "locality", "population": 0, "name": "وادي بو ناشفة" }, "geometry": { "type": "Point", "coordinates": [ 43.0075525, 19.3475979 ] } },
{ "type": "Feature", "properties": { "osm_id": "13998583990", "code": 1050, "fclass": "locality", "population": 0, "name": "وادي مواصة" }, "geometry": { "type": "Point", "coordinates": [ 42.951262, 19.4074437 ] } },
{ "type": "Feature", "properties": { "osm_id": "13998606795", "code": 1050, "fclass": "locality", "population": 0, "name": "وادي سليم" }, "geometry": { "type": "Point", "coordinates": [ 43.0497761, 19.4987553 ] } },
{ "type": "Feature", "properties": { "osm_id": "14000384081", "code": 1050, "fclass": "locality", "population": 0, "name": "شعيب الأعوص" }, "geometry": { "type": "Point", "coordinates": [ 37.7624496, 25.9838882 ] } },
{ "type": "Feature", "properties": { "osm_id": "14000388842", "code": 1050, "fclass": "locality", "population": 0, "name": "شعيب مشيبيط" }, "geometry": { "type": "Point", "coordinates": [ 37.745057, 25.9832598 ] } },
{ "type": "Feature", "properties": { "osm_id": "14000403582", "code": 1050, "fclass": "locality", "population": 0, "name": "شعيب السلمة" }, "geometry": { "type": "Point", "coordinates": [ 37.6897082, 25.9157932 ] } },
{ "type": "Feature", "properties": { "osm_id": "14000414816", "code": 1050, "fclass": "locality", "population": 0, "name": "شعيب الضماء العطشان" }, "geometry": { "type": "Point", "coordinates": [ 37.7076799, 25.9534886 ] } },
{ "type": "Feature", "properties": { "osm_id": "14000424003", "code": 1050, "fclass": "locality", "population": 0, "name": "شعيب ذئبين" }, "geometry": { "type": "Point", "coordinates": [ 37.6565451, 26.0009758 ] } },
{ "type": "Feature", "properties": { "osm_id": "14000434575", "code": 1050, "fclass": "locality", "population": 0, "name": "شعيب النعامة" }, "geometry": { "type": "Point", "coordinates": [ 37.7480205, 25.9387846 ] } },
{ "type": "Feature", "properties": { "osm_id": "14000478069", "code": 1050, "fclass": "locality", "population": 0, "name": "شعيب صوير" }, "geometry": { "type": "Point", "coordinates": [ 37.4045648, 26.3742824 ] } },
{ "type": "Feature", "properties": { "osm_id": "14000498510", "code": 1050, "fclass": "locality", "population": 0, "name": "شعيب أم مغيرات" }, "geometry": { "type": "Point", "coordinates": [ 37.4003852, 26.3919818 ] } },
{ "type": "Feature", "properties": { "osm_id": "14000503851", "code": 1050, "fclass": "locality", "population": 0, "name": "شعيب قلاص" }, "geometry": { "type": "Point", "coordinates": [ 37.4134786, 26.402476 ] } },
{ "type": "Feature", "properties": { "osm_id": "14000509508", "code": 1050, "fclass": "locality", "population": 0, "name": "شعيب تلعة سدير" }, "geometry": { "type": "Point", "coordinates": [ 37.3999356, 26.4501867 ] } },
{ "type": "Feature", "properties": { "osm_id": "14003277286", "code": 1050, "fclass": "locality", "population": 0, "name": "شعيب حلفاء" }, "geometry": { "type": "Point", "coordinates": [ 37.2679568, 27.0444352 ] } },
{ "type": "Feature", "properties": { "osm_id": "14003282349", "code": 1050, "fclass": "locality", "population": 0, "name": "شعيب اللحيانه" }, "geometry": { "type": "Point", "coordinates": [ 37.3278963, 27.0571261 ] } },
{ "type": "Feature", "properties": { "osm_id": "14003290770", "code": 1050, "fclass": "locality", "population": 0, "name": "شعيب الصهلولة" }, "geometry": { "type": "Point", "coordinates": [ 37.2369425, 26.856623 ] } },
{ "type": "Feature", "properties": { "osm_id": "14003323983", "code": 1050, "fclass": "locality", "population": 0, "name": "شعيب رأس القهيد" }, "geometry": { "type": "Point", "coordinates": [ 37.252791, 26.8413965 ] } },
{ "type": "Feature", "properties": { "osm_id": "14003325498", "code": 1050, "fclass": "locality", "population": 0, "name": "شعيب رأس الهضب" }, "geometry": { "type": "Point", "coordinates": [ 37.223209, 26.8546828 ] } },
{ "type": "Feature", "properties": { "osm_id": "14003329682", "code": 1050, "fclass": "locality", "population": 0, "name": "شعيب حويمر" }, "geometry": { "type": "Point", "coordinates": [ 37.2099747, 26.8154125 ] } },
{ "type": "Feature", "properties": { "osm_id": "14003334409", "code": 1050, "fclass": "locality", "population": 0, "name": "شعيب أبو نخيلة" }, "geometry": { "type": "Point", "coordinates": [ 37.2323581, 26.8424561 ] } },
{ "type": "Feature", "properties": { "osm_id": "14003343196", "code": 1050, "fclass": "locality", "population": 0, "name": "شعيب عطيشين" }, "geometry": { "type": "Point", "coordinates": [ 37.210688, 26.8043836 ] } },
{ "type": "Feature", "properties": { "osm_id": "14003350188", "code": 1050, "fclass": "locality", "population": 0, "name": "شعيب مغيسل" }, "geometry": { "type": "Point", "coordinates": [ 37.194009, 26.7978105 ] } },
{ "type": "Feature", "properties": { "osm_id": "14003351307", "code": 1050, "fclass": "locality", "population": 0, "name": "شعيب أم جريفينات" }, "geometry": { "type": "Point", "coordinates": [ 37.2330885, 26.8068987 ] } },
{ "type": "Feature", "properties": { "osm_id": "14003376075", "code": 1050, "fclass": "locality", "population": 0, "name": "وادي ردة الزقلة" }, "geometry": { "type": "Point", "coordinates": [ 37.1730353, 26.8082302 ] } },
{ "type": "Feature", "properties": { "osm_id": "14003393509", "code": 1050, "fclass": "locality", "population": 0, "name": "شعيب سحير" }, "geometry": { "type": "Point", "coordinates": [ 37.164489, 26.768311 ] } },
{ "type": "Feature", "properties": { "osm_id": "14003407868", "code": 1050, "fclass": "locality", "population": 0, "name": "وادي ردة الزقلة" }, "geometry": { "type": "Point", "coordinates": [ 37.1490919, 26.8029786 ] } },
{ "type": "Feature", "properties": { "osm_id": "14003415408", "code": 1050, "fclass": "locality", "population": 0, "name": "شعيب أم صور" }, "geometry": { "type": "Point", "coordinates": [ 37.1463058, 26.8207813 ] } },
{ "type": "Feature", "properties": { "osm_id": "14003424711", "code": 1050, "fclass": "locality", "population": 0, "name": "شعيب المصيع" }, "geometry": { "type": "Point", "coordinates": [ 37.1322912, 26.8592755 ] } },
{ "type": "Feature", "properties": { "osm_id": "14003436192", "code": 1050, "fclass": "locality", "population": 0, "name": "شعيب الناطف" }, "geometry": { "type": "Point", "coordinates": [ 37.2079034, 26.6678881 ] } },
{ "type": "Feature", "properties": { "osm_id": "14003468582", "code": 1050, "fclass": "locality", "population": 0, "name": "شعيب أرينبة" }, "geometry": { "type": "Point", "coordinates": [ 37.1515854, 26.5953947 ] } },
{ "type": "Feature", "properties": { "osm_id": "14003469559", "code": 1050, "fclass": "locality", "population": 0, "name": "شعيب المنتصا" }, "geometry": { "type": "Point", "coordinates": [ 37.1833875, 26.6422091 ] } },
{ "type": "Feature", "properties": { "osm_id": "14003485854", "code": 1050, "fclass": "locality", "population": 0, "name": "شعيب ميغ" }, "geometry": { "type": "Point", "coordinates": [ 37.1391679, 26.6294392 ] } },
{ "type": "Feature", "properties": { "osm_id": "14003488789", "code": 1050, "fclass": "locality", "population": 0, "name": "شعيب الضرو" }, "geometry": { "type": "Point", "coordinates": [ 37.1941098, 26.5870237 ] } },
{ "type": "Feature", "properties": { "osm_id": "14003506028", "code": 1050, "fclass": "locality", "population": 0, "name": "شعيب عدان" }, "geometry": { "type": "Point", "coordinates": [ 37.1065911, 26.6019734 ] } },
{ "type": "Feature", "properties": { "osm_id": "14003506931", "code": 1050, "fclass": "locality", "population": 0, "name": "شعيب الأخيضرات" }, "geometry": { "type": "Point", "coordinates": [ 37.1093337, 26.5807082 ] } },
{ "type": "Feature", "properties": { "osm_id": "14003515157", "code": 1050, "fclass": "locality", "population": 0, "name": "شعيب مدرجة" }, "geometry": { "type": "Point", "coordinates": [ 37.1050455, 26.6061403 ] } },
{ "type": "Feature", "properties": { "osm_id": "14003517749", "code": 1050, "fclass": "locality", "population": 0, "name": "شعيب الملاح" }, "geometry": { "type": "Point", "coordinates": [ 37.1153345, 26.5912684 ] } },
{ "type": "Feature", "properties": { "osm_id": "14003522177", "code": 1050, "fclass": "locality", "population": 0, "name": "شعيب سحيمان" }, "geometry": { "type": "Point", "coordinates": [ 37.0985707, 26.5569601 ] } },
{ "type": "Feature", "properties": { "osm_id": "14003523812", "code": 1050, "fclass": "locality", "population": 0, "name": "وادي أفة" }, "geometry": { "type": "Point", "coordinates": [ 37.1241237, 26.4583586 ] } },
{ "type": "Feature", "properties": { "osm_id": "14003535139", "code": 1050, "fclass": "locality", "population": 0, "name": "شعيب لحيانة الكضر" }, "geometry": { "type": "Point", "coordinates": [ 37.1085698, 26.4376351 ] } },
{ "type": "Feature", "properties": { "osm_id": "14003568642", "code": 1050, "fclass": "locality", "population": 0, "name": "روضة الموفاة" }, "geometry": { "type": "Point", "coordinates": [ 37.97188, 25.1025932 ] } },
{ "type": "Feature", "properties": { "osm_id": "14003584776", "code": 1050, "fclass": "locality", "population": 0, "name": "شعيب الدبَّة" }, "geometry": { "type": "Point", "coordinates": [ 37.9951195, 25.0694946 ] } },
{ "type": "Feature", "properties": { "osm_id": "14003588057", "code": 1050, "fclass": "locality", "population": 0, "name": "شعيب الخريق" }, "geometry": { "type": "Point", "coordinates": [ 37.9677579, 25.0855081 ] } },
{ "type": "Feature", "properties": { "osm_id": "14003613404", "code": 1050, "fclass": "locality", "population": 0, "name": "شعيب نمّر السيل" }, "geometry": { "type": "Point", "coordinates": [ 37.9891174, 25.0600689 ] } },
{ "type": "Feature", "properties": { "osm_id": "14003625953", "code": 1050, "fclass": "locality", "population": 0, "name": "روضة كتف" }, "geometry": { "type": "Point", "coordinates": [ 37.9171339, 25.3144853 ] } },
{ "type": "Feature", "properties": { "osm_id": "14005071041", "code": 1050, "fclass": "locality", "population": 0, "name": "شعيب الحسايا" }, "geometry": { "type": "Point", "coordinates": [ 45.9380111, 21.9156219 ] } },
{ "type": "Feature", "properties": { "osm_id": "14005112121", "code": 1050, "fclass": "locality", "population": 0, "name": "وادي سليسل" }, "geometry": { "type": "Point", "coordinates": [ 36.0984058, 27.72371 ] } },
{ "type": "Feature", "properties": { "osm_id": "14005166717", "code": 1050, "fclass": "locality", "population": 0, "name": "شعيب المعين" }, "geometry": { "type": "Point", "coordinates": [ 36.1043001, 27.7368444 ] } },
{ "type": "Feature", "properties": { "osm_id": "14028764164", "code": 1050, "fclass": "locality", "population": 0, "name": "شعيب العبيل" }, "geometry": { "type": "Point", "coordinates": [ 43.5177515, 25.8335712 ] } },
{ "type": "Feature", "properties": { "osm_id": "14028802353", "code": 1050, "fclass": "locality", "population": 0, "name": "شعيب الجرف" }, "geometry": { "type": "Point", "coordinates": [ 43.5505941, 25.8974963 ] } },
{ "type": "Feature", "properties": { "osm_id": "14028803667", "code": 1050, "fclass": "locality", "population": 0, "name": "شعيب أبو جرف" }, "geometry": { "type": "Point", "coordinates": [ 43.5917625, 25.8858205 ] } },
{ "type": "Feature", "properties": { "osm_id": "14028816136", "code": 1050, "fclass": "locality", "population": 0, "name": "شعيب جبيّه(المضحكة)" }, "geometry": { "type": "Point", "coordinates": [ 43.5197095, 25.8368172 ] } },
{ "type": "Feature", "properties": { "osm_id": "14029450528", "code": 1050, "fclass": "locality", "population": 0, "name": "شعيب مخيزيم الغربي" }, "geometry": { "type": "Point", "coordinates": [ 38.6910052, 26.0914287 ] } },
{ "type": "Feature", "properties": { "osm_id": "14029470214", "code": 1050, "fclass": "locality", "population": 0, "name": "شعيب الأحيميرات" }, "geometry": { "type": "Point", "coordinates": [ 38.6798982, 26.081661 ] } },
{ "type": "Feature", "properties": { "osm_id": "14029482079", "code": 1050, "fclass": "locality", "population": 0, "name": "شعيب أم الصخرات" }, "geometry": { "type": "Point", "coordinates": [ 38.6791631, 26.0965322 ] } },
{ "type": "Feature", "properties": { "osm_id": "14031612396", "code": 1050, "fclass": "locality", "population": 0, "name": "شعيب صاد" }, "geometry": { "type": "Point", "coordinates": [ 36.8390822, 27.9808536 ] } },
{ "type": "Feature", "properties": { "osm_id": "14031621811", "code": 1050, "fclass": "locality", "population": 0, "name": "شعيب صياد" }, "geometry": { "type": "Point", "coordinates": [ 36.8509902, 27.9814296 ] } },
{ "type": "Feature", "properties": { "osm_id": "14031625018", "code": 1050, "fclass": "locality", "population": 0, "name": "شعيب بطيخة" }, "geometry": { "type": "Point", "coordinates": [ 36.8459062, 28.0021601 ] } },
{ "type": "Feature", "properties": { "osm_id": "14031675869", "code": 1050, "fclass": "locality", "population": 0, "name": "شعيب القليتة" }, "geometry": { "type": "Point", "coordinates": [ 36.527813, 28.0287903 ] } },
{ "type": "Feature", "properties": { "osm_id": "14031938149", "code": 1050, "fclass": "locality", "population": 0, "name": "شعيب المجيفلة" }, "geometry": { "type": "Point", "coordinates": [ 38.9619287, 25.8466052 ] } },
{ "type": "Feature", "properties": { "osm_id": "14032080761", "code": 1050, "fclass": "locality", "population": 0, "name": "شعيب أبيّضة" }, "geometry": { "type": "Point", "coordinates": [ 39.0035984, 26.1673573 ] } },
{ "type": "Feature", "properties": { "osm_id": "14032093225", "code": 1050, "fclass": "locality", "population": 0, "name": "شعيب شقيق الذيب" }, "geometry": { "type": "Point", "coordinates": [ 38.8377369, 26.1548638 ] } },
{ "type": "Feature", "properties": { "osm_id": "14032104153", "code": 1050, "fclass": "locality", "population": 0, "name": "شعيب الطولاء" }, "geometry": { "type": "Point", "coordinates": [ 39.1443206, 26.206892 ] } },
{ "type": "Feature", "properties": { "osm_id": "14032117951", "code": 1050, "fclass": "locality", "population": 0, "name": "شعيب الفهديّة" }, "geometry": { "type": "Point", "coordinates": [ 39.1170857, 26.2048192 ] } },
{ "type": "Feature", "properties": { "osm_id": "14032122975", "code": 1050, "fclass": "locality", "population": 0, "name": "شعيب أم جرفة" }, "geometry": { "type": "Point", "coordinates": [ 39.1263507, 26.2097891 ] } },
{ "type": "Feature", "properties": { "osm_id": "14042353508", "code": 1050, "fclass": "locality", "population": 0, "name": "وادي الحواي" }, "geometry": { "type": "Point", "coordinates": [ 42.9959175, 17.6419644 ] } },
{ "type": "Feature", "properties": { "osm_id": "14042359240", "code": 1050, "fclass": "locality", "population": 0, "name": "وادي حلنفاء" }, "geometry": { "type": "Point", "coordinates": [ 43.0045508, 17.6617551 ] } },
{ "type": "Feature", "properties": { "osm_id": "14045570956", "code": 1050, "fclass": "locality", "population": 0, "name": "وادي أشقاب" }, "geometry": { "type": "Point", "coordinates": [ 43.7033005, 17.5336273 ] } },
{ "type": "Feature", "properties": { "osm_id": "14045618492", "code": 1050, "fclass": "locality", "population": 0, "name": "وادي ذات الضب" }, "geometry": { "type": "Point", "coordinates": [ 43.7273542, 17.5214095 ] } },
{ "type": "Feature", "properties": { "osm_id": "14046683993", "code": 1050, "fclass": "locality", "population": 0, "name": "شعيب حناضل" }, "geometry": { "type": "Point", "coordinates": [ 40.848153, 27.4531094 ] } },
{ "type": "Feature", "properties": { "osm_id": "14046866870", "code": 1050, "fclass": "locality", "population": 0, "name": "شعيب حنيظلات" }, "geometry": { "type": "Point", "coordinates": [ 40.8528088, 27.4332558 ] } },
{ "type": "Feature", "properties": { "osm_id": "14047362506", "code": 1050, "fclass": "locality", "population": 0, "name": "روضة اكيديشه" }, "geometry": { "type": "Point", "coordinates": [ 40.4218422, 26.6486932 ] } },
{ "type": "Feature", "properties": { "osm_id": "14047402897", "code": 1050, "fclass": "locality", "population": 0, "name": "روضة أم حصية" }, "geometry": { "type": "Point", "coordinates": [ 40.3691095, 26.4493742 ] } },
{ "type": "Feature", "properties": { "osm_id": "14049792761", "code": 1050, "fclass": "locality", "population": 0, "name": "وادي المعين" }, "geometry": { "type": "Point", "coordinates": [ 42.3768811, 18.6650795 ] } },
{ "type": "Feature", "properties": { "osm_id": "14049795115", "code": 1050, "fclass": "locality", "population": 0, "name": "وادي ذم طلحة" }, "geometry": { "type": "Point", "coordinates": [ 42.3789445, 18.6633601 ] } },
{ "type": "Feature", "properties": { "osm_id": "14049796324", "code": 1050, "fclass": "locality", "population": 0, "name": "وادي السرمية" }, "geometry": { "type": "Point", "coordinates": [ 42.3708818, 18.6673956 ] } },
{ "type": "Feature", "properties": { "osm_id": "14049804040", "code": 1050, "fclass": "locality", "population": 0, "name": "وادي الثمامة" }, "geometry": { "type": "Point", "coordinates": [ 42.700901, 18.6955746 ] } },
{ "type": "Feature", "properties": { "osm_id": "14049805499", "code": 1050, "fclass": "locality", "population": 0, "name": "شعيب العصمة" }, "geometry": { "type": "Point", "coordinates": [ 43.4499447, 18.489672 ] } },
{ "type": "Feature", "properties": { "osm_id": "14049850781", "code": 1050, "fclass": "locality", "population": 0, "name": "شعيب الغول" }, "geometry": { "type": "Point", "coordinates": [ 43.3808242, 18.2893688 ] } },
{ "type": "Feature", "properties": { "osm_id": "14049851476", "code": 1050, "fclass": "locality", "population": 0, "name": "وادي هجرة زهير" }, "geometry": { "type": "Point", "coordinates": [ 43.4241712, 18.249882 ] } },
{ "type": "Feature", "properties": { "osm_id": "14049870821", "code": 1050, "fclass": "locality", "population": 0, "name": "وادي العرفج" }, "geometry": { "type": "Point", "coordinates": [ 43.4736673, 18.4884357 ] } },
{ "type": "Feature", "properties": { "osm_id": "14049893428", "code": 1050, "fclass": "locality", "population": 0, "name": "وادي نطاه" }, "geometry": { "type": "Point", "coordinates": [ 43.4921352, 18.4822776 ] } },
{ "type": "Feature", "properties": { "osm_id": "14049922212", "code": 1050, "fclass": "locality", "population": 0, "name": "وادي الخريص" }, "geometry": { "type": "Point", "coordinates": [ 43.4476829, 18.2549319 ] } },
{ "type": "Feature", "properties": { "osm_id": "14049926313", "code": 1050, "fclass": "locality", "population": 0, "name": "وادي بشران" }, "geometry": { "type": "Point", "coordinates": [ 43.3934275, 18.2424135 ] } },
{ "type": "Feature", "properties": { "osm_id": "14049927853", "code": 1050, "fclass": "locality", "population": 0, "name": "وادي الرسبه" }, "geometry": { "type": "Point", "coordinates": [ 43.4523753, 18.2234387 ] } },
{ "type": "Feature", "properties": { "osm_id": "14052083177", "code": 1050, "fclass": "locality", "population": 0, "name": "وادي الكهيف" }, "geometry": { "type": "Point", "coordinates": [ 43.4204555, 18.2009293 ] } },
{ "type": "Feature", "properties": { "osm_id": "14052083788", "code": 1050, "fclass": "locality", "population": 0, "name": "وادي الشهد" }, "geometry": { "type": "Point", "coordinates": [ 43.4196364, 18.1797611 ] } },
{ "type": "Feature", "properties": { "osm_id": "14052086392", "code": 1050, "fclass": "locality", "population": 0, "name": "شعيب المردم" }, "geometry": { "type": "Point", "coordinates": [ 43.4897009, 18.1333045 ] } },
{ "type": "Feature", "properties": { "osm_id": "14052090622", "code": 1050, "fclass": "locality", "population": 0, "name": "وادي الخبت" }, "geometry": { "type": "Point", "coordinates": [ 43.4589749, 18.0575037 ] } },
{ "type": "Feature", "properties": { "osm_id": "14052091012", "code": 1050, "fclass": "locality", "population": 0, "name": "شعيب صديد" }, "geometry": { "type": "Point", "coordinates": [ 43.4425234, 18.1744224 ] } },
{ "type": "Feature", "properties": { "osm_id": "14052102356", "code": 1050, "fclass": "locality", "population": 0, "name": "وادي الصفك" }, "geometry": { "type": "Point", "coordinates": [ 43.514393, 18.1148578 ] } },
{ "type": "Feature", "properties": { "osm_id": "14052105086", "code": 1003, "fclass": "village", "population": 0, "name": "روضة السريب" }, "geometry": { "type": "Point", "coordinates": [ 43.4466045, 18.1253235 ] } },
{ "type": "Feature", "properties": { "osm_id": "14052117734", "code": 1050, "fclass": "locality", "population": 0, "name": "وادي الرجل" }, "geometry": { "type": "Point", "coordinates": [ 43.4737149, 18.0987698 ] } },
{ "type": "Feature", "properties": { "osm_id": "14052122049", "code": 1050, "fclass": "locality", "population": 0, "name": "وادي خريج البير" }, "geometry": { "type": "Point", "coordinates": [ 43.4297208, 18.0449113 ] } },
{ "type": "Feature", "properties": { "osm_id": "14052143919", "code": 1050, "fclass": "locality", "population": 0, "name": "وادي الشويطر" }, "geometry": { "type": "Point", "coordinates": [ 43.5124194, 18.0306765 ] } },
{ "type": "Feature", "properties": { "osm_id": "14052154017", "code": 1003, "fclass": "village", "population": 0, "name": "آل شعيب" }, "geometry": { "type": "Point", "coordinates": [ 43.5179256, 18.0254801 ] } },
{ "type": "Feature", "properties": { "osm_id": "14052156084", "code": 1050, "fclass": "locality", "population": 0, "name": "وادي الحافر" }, "geometry": { "type": "Point", "coordinates": [ 43.5263816, 17.9381079 ] } },
{ "type": "Feature", "properties": { "osm_id": "14052178520", "code": 1050, "fclass": "locality", "population": 0, "name": "وادي الحبابة" }, "geometry": { "type": "Point", "coordinates": [ 43.5208031, 17.9415265 ] } },
{ "type": "Feature", "properties": { "osm_id": "14052185732", "code": 1050, "fclass": "locality", "population": 0, "name": "شعيب قطن" }, "geometry": { "type": "Point", "coordinates": [ 43.5218676, 17.9914058 ] } },
{ "type": "Feature", "properties": { "osm_id": "14052198119", "code": 1050, "fclass": "locality", "population": 0, "name": "وادي فقة" }, "geometry": { "type": "Point", "coordinates": [ 43.5309407, 17.9549729 ] } },
{ "type": "Feature", "properties": { "osm_id": "14052198481", "code": 1050, "fclass": "locality", "population": 0, "name": "وادي المعارك" }, "geometry": { "type": "Point", "coordinates": [ 43.7407842, 18.149428 ] } },
{ "type": "Feature", "properties": { "osm_id": "14056968245", "code": 1050, "fclass": "locality", "population": 0, "name": "شعيب النمير" }, "geometry": { "type": "Point", "coordinates": [ 46.5527504, 23.4542353 ] } },
{ "type": "Feature", "properties": { "osm_id": "14068403127", "code": 1050, "fclass": "locality", "population": 0, "name": "وادي قتم" }, "geometry": { "type": "Point", "coordinates": [ 57.6284404, 23.075267 ] } },
{ "type": "Feature", "properties": { "osm_id": "14072433145", "code": 1050, "fclass": "locality", "population": 0, "name": "وادي اطاق" }, "geometry": { "type": "Point", "coordinates": [ 55.1144877, 17.0991926 ] } },
{ "type": "Feature", "properties": { "osm_id": "14085181426", "code": 1050, "fclass": "locality", "population": 0, "name": "َوادي الرفش" }, "geometry": { "type": "Point", "coordinates": [ 56.7456955, 23.1645548 ] } },
{ "type": "Feature", "properties": { "osm_id": "14085309569", "code": 1050, "fclass": "locality", "population": 0, "name": "وادي العين" }, "geometry": { "type": "Point", "coordinates": [ 56.0193994, 22.7901601 ] } },
{ "type": "Feature", "properties": { "osm_id": "14108053754", "code": 1050, "fclass": "locality", "population": 0, "name": "سبخة الخدود" }, "geometry": { "type": "Point", "coordinates": [ 42.940091, 22.3505581 ] } },
{ "type": "Feature", "properties": { "osm_id": "14108098762", "code": 1050, "fclass": "locality", "population": 0, "name": "شعيب مزيون" }, "geometry": { "type": "Point", "coordinates": [ 41.9254157, 24.1526693 ] } },
{ "type": "Feature", "properties": { "osm_id": "14108103162", "code": 1050, "fclass": "locality", "population": 0, "name": "بركة الشعيبة" }, "geometry": { "type": "Point", "coordinates": [ 41.7945713, 24.0902625 ] } },
{ "type": "Feature", "properties": { "osm_id": "14108125162", "code": 1050, "fclass": "locality", "population": 0, "name": "شعيب مطيرة" }, "geometry": { "type": "Point", "coordinates": [ 41.7248738, 23.7997223 ] } },
{ "type": "Feature", "properties": { "osm_id": "14108138078", "code": 1050, "fclass": "locality", "population": 0, "name": "شعيب المدراء" }, "geometry": { "type": "Point", "coordinates": [ 41.7599752, 23.9053674 ] } },
{ "type": "Feature", "properties": { "osm_id": "14111000677", "code": 1050, "fclass": "locality", "population": 0, "name": "شعيب السدحاء" }, "geometry": { "type": "Point", "coordinates": [ 43.0226053, 18.6528762 ] } },
{ "type": "Feature", "properties": { "osm_id": "14111027317", "code": 1050, "fclass": "locality", "population": 0, "name": "وادي الطلاح" }, "geometry": { "type": "Point", "coordinates": [ 42.9907115, 18.6064396 ] } },
{ "type": "Feature", "properties": { "osm_id": "14111064552", "code": 1050, "fclass": "locality", "population": 0, "name": "وادي السريحة" }, "geometry": { "type": "Point", "coordinates": [ 42.9514682, 18.573589 ] } },
{ "type": "Feature", "properties": { "osm_id": "14111141547", "code": 1050, "fclass": "locality", "population": 0, "name": "وادي نيّام" }, "geometry": { "type": "Point", "coordinates": [ 43.0732113, 18.5153879 ] } },
{ "type": "Feature", "properties": { "osm_id": "14111311657", "code": 1050, "fclass": "locality", "population": 0, "name": "وادي ثله" }, "geometry": { "type": "Point", "coordinates": [ 43.1879874, 18.4660185 ] } },
{ "type": "Feature", "properties": { "osm_id": "14111315122", "code": 1050, "fclass": "locality", "population": 0, "name": "شعيب أبو جثجاث" }, "geometry": { "type": "Point", "coordinates": [ 43.1830228, 18.4758779 ] } },
{ "type": "Feature", "properties": { "osm_id": "14111324247", "code": 1050, "fclass": "locality", "population": 0, "name": "وادي القطََّار" }, "geometry": { "type": "Point", "coordinates": [ 43.1112892, 18.451128 ] } },
{ "type": "Feature", "properties": { "osm_id": "14111355881", "code": 1050, "fclass": "locality", "population": 0, "name": "وادي اشتيس" }, "geometry": { "type": "Point", "coordinates": [ 43.1740108, 18.2942374 ] } },
{ "type": "Feature", "properties": { "osm_id": "14111361001", "code": 1050, "fclass": "locality", "population": 0, "name": "وادي حيبان" }, "geometry": { "type": "Point", "coordinates": [ 43.1846833, 18.3409254 ] } },
{ "type": "Feature", "properties": { "osm_id": "14111367464", "code": 1050, "fclass": "locality", "population": 0, "name": "وادي الدومة" }, "geometry": { "type": "Point", "coordinates": [ 43.2149103, 18.2890941 ] } },
{ "type": "Feature", "properties": { "osm_id": "14111374873", "code": 1050, "fclass": "locality", "population": 0, "name": "وادي القطرين" }, "geometry": { "type": "Point", "coordinates": [ 43.2127667, 18.2729919 ] } },
{ "type": "Feature", "properties": { "osm_id": "14111390727", "code": 1050, "fclass": "locality", "population": 0, "name": "وادي الحنو" }, "geometry": { "type": "Point", "coordinates": [ 43.2263717, 18.2670262 ] } }
]
}
