{
"type": "FeatureCollection",
"name": "wells",
"crs": { "type": "name", "properties": { "name": "urn:ogc:def:crs:OGC:1.3:CRS84" } },
"features": [
{ "type": "Feature", "properties": { "osm_id": "1216800258", "code": 2962, "fclass": "water_well", "name": "بئر الذيبي" }, "geometry": { "type": "Point", "coordinates": [ 51.604166, 18.879951 ] } },
{ "type": "Feature", "properties": { "osm_id": "1216800277", "code": 2962, "fclass": "water_well", "name": "بئر ابن حمودة" }, "geometry": { "type": "Point", "coordinates": [ 51.829281, 18.909253 ] } },
{ "type": "Feature", "properties": { "osm_id": "1236326514", "code": 2962, "fclass": "water_well", "name": "بِئر المِدِقَّة" }, "geometry": { "type": "Point", "coordinates": [ 37.4074623, 25.901673 ] } },
{ "type": "Feature", "properties": { "osm_id": "1236345415", "code": 2962, "fclass": "water_well", "name": "قلمة الزبر" }, "geometry": { "type": "Point", "coordinates": [ 47.619167, 28.533889 ] } },
{ "type": "Feature", "properties": { "osm_id": "1236349700", "code": 2962, "fclass": "water_well", "name": "قلمة خسارة" }, "geometry": { "type": "Point", "coordinates": [ 46.269167, 28.64 ] } },
{ "type": "Feature", "properties": { "osm_id": "1236349722", "code": 2962, "fclass": "water_well", "name": "قلمة الضرابين" }, "geometry": { "type": "Point", "coordinates": [ 46.303889, 28.803889 ] } },
{ "type": "Feature", "properties": { "osm_id": "1236349866", "code": 2962, "fclass": "water_well", "name": "قلمة الكنيب" }, "geometry": { "type": "Point", "coordinates": [ 46.725833, 28.443611 ] } },
{ "type": "Feature", "properties": { "osm_id": "1236355056", "code": 2962, "fclass": "water_well", "name": "بئر الجليدة" }, "geometry": { "type": "Point", "coordinates": [ 45.6456411, 29.0365573 ] } },
{ "type": "Feature", "properties": { "osm_id": "1236355117", "code": 2962, "fclass": "water_well", "name": "آبار الفقيعية" }, "geometry": { "type": "Point", "coordinates": [ 45.663889, 28.966667 ] } },
{ "type": "Feature", "properties": { "osm_id": "1236356123", "code": 2962, "fclass": "water_well", "name": "قلبان سراب" }, "geometry": { "type": "Point", "coordinates": [ 44.7678043, 27.9960213 ] } },
{ "type": "Feature", "properties": { "osm_id": "1236368161", "code": 2962, "fclass": "water_well", "name": "بئر وعلة" }, "geometry": { "type": "Point", "coordinates": [ 42.785833, 26.270833 ] } },
{ "type": "Feature", "properties": { "osm_id": "1236368318", "code": 2962, "fclass": "water_well", "name": "آبار المطيوي" }, "geometry": { "type": "Point", "coordinates": [ 42.6176763, 26.3873511 ] } },
{ "type": "Feature", "properties": { "osm_id": "1236368401", "code": 2962, "fclass": "water_well", "name": "بئر المعدا" }, "geometry": { "type": "Point", "coordinates": [ 42.697222, 26.320556 ] } },
{ "type": "Feature", "properties": { "osm_id": "1236369161", "code": 2962, "fclass": "water_well", "name": "بئر الصليلية" }, "geometry": { "type": "Point", "coordinates": [ 42.823889, 26.283611 ] } },
{ "type": "Feature", "properties": { "osm_id": "1236370868", "code": 2962, "fclass": "water_well", "name": "ابار بثية" }, "geometry": { "type": "Point", "coordinates": [ 43.323056, 26.104444 ] } },
{ "type": "Feature", "properties": { "osm_id": "1236378371", "code": 2962, "fclass": "water_well", "name": "آبار شري" }, "geometry": { "type": "Point", "coordinates": [ 43.453611, 27.24 ] } },
{ "type": "Feature", "properties": { "osm_id": "1236386253", "code": 2962, "fclass": "water_well", "name": "بئر حمدان" }, "geometry": { "type": "Point", "coordinates": [ 40.649444, 27.715833 ] } },
{ "type": "Feature", "properties": { "osm_id": "1236398389", "code": 2962, "fclass": "water_well", "name": "آبار أم حزم القديمة" }, "geometry": { "type": "Point", "coordinates": [ 44.504444, 25.838333 ] } },
{ "type": "Feature", "properties": { "osm_id": "1236398465", "code": 2962, "fclass": "water_well", "name": "بئر الرويقية" }, "geometry": { "type": "Point", "coordinates": [ 44.470278, 25.845 ] } },
{ "type": "Feature", "properties": { "osm_id": "1236398565", "code": 2962, "fclass": "water_well", "name": "قفيفة" }, "geometry": { "type": "Point", "coordinates": [ 44.2348032, 25.8381985 ] } },
{ "type": "Feature", "properties": { "osm_id": "1236399672", "code": 2962, "fclass": "water_well", "name": "آبار القراشية" }, "geometry": { "type": "Point", "coordinates": [ 45.6525, 26.020278 ] } },
{ "type": "Feature", "properties": { "osm_id": "1236401785", "code": 2962, "fclass": "water_well", "name": "آبار الحفنة" }, "geometry": { "type": "Point", "coordinates": [ 46.556868, 25.708365 ] } },
{ "type": "Feature", "properties": { "osm_id": "1236402034", "code": 2962, "fclass": "water_well", "name": "بئر أم ركبة" }, "geometry": { "type": "Point", "coordinates": [ 46.394444, 25.649722 ] } },
{ "type": "Feature", "properties": { "osm_id": "1236402037", "code": 2962, "fclass": "water_well", "name": "قلبان حفر العتش" }, "geometry": { "type": "Point", "coordinates": [ 46.4929094, 25.9583845 ] } },
{ "type": "Feature", "properties": { "osm_id": "1236402094", "code": 2962, "fclass": "water_well", "name": "آبار الحميسية" }, "geometry": { "type": "Point", "coordinates": [ 46.500833, 25.971944 ] } },
{ "type": "Feature", "properties": { "osm_id": "1236402130", "code": 2962, "fclass": "water_well", "name": "آبار مليح" }, "geometry": { "type": "Point", "coordinates": [ 46.1045908, 25.7922536 ] } },
{ "type": "Feature", "properties": { "osm_id": "1236403925", "code": 2962, "fclass": "water_well", "name": "بئر المفروقة" }, "geometry": { "type": "Point", "coordinates": [ 46.0229619, 27.0020404 ] } },
{ "type": "Feature", "properties": { "osm_id": "1236404180", "code": 2962, "fclass": "water_well", "name": "بئر أبو سدرة" }, "geometry": { "type": "Point", "coordinates": [ 46.173056, 26.997222 ] } },
{ "type": "Feature", "properties": { "osm_id": "1236405246", "code": 2962, "fclass": "water_well", "name": "بئر القنينة" }, "geometry": { "type": "Point", "coordinates": [ 45.504444, 27.828889 ] } },
{ "type": "Feature", "properties": { "osm_id": "1236406879", "code": 2962, "fclass": "water_well", "name": "قلبان خليفة" }, "geometry": { "type": "Point", "coordinates": [ 44.305278, 28.639444 ] } },
{ "type": "Feature", "properties": { "osm_id": "1236406925", "code": 2962, "fclass": "water_well", "name": "قلبان ابو شظاظ" }, "geometry": { "type": "Point", "coordinates": [ 44.274722, 28.811389 ] } },
{ "type": "Feature", "properties": { "osm_id": "1236406931", "code": 2962, "fclass": "water_well", "name": "قلبان القرائن" }, "geometry": { "type": "Point", "coordinates": [ 44.1996132, 28.5777458 ] } },
{ "type": "Feature", "properties": { "osm_id": "1236406936", "code": 2962, "fclass": "water_well", "name": "آبار المهينية" }, "geometry": { "type": "Point", "coordinates": [ 44.266289, 28.4840487 ] } },
{ "type": "Feature", "properties": { "osm_id": "1236406938", "code": 2962, "fclass": "water_well", "name": "قلبان أم نغرة" }, "geometry": { "type": "Point", "coordinates": [ 44.278333, 28.677778 ] } },
{ "type": "Feature", "properties": { "osm_id": "1236406982", "code": 2962, "fclass": "water_well", "name": "قليب خليف" }, "geometry": { "type": "Point", "coordinates": [ 44.319722, 28.623611 ] } },
{ "type": "Feature", "properties": { "osm_id": "1236407920", "code": 2962, "fclass": "water_well", "name": "قليب مجطل" }, "geometry": { "type": "Point", "coordinates": [ 44.078889, 29.106389 ] } },
{ "type": "Feature", "properties": { "osm_id": "1236407944", "code": 2962, "fclass": "water_well", "name": "قليب غرابان" }, "geometry": { "type": "Point", "coordinates": [ 43.9404647, 28.9557082 ] } },
{ "type": "Feature", "properties": { "osm_id": "1236407951", "code": 2962, "fclass": "water_well", "name": "قلبان مطربة" }, "geometry": { "type": "Point", "coordinates": [ 44.0327787, 28.738106 ] } },
{ "type": "Feature", "properties": { "osm_id": "1236408099", "code": 2962, "fclass": "water_well", "name": "آبار ثمائل نعجة" }, "geometry": { "type": "Point", "coordinates": [ 43.9045171, 28.6830025 ] } },
{ "type": "Feature", "properties": { "osm_id": "1236413254", "code": 2962, "fclass": "water_well", "name": "أم وزير" }, "geometry": { "type": "Point", "coordinates": [ 44.9, 22.416667 ] } },
{ "type": "Feature", "properties": { "osm_id": "1236413314", "code": 2962, "fclass": "water_well", "name": "آبار الأرمض الجنوبي" }, "geometry": { "type": "Point", "coordinates": [ 44.7444277, 22.2474343 ] } },
{ "type": "Feature", "properties": { "osm_id": "1236413359", "code": 2962, "fclass": "water_well", "name": "بئر العميلة" }, "geometry": { "type": "Point", "coordinates": [ 43.816667, 22.4 ] } },
{ "type": "Feature", "properties": { "osm_id": "1236420793", "code": 2962, "fclass": "water_well", "name": "بئر العبد" }, "geometry": { "type": "Point", "coordinates": [ 43.793973, 25.118261 ] } },
{ "type": "Feature", "properties": { "osm_id": "1236420861", "code": 2962, "fclass": "water_well", "name": "بئر نخيلان" }, "geometry": { "type": "Point", "coordinates": [ 44.933333, 24.05 ] } },
{ "type": "Feature", "properties": { "osm_id": "1236421647", "code": 2962, "fclass": "water_well", "name": "بئر رشراش" }, "geometry": { "type": "Point", "coordinates": [ 45.405, 24.142222 ] } },
{ "type": "Feature", "properties": { "osm_id": "1236435208", "code": 2962, "fclass": "water_well", "name": "قلبان العميشاء" }, "geometry": { "type": "Point", "coordinates": [ 44.234722, 25.369167 ] } },
{ "type": "Feature", "properties": { "osm_id": "1236437512", "code": 2962, "fclass": "water_well", "name": "قلبان الحواسية" }, "geometry": { "type": "Point", "coordinates": [ 43.608611, 25.508611 ] } },
{ "type": "Feature", "properties": { "osm_id": "1236437628", "code": 2962, "fclass": "water_well", "name": "آبار الظاهرية" }, "geometry": { "type": "Point", "coordinates": [ 43.511389, 25.575556 ] } },
{ "type": "Feature", "properties": { "osm_id": "1236442984", "code": 2962, "fclass": "water_well", "name": "بئر عفراء ضمينة" }, "geometry": { "type": "Point", "coordinates": [ 42.733611, 25.289722 ] } },
{ "type": "Feature", "properties": { "osm_id": "1236443105", "code": 2962, "fclass": "water_well", "name": "آبار القعرية" }, "geometry": { "type": "Point", "coordinates": [ 42.653333, 25.584722 ] } },
{ "type": "Feature", "properties": { "osm_id": "1236443141", "code": 2962, "fclass": "water_well", "name": "آبار الأطروحة" }, "geometry": { "type": "Point", "coordinates": [ 42.805278, 25.243333 ] } },
{ "type": "Feature", "properties": { "osm_id": "1236443946", "code": 2962, "fclass": "water_well", "name": "آبار السوقية" }, "geometry": { "type": "Point", "coordinates": [ 42.731389, 25.272222 ] } },
{ "type": "Feature", "properties": { "osm_id": "1236449380", "code": 2962, "fclass": "water_well", "name": "بئر ذبيح" }, "geometry": { "type": "Point", "coordinates": [ 41.6514829, 22.9515221 ] } },
{ "type": "Feature", "properties": { "osm_id": "1236450335", "code": 2962, "fclass": "water_well", "name": "آبار دغبج" }, "geometry": { "type": "Point", "coordinates": [ 40.710278, 22.389167 ] } },
{ "type": "Feature", "properties": { "osm_id": "1236452056", "code": 2962, "fclass": "water_well", "name": "بئر بدي" }, "geometry": { "type": "Point", "coordinates": [ 38.293333, 25.304722 ] } },
{ "type": "Feature", "properties": { "osm_id": "1236462035", "code": 2962, "fclass": "water_well", "name": "المقتلة" }, "geometry": { "type": "Point", "coordinates": [ 39.716667, 21.4 ] } },
{ "type": "Feature", "properties": { "osm_id": "1236473407", "code": 2962, "fclass": "water_well", "name": "قلمة الشرورة" }, "geometry": { "type": "Point", "coordinates": [ 47.1, 17.483333 ] } },
{ "type": "Feature", "properties": { "osm_id": "1236475679", "code": 2962, "fclass": "water_well", "name": "قلمة أم العلل" }, "geometry": { "type": "Point", "coordinates": [ 49.580833, 23.636667 ] } },
{ "type": "Feature", "properties": { "osm_id": "1236475737", "code": 2962, "fclass": "water_well", "name": "قلمة أم الشيبان" }, "geometry": { "type": "Point", "coordinates": [ 49.778056, 23.666944 ] } },
{ "type": "Feature", "properties": { "osm_id": "1236475772", "code": 2962, "fclass": "water_well", "name": "قلمة مدركة" }, "geometry": { "type": "Point", "coordinates": [ 49.8087855, 23.3841 ] } },
{ "type": "Feature", "properties": { "osm_id": "1236475781", "code": 2962, "fclass": "water_well", "name": "قلمة ندقان" }, "geometry": { "type": "Point", "coordinates": [ 50.1408731, 23.15618 ] } },
{ "type": "Feature", "properties": { "osm_id": "1236691035", "code": 2962, "fclass": "water_well", "name": "بئر البطحاء" }, "geometry": { "type": "Point", "coordinates": [ 40.352778, 21.815 ] } },
{ "type": "Feature", "properties": { "osm_id": "1236693949", "code": 2962, "fclass": "water_well", "name": "بئر العلية" }, "geometry": { "type": "Point", "coordinates": [ 40.410833, 24.292222 ] } },
{ "type": "Feature", "properties": { "osm_id": "1236694187", "code": 2962, "fclass": "water_well", "name": "بئر الروحاء" }, "geometry": { "type": "Point", "coordinates": [ 39.1617438, 24.0781599 ] } },
{ "type": "Feature", "properties": { "osm_id": "1236695925", "code": 2962, "fclass": "water_well", "name": "طينان" }, "geometry": { "type": "Point", "coordinates": [ 43.6026998, 24.2711916 ] } },
{ "type": "Feature", "properties": { "osm_id": "1236696301", "code": 2962, "fclass": "water_well", "name": "آبار طليبات" }, "geometry": { "type": "Point", "coordinates": [ 43.731667, 25.294722 ] } },
{ "type": "Feature", "properties": { "osm_id": "1236696358", "code": 2962, "fclass": "water_well", "name": "آبار السليع" }, "geometry": { "type": "Point", "coordinates": [ 44.911389, 25.261111 ] } },
{ "type": "Feature", "properties": { "osm_id": "1236696513", "code": 2962, "fclass": "water_well", "name": "آبار ذرقان" }, "geometry": { "type": "Point", "coordinates": [ 43.982778, 25.009444 ] } },
{ "type": "Feature", "properties": { "osm_id": "1236702155", "code": 2962, "fclass": "water_well", "name": "قليب غريرة" }, "geometry": { "type": "Point", "coordinates": [ 45.878056, 24.985833 ] } },
{ "type": "Feature", "properties": { "osm_id": "1236702279", "code": 2962, "fclass": "water_well", "name": "قلتة العنانية" }, "geometry": { "type": "Point", "coordinates": [ 45.5756214, 25.5505246 ] } },
{ "type": "Feature", "properties": { "osm_id": "1236703200", "code": 2962, "fclass": "water_well", "name": "آبار مصدة" }, "geometry": { "type": "Point", "coordinates": [ 46.739722, 25.280278 ] } },
{ "type": "Feature", "properties": { "osm_id": "1236703262", "code": 2962, "fclass": "water_well", "name": "آبار عشيرة" }, "geometry": { "type": "Point", "coordinates": [ 46.961667, 25.317778 ] } },
{ "type": "Feature", "properties": { "osm_id": "1236703410", "code": 2962, "fclass": "water_well", "name": "آبار رملان" }, "geometry": { "type": "Point", "coordinates": [ 47.4278455, 25.2527688 ] } },
{ "type": "Feature", "properties": { "osm_id": "1236705285", "code": 2962, "fclass": "water_well", "name": "عين السيح" }, "geometry": { "type": "Point", "coordinates": [ 47.258333, 24.112778 ] } },
{ "type": "Feature", "properties": { "osm_id": "1236705671", "code": 2962, "fclass": "water_well", "name": "مشاش العقلة" }, "geometry": { "type": "Point", "coordinates": [ 47.2, 24.533611 ] } },
{ "type": "Feature", "properties": { "osm_id": "1236706286", "code": 2962, "fclass": "water_well", "name": "بئر الخفق" }, "geometry": { "type": "Point", "coordinates": [ 45.6846253, 24.4331478 ] } },
{ "type": "Feature", "properties": { "osm_id": "1236707943", "code": 2962, "fclass": "water_well", "name": "بئر لغدان" }, "geometry": { "type": "Point", "coordinates": [ 45.5481372, 24.3322674 ] } },
{ "type": "Feature", "properties": { "osm_id": "1236708760", "code": 2962, "fclass": "water_well", "name": "بئر منجور" }, "geometry": { "type": "Point", "coordinates": [ 46.116667, 23.65 ] } },
{ "type": "Feature", "properties": { "osm_id": "1236710033", "code": 2962, "fclass": "water_well", "name": "بئر الجرذاوي" }, "geometry": { "type": "Point", "coordinates": [ 44.1546746, 23.1579186 ] } },
{ "type": "Feature", "properties": { "osm_id": "1236716969", "code": 2962, "fclass": "water_well", "name": "بئر الأيسري" }, "geometry": { "type": "Point", "coordinates": [ 43.1736515, 22.6027713 ] } },
{ "type": "Feature", "properties": { "osm_id": "1236717167", "code": 2962, "fclass": "water_well", "name": "بئر صلهامة" }, "geometry": { "type": "Point", "coordinates": [ 43.9853098, 23.069672 ] } },
{ "type": "Feature", "properties": { "osm_id": "1236720866", "code": 2962, "fclass": "water_well", "name": "آبار سجا" }, "geometry": { "type": "Point", "coordinates": [ 42.7483398, 23.6076224 ] } },
{ "type": "Feature", "properties": { "osm_id": "1236725352", "code": 2962, "fclass": "water_well", "name": "قلمة الدروازة" }, "geometry": { "type": "Point", "coordinates": [ 50.260278, 24.537222 ] } },
{ "type": "Feature", "properties": { "osm_id": "1236725414", "code": 2962, "fclass": "water_well", "name": "قلمة فردان" }, "geometry": { "type": "Point", "coordinates": [ 48.725556, 22.051667 ] } },
{ "type": "Feature", "properties": { "osm_id": "1236725883", "code": 2962, "fclass": "water_well", "name": "بئر القليبة" }, "geometry": { "type": "Point", "coordinates": [ 49.020556, 22.960556 ] } },
{ "type": "Feature", "properties": { "osm_id": "1236739967", "code": 2962, "fclass": "water_well", "name": "بئر جاوا" }, "geometry": { "type": "Point", "coordinates": [ 39.959167, 29.815833 ] } },
{ "type": "Feature", "properties": { "osm_id": "1236740024", "code": 2962, "fclass": "water_well", "name": "قليب الجديلية" }, "geometry": { "type": "Point", "coordinates": [ 39.8239505, 29.8332492 ] } },
{ "type": "Feature", "properties": { "osm_id": "1236741101", "code": 2962, "fclass": "water_well", "name": "آبار مراء" }, "geometry": { "type": "Point", "coordinates": [ 40.244722, 31.724444 ] } },
{ "type": "Feature", "properties": { "osm_id": "1236744553", "code": 2962, "fclass": "water_well", "name": "أم غربة" }, "geometry": { "type": "Point", "coordinates": [ 37.783333, 30.75 ] } },
{ "type": "Feature", "properties": { "osm_id": "1236744627", "code": 2962, "fclass": "water_well", "name": "بئر أم العبي" }, "geometry": { "type": "Point", "coordinates": [ 37.7654275, 31.2485414 ] } },
{ "type": "Feature", "properties": { "osm_id": "1236744715", "code": 2962, "fclass": "water_well", "name": "الأويسط الجرباء" }, "geometry": { "type": "Point", "coordinates": [ 37.983333, 30.533333 ] } },
{ "type": "Feature", "properties": { "osm_id": "1236744717", "code": 2962, "fclass": "water_well", "name": "قلبان الميسري" }, "geometry": { "type": "Point", "coordinates": [ 38.183333, 30.533333 ] } },
{ "type": "Feature", "properties": { "osm_id": "1236744777", "code": 2962, "fclass": "water_well", "name": "مغيرات الهرمة" }, "geometry": { "type": "Point", "coordinates": [ 37.966667, 30.6 ] } },
{ "type": "Feature", "properties": { "osm_id": "1236744915", "code": 2962, "fclass": "water_well", "name": "قلبان العيساوية" }, "geometry": { "type": "Point", "coordinates": [ 37.883333, 30.633333 ] } },
{ "type": "Feature", "properties": { "osm_id": "1236745610", "code": 2962, "fclass": "water_well", "name": "بئر الحصان" }, "geometry": { "type": "Point", "coordinates": [ 41.626944, 30.279167 ] } },
{ "type": "Feature", "properties": { "osm_id": "1236745636", "code": 2962, "fclass": "water_well", "name": "بئر الضبيب" }, "geometry": { "type": "Point", "coordinates": [ 41.553333, 30.319444 ] } },
{ "type": "Feature", "properties": { "osm_id": "1236745651", "code": 2962, "fclass": "water_well", "name": "قلمة أم خنصر" }, "geometry": { "type": "Point", "coordinates": [ 41.616667, 30.683333 ] } },
{ "type": "Feature", "properties": { "osm_id": "1236745662", "code": 2962, "fclass": "water_well", "name": "بئر طعيسان" }, "geometry": { "type": "Point", "coordinates": [ 42.16, 30.528611 ] } },
{ "type": "Feature", "properties": { "osm_id": "1236745696", "code": 2962, "fclass": "water_well", "name": "قليب الأمغر" }, "geometry": { "type": "Point", "coordinates": [ 42.283611, 30.966389 ] } },
{ "type": "Feature", "properties": { "osm_id": "1236745716", "code": 2962, "fclass": "water_well", "name": "آبار الخواضة" }, "geometry": { "type": "Point", "coordinates": [ 42.2039477, 30.8482593 ] } },
{ "type": "Feature", "properties": { "osm_id": "1236746106", "code": 2962, "fclass": "water_well", "name": "آبار عوى" }, "geometry": { "type": "Point", "coordinates": [ 40.871667, 31.232222 ] } },
{ "type": "Feature", "properties": { "osm_id": "1236746199", "code": 2962, "fclass": "water_well", "name": "ابار اللويزية" }, "geometry": { "type": "Point", "coordinates": [ 41.339444, 31.253611 ] } },
{ "type": "Feature", "properties": { "osm_id": "1236746331", "code": 2962, "fclass": "water_well", "name": "ابار القطعية" }, "geometry": { "type": "Point", "coordinates": [ 41.381111, 31.295278 ] } },
{ "type": "Feature", "properties": { "osm_id": "1236747274", "code": 2962, "fclass": "water_well", "name": "قلبان البطيحي" }, "geometry": { "type": "Point", "coordinates": [ 41.043611, 31.045556 ] } },
{ "type": "Feature", "properties": { "osm_id": "1236747985", "code": 2962, "fclass": "water_well", "name": "بئر أبو مرادي" }, "geometry": { "type": "Point", "coordinates": [ 41.179167, 30.348611 ] } },
{ "type": "Feature", "properties": { "osm_id": "1236748002", "code": 2962, "fclass": "water_well", "name": "آبار النخيلة" }, "geometry": { "type": "Point", "coordinates": [ 41.311944, 30.340278 ] } },
{ "type": "Feature", "properties": { "osm_id": "1236748016", "code": 2962, "fclass": "water_well", "name": "آبار المنكصم" }, "geometry": { "type": "Point", "coordinates": [ 41.766389, 29.863889 ] } },
{ "type": "Feature", "properties": { "osm_id": "1236748063", "code": 2962, "fclass": "water_well", "name": "آبار أم صويحات" }, "geometry": { "type": "Point", "coordinates": [ 41.195833, 30.029167 ] } },
{ "type": "Feature", "properties": { "osm_id": "1236748268", "code": 2962, "fclass": "water_well", "name": "آبار المندسة" }, "geometry": { "type": "Point", "coordinates": [ 42.3129394, 29.8540904 ] } },
{ "type": "Feature", "properties": { "osm_id": "1236748272", "code": 2962, "fclass": "water_well", "name": "قلبان الدويد" }, "geometry": { "type": "Point", "coordinates": [ 42.023611, 30.013889 ] } },
{ "type": "Feature", "properties": { "osm_id": "1236748442", "code": 2962, "fclass": "water_well", "name": "بئر القيري" }, "geometry": { "type": "Point", "coordinates": [ 41.646111, 30.058333 ] } },
{ "type": "Feature", "properties": { "osm_id": "1236748497", "code": 2962, "fclass": "water_well", "name": "قلتة أم الحمام" }, "geometry": { "type": "Point", "coordinates": [ 41.426389, 29.9525 ] } },
{ "type": "Feature", "properties": { "osm_id": "1236748667", "code": 2962, "fclass": "water_well", "name": "قلبان الروض" }, "geometry": { "type": "Point", "coordinates": [ 42.580833, 29.787778 ] } },
{ "type": "Feature", "properties": { "osm_id": "1236748742", "code": 2962, "fclass": "water_well", "name": "صوير" }, "geometry": { "type": "Point", "coordinates": [ 40.390833, 30.116389 ] } },
{ "type": "Feature", "properties": { "osm_id": "1236748926", "code": 2962, "fclass": "water_well", "name": "قلبان الطوال" }, "geometry": { "type": "Point", "coordinates": [ 40.433333, 30.0 ] } },
{ "type": "Feature", "properties": { "osm_id": "1236749007", "code": 2962, "fclass": "water_well", "name": "بئر البريبك" }, "geometry": { "type": "Point", "coordinates": [ 41.638889, 29.996111 ] } },
{ "type": "Feature", "properties": { "osm_id": "1236749014", "code": 2962, "fclass": "water_well", "name": "عقيلات عرفة" }, "geometry": { "type": "Point", "coordinates": [ 41.427222, 29.968889 ] } },
{ "type": "Feature", "properties": { "osm_id": "1236749132", "code": 2962, "fclass": "water_well", "name": "قلبان الهبيكة" }, "geometry": { "type": "Point", "coordinates": [ 42.2773616, 29.8259875 ] } },
{ "type": "Feature", "properties": { "osm_id": "1236750573", "code": 2962, "fclass": "water_well", "name": "ابار الرغيفيات" }, "geometry": { "type": "Point", "coordinates": [ 40.1326828, 29.3406675 ] } },
{ "type": "Feature", "properties": { "osm_id": "1236759354", "code": 2962, "fclass": "water_well", "name": "قلتة الدميثة" }, "geometry": { "type": "Point", "coordinates": [ 41.8490057, 29.6871399 ] } },
{ "type": "Feature", "properties": { "osm_id": "1236759924", "code": 2962, "fclass": "water_well", "name": "بئر رطيان" }, "geometry": { "type": "Point", "coordinates": [ 41.6647, 28.6067 ] } },
{ "type": "Feature", "properties": { "osm_id": "1236759929", "code": 2962, "fclass": "water_well", "name": "بئر الضوي" }, "geometry": { "type": "Point", "coordinates": [ 41.679722, 28.605278 ] } },
{ "type": "Feature", "properties": { "osm_id": "1236770423", "code": 2962, "fclass": "water_well", "name": "قلمة الخالدية" }, "geometry": { "type": "Point", "coordinates": [ 47.5432549, 26.9978168 ] } },
{ "type": "Feature", "properties": { "osm_id": "1236770968", "code": 2962, "fclass": "water_well", "name": "القليب" }, "geometry": { "type": "Point", "coordinates": [ 48.278056, 26.758611 ] } },
{ "type": "Feature", "properties": { "osm_id": "1236771007", "code": 2962, "fclass": "water_well", "name": "آبار النظيم" }, "geometry": { "type": "Point", "coordinates": [ 48.213889, 26.889444 ] } },
{ "type": "Feature", "properties": { "osm_id": "1236771256", "code": 2962, "fclass": "water_well", "name": "قلبان جحيظا" }, "geometry": { "type": "Point", "coordinates": [ 48.666667, 26.843889 ] } },
{ "type": "Feature", "properties": { "osm_id": "1236771275", "code": 2962, "fclass": "water_well", "name": "آبار عرج" }, "geometry": { "type": "Point", "coordinates": [ 48.853611, 26.366111 ] } },
{ "type": "Feature", "properties": { "osm_id": "1236771298", "code": 2962, "fclass": "water_well", "name": "خور اللقاح" }, "geometry": { "type": "Point", "coordinates": [ 48.985, 26.625833 ] } },
{ "type": "Feature", "properties": { "osm_id": "1236771306", "code": 2962, "fclass": "water_well", "name": "بئر بخا" }, "geometry": { "type": "Point", "coordinates": [ 48.629444, 26.723056 ] } },
{ "type": "Feature", "properties": { "osm_id": "1236771322", "code": 2962, "fclass": "water_well", "name": "قلبان الخزامي" }, "geometry": { "type": "Point", "coordinates": [ 48.571389, 26.494722 ] } },
{ "type": "Feature", "properties": { "osm_id": "1236771418", "code": 2962, "fclass": "water_well", "name": "آبار ردحة" }, "geometry": { "type": "Point", "coordinates": [ 49.089167, 26.953056 ] } },
{ "type": "Feature", "properties": { "osm_id": "1236771472", "code": 2962, "fclass": "water_well", "name": "شيب سحمة" }, "geometry": { "type": "Point", "coordinates": [ 47.8292829, 26.3892117 ] } },
{ "type": "Feature", "properties": { "osm_id": "1236771498", "code": 2962, "fclass": "water_well", "name": "آبار الأطولة" }, "geometry": { "type": "Point", "coordinates": [ 49.210278, 26.326667 ] } },
{ "type": "Feature", "properties": { "osm_id": "1236771500", "code": 2962, "fclass": "water_well", "name": "عد الجوية" }, "geometry": { "type": "Point", "coordinates": [ 48.746111, 26.113333 ] } },
{ "type": "Feature", "properties": { "osm_id": "1236771516", "code": 2962, "fclass": "water_well", "name": "قلمة الفاضلي" }, "geometry": { "type": "Point", "coordinates": [ 49.172778, 27.016667 ] } },
{ "type": "Feature", "properties": { "osm_id": "1236771539", "code": 2962, "fclass": "water_well", "name": "نظيم أم الروس" }, "geometry": { "type": "Point", "coordinates": [ 48.185, 26.088889 ] } },
{ "type": "Feature", "properties": { "osm_id": "1236771550", "code": 2962, "fclass": "water_well", "name": "نظيم الجدع" }, "geometry": { "type": "Point", "coordinates": [ 48.525, 26.1 ] } },
{ "type": "Feature", "properties": { "osm_id": "1236771566", "code": 2962, "fclass": "water_well", "name": "آبار ضبيب" }, "geometry": { "type": "Point", "coordinates": [ 49.199722, 26.832222 ] } },
{ "type": "Feature", "properties": { "osm_id": "1236772596", "code": 2962, "fclass": "water_well", "name": "قلمة إبن حمرة" }, "geometry": { "type": "Point", "coordinates": [ 49.558333, 25.983056 ] } },
{ "type": "Feature", "properties": { "osm_id": "1236772736", "code": 2962, "fclass": "water_well", "name": "قلمة الزعبي" }, "geometry": { "type": "Point", "coordinates": [ 49.546111, 26.077222 ] } },
{ "type": "Feature", "properties": { "osm_id": "1236773980", "code": 2962, "fclass": "water_well", "name": "قلمة العسرة" }, "geometry": { "type": "Point", "coordinates": [ 48.694444, 26.006111 ] } },
{ "type": "Feature", "properties": { "osm_id": "1236774054", "code": 2962, "fclass": "water_well", "name": "آبار المليحة" }, "geometry": { "type": "Point", "coordinates": [ 49.4848115, 26.4120463 ] } },
{ "type": "Feature", "properties": { "osm_id": "1236774103", "code": 2962, "fclass": "water_well", "name": "بئر هشم الحيشة" }, "geometry": { "type": "Point", "coordinates": [ 49.613056, 26.3625 ] } },
{ "type": "Feature", "properties": { "osm_id": "1236774106", "code": 2962, "fclass": "water_well", "name": "بئر الصفوية" }, "geometry": { "type": "Point", "coordinates": [ 49.479722, 26.441389 ] } },
{ "type": "Feature", "properties": { "osm_id": "1236774129", "code": 2962, "fclass": "water_well", "name": "بئر أبو كول" }, "geometry": { "type": "Point", "coordinates": [ 49.552778, 26.434722 ] } },
{ "type": "Feature", "properties": { "osm_id": "1237330191", "code": 2962, "fclass": "water_well", "name": "قلمة فارس" }, "geometry": { "type": "Point", "coordinates": [ 50.985181, 20.1689884 ] } },
{ "type": "Feature", "properties": { "osm_id": "1237330257", "code": 2962, "fclass": "water_well", "name": "قلمة الركبة" }, "geometry": { "type": "Point", "coordinates": [ 52.733333, 20.6 ] } },
{ "type": "Feature", "properties": { "osm_id": "1237330260", "code": 2962, "fclass": "water_well", "name": "قلمة خور آل جحيش" }, "geometry": { "type": "Point", "coordinates": [ 50.9816861, 20.5990284 ] } },
{ "type": "Feature", "properties": { "osm_id": "1237330648", "code": 2962, "fclass": "water_well", "name": "قلمة شطفة" }, "geometry": { "type": "Point", "coordinates": [ 52.883333, 22.8 ] } },
{ "type": "Feature", "properties": { "osm_id": "1237330704", "code": 2962, "fclass": "water_well", "name": "قلمة الفوارة" }, "geometry": { "type": "Point", "coordinates": [ 52.9990728, 21.2592715 ] } },
{ "type": "Feature", "properties": { "osm_id": "1237330748", "code": 2962, "fclass": "water_well", "name": "قلمة حمارير الكدن" }, "geometry": { "type": "Point", "coordinates": [ 53.266667, 21.716667 ] } },
{ "type": "Feature", "properties": { "osm_id": "1237330883", "code": 2962, "fclass": "water_well", "name": "آبار الدويرس" }, "geometry": { "type": "Point", "coordinates": [ 50.9142665, 22.4173092 ] } },
{ "type": "Feature", "properties": { "osm_id": "1237330893", "code": 2962, "fclass": "water_well", "name": "قلمة جروان" }, "geometry": { "type": "Point", "coordinates": [ 50.89, 23.445556 ] } },
{ "type": "Feature", "properties": { "osm_id": "1237330943", "code": 2962, "fclass": "water_well", "name": "قلمة الأزيوح" }, "geometry": { "type": "Point", "coordinates": [ 51.933333, 22.566667 ] } },
{ "type": "Feature", "properties": { "osm_id": "1237331030", "code": 2962, "fclass": "water_well", "name": "أم الحديد" }, "geometry": { "type": "Point", "coordinates": [ 50.6035599, 21.6440477 ] } },
{ "type": "Feature", "properties": { "osm_id": "1237331060", "code": 2962, "fclass": "water_well", "name": "آبار الباردة" }, "geometry": { "type": "Point", "coordinates": [ 51.5240394, 22.7589633 ] } },
{ "type": "Feature", "properties": { "osm_id": "1237331077", "code": 2962, "fclass": "water_well", "name": "قلمة بريدان" }, "geometry": { "type": "Point", "coordinates": [ 50.943611, 22.770556 ] } },
{ "type": "Feature", "properties": { "osm_id": "1237331139", "code": 2962, "fclass": "water_well", "name": "آبار المبعوث" }, "geometry": { "type": "Point", "coordinates": [ 51.7603353, 22.1505944 ] } },
{ "type": "Feature", "properties": { "osm_id": "1237331190", "code": 2962, "fclass": "water_well", "name": "قلمة الغريقة" }, "geometry": { "type": "Point", "coordinates": [ 51.1575, 22.271389 ] } },
{ "type": "Feature", "properties": { "osm_id": "1237331191", "code": 2962, "fclass": "water_well", "name": "قلبان الرهيط" }, "geometry": { "type": "Point", "coordinates": [ 50.8101656, 22.9892455 ] } },
{ "type": "Feature", "properties": { "osm_id": "1237331295", "code": 2962, "fclass": "water_well", "name": "قلمة أبو صبل" }, "geometry": { "type": "Point", "coordinates": [ 51.289722, 22.308056 ] } },
{ "type": "Feature", "properties": { "osm_id": "1237331297", "code": 2962, "fclass": "water_well", "name": "قلمة الغرقة" }, "geometry": { "type": "Point", "coordinates": [ 51.008611, 22.312778 ] } },
{ "type": "Feature", "properties": { "osm_id": "1237331430", "code": 2962, "fclass": "water_well", "name": "قلمة ثريا" }, "geometry": { "type": "Point", "coordinates": [ 51.0933347, 23.8197237 ] } },
{ "type": "Feature", "properties": { "osm_id": "1237331549", "code": 2962, "fclass": "water_well", "name": "قلمة الشبعان" }, "geometry": { "type": "Point", "coordinates": [ 51.300278, 23.6175 ] } },
{ "type": "Feature", "properties": { "osm_id": "1237331688", "code": 2962, "fclass": "water_well", "name": "آبار العنقرية" }, "geometry": { "type": "Point", "coordinates": [ 50.6886466, 24.6214811 ] } },
{ "type": "Feature", "properties": { "osm_id": "1237331708", "code": 2962, "fclass": "water_well", "name": "قلبان القرائن" }, "geometry": { "type": "Point", "coordinates": [ 50.434444, 24.634722 ] } },
{ "type": "Feature", "properties": { "osm_id": "1237331731", "code": 2962, "fclass": "water_well", "name": "قلمة أبو خيالة" }, "geometry": { "type": "Point", "coordinates": [ 50.490556, 24.648056 ] } },
{ "type": "Feature", "properties": { "osm_id": "1237331829", "code": 2962, "fclass": "water_well", "name": "قلمة العزبة" }, "geometry": { "type": "Point", "coordinates": [ 51.185, 24.118611 ] } },
{ "type": "Feature", "properties": { "osm_id": "1237331966", "code": 2962, "fclass": "water_well", "name": "آبار بعيج" }, "geometry": { "type": "Point", "coordinates": [ 50.631944, 24.675833 ] } },
{ "type": "Feature", "properties": { "osm_id": "1237331980", "code": 2962, "fclass": "water_well", "name": "قلمة الخيسة" }, "geometry": { "type": "Point", "coordinates": [ 50.7399364, 24.7117138 ] } },
{ "type": "Feature", "properties": { "osm_id": "1237331988", "code": 2962, "fclass": "water_well", "name": "قلمة المشورة" }, "geometry": { "type": "Point", "coordinates": [ 50.513333, 24.718333 ] } },
{ "type": "Feature", "properties": { "osm_id": "1237332018", "code": 2962, "fclass": "water_well", "name": "آبار أبو عرزيلة" }, "geometry": { "type": "Point", "coordinates": [ 50.7226681, 24.461936 ] } },
{ "type": "Feature", "properties": { "osm_id": "1237332039", "code": 2962, "fclass": "water_well", "name": "عقلة الرمث" }, "geometry": { "type": "Point", "coordinates": [ 51.100157, 24.471206 ] } },
{ "type": "Feature", "properties": { "osm_id": "1237343321", "code": 2962, "fclass": "water_well", "name": "آبار القروبا" }, "geometry": { "type": "Point", "coordinates": [ 50.4706962, 25.1288666 ] } },
{ "type": "Feature", "properties": { "osm_id": "1237343325", "code": 2962, "fclass": "water_well", "name": "قلمة العريف" }, "geometry": { "type": "Point", "coordinates": [ 49.958611, 25.151389 ] } },
{ "type": "Feature", "properties": { "osm_id": "1237343355", "code": 2962, "fclass": "water_well", "name": "قلمة الباردة" }, "geometry": { "type": "Point", "coordinates": [ 49.741667, 25.188333 ] } },
{ "type": "Feature", "properties": { "osm_id": "1237534070", "code": 2962, "fclass": "water_well", "name": "آبار خضراء" }, "geometry": { "type": "Point", "coordinates": [ 43.1959035, 28.288113 ] } },
{ "type": "Feature", "properties": { "osm_id": "1237534164", "code": 2962, "fclass": "water_well", "name": "بئر الهاشمة" }, "geometry": { "type": "Point", "coordinates": [ 43.1081268, 27.9298229 ] } },
{ "type": "Feature", "properties": { "osm_id": "1237534252", "code": 2962, "fclass": "water_well", "name": "قليب شيحان" }, "geometry": { "type": "Point", "coordinates": [ 43.287778, 28.256667 ] } },
{ "type": "Feature", "properties": { "osm_id": "1237534439", "code": 2962, "fclass": "water_well", "name": "بئر الغيثي" }, "geometry": { "type": "Point", "coordinates": [ 43.1961364, 28.0100802 ] } },
{ "type": "Feature", "properties": { "osm_id": "1237534523", "code": 2962, "fclass": "water_well", "name": "بئر زرود" }, "geometry": { "type": "Point", "coordinates": [ 43.1991294, 27.827483 ] } },
{ "type": "Feature", "properties": { "osm_id": "1237534763", "code": 2962, "fclass": "water_well", "name": "بئر أم الشنين" }, "geometry": { "type": "Point", "coordinates": [ 42.811667, 28.439722 ] } },
{ "type": "Feature", "properties": { "osm_id": "1237534794", "code": 2962, "fclass": "water_well", "name": "بئر الخزيمية" }, "geometry": { "type": "Point", "coordinates": [ 43.1707653, 27.8517154 ] } },
{ "type": "Feature", "properties": { "osm_id": "1237535735", "code": 2962, "fclass": "water_well", "name": "آبار زبيدة" }, "geometry": { "type": "Point", "coordinates": [ 43.086944, 27.695 ] } },
{ "type": "Feature", "properties": { "osm_id": "1237536060", "code": 2962, "fclass": "water_well", "name": "آبار دابة" }, "geometry": { "type": "Point", "coordinates": [ 43.6765667, 28.0195007 ] } },
{ "type": "Feature", "properties": { "osm_id": "1237536422", "code": 2962, "fclass": "water_well", "name": "بئر الأصيلع" }, "geometry": { "type": "Point", "coordinates": [ 42.4099809, 28.6117984 ] } },
{ "type": "Feature", "properties": { "osm_id": "1237536639", "code": 2962, "fclass": "water_well", "name": "مارد الهامل - قليب جحران" }, "geometry": { "type": "Point", "coordinates": [ 41.8687453, 28.1397339 ] } },
{ "type": "Feature", "properties": { "osm_id": "1237536676", "code": 2962, "fclass": "water_well", "name": "بئر السبيعي" }, "geometry": { "type": "Point", "coordinates": [ 42.0500675, 28.5427674 ] } },
{ "type": "Feature", "properties": { "osm_id": "1237536756", "code": 2962, "fclass": "water_well", "name": "آبار الخاصرة" }, "geometry": { "type": "Point", "coordinates": [ 42.138333, 27.821944 ] } },
{ "type": "Feature", "properties": { "osm_id": "1237537086", "code": 2962, "fclass": "water_well", "name": "بئر الجفر" }, "geometry": { "type": "Point", "coordinates": [ 41.617222, 28.185278 ] } },
{ "type": "Feature", "properties": { "osm_id": "1237537149", "code": 2962, "fclass": "water_well", "name": "مشاش المجيحيم" }, "geometry": { "type": "Point", "coordinates": [ 43.118887, 27.67337 ] } },
{ "type": "Feature", "properties": { "osm_id": "1237537214", "code": 2962, "fclass": "water_well", "name": "قلبان اشيقر القديمة" }, "geometry": { "type": "Point", "coordinates": [ 42.0260693, 28.8180765 ] } },
{ "type": "Feature", "properties": { "osm_id": "1237537329", "code": 2962, "fclass": "water_well", "name": "بئر سلامان" }, "geometry": { "type": "Point", "coordinates": [ 41.5328468, 27.6769016 ] } },
{ "type": "Feature", "properties": { "osm_id": "1237537980", "code": 2962, "fclass": "water_well", "name": "بئر العطا - قليب الجحير" }, "geometry": { "type": "Point", "coordinates": [ 41.8930698, 28.148005 ] } },
{ "type": "Feature", "properties": { "osm_id": "1237538188", "code": 2962, "fclass": "water_well", "name": "آبار الصدر" }, "geometry": { "type": "Point", "coordinates": [ 42.444167, 27.621944 ] } },
{ "type": "Feature", "properties": { "osm_id": "1237538460", "code": 2962, "fclass": "water_well", "name": "ثمايل نقذة" }, "geometry": { "type": "Point", "coordinates": [ 43.170313, 27.631341 ] } },
{ "type": "Feature", "properties": { "osm_id": "1237538594", "code": 2962, "fclass": "water_well", "name": "بئر الصبيحي" }, "geometry": { "type": "Point", "coordinates": [ 41.6251667, 27.5874595 ] } },
{ "type": "Feature", "properties": { "osm_id": "1237538772", "code": 2962, "fclass": "water_well", "name": "بئر غياض" }, "geometry": { "type": "Point", "coordinates": [ 41.4891804, 27.5687324 ] } },
{ "type": "Feature", "properties": { "osm_id": "1237545081", "code": 2962, "fclass": "water_well", "name": "قرو موسى" }, "geometry": { "type": "Point", "coordinates": [ 42.5211919, 29.1494003 ] } },
{ "type": "Feature", "properties": { "osm_id": "1237545147", "code": 2962, "fclass": "water_well", "name": "ثمائل العاقولة" }, "geometry": { "type": "Point", "coordinates": [ 43.1076967, 29.1601171 ] } },
{ "type": "Feature", "properties": { "osm_id": "1237545206", "code": 2962, "fclass": "water_well", "name": "آبار الحديق" }, "geometry": { "type": "Point", "coordinates": [ 43.055, 29.235 ] } },
{ "type": "Feature", "properties": { "osm_id": "1237545219", "code": 2962, "fclass": "water_well", "name": "ثمائل العلوكية" }, "geometry": { "type": "Point", "coordinates": [ 43.224497, 29.173761 ] } },
{ "type": "Feature", "properties": { "osm_id": "1237547025", "code": 2962, "fclass": "water_well", "name": "ثمائل اللبدي" }, "geometry": { "type": "Point", "coordinates": [ 41.930249, 29.453865 ] } },
{ "type": "Feature", "properties": { "osm_id": "1237548397", "code": 2962, "fclass": "water_well", "name": "قلبان المسعري" }, "geometry": { "type": "Point", "coordinates": [ 44.181111, 28.63 ] } },
{ "type": "Feature", "properties": { "osm_id": "1237548401", "code": 2962, "fclass": "water_well", "name": "قليب المروب" }, "geometry": { "type": "Point", "coordinates": [ 44.1348402, 28.6332184 ] } },
{ "type": "Feature", "properties": { "osm_id": "1237548592", "code": 2962, "fclass": "water_well", "name": "قليب المصندق" }, "geometry": { "type": "Point", "coordinates": [ 43.8405642, 29.3017777 ] } },
{ "type": "Feature", "properties": { "osm_id": "1237550591", "code": 2962, "fclass": "water_well", "name": "بئر الزبر" }, "geometry": { "type": "Point", "coordinates": [ 44.8911413, 28.6323164 ] } },
{ "type": "Feature", "properties": { "osm_id": "1237550595", "code": 2962, "fclass": "water_well", "name": "قليب المجرور" }, "geometry": { "type": "Point", "coordinates": [ 44.861944, 29.178889 ] } },
{ "type": "Feature", "properties": { "osm_id": "1237551597", "code": 2962, "fclass": "water_well", "name": "آبار الوقبى" }, "geometry": { "type": "Point", "coordinates": [ 45.5126451, 28.7699953 ] } },
{ "type": "Feature", "properties": { "osm_id": "1237551633", "code": 2962, "fclass": "water_well", "name": "قلمة المالحة" }, "geometry": { "type": "Point", "coordinates": [ 45.3931602, 28.2365485 ] } },
{ "type": "Feature", "properties": { "osm_id": "1237553274", "code": 2962, "fclass": "water_well", "name": "الوبالية" }, "geometry": { "type": "Point", "coordinates": [ 43.330278, 27.476111 ] } },
{ "type": "Feature", "properties": { "osm_id": "1237553424", "code": 2962, "fclass": "water_well", "name": "قلبان الطليحي" }, "geometry": { "type": "Point", "coordinates": [ 44.1220824, 27.5466304 ] } },
{ "type": "Feature", "properties": { "osm_id": "1237555368", "code": 2962, "fclass": "water_well", "name": "ثمايل العاذرية" }, "geometry": { "type": "Point", "coordinates": [ 42.9684498, 27.1241713 ] } },
{ "type": "Feature", "properties": { "osm_id": "1237555759", "code": 2962, "fclass": "water_well", "name": "ثمايل الخشبي" }, "geometry": { "type": "Point", "coordinates": [ 43.075889, 27.026845 ] } },
{ "type": "Feature", "properties": { "osm_id": "1237555982", "code": 2962, "fclass": "water_well", "name": "الصريف" }, "geometry": { "type": "Point", "coordinates": [ 44.1961888, 26.562314 ] } },
{ "type": "Feature", "properties": { "osm_id": "1237557250", "code": 2962, "fclass": "water_well", "name": "بئر الجبو" }, "geometry": { "type": "Point", "coordinates": [ 42.401111, 25.921389 ] } },
{ "type": "Feature", "properties": { "osm_id": "1237558080", "code": 2962, "fclass": "water_well", "name": "بدائع أم هروج" }, "geometry": { "type": "Point", "coordinates": [ 42.546944, 27.010278 ] } },
{ "type": "Feature", "properties": { "osm_id": "1237728268", "code": 2962, "fclass": "water_well", "name": "آبار غبراء الرشاء" }, "geometry": { "type": "Point", "coordinates": [ 50.566667, 24.9 ] } },
{ "type": "Feature", "properties": { "osm_id": "1237728313", "code": 2962, "fclass": "water_well", "name": "آبار البحث" }, "geometry": { "type": "Point", "coordinates": [ 50.4953536, 25.0166416 ] } },
{ "type": "Feature", "properties": { "osm_id": "1237805764", "code": 2962, "fclass": "water_well", "name": "قلمة الحملية" }, "geometry": { "type": "Point", "coordinates": [ 49.566389, 27.342222 ] } },
{ "type": "Feature", "properties": { "osm_id": "1237806105", "code": 2962, "fclass": "water_well", "name": "قلمة أبو ثمين" }, "geometry": { "type": "Point", "coordinates": [ 49.695556, 26.790833 ] } },
{ "type": "Feature", "properties": { "osm_id": "1237806334", "code": 2962, "fclass": "water_well", "name": "آبار الجهيمي" }, "geometry": { "type": "Point", "coordinates": [ 49.318611, 26.753611 ] } },
{ "type": "Feature", "properties": { "osm_id": "1237806719", "code": 2962, "fclass": "water_well", "name": "آبار أرينبة" }, "geometry": { "type": "Point", "coordinates": [ 49.446389, 26.83 ] } },
{ "type": "Feature", "properties": { "osm_id": "1237806837", "code": 2962, "fclass": "water_well", "name": "بئر خنيفسان" }, "geometry": { "type": "Point", "coordinates": [ 49.469444, 26.533889 ] } },
{ "type": "Feature", "properties": { "osm_id": "1237806863", "code": 2962, "fclass": "water_well", "name": "آبارعزيز الماء" }, "geometry": { "type": "Point", "coordinates": [ 49.6672283, 26.5283816 ] } },
{ "type": "Feature", "properties": { "osm_id": "1237806998", "code": 2962, "fclass": "water_well", "name": "آبار هبية" }, "geometry": { "type": "Point", "coordinates": [ 49.318056, 26.630833 ] } },
{ "type": "Feature", "properties": { "osm_id": "1237807048", "code": 2962, "fclass": "water_well", "name": "بئر أم عنيق" }, "geometry": { "type": "Point", "coordinates": [ 49.532222, 26.588056 ] } },
{ "type": "Feature", "properties": { "osm_id": "1237828842", "code": 2962, "fclass": "water_well", "name": "مشاش أشرم" }, "geometry": { "type": "Point", "coordinates": [ 48.556111, 28.144167 ] } },
{ "type": "Feature", "properties": { "osm_id": "1237828882", "code": 2962, "fclass": "water_well", "name": "آبار نقير" }, "geometry": { "type": "Point", "coordinates": [ 48.348056, 27.8125 ] } },
{ "type": "Feature", "properties": { "osm_id": "1237831647", "code": 2962, "fclass": "water_well", "name": "قلمة جحاجح" }, "geometry": { "type": "Point", "coordinates": [ 46.993333, 25.710833 ] } },
{ "type": "Feature", "properties": { "osm_id": "1237831798", "code": 2962, "fclass": "water_well", "name": "قلمة حمدان" }, "geometry": { "type": "Point", "coordinates": [ 46.9323879, 25.7360323 ] } },
{ "type": "Feature", "properties": { "osm_id": "1237831805", "code": 2962, "fclass": "water_well", "name": "قلمة بنت إبن حميد" }, "geometry": { "type": "Point", "coordinates": [ 47.095, 27.792778 ] } },
{ "type": "Feature", "properties": { "osm_id": "1237831974", "code": 2962, "fclass": "water_well", "name": "قلمة ضحية" }, "geometry": { "type": "Point", "coordinates": [ 46.973889, 28.066111 ] } },
{ "type": "Feature", "properties": { "osm_id": "1237833952", "code": 2962, "fclass": "water_well", "name": "قلمة النويب" }, "geometry": { "type": "Point", "coordinates": [ 46.801944, 25.734722 ] } },
{ "type": "Feature", "properties": { "osm_id": "1237835872", "code": 2962, "fclass": "water_well", "name": "آبار النخيل" }, "geometry": { "type": "Point", "coordinates": [ 45.202222, 26.532778 ] } },
{ "type": "Feature", "properties": { "osm_id": "1237845253", "code": 2962, "fclass": "water_well", "name": "بئر عكذبة" }, "geometry": { "type": "Point", "coordinates": [ 44.2678447, 18.1369966 ] } },
{ "type": "Feature", "properties": { "osm_id": "1237845275", "code": 2962, "fclass": "water_well", "name": "بير حمى" }, "geometry": { "type": "Point", "coordinates": [ 44.457778, 18.246111 ] } },
{ "type": "Feature", "properties": { "osm_id": "1237845303", "code": 2962, "fclass": "water_well", "name": "بئر الحصينية" }, "geometry": { "type": "Point", "coordinates": [ 44.443611, 17.805278 ] } },
{ "type": "Feature", "properties": { "osm_id": "1237934632", "code": 2962, "fclass": "water_well", "name": "قليب الشميلة" }, "geometry": { "type": "Point", "coordinates": [ 42.890739, 30.3160035 ] } },
{ "type": "Feature", "properties": { "osm_id": "1237936718", "code": 2962, "fclass": "water_well", "name": "بئر المشرح" }, "geometry": { "type": "Point", "coordinates": [ 41.3598004, 27.495378 ] } },
{ "type": "Feature", "properties": { "osm_id": "1237936978", "code": 2962, "fclass": "water_well", "name": "بئر هديبان" }, "geometry": { "type": "Point", "coordinates": [ 41.478889, 27.110833 ] } },
{ "type": "Feature", "properties": { "osm_id": "1237937074", "code": 2962, "fclass": "water_well", "name": "آبار العمراني" }, "geometry": { "type": "Point", "coordinates": [ 41.2280024, 27.1521862 ] } },
{ "type": "Feature", "properties": { "osm_id": "1237937529", "code": 2962, "fclass": "water_well", "name": "بئر شغاه" }, "geometry": { "type": "Point", "coordinates": [ 41.490833, 27.479722 ] } },
{ "type": "Feature", "properties": { "osm_id": "1237937936", "code": 2962, "fclass": "water_well", "name": "آبار العبد" }, "geometry": { "type": "Point", "coordinates": [ 41.237349, 27.4421324 ] } },
{ "type": "Feature", "properties": { "osm_id": "1237937985", "code": 2962, "fclass": "water_well", "name": "بئر السطيحة" }, "geometry": { "type": "Point", "coordinates": [ 40.8561052, 27.954049 ] } },
{ "type": "Feature", "properties": { "osm_id": "1237938050", "code": 2962, "fclass": "water_well", "name": "بئر ربيدا" }, "geometry": { "type": "Point", "coordinates": [ 41.140833, 27.814167 ] } },
{ "type": "Feature", "properties": { "osm_id": "1237938126", "code": 2962, "fclass": "water_well", "name": "بئر شبيكان" }, "geometry": { "type": "Point", "coordinates": [ 41.046667, 27.751111 ] } },
{ "type": "Feature", "properties": { "osm_id": "1237938220", "code": 2962, "fclass": "water_well", "name": "بئر مريغان" }, "geometry": { "type": "Point", "coordinates": [ 41.187222, 27.771667 ] } },
{ "type": "Feature", "properties": { "osm_id": "1237938419", "code": 2962, "fclass": "water_well", "name": "بئر الجرعاوي" }, "geometry": { "type": "Point", "coordinates": [ 41.1409566, 27.37765 ] } },
{ "type": "Feature", "properties": { "osm_id": "1237939920", "code": 2962, "fclass": "water_well", "name": "بئر البعجة" }, "geometry": { "type": "Point", "coordinates": [ 40.79739, 27.8967463 ] } },
{ "type": "Feature", "properties": { "osm_id": "1237940882", "code": 2962, "fclass": "water_well", "name": "ابار ثليثوة" }, "geometry": { "type": "Point", "coordinates": [ 39.928333, 27.316389 ] } },
{ "type": "Feature", "properties": { "osm_id": "1237941113", "code": 2962, "fclass": "water_well", "name": "بيار ثليثوة" }, "geometry": { "type": "Point", "coordinates": [ 39.9308699, 27.3126382 ] } },
{ "type": "Feature", "properties": { "osm_id": "1237941290", "code": 2962, "fclass": "water_well", "name": "بئر حزاباء" }, "geometry": { "type": "Point", "coordinates": [ 39.5050821, 27.1811204 ] } },
{ "type": "Feature", "properties": { "osm_id": "1237953031", "code": 2962, "fclass": "water_well", "name": "شرما" }, "geometry": { "type": "Point", "coordinates": [ 35.269444, 28.024444 ] } },
{ "type": "Feature", "properties": { "osm_id": "1237958578", "code": 2962, "fclass": "water_well", "name": "بئر الماشي" }, "geometry": { "type": "Point", "coordinates": [ 34.846111, 28.875 ] } },
{ "type": "Feature", "properties": { "osm_id": "1237968311", "code": 2962, "fclass": "water_well", "name": "آبار النميصة" }, "geometry": { "type": "Point", "coordinates": [ 37.8304841, 24.4704143 ] } },
{ "type": "Feature", "properties": { "osm_id": "1237968357", "code": 2962, "fclass": "water_well", "name": "بئر البلدة" }, "geometry": { "type": "Point", "coordinates": [ 38.685556, 24.383056 ] } },
{ "type": "Feature", "properties": { "osm_id": "1237968541", "code": 2962, "fclass": "water_well", "name": "بئر الكريزية" }, "geometry": { "type": "Point", "coordinates": [ 40.616667, 25.283333 ] } },
{ "type": "Feature", "properties": { "osm_id": "1719444169", "code": 2962, "fclass": "water_well", "name": "طوي الروب" }, "geometry": { "type": "Point", "coordinates": [ 56.1701414, 24.7601071 ] } },
{ "type": "Feature", "properties": { "osm_id": "1719454271", "code": 2962, "fclass": "water_well", "name": "طوي روضة" }, "geometry": { "type": "Point", "coordinates": [ 55.9, 24.9 ] } },
{ "type": "Feature", "properties": { "osm_id": "1719454278", "code": 2962, "fclass": "water_well", "name": "Tawi al Ushaykhirah -  طوي الأشيخرة" }, "geometry": { "type": "Point", "coordinates": [ 55.9776994, 24.8680005 ] } },
{ "type": "Feature", "properties": { "osm_id": "2367507377", "code": 2962, "fclass": "water_well", "name": "" }, "geometry": { "type": "Point", "coordinates": [ 51.2193459, 24.6892221 ] } },
{ "type": "Feature", "properties": { "osm_id": "2374780203", "code": 2962, "fclass": "water_well", "name": "" }, "geometry": { "type": "Point", "coordinates": [ 51.5011905, 25.6892561 ] } },
{ "type": "Feature", "properties": { "osm_id": "2374780213", "code": 2962, "fclass": "water_well", "name": "حليتان و حليته" }, "geometry": { "type": "Point", "coordinates": [ 51.5012143, 25.6892928 ] } },
{ "type": "Feature", "properties": { "osm_id": "2376736719", "code": 2962, "fclass": "water_well", "name": "" }, "geometry": { "type": "Point", "coordinates": [ 51.466959, 24.9674339 ] } },
{ "type": "Feature", "properties": { "osm_id": "2485468271", "code": 2962, "fclass": "water_well", "name": "بئر العود" }, "geometry": { "type": "Point", "coordinates": [ 44.723469, 29.205268 ] } },
{ "type": "Feature", "properties": { "osm_id": "2734059020", "code": 2962, "fclass": "water_well", "name": "" }, "geometry": { "type": "Point", "coordinates": [ 58.8082843, 21.6156024 ] } },
{ "type": "Feature", "properties": { "osm_id": "2776753635", "code": 2962, "fclass": "water_well", "name": "WCR-3" }, "geometry": { "type": "Point", "coordinates": [ 56.5841332, 18.8716411 ] } },
{ "type": "Feature", "properties": { "osm_id": "2776753638", "code": 2962, "fclass": "water_well", "name": "WSW 1" }, "geometry": { "type": "Point", "coordinates": [ 56.4659753, 18.7975294 ] } },
{ "type": "Feature", "properties": { "osm_id": "2776753642", "code": 2962, "fclass": "water_well", "name": "WSW-2" }, "geometry": { "type": "Point", "coordinates": [ 56.4661935, 18.7986397 ] } },
{ "type": "Feature", "properties": { "osm_id": "3277599850", "code": 2962, "fclass": "water_well", "name": "" }, "geometry": { "type": "Point", "coordinates": [ 53.2702129, 18.8235597 ] } },
{ "type": "Feature", "properties": { "osm_id": "3277599851", "code": 2962, "fclass": "water_well", "name": "" }, "geometry": { "type": "Point", "coordinates": [ 53.3423444, 19.0624725 ] } },
{ "type": "Feature", "properties": { "osm_id": "3369536918", "code": 2962, "fclass": "water_well", "name": "" }, "geometry": { "type": "Point", "coordinates": [ 46.6416631, 24.6660261 ] } },
{ "type": "Feature", "properties": { "osm_id": "3641653921", "code": 2962, "fclass": "water_well", "name": "" }, "geometry": { "type": "Point", "coordinates": [ 55.190272, 25.0631764 ] } },
{ "type": "Feature", "properties": { "osm_id": "3641662329", "code": 2962, "fclass": "water_well", "name": "" }, "geometry": { "type": "Point", "coordinates": [ 55.1813407, 25.0616855 ] } },
{ "type": "Feature", "properties": { "osm_id": "3641662333", "code": 2962, "fclass": "water_well", "name": "" }, "geometry": { "type": "Point", "coordinates": [ 55.183847, 25.0618465 ] } },
{ "type": "Feature", "properties": { "osm_id": "3641808662", "code": 2962, "fclass": "water_well", "name": "" }, "geometry": { "type": "Point", "coordinates": [ 55.1691458, 25.0864624 ] } },
{ "type": "Feature", "properties": { "osm_id": "3643263552", "code": 2962, "fclass": "water_well", "name": "" }, "geometry": { "type": "Point", "coordinates": [ 55.2043745, 25.1019446 ] } },
{ "type": "Feature", "properties": { "osm_id": "3643263553", "code": 2962, "fclass": "water_well", "name": "" }, "geometry": { "type": "Point", "coordinates": [ 55.2012768, 25.1020002 ] } },
{ "type": "Feature", "properties": { "osm_id": "3646937430", "code": 2962, "fclass": "water_well", "name": "" }, "geometry": { "type": "Point", "coordinates": [ 55.1572311, 25.0697056 ] } },
{ "type": "Feature", "properties": { "osm_id": "4099599696", "code": 2962, "fclass": "water_well", "name": "Oasis" }, "geometry": { "type": "Point", "coordinates": [ 58.8078356, 21.6236603 ] } },
{ "type": "Feature", "properties": { "osm_id": "4101097392", "code": 2962, "fclass": "water_well", "name": "قلمة الصداوي" }, "geometry": { "type": "Point", "coordinates": [ 46.7426279, 28.2530631 ] } },
{ "type": "Feature", "properties": { "osm_id": "4102464796", "code": 2962, "fclass": "water_well", "name": "قلمة الجبو" }, "geometry": { "type": "Point", "coordinates": [ 47.1404899, 28.7313438 ] } },
{ "type": "Feature", "properties": { "osm_id": "4102464797", "code": 2962, "fclass": "water_well", "name": "قلمة خالد" }, "geometry": { "type": "Point", "coordinates": [ 47.3864232, 28.5870762 ] } },
{ "type": "Feature", "properties": { "osm_id": "4102550089", "code": 2962, "fclass": "water_well", "name": "رميثان" }, "geometry": { "type": "Point", "coordinates": [ 47.0312337, 28.4469422 ] } },
{ "type": "Feature", "properties": { "osm_id": "4102550289", "code": 2962, "fclass": "water_well", "name": "رميثان" }, "geometry": { "type": "Point", "coordinates": [ 47.0795741, 28.5613814 ] } },
{ "type": "Feature", "properties": { "osm_id": "4193105424", "code": 2962, "fclass": "water_well", "name": "بئر الغيث" }, "geometry": { "type": "Point", "coordinates": [ 44.4808624, 18.1224952 ] } },
{ "type": "Feature", "properties": { "osm_id": "4208306189", "code": 2962, "fclass": "water_well", "name": "" }, "geometry": { "type": "Point", "coordinates": [ 48.0805023, 28.8047899 ] } },
{ "type": "Feature", "properties": { "osm_id": "4208306289", "code": 2962, "fclass": "water_well", "name": "" }, "geometry": { "type": "Point", "coordinates": [ 48.0805092, 28.8047744 ] } },
{ "type": "Feature", "properties": { "osm_id": "4208306589", "code": 2962, "fclass": "water_well", "name": "" }, "geometry": { "type": "Point", "coordinates": [ 48.054501, 28.682783 ] } },
{ "type": "Feature", "properties": { "osm_id": "4208415092", "code": 2962, "fclass": "water_well", "name": "" }, "geometry": { "type": "Point", "coordinates": [ 47.85685, 28.779751 ] } },
{ "type": "Feature", "properties": { "osm_id": "4208418891", "code": 2962, "fclass": "water_well", "name": "" }, "geometry": { "type": "Point", "coordinates": [ 48.142593, 28.668165 ] } },
{ "type": "Feature", "properties": { "osm_id": "4208422289", "code": 2962, "fclass": "water_well", "name": "" }, "geometry": { "type": "Point", "coordinates": [ 47.837952, 28.787132 ] } },
{ "type": "Feature", "properties": { "osm_id": "4209992290", "code": 2962, "fclass": "water_well", "name": "" }, "geometry": { "type": "Point", "coordinates": [ 47.66386, 28.790899 ] } },
{ "type": "Feature", "properties": { "osm_id": "4209992394", "code": 2962, "fclass": "water_well", "name": "" }, "geometry": { "type": "Point", "coordinates": [ 47.967294, 28.967667 ] } },
{ "type": "Feature", "properties": { "osm_id": "4209997789", "code": 2962, "fclass": "water_well", "name": "" }, "geometry": { "type": "Point", "coordinates": [ 47.735278, 28.635389 ] } },
{ "type": "Feature", "properties": { "osm_id": "4209998389", "code": 2962, "fclass": "water_well", "name": "" }, "geometry": { "type": "Point", "coordinates": [ 47.62952, 28.666616 ] } },
{ "type": "Feature", "properties": { "osm_id": "4210457500", "code": 2962, "fclass": "water_well", "name": "بئر الهمجة" }, "geometry": { "type": "Point", "coordinates": [ 43.8144004, 22.1434505 ] } },
{ "type": "Feature", "properties": { "osm_id": "4269690594", "code": 2962, "fclass": "water_well", "name": "" }, "geometry": { "type": "Point", "coordinates": [ 55.5466512, 24.871893 ] } },
{ "type": "Feature", "properties": { "osm_id": "4299216489", "code": 2962, "fclass": "water_well", "name": "" }, "geometry": { "type": "Point", "coordinates": [ 50.9674651, 25.2673644 ] } },
{ "type": "Feature", "properties": { "osm_id": "4330111494", "code": 2962, "fclass": "water_well", "name": "بئر وسيط" }, "geometry": { "type": "Point", "coordinates": [ 43.1563023, 27.8823714 ] } },
{ "type": "Feature", "properties": { "osm_id": "4340091591", "code": 2962, "fclass": "water_well", "name": "" }, "geometry": { "type": "Point", "coordinates": [ 55.5601803, 25.5482627 ] } },
{ "type": "Feature", "properties": { "osm_id": "4368414490", "code": 2962, "fclass": "water_well", "name": "" }, "geometry": { "type": "Point", "coordinates": [ 58.3149975, 22.5724438 ] } },
{ "type": "Feature", "properties": { "osm_id": "4382606690", "code": 2962, "fclass": "water_well", "name": "" }, "geometry": { "type": "Point", "coordinates": [ 47.0799886, 24.324822 ] } },
{ "type": "Feature", "properties": { "osm_id": "4382756590", "code": 2962, "fclass": "water_well", "name": "" }, "geometry": { "type": "Point", "coordinates": [ 47.0786947, 24.320185 ] } },
{ "type": "Feature", "properties": { "osm_id": "4404170093", "code": 2962, "fclass": "water_well", "name": "dubai" }, "geometry": { "type": "Point", "coordinates": [ 55.3984907, 25.3357841 ] } },
{ "type": "Feature", "properties": { "osm_id": "4436295090", "code": 2962, "fclass": "water_well", "name": "" }, "geometry": { "type": "Point", "coordinates": [ 43.2146569, 28.0490052 ] } },
{ "type": "Feature", "properties": { "osm_id": "4442388889", "code": 2962, "fclass": "water_well", "name": "بئر الرديفة" }, "geometry": { "type": "Point", "coordinates": [ 41.291737, 28.3757716 ] } },
{ "type": "Feature", "properties": { "osm_id": "4447091792", "code": 2962, "fclass": "water_well", "name": "" }, "geometry": { "type": "Point", "coordinates": [ 43.5522898, 26.0509705 ] } },
{ "type": "Feature", "properties": { "osm_id": "4464751990", "code": 2962, "fclass": "water_well", "name": "" }, "geometry": { "type": "Point", "coordinates": [ 55.3653383, 22.8399315 ] } },
{ "type": "Feature", "properties": { "osm_id": "4512435892", "code": 2962, "fclass": "water_well", "name": "" }, "geometry": { "type": "Point", "coordinates": [ 43.182467, 20.375646 ] } },
{ "type": "Feature", "properties": { "osm_id": "4532266896", "code": 2962, "fclass": "water_well", "name": "" }, "geometry": { "type": "Point", "coordinates": [ 46.3622595, 22.2275037 ] } },
{ "type": "Feature", "properties": { "osm_id": "4532420891", "code": 2962, "fclass": "water_well", "name": "" }, "geometry": { "type": "Point", "coordinates": [ 46.3620351, 22.2278282 ] } },
{ "type": "Feature", "properties": { "osm_id": "4532462391", "code": 2962, "fclass": "water_well", "name": "قلمة القهده" }, "geometry": { "type": "Point", "coordinates": [ 47.4722568, 22.7229277 ] } },
{ "type": "Feature", "properties": { "osm_id": "4541057790", "code": 2962, "fclass": "water_well", "name": "قلمة جنوب الدبية" }, "geometry": { "type": "Point", "coordinates": [ 47.0171766, 27.8842581 ] } },
{ "type": "Feature", "properties": { "osm_id": "4566437689", "code": 2962, "fclass": "water_well", "name": "قلمة صبغة" }, "geometry": { "type": "Point", "coordinates": [ 51.258, 19.2173 ] } },
{ "type": "Feature", "properties": { "osm_id": "4579763091", "code": 2962, "fclass": "water_well", "name": "" }, "geometry": { "type": "Point", "coordinates": [ 45.5759633, 24.3397563 ] } },
{ "type": "Feature", "properties": { "osm_id": "4615599092", "code": 2962, "fclass": "water_well", "name": "" }, "geometry": { "type": "Point", "coordinates": [ 40.4161632, 29.8664616 ] } },
{ "type": "Feature", "properties": { "osm_id": "4620408890", "code": 2962, "fclass": "water_well", "name": "" }, "geometry": { "type": "Point", "coordinates": [ 48.067076, 25.5496785 ] } },
{ "type": "Feature", "properties": { "osm_id": "4643085096", "code": 2962, "fclass": "water_well", "name": "" }, "geometry": { "type": "Point", "coordinates": [ 49.501008, 26.681216 ] } },
{ "type": "Feature", "properties": { "osm_id": "4664837789", "code": 2962, "fclass": "water_well", "name": "" }, "geometry": { "type": "Point", "coordinates": [ 42.9366598, 20.7466561 ] } },
{ "type": "Feature", "properties": { "osm_id": "4674691489", "code": 2962, "fclass": "water_well", "name": "" }, "geometry": { "type": "Point", "coordinates": [ 47.9984119, 29.3696722 ] } },
{ "type": "Feature", "properties": { "osm_id": "4684581189", "code": 2962, "fclass": "water_well", "name": "" }, "geometry": { "type": "Point", "coordinates": [ 38.1035033, 24.3084702 ] } },
{ "type": "Feature", "properties": { "osm_id": "4693387501", "code": 2962, "fclass": "water_well", "name": "" }, "geometry": { "type": "Point", "coordinates": [ 38.1035278, 24.3085161 ] } },
{ "type": "Feature", "properties": { "osm_id": "4711078891", "code": 2962, "fclass": "water_well", "name": "" }, "geometry": { "type": "Point", "coordinates": [ 50.2098023, 26.3666279 ] } },
{ "type": "Feature", "properties": { "osm_id": "4731720123", "code": 2962, "fclass": "water_well", "name": "" }, "geometry": { "type": "Point", "coordinates": [ 50.5647789, 24.8261177 ] } },
{ "type": "Feature", "properties": { "osm_id": "4753941421", "code": 2962, "fclass": "water_well", "name": "" }, "geometry": { "type": "Point", "coordinates": [ 48.9094608, 25.9980696 ] } },
{ "type": "Feature", "properties": { "osm_id": "4779292131", "code": 2962, "fclass": "water_well", "name": "عد أبو شداد" }, "geometry": { "type": "Point", "coordinates": [ 45.103276, 18.0169325 ] } },
{ "type": "Feature", "properties": { "osm_id": "4788298322", "code": 2962, "fclass": "water_well", "name": "" }, "geometry": { "type": "Point", "coordinates": [ 39.1532609, 21.5179013 ] } },
{ "type": "Feature", "properties": { "osm_id": "4792002528", "code": 2962, "fclass": "water_well", "name": "" }, "geometry": { "type": "Point", "coordinates": [ 44.8601115, 21.7535391 ] } },
{ "type": "Feature", "properties": { "osm_id": "4795504425", "code": 2962, "fclass": "water_well", "name": "" }, "geometry": { "type": "Point", "coordinates": [ 44.3093136, 22.5430744 ] } },
{ "type": "Feature", "properties": { "osm_id": "4813998523", "code": 2962, "fclass": "water_well", "name": "" }, "geometry": { "type": "Point", "coordinates": [ 46.6524744, 22.0883308 ] } },
{ "type": "Feature", "properties": { "osm_id": "4814017921", "code": 2962, "fclass": "water_well", "name": "" }, "geometry": { "type": "Point", "coordinates": [ 46.6524744, 22.0883467 ] } },
{ "type": "Feature", "properties": { "osm_id": "4822648321", "code": 2962, "fclass": "water_well", "name": "" }, "geometry": { "type": "Point", "coordinates": [ 43.0795921, 23.7143844 ] } },
{ "type": "Feature", "properties": { "osm_id": "4828093722", "code": 2962, "fclass": "water_well", "name": "" }, "geometry": { "type": "Point", "coordinates": [ 46.6523179, 22.0879738 ] } },
{ "type": "Feature", "properties": { "osm_id": "4865510621", "code": 2962, "fclass": "water_well", "name": "بئر الفصام" }, "geometry": { "type": "Point", "coordinates": [ 44.6522471, 19.539297 ] } },
{ "type": "Feature", "properties": { "osm_id": "4946044123", "code": 2962, "fclass": "water_well", "name": "" }, "geometry": { "type": "Point", "coordinates": [ 55.7526596, 22.576241 ] } },
{ "type": "Feature", "properties": { "osm_id": "4946044124", "code": 2962, "fclass": "water_well", "name": "" }, "geometry": { "type": "Point", "coordinates": [ 55.7546007, 22.578336 ] } },
{ "type": "Feature", "properties": { "osm_id": "4946059221", "code": 2962, "fclass": "water_well", "name": "" }, "geometry": { "type": "Point", "coordinates": [ 55.7526546, 22.5762318 ] } },
{ "type": "Feature", "properties": { "osm_id": "4963520823", "code": 2962, "fclass": "water_well", "name": "آبار ندقة - مالحة" }, "geometry": { "type": "Point", "coordinates": [ 50.4105017, 23.2137059 ] } },
{ "type": "Feature", "properties": { "osm_id": "4963520827", "code": 2962, "fclass": "water_well", "name": "غطاس الشنجل" }, "geometry": { "type": "Point", "coordinates": [ 50.5432103, 23.6567853 ] } },
{ "type": "Feature", "properties": { "osm_id": "4963520828", "code": 2962, "fclass": "water_well", "name": "بئر الدوار" }, "geometry": { "type": "Point", "coordinates": [ 50.5708932, 23.8790195 ] } },
{ "type": "Feature", "properties": { "osm_id": "4963521223", "code": 2962, "fclass": "water_well", "name": "أم قرين" }, "geometry": { "type": "Point", "coordinates": [ 50.3957239, 23.1461989 ] } },
{ "type": "Feature", "properties": { "osm_id": "5027688321", "code": 2962, "fclass": "water_well", "name": "" }, "geometry": { "type": "Point", "coordinates": [ 49.2365495, 22.8653201 ] } },
{ "type": "Feature", "properties": { "osm_id": "5027689223", "code": 2962, "fclass": "water_well", "name": "" }, "geometry": { "type": "Point", "coordinates": [ 49.2365142, 22.8652858 ] } },
{ "type": "Feature", "properties": { "osm_id": "5049804224", "code": 2962, "fclass": "water_well", "name": "" }, "geometry": { "type": "Point", "coordinates": [ 49.5011582, 26.6810323 ] } },
{ "type": "Feature", "properties": { "osm_id": "5078321723", "code": 2962, "fclass": "water_well", "name": "" }, "geometry": { "type": "Point", "coordinates": [ 54.3633636, 17.112427 ] } },
{ "type": "Feature", "properties": { "osm_id": "5085002121", "code": 2962, "fclass": "water_well", "name": "" }, "geometry": { "type": "Point", "coordinates": [ 50.6090411, 26.2507375 ] } },
{ "type": "Feature", "properties": { "osm_id": "5100591621", "code": 2962, "fclass": "water_well", "name": "" }, "geometry": { "type": "Point", "coordinates": [ 48.1046409, 23.3633615 ] } },
{ "type": "Feature", "properties": { "osm_id": "5100639733", "code": 2962, "fclass": "water_well", "name": "قلمة الدعيبية" }, "geometry": { "type": "Point", "coordinates": [ 47.6332813, 23.51469 ] } },
{ "type": "Feature", "properties": { "osm_id": "5100665239", "code": 2962, "fclass": "water_well", "name": "قلمة الغيثاني" }, "geometry": { "type": "Point", "coordinates": [ 47.5316878, 23.221749 ] } },
{ "type": "Feature", "properties": { "osm_id": "5112009821", "code": 2962, "fclass": "water_well", "name": "بئر ال حطاب" }, "geometry": { "type": "Point", "coordinates": [ 45.1638, 21.9423 ] } },
{ "type": "Feature", "properties": { "osm_id": "5122264321", "code": 2962, "fclass": "water_well", "name": "" }, "geometry": { "type": "Point", "coordinates": [ 47.4957756, 29.2015242 ] } },
{ "type": "Feature", "properties": { "osm_id": "5122530521", "code": 2962, "fclass": "water_well", "name": "" }, "geometry": { "type": "Point", "coordinates": [ 39.7900316, 21.4048691 ] } },
{ "type": "Feature", "properties": { "osm_id": "5149769722", "code": 2962, "fclass": "water_well", "name": "مورد ماء" }, "geometry": { "type": "Point", "coordinates": [ 41.3633993, 27.9395829 ] } },
{ "type": "Feature", "properties": { "osm_id": "5152028426", "code": 2962, "fclass": "water_well", "name": "" }, "geometry": { "type": "Point", "coordinates": [ 43.4389695, 25.3875601 ] } },
{ "type": "Feature", "properties": { "osm_id": "5152061523", "code": 2962, "fclass": "water_well", "name": "" }, "geometry": { "type": "Point", "coordinates": [ 43.4389793, 25.3875539 ] } },
{ "type": "Feature", "properties": { "osm_id": "5227718721", "code": 2962, "fclass": "water_well", "name": "" }, "geometry": { "type": "Point", "coordinates": [ 54.6965194, 24.590907 ] } },
{ "type": "Feature", "properties": { "osm_id": "5234483722", "code": 2962, "fclass": "water_well", "name": "" }, "geometry": { "type": "Point", "coordinates": [ 49.3195835, 26.7236119 ] } },
{ "type": "Feature", "properties": { "osm_id": "5234503021", "code": 2962, "fclass": "water_well", "name": "" }, "geometry": { "type": "Point", "coordinates": [ 49.3196361, 26.7235085 ] } },
{ "type": "Feature", "properties": { "osm_id": "5234503022", "code": 2962, "fclass": "water_well", "name": "" }, "geometry": { "type": "Point", "coordinates": [ 49.3196794, 26.7235036 ] } },
{ "type": "Feature", "properties": { "osm_id": "5234503521", "code": 2962, "fclass": "water_well", "name": "" }, "geometry": { "type": "Point", "coordinates": [ 49.3196346, 26.7235389 ] } },
{ "type": "Feature", "properties": { "osm_id": "5234761921", "code": 2962, "fclass": "water_well", "name": "" }, "geometry": { "type": "Point", "coordinates": [ 49.3196166, 26.7235725 ] } },
{ "type": "Feature", "properties": { "osm_id": "5246105421", "code": 2962, "fclass": "water_well", "name": "بير أم وريطي" }, "geometry": { "type": "Point", "coordinates": [ 44.4922849, 19.9417012 ] } },
{ "type": "Feature", "properties": { "osm_id": "5249381823", "code": 2962, "fclass": "water_well", "name": "مارد ماء المعيزيلة" }, "geometry": { "type": "Point", "coordinates": [ 43.3938059, 28.9193209 ] } },
{ "type": "Feature", "properties": { "osm_id": "5267107722", "code": 2962, "fclass": "water_well", "name": "" }, "geometry": { "type": "Point", "coordinates": [ 42.9030856, 17.412546 ] } },
{ "type": "Feature", "properties": { "osm_id": "5301502521", "code": 2962, "fclass": "water_well", "name": "" }, "geometry": { "type": "Point", "coordinates": [ 39.8230675, 21.3885785 ] } },
{ "type": "Feature", "properties": { "osm_id": "5306021323", "code": 2962, "fclass": "water_well", "name": "" }, "geometry": { "type": "Point", "coordinates": [ 47.9735398, 29.3669244 ] } },
{ "type": "Feature", "properties": { "osm_id": "5345234121", "code": 2962, "fclass": "water_well", "name": "" }, "geometry": { "type": "Point", "coordinates": [ 42.9034472, 17.4164963 ] } },
{ "type": "Feature", "properties": { "osm_id": "5347875121", "code": 2962, "fclass": "water_well", "name": "بئر الينود" }, "geometry": { "type": "Point", "coordinates": [ 44.2690334, 19.2986608 ] } },
{ "type": "Feature", "properties": { "osm_id": "5454382018", "code": 2962, "fclass": "water_well", "name": "" }, "geometry": { "type": "Point", "coordinates": [ 56.3129796, 25.1400618 ] } },
{ "type": "Feature", "properties": { "osm_id": "5534479021", "code": 2962, "fclass": "water_well", "name": "" }, "geometry": { "type": "Point", "coordinates": [ 49.2379875, 22.8612991 ] } },
{ "type": "Feature", "properties": { "osm_id": "5534479022", "code": 2962, "fclass": "water_well", "name": "" }, "geometry": { "type": "Point", "coordinates": [ 49.2379882, 22.8612323 ] } },
{ "type": "Feature", "properties": { "osm_id": "5593344822", "code": 2962, "fclass": "water_well", "name": "" }, "geometry": { "type": "Point", "coordinates": [ 42.3582636, 27.9537685 ] } },
{ "type": "Feature", "properties": { "osm_id": "5596861523", "code": 2962, "fclass": "water_well", "name": "" }, "geometry": { "type": "Point", "coordinates": [ 49.2359258, 22.8607206 ] } },
{ "type": "Feature", "properties": { "osm_id": "5611769521", "code": 2962, "fclass": "water_well", "name": "بئر شوك" }, "geometry": { "type": "Point", "coordinates": [ 43.324906, 20.2900026 ] } },
{ "type": "Feature", "properties": { "osm_id": "5631071425", "code": 2962, "fclass": "water_well", "name": "" }, "geometry": { "type": "Point", "coordinates": [ 55.4485874, 22.7987146 ] } },
{ "type": "Feature", "properties": { "osm_id": "5631071426", "code": 2962, "fclass": "water_well", "name": "New loc" }, "geometry": { "type": "Point", "coordinates": [ 55.7942313, 22.656792 ] } },
{ "type": "Feature", "properties": { "osm_id": "5631071623", "code": 2962, "fclass": "water_well", "name": "" }, "geometry": { "type": "Point", "coordinates": [ 55.7545288, 22.5783899 ] } },
{ "type": "Feature", "properties": { "osm_id": "5633700425", "code": 2962, "fclass": "water_well", "name": "" }, "geometry": { "type": "Point", "coordinates": [ 44.5239666, 25.0508429 ] } },
{ "type": "Feature", "properties": { "osm_id": "5633740721", "code": 2962, "fclass": "water_well", "name": "" }, "geometry": { "type": "Point", "coordinates": [ 44.525365, 25.0512176 ] } },
{ "type": "Feature", "properties": { "osm_id": "5633740921", "code": 2962, "fclass": "water_well", "name": "" }, "geometry": { "type": "Point", "coordinates": [ 44.5264935, 25.0533277 ] } },
{ "type": "Feature", "properties": { "osm_id": "5674563221", "code": 2962, "fclass": "water_well", "name": "" }, "geometry": { "type": "Point", "coordinates": [ 45.5502724, 28.9345947 ] } },
{ "type": "Feature", "properties": { "osm_id": "5678094644", "code": 2962, "fclass": "water_well", "name": "" }, "geometry": { "type": "Point", "coordinates": [ 44.540839, 25.0713476 ] } },
{ "type": "Feature", "properties": { "osm_id": "5678118322", "code": 2962, "fclass": "water_well", "name": "" }, "geometry": { "type": "Point", "coordinates": [ 44.5350558, 25.0654207 ] } },
{ "type": "Feature", "properties": { "osm_id": "5678123021", "code": 2962, "fclass": "water_well", "name": "" }, "geometry": { "type": "Point", "coordinates": [ 44.5425652, 25.0594291 ] } },
{ "type": "Feature", "properties": { "osm_id": "5678162423", "code": 2962, "fclass": "water_well", "name": "" }, "geometry": { "type": "Point", "coordinates": [ 44.5363349, 25.0474588 ] } },
{ "type": "Feature", "properties": { "osm_id": "5882253205", "code": 2962, "fclass": "water_well", "name": "بئر أم العبل" }, "geometry": { "type": "Point", "coordinates": [ 48.9326293, 21.3695656 ] } },
{ "type": "Feature", "properties": { "osm_id": "5905625985", "code": 2962, "fclass": "water_well", "name": "" }, "geometry": { "type": "Point", "coordinates": [ 49.7105311, 26.7580271 ] } },
{ "type": "Feature", "properties": { "osm_id": "5924396485", "code": 2962, "fclass": "water_well", "name": "" }, "geometry": { "type": "Point", "coordinates": [ 42.1340282, 24.1671739 ] } },
{ "type": "Feature", "properties": { "osm_id": "6001317986", "code": 2962, "fclass": "water_well", "name": "" }, "geometry": { "type": "Point", "coordinates": [ 47.2103078, 17.7240802 ] } },
{ "type": "Feature", "properties": { "osm_id": "6019768787", "code": 2962, "fclass": "water_well", "name": "بئر ضرمانة" }, "geometry": { "type": "Point", "coordinates": [ 50.6156171, 19.2663729 ] } },
{ "type": "Feature", "properties": { "osm_id": "6078024685", "code": 2962, "fclass": "water_well", "name": "" }, "geometry": { "type": "Point", "coordinates": [ 44.1828017, 27.955258 ] } },
{ "type": "Feature", "properties": { "osm_id": "6085440886", "code": 2962, "fclass": "water_well", "name": "قلتة المستظله" }, "geometry": { "type": "Point", "coordinates": [ 48.6801337, 26.0380105 ] } },
{ "type": "Feature", "properties": { "osm_id": "6100186987", "code": 2962, "fclass": "water_well", "name": "مطق سمير" }, "geometry": { "type": "Point", "coordinates": [ 42.2796341, 29.5405917 ] } },
{ "type": "Feature", "properties": { "osm_id": "6111832885", "code": 2962, "fclass": "water_well", "name": "بئر الزناتي" }, "geometry": { "type": "Point", "coordinates": [ 42.3525073, 24.1492062 ] } },
{ "type": "Feature", "properties": { "osm_id": "6134647918", "code": 2962, "fclass": "water_well", "name": "شيب ماء" }, "geometry": { "type": "Point", "coordinates": [ 47.4893747, 25.7898027 ] } },
{ "type": "Feature", "properties": { "osm_id": "6152672385", "code": 2962, "fclass": "water_well", "name": "مارد الخفيات" }, "geometry": { "type": "Point", "coordinates": [ 40.4792553, 28.486313 ] } },
{ "type": "Feature", "properties": { "osm_id": "6165388188", "code": 2962, "fclass": "water_well", "name": "" }, "geometry": { "type": "Point", "coordinates": [ 49.7470936, 26.836435 ] } },
{ "type": "Feature", "properties": { "osm_id": "6166477385", "code": 2962, "fclass": "water_well", "name": "" }, "geometry": { "type": "Point", "coordinates": [ 49.7470625, 26.8364375 ] } },
{ "type": "Feature", "properties": { "osm_id": "6180339585", "code": 2962, "fclass": "water_well", "name": "" }, "geometry": { "type": "Point", "coordinates": [ 43.8443734, 26.3876976 ] } },
{ "type": "Feature", "properties": { "osm_id": "6187797086", "code": 2962, "fclass": "water_well", "name": "قلبان أم راكة" }, "geometry": { "type": "Point", "coordinates": [ 44.0211235, 22.9947846 ] } },
{ "type": "Feature", "properties": { "osm_id": "6214538487", "code": 2962, "fclass": "water_well", "name": "" }, "geometry": { "type": "Point", "coordinates": [ 42.5581316, 16.8945818 ] } },
{ "type": "Feature", "properties": { "osm_id": "6216510289", "code": 2962, "fclass": "water_well", "name": "" }, "geometry": { "type": "Point", "coordinates": [ 42.5580399, 16.8947215 ] } },
{ "type": "Feature", "properties": { "osm_id": "6228232285", "code": 2962, "fclass": "water_well", "name": "" }, "geometry": { "type": "Point", "coordinates": [ 42.6666765, 17.3335045 ] } },
{ "type": "Feature", "properties": { "osm_id": "6255839985", "code": 2962, "fclass": "water_well", "name": "" }, "geometry": { "type": "Point", "coordinates": [ 44.2354458, 27.8511261 ] } },
{ "type": "Feature", "properties": { "osm_id": "6256032288", "code": 2962, "fclass": "water_well", "name": "" }, "geometry": { "type": "Point", "coordinates": [ 41.1290946, 29.8761557 ] } },
{ "type": "Feature", "properties": { "osm_id": "6259526985", "code": 2962, "fclass": "water_well", "name": "" }, "geometry": { "type": "Point", "coordinates": [ 46.6052196, 28.9999653 ] } },
{ "type": "Feature", "properties": { "osm_id": "6263189988", "code": 2962, "fclass": "water_well", "name": "" }, "geometry": { "type": "Point", "coordinates": [ 42.4500074, 22.7870208 ] } },
{ "type": "Feature", "properties": { "osm_id": "6266858587", "code": 2962, "fclass": "water_well", "name": "" }, "geometry": { "type": "Point", "coordinates": [ 46.8538694, 24.682122 ] } },
{ "type": "Feature", "properties": { "osm_id": "6267033587", "code": 2962, "fclass": "water_well", "name": "" }, "geometry": { "type": "Point", "coordinates": [ 42.4454718, 28.027102 ] } },
{ "type": "Feature", "properties": { "osm_id": "6267457886", "code": 2962, "fclass": "water_well", "name": "بئر الجربوعيه" }, "geometry": { "type": "Point", "coordinates": [ 50.5731774, 18.9390534 ] } },
{ "type": "Feature", "properties": { "osm_id": "6268671386", "code": 2962, "fclass": "water_well", "name": "بئر ماء - رحيه" }, "geometry": { "type": "Point", "coordinates": [ 40.831146, 29.9471149 ] } },
{ "type": "Feature", "properties": { "osm_id": "6273633085", "code": 2962, "fclass": "water_well", "name": "" }, "geometry": { "type": "Point", "coordinates": [ 49.2873125, 26.0691988 ] } },
{ "type": "Feature", "properties": { "osm_id": "6273633086", "code": 2962, "fclass": "water_well", "name": "" }, "geometry": { "type": "Point", "coordinates": [ 49.2899759, 26.0684449 ] } },
{ "type": "Feature", "properties": { "osm_id": "6273633285", "code": 2962, "fclass": "water_well", "name": "" }, "geometry": { "type": "Point", "coordinates": [ 49.3464933, 26.0246983 ] } },
{ "type": "Feature", "properties": { "osm_id": "6275618785", "code": 2962, "fclass": "water_well", "name": "" }, "geometry": { "type": "Point", "coordinates": [ 46.08452, 28.6797515 ] } },
{ "type": "Feature", "properties": { "osm_id": "6279681985", "code": 2962, "fclass": "water_well", "name": "" }, "geometry": { "type": "Point", "coordinates": [ 40.2076708, 29.9458822 ] } },
{ "type": "Feature", "properties": { "osm_id": "6280822686", "code": 2962, "fclass": "water_well", "name": "" }, "geometry": { "type": "Point", "coordinates": [ 41.1482056, 30.5573799 ] } },
{ "type": "Feature", "properties": { "osm_id": "6323189885", "code": 2962, "fclass": "water_well", "name": "" }, "geometry": { "type": "Point", "coordinates": [ 49.0865656, 26.1392679 ] } },
{ "type": "Feature", "properties": { "osm_id": "6341140285", "code": 2962, "fclass": "water_well", "name": "" }, "geometry": { "type": "Point", "coordinates": [ 57.4114497, 23.393313 ] } },
{ "type": "Feature", "properties": { "osm_id": "6353687086", "code": 2962, "fclass": "water_well", "name": "" }, "geometry": { "type": "Point", "coordinates": [ 46.4223481, 23.1984123 ] } },
{ "type": "Feature", "properties": { "osm_id": "6353687087", "code": 2962, "fclass": "water_well", "name": "" }, "geometry": { "type": "Point", "coordinates": [ 46.4220566, 23.1989619 ] } },
{ "type": "Feature", "properties": { "osm_id": "6353687088", "code": 2962, "fclass": "water_well", "name": "" }, "geometry": { "type": "Point", "coordinates": [ 46.4223535, 23.1984436 ] } },
{ "type": "Feature", "properties": { "osm_id": "6353693785", "code": 2962, "fclass": "water_well", "name": "" }, "geometry": { "type": "Point", "coordinates": [ 46.4223589, 23.1984555 ] } },
{ "type": "Feature", "properties": { "osm_id": "6353990085", "code": 2962, "fclass": "water_well", "name": "" }, "geometry": { "type": "Point", "coordinates": [ 43.7134695, 17.4909878 ] } },
{ "type": "Feature", "properties": { "osm_id": "6353990087", "code": 2962, "fclass": "water_well", "name": "" }, "geometry": { "type": "Point", "coordinates": [ 43.7134857, 17.4909766 ] } },
{ "type": "Feature", "properties": { "osm_id": "6360129885", "code": 2962, "fclass": "water_well", "name": "بئر الفري" }, "geometry": { "type": "Point", "coordinates": [ 39.0425018, 26.8114832 ] } },
{ "type": "Feature", "properties": { "osm_id": "6365335585", "code": 2962, "fclass": "water_well", "name": "" }, "geometry": { "type": "Point", "coordinates": [ 36.7550388, 29.7721913 ] } },
{ "type": "Feature", "properties": { "osm_id": "6370283686", "code": 2962, "fclass": "water_well", "name": "" }, "geometry": { "type": "Point", "coordinates": [ 46.4224777, 23.1986231 ] } },
{ "type": "Feature", "properties": { "osm_id": "6370283687", "code": 2962, "fclass": "water_well", "name": "شيب رجاء بليهين ال بريك" }, "geometry": { "type": "Point", "coordinates": [ 46.4228031, 23.1976534 ] } },
{ "type": "Feature", "properties": { "osm_id": "6370283785", "code": 2962, "fclass": "water_well", "name": "" }, "geometry": { "type": "Point", "coordinates": [ 46.4223415, 23.1978908 ] } },
{ "type": "Feature", "properties": { "osm_id": "6399826685", "code": 2962, "fclass": "water_well", "name": "" }, "geometry": { "type": "Point", "coordinates": [ 44.4718792, 21.8701966 ] } },
{ "type": "Feature", "properties": { "osm_id": "6400532785", "code": 2962, "fclass": "water_well", "name": "" }, "geometry": { "type": "Point", "coordinates": [ 39.1871463, 29.9899762 ] } },
{ "type": "Feature", "properties": { "osm_id": "6439072888", "code": 2962, "fclass": "water_well", "name": "" }, "geometry": { "type": "Point", "coordinates": [ 48.1303266, 27.3005558 ] } },
{ "type": "Feature", "properties": { "osm_id": "6449823489", "code": 2962, "fclass": "water_well", "name": "" }, "geometry": { "type": "Point", "coordinates": [ 57.0770317, 23.2320097 ] } },
{ "type": "Feature", "properties": { "osm_id": "6492354917", "code": 2962, "fclass": "water_well", "name": "" }, "geometry": { "type": "Point", "coordinates": [ 47.390082, 23.3173318 ] } },
{ "type": "Feature", "properties": { "osm_id": "6492354918", "code": 2962, "fclass": "water_well", "name": "" }, "geometry": { "type": "Point", "coordinates": [ 47.387181, 23.3456093 ] } },
{ "type": "Feature", "properties": { "osm_id": "6683720785", "code": 2962, "fclass": "water_well", "name": "قلمة الأعمى" }, "geometry": { "type": "Point", "coordinates": [ 49.3156473, 26.8679939 ] } },
{ "type": "Feature", "properties": { "osm_id": "6708901786", "code": 2962, "fclass": "water_well", "name": "" }, "geometry": { "type": "Point", "coordinates": [ 44.8192202, 22.5726012 ] } },
{ "type": "Feature", "properties": { "osm_id": "6771708614", "code": 2962, "fclass": "water_well", "name": "ابار ابو سرحه" }, "geometry": { "type": "Point", "coordinates": [ 43.9570264, 21.5889537 ] } },
{ "type": "Feature", "properties": { "osm_id": "6771722905", "code": 2962, "fclass": "water_well", "name": "ابار ابو كعب" }, "geometry": { "type": "Point", "coordinates": [ 44.0651321, 21.4228249 ] } },
{ "type": "Feature", "properties": { "osm_id": "6773277897", "code": 2962, "fclass": "water_well", "name": "ابار البقرة" }, "geometry": { "type": "Point", "coordinates": [ 42.6660919, 23.008461 ] } },
{ "type": "Feature", "properties": { "osm_id": "6773299037", "code": 2962, "fclass": "water_well", "name": "ابار ابوهريس" }, "geometry": { "type": "Point", "coordinates": [ 43.8792648, 21.0692234 ] } },
{ "type": "Feature", "properties": { "osm_id": "6773339410", "code": 2962, "fclass": "water_well", "name": "آبار الأنجل" }, "geometry": { "type": "Point", "coordinates": [ 45.4215584, 24.4125443 ] } },
{ "type": "Feature", "properties": { "osm_id": "6773340443", "code": 2962, "fclass": "water_well", "name": "ابار الأرمض الشمالي" }, "geometry": { "type": "Point", "coordinates": [ 44.649, 22.3453 ] } },
{ "type": "Feature", "properties": { "osm_id": "6773379999", "code": 2962, "fclass": "water_well", "name": "آبار الثمامة" }, "geometry": { "type": "Point", "coordinates": [ 46.8576308, 25.3883592 ] } },
{ "type": "Feature", "properties": { "osm_id": "6773396837", "code": 2962, "fclass": "water_well", "name": "ابار الحمراء" }, "geometry": { "type": "Point", "coordinates": [ 44.2345, 21.4858 ] } },
{ "type": "Feature", "properties": { "osm_id": "6773403290", "code": 2962, "fclass": "water_well", "name": "ابار الجنبه" }, "geometry": { "type": "Point", "coordinates": [ 44.6483586, 20.8854979 ] } },
{ "type": "Feature", "properties": { "osm_id": "6773530238", "code": 2962, "fclass": "water_well", "name": "ابار العويجاء" }, "geometry": { "type": "Point", "coordinates": [ 44.5803, 21.3761 ] } },
{ "type": "Feature", "properties": { "osm_id": "6773545757", "code": 2962, "fclass": "water_well", "name": "أبار الشرية" }, "geometry": { "type": "Point", "coordinates": [ 43.6355705, 23.5699444 ] } },
{ "type": "Feature", "properties": { "osm_id": "6773554717", "code": 2962, "fclass": "water_well", "name": "ابار الرحاوي" }, "geometry": { "type": "Point", "coordinates": [ 43.9363807, 22.3695424 ] } },
{ "type": "Feature", "properties": { "osm_id": "6773563373", "code": 2962, "fclass": "water_well", "name": "ابار الريانية" }, "geometry": { "type": "Point", "coordinates": [ 44.1837273, 20.7751675 ] } },
{ "type": "Feature", "properties": { "osm_id": "6773567274", "code": 2962, "fclass": "water_well", "name": "آبار المضيانيه" }, "geometry": { "type": "Point", "coordinates": [ 43.953638, 23.8784653 ] } },
{ "type": "Feature", "properties": { "osm_id": "6773568518", "code": 2962, "fclass": "water_well", "name": "آبار الطويله" }, "geometry": { "type": "Point", "coordinates": [ 44.0017623, 20.929806 ] } },
{ "type": "Feature", "properties": { "osm_id": "6773577308", "code": 2962, "fclass": "water_well", "name": "آبار المسعوديه الغربيه" }, "geometry": { "type": "Point", "coordinates": [ 47.1807632, 25.0734406 ] } },
{ "type": "Feature", "properties": { "osm_id": "6773579562", "code": 2962, "fclass": "water_well", "name": "آبار الصخه" }, "geometry": { "type": "Point", "coordinates": [ 43.7002685, 23.1943972 ] } },
{ "type": "Feature", "properties": { "osm_id": "6773582072", "code": 2962, "fclass": "water_well", "name": "ابار العريجاء" }, "geometry": { "type": "Point", "coordinates": [ 44.1550425, 21.2460311 ] } },
{ "type": "Feature", "properties": { "osm_id": "6773586512", "code": 2962, "fclass": "water_well", "name": "ابار الشقيب" }, "geometry": { "type": "Point", "coordinates": [ 43.610554, 20.9696385 ] } },
{ "type": "Feature", "properties": { "osm_id": "6773589531", "code": 2962, "fclass": "water_well", "name": "ابار العيينه" }, "geometry": { "type": "Point", "coordinates": [ 44.5051004, 21.8747355 ] } },
{ "type": "Feature", "properties": { "osm_id": "6773589805", "code": 2962, "fclass": "water_well", "name": "ابار الفقيقي" }, "geometry": { "type": "Point", "coordinates": [ 44.2591743, 21.5368938 ] } },
{ "type": "Feature", "properties": { "osm_id": "6773593116", "code": 2962, "fclass": "water_well", "name": "آبار الغثمة" }, "geometry": { "type": "Point", "coordinates": [ 42.2711, 23.8568 ] } },
{ "type": "Feature", "properties": { "osm_id": "6773594210", "code": 2962, "fclass": "water_well", "name": "ابار المنجور الاعلى" }, "geometry": { "type": "Point", "coordinates": [ 44.5484, 20.5353 ] } },
{ "type": "Feature", "properties": { "osm_id": "6773599511", "code": 2962, "fclass": "water_well", "name": "ابار ام السمر" }, "geometry": { "type": "Point", "coordinates": [ 43.9486, 21.5228 ] } },
{ "type": "Feature", "properties": { "osm_id": "6773602012", "code": 2962, "fclass": "water_well", "name": "آبار المسعوديه الشرقيه" }, "geometry": { "type": "Point", "coordinates": [ 47.2386043, 25.1016108 ] } },
{ "type": "Feature", "properties": { "osm_id": "6773603420", "code": 2962, "fclass": "water_well", "name": "آبار المضيح" }, "geometry": { "type": "Point", "coordinates": [ 45.9269714, 21.5637589 ] } },
{ "type": "Feature", "properties": { "osm_id": "6773611292", "code": 2962, "fclass": "water_well", "name": "آبار المسعوديه الوسطى" }, "geometry": { "type": "Point", "coordinates": [ 47.2004204, 25.0794697 ] } },
{ "type": "Feature", "properties": { "osm_id": "6773611598", "code": 2962, "fclass": "water_well", "name": "ابار الهمجة" }, "geometry": { "type": "Point", "coordinates": [ 43.8917961, 21.1817684 ] } },
{ "type": "Feature", "properties": { "osm_id": "6773611852", "code": 2962, "fclass": "water_well", "name": "ابار المشاش" }, "geometry": { "type": "Point", "coordinates": [ 43.7087212, 23.7835979 ] } },
{ "type": "Feature", "properties": { "osm_id": "6773645140", "code": 2962, "fclass": "water_well", "name": "ابار جرير" }, "geometry": { "type": "Point", "coordinates": [ 43.9895592, 20.2791309 ] } },
{ "type": "Feature", "properties": { "osm_id": "6773656440", "code": 2962, "fclass": "water_well", "name": "ابار بلثقاء" }, "geometry": { "type": "Point", "coordinates": [ 43.9778, 21.6497 ] } },
{ "type": "Feature", "properties": { "osm_id": "6773657573", "code": 2962, "fclass": "water_well", "name": "ابار لقطان" }, "geometry": { "type": "Point", "coordinates": [ 42.806469, 23.0908794 ] } },
{ "type": "Feature", "properties": { "osm_id": "6773657810", "code": 2962, "fclass": "water_well", "name": "أبار بريدة" }, "geometry": { "type": "Point", "coordinates": [ 43.5171471, 23.6129246 ] } },
{ "type": "Feature", "properties": { "osm_id": "6773661048", "code": 2962, "fclass": "water_well", "name": "ابار دهو السفلى" }, "geometry": { "type": "Point", "coordinates": [ 44.6783, 21.058 ] } },
{ "type": "Feature", "properties": { "osm_id": "6773662374", "code": 2962, "fclass": "water_well", "name": "ابار جخجوخ" }, "geometry": { "type": "Point", "coordinates": [ 43.6848351, 21.343086 ] } },
{ "type": "Feature", "properties": { "osm_id": "6773664847", "code": 2962, "fclass": "water_well", "name": "ابار عليق" }, "geometry": { "type": "Point", "coordinates": [ 44.3237, 21.3058 ] } },
{ "type": "Feature", "properties": { "osm_id": "6773665620", "code": 2962, "fclass": "water_well", "name": "ابار ضويعن" }, "geometry": { "type": "Point", "coordinates": [ 44.1248703, 20.9133339 ] } },
{ "type": "Feature", "properties": { "osm_id": "6773665621", "code": 2962, "fclass": "water_well", "name": "ابار كلاخ" }, "geometry": { "type": "Point", "coordinates": [ 44.5454, 21.945 ] } },
{ "type": "Feature", "properties": { "osm_id": "6773666124", "code": 2962, "fclass": "water_well", "name": "آبار مشانة" }, "geometry": { "type": "Point", "coordinates": [ 44.4548, 21.2668 ] } },
{ "type": "Feature", "properties": { "osm_id": "6773667229", "code": 2962, "fclass": "water_well", "name": "ابار دهو العليا" }, "geometry": { "type": "Point", "coordinates": [ 44.4294, 21.1374 ] } },
{ "type": "Feature", "properties": { "osm_id": "6773668347", "code": 2962, "fclass": "water_well", "name": "ابار لبنان" }, "geometry": { "type": "Point", "coordinates": [ 44.8491096, 21.2827492 ] } },
{ "type": "Feature", "properties": { "osm_id": "6773675188", "code": 2962, "fclass": "water_well", "name": "ابار كيشمه" }, "geometry": { "type": "Point", "coordinates": [ 44.6003, 21.559 ] } },
{ "type": "Feature", "properties": { "osm_id": "6773675568", "code": 2962, "fclass": "water_well", "name": "آبار وعيفرة" }, "geometry": { "type": "Point", "coordinates": [ 44.8657, 20.2313 ] } },
{ "type": "Feature", "properties": { "osm_id": "6773690019", "code": 2962, "fclass": "water_well", "name": "ابار نميص" }, "geometry": { "type": "Point", "coordinates": [ 43.8978, 21.5536 ] } },
{ "type": "Feature", "properties": { "osm_id": "6773693409", "code": 2962, "fclass": "water_well", "name": "ابار مكلبه" }, "geometry": { "type": "Point", "coordinates": [ 43.9778, 21.4894 ] } },
{ "type": "Feature", "properties": { "osm_id": "6774262471", "code": 2962, "fclass": "water_well", "name": "بئر ابن سويلم" }, "geometry": { "type": "Point", "coordinates": [ 50.6501917, 18.9758684 ] } },
{ "type": "Feature", "properties": { "osm_id": "6774262833", "code": 2962, "fclass": "water_well", "name": "قلمة قعمان" }, "geometry": { "type": "Point", "coordinates": [ 45.924397, 18.734779 ] } },
{ "type": "Feature", "properties": { "osm_id": "6774267466", "code": 2962, "fclass": "water_well", "name": "خور أبا العشوش" }, "geometry": { "type": "Point", "coordinates": [ 51.180643, 19.021134 ] } },
{ "type": "Feature", "properties": { "osm_id": "6774270082", "code": 2962, "fclass": "water_well", "name": "عد خرخر" }, "geometry": { "type": "Point", "coordinates": [ 51.1645392, 18.869426 ] } },
{ "type": "Feature", "properties": { "osm_id": "6774270529", "code": 2962, "fclass": "water_well", "name": "قلمة ام العلاقاء" }, "geometry": { "type": "Point", "coordinates": [ 46.424618, 19.451122 ] } },
{ "type": "Feature", "properties": { "osm_id": "6774270530", "code": 2962, "fclass": "water_well", "name": "خور إبن العبد" }, "geometry": { "type": "Point", "coordinates": [ 51.2385046, 19.0667324 ] } },
{ "type": "Feature", "properties": { "osm_id": "6774270531", "code": 2962, "fclass": "water_well", "name": "بئر اوبار" }, "geometry": { "type": "Point", "coordinates": [ 50.7748278, 18.8524508 ] } },
{ "type": "Feature", "properties": { "osm_id": "6774270845", "code": 2962, "fclass": "water_well", "name": "خور ابن حمودة" }, "geometry": { "type": "Point", "coordinates": [ 51.684996, 18.9626451 ] } },
{ "type": "Feature", "properties": { "osm_id": "6774275599", "code": 2962, "fclass": "water_well", "name": "قلمة ابو القرب" }, "geometry": { "type": "Point", "coordinates": [ 47.789712, 18.754628 ] } },
{ "type": "Feature", "properties": { "osm_id": "6774277458", "code": 2962, "fclass": "water_well", "name": "بئر ورسة" }, "geometry": { "type": "Point", "coordinates": [ 50.5885916, 18.9583175 ] } },
{ "type": "Feature", "properties": { "osm_id": "6774277460", "code": 2962, "fclass": "water_well", "name": "قلمة ابن عصفور" }, "geometry": { "type": "Point", "coordinates": [ 48.714237, 18.43214 ] } },
{ "type": "Feature", "properties": { "osm_id": "6774278020", "code": 2962, "fclass": "water_well", "name": "بئر عرفجة" }, "geometry": { "type": "Point", "coordinates": [ 50.6557914, 18.9828254 ] } },
{ "type": "Feature", "properties": { "osm_id": "6774278649", "code": 2962, "fclass": "water_well", "name": "قلمة خجيمة" }, "geometry": { "type": "Point", "coordinates": [ 47.1153, 18.3008 ] } },
{ "type": "Feature", "properties": { "osm_id": "6774278650", "code": 2962, "fclass": "water_well", "name": "خور المناهيل" }, "geometry": { "type": "Point", "coordinates": [ 51.403094, 18.913187 ] } },
{ "type": "Feature", "properties": { "osm_id": "6774280437", "code": 2962, "fclass": "water_well", "name": "خور سبلاء" }, "geometry": { "type": "Point", "coordinates": [ 51.1319033, 19.0078785 ] } },
{ "type": "Feature", "properties": { "osm_id": "6774280438", "code": 2962, "fclass": "water_well", "name": "خور الهطالي" }, "geometry": { "type": "Point", "coordinates": [ 51.3310054, 18.9142424 ] } },
{ "type": "Feature", "properties": { "osm_id": "6774280904", "code": 2962, "fclass": "water_well", "name": "قلمة الطويلة" }, "geometry": { "type": "Point", "coordinates": [ 48.405223, 18.838729 ] } },
{ "type": "Feature", "properties": { "osm_id": "6774282650", "code": 2962, "fclass": "water_well", "name": "بئر طريوة" }, "geometry": { "type": "Point", "coordinates": [ 50.608208, 18.9742522 ] } },
{ "type": "Feature", "properties": { "osm_id": "6774282728", "code": 2962, "fclass": "water_well", "name": "بئر فرجة" }, "geometry": { "type": "Point", "coordinates": [ 50.609842, 21.615005 ] } },
{ "type": "Feature", "properties": { "osm_id": "6774285410", "code": 2962, "fclass": "water_well", "name": "قلمة ابن سلطان" }, "geometry": { "type": "Point", "coordinates": [ 46.152041, 18.922963 ] } },
{ "type": "Feature", "properties": { "osm_id": "6774286182", "code": 2962, "fclass": "water_well", "name": "خور المنحز" }, "geometry": { "type": "Point", "coordinates": [ 51.0243168, 18.9490282 ] } },
{ "type": "Feature", "properties": { "osm_id": "6774286265", "code": 2962, "fclass": "water_well", "name": "عد البديع" }, "geometry": { "type": "Point", "coordinates": [ 51.047574, 18.859948 ] } },
{ "type": "Feature", "properties": { "osm_id": "6774288180", "code": 2962, "fclass": "water_well", "name": "آبار معمورة" }, "geometry": { "type": "Point", "coordinates": [ 50.6396688, 18.9130228 ] } },
{ "type": "Feature", "properties": { "osm_id": "6774288382", "code": 2962, "fclass": "water_well", "name": "عد الخرخير" }, "geometry": { "type": "Point", "coordinates": [ 51.1380245, 18.8684259 ] } },
{ "type": "Feature", "properties": { "osm_id": "6774288956", "code": 2962, "fclass": "water_well", "name": "خور صبيغين" }, "geometry": { "type": "Point", "coordinates": [ 51.2138967, 19.0938417 ] } },
{ "type": "Feature", "properties": { "osm_id": "6774288957", "code": 2962, "fclass": "water_well", "name": "خور ابن العوضي" }, "geometry": { "type": "Point", "coordinates": [ 51.5295948, 19.0866924 ] } },
{ "type": "Feature", "properties": { "osm_id": "6774288958", "code": 2962, "fclass": "water_well", "name": "قلمة ام الشلوخ" }, "geometry": { "type": "Point", "coordinates": [ 49.199524, 18.707657 ] } },
{ "type": "Feature", "properties": { "osm_id": "6774289733", "code": 2962, "fclass": "water_well", "name": "خور ابن علوبة" }, "geometry": { "type": "Point", "coordinates": [ 51.2970392, 18.9675398 ] } },
{ "type": "Feature", "properties": { "osm_id": "6774289843", "code": 2962, "fclass": "water_well", "name": "بئر خضفيعة" }, "geometry": { "type": "Point", "coordinates": [ 50.754369, 19.010792 ] } },
{ "type": "Feature", "properties": { "osm_id": "6774291727", "code": 2962, "fclass": "water_well", "name": "قلمة أم شداد" }, "geometry": { "type": "Point", "coordinates": [ 46.333041, 18.723793 ] } },
{ "type": "Feature", "properties": { "osm_id": "6774291760", "code": 2962, "fclass": "water_well", "name": "خور ابا العفن" }, "geometry": { "type": "Point", "coordinates": [ 50.7194566, 18.9075523 ] } },
{ "type": "Feature", "properties": { "osm_id": "6774292932", "code": 2962, "fclass": "water_well", "name": "المكوكة" }, "geometry": { "type": "Point", "coordinates": [ 47.441377, 17.735339 ] } },
{ "type": "Feature", "properties": { "osm_id": "6774292950", "code": 2962, "fclass": "water_well", "name": "خور الرهيوي" }, "geometry": { "type": "Point", "coordinates": [ 51.2384582, 19.021791 ] } },
{ "type": "Feature", "properties": { "osm_id": "6774293002", "code": 2962, "fclass": "water_well", "name": "بئر البتراء" }, "geometry": { "type": "Point", "coordinates": [ 46.919711, 17.6052457 ] } },
{ "type": "Feature", "properties": { "osm_id": "6774293003", "code": 2962, "fclass": "water_well", "name": "خور العطر" }, "geometry": { "type": "Point", "coordinates": [ 51.5205254, 18.9625857 ] } },
{ "type": "Feature", "properties": { "osm_id": "6774293294", "code": 2962, "fclass": "water_well", "name": "قلمة مزوعان" }, "geometry": { "type": "Point", "coordinates": [ 46.133717, 18.53089 ] } },
{ "type": "Feature", "properties": { "osm_id": "6774293690", "code": 2962, "fclass": "water_well", "name": "حقنة ابن غشام" }, "geometry": { "type": "Point", "coordinates": [ 50.382013, 19.180326 ] } },
{ "type": "Feature", "properties": { "osm_id": "6774293691", "code": 2962, "fclass": "water_well", "name": "قلمة مرقعان" }, "geometry": { "type": "Point", "coordinates": [ 48.901478, 18.538101 ] } },
{ "type": "Feature", "properties": { "osm_id": "6774294079", "code": 2962, "fclass": "water_well", "name": "بئر سالم" }, "geometry": { "type": "Point", "coordinates": [ 50.6949247, 18.9526007 ] } },
{ "type": "Feature", "properties": { "osm_id": "6774294080", "code": 2962, "fclass": "water_well", "name": "خور مضيحة" }, "geometry": { "type": "Point", "coordinates": [ 50.9838688, 18.9836853 ] } },
{ "type": "Feature", "properties": { "osm_id": "6774294086", "code": 2962, "fclass": "water_well", "name": "قلمة حمراء نثيل" }, "geometry": { "type": "Point", "coordinates": [ 46.508564, 18.493921 ] } },
{ "type": "Feature", "properties": { "osm_id": "6774295261", "code": 2962, "fclass": "water_well", "name": "خور صبغة" }, "geometry": { "type": "Point", "coordinates": [ 51.182623, 19.1179791 ] } },
{ "type": "Feature", "properties": { "osm_id": "6774295804", "code": 2962, "fclass": "water_well", "name": "خور الاذاني" }, "geometry": { "type": "Point", "coordinates": [ 50.8705289, 18.9998759 ] } },
{ "type": "Feature", "properties": { "osm_id": "6774295805", "code": 2962, "fclass": "water_well", "name": "قلمة الحرشاء" }, "geometry": { "type": "Point", "coordinates": [ 51.7079052, 19.3450025 ] } },
{ "type": "Feature", "properties": { "osm_id": "6776034776", "code": 2962, "fclass": "water_well", "name": "بئر الاصيم" }, "geometry": { "type": "Point", "coordinates": [ 44.3839073, 21.5461636 ] } },
{ "type": "Feature", "properties": { "osm_id": "6776052381", "code": 2962, "fclass": "water_well", "name": "بئر الخضاريه" }, "geometry": { "type": "Point", "coordinates": [ 44.1553192, 21.8368511 ] } },
{ "type": "Feature", "properties": { "osm_id": "6776060580", "code": 2962, "fclass": "water_well", "name": "بئر الحصني" }, "geometry": { "type": "Point", "coordinates": [ 44.9095345, 22.2598457 ] } },
{ "type": "Feature", "properties": { "osm_id": "6776083265", "code": 2962, "fclass": "water_well", "name": "بئر الحامريه" }, "geometry": { "type": "Point", "coordinates": [ 44.7773552, 21.9070816 ] } },
{ "type": "Feature", "properties": { "osm_id": "6776085022", "code": 2962, "fclass": "water_well", "name": "بئر السباحيه" }, "geometry": { "type": "Point", "coordinates": [ 44.3651543, 24.0875664 ] } },
{ "type": "Feature", "properties": { "osm_id": "6776086209", "code": 2962, "fclass": "water_well", "name": "بئر الدلهميه" }, "geometry": { "type": "Point", "coordinates": [ 45.888176, 21.5668488 ] } },
{ "type": "Feature", "properties": { "osm_id": "6776086578", "code": 2962, "fclass": "water_well", "name": "بئر الثيلية" }, "geometry": { "type": "Point", "coordinates": [ 47.1545219, 25.5778885 ] } },
{ "type": "Feature", "properties": { "osm_id": "6776087712", "code": 2962, "fclass": "water_well", "name": "بئر الجابرية" }, "geometry": { "type": "Point", "coordinates": [ 47.1560669, 25.5775452 ] } },
{ "type": "Feature", "properties": { "osm_id": "6776087805", "code": 2962, "fclass": "water_well", "name": "بئر السيارية" }, "geometry": { "type": "Point", "coordinates": [ 47.1577835, 25.5774593 ] } },
{ "type": "Feature", "properties": { "osm_id": "6776095244", "code": 2962, "fclass": "water_well", "name": "بئر الخويرانيه" }, "geometry": { "type": "Point", "coordinates": [ 43.9475861, 21.4168167 ] } },
{ "type": "Feature", "properties": { "osm_id": "6776095601", "code": 2962, "fclass": "water_well", "name": "بئر الرويقي" }, "geometry": { "type": "Point", "coordinates": [ 44.1740303, 21.6783009 ] } },
{ "type": "Feature", "properties": { "osm_id": "6776096356", "code": 2962, "fclass": "water_well", "name": "بئر الثمامي" }, "geometry": { "type": "Point", "coordinates": [ 44.9268301, 27.6433806 ] } },
{ "type": "Feature", "properties": { "osm_id": "6776096720", "code": 2962, "fclass": "water_well", "name": "بئر العازمي" }, "geometry": { "type": "Point", "coordinates": [ 43.3819199, 23.5191536 ] } },
{ "type": "Feature", "properties": { "osm_id": "6776096723", "code": 2962, "fclass": "water_well", "name": "بئر الفجريه" }, "geometry": { "type": "Point", "coordinates": [ 43.9241982, 22.2715187 ] } },
{ "type": "Feature", "properties": { "osm_id": "6776096751", "code": 2962, "fclass": "water_well", "name": "بئر خشيبان" }, "geometry": { "type": "Point", "coordinates": [ 48.1408882, 23.9456882 ] } },
{ "type": "Feature", "properties": { "osm_id": "6776106004", "code": 2962, "fclass": "water_well", "name": "بئر العرمه" }, "geometry": { "type": "Point", "coordinates": [ 44.4403419, 22.0060863 ] } },
{ "type": "Feature", "properties": { "osm_id": "6776109100", "code": 2962, "fclass": "water_well", "name": "بئر الحوفيه" }, "geometry": { "type": "Point", "coordinates": [ 43.5682793, 21.7965107 ] } },
{ "type": "Feature", "properties": { "osm_id": "6776110536", "code": 2962, "fclass": "water_well", "name": "بئر ارامكو" }, "geometry": { "type": "Point", "coordinates": [ 47.6480713, 21.1036205 ] } },
{ "type": "Feature", "properties": { "osm_id": "6776111813", "code": 2962, "fclass": "water_well", "name": "بئر الغويبه" }, "geometry": { "type": "Point", "coordinates": [ 46.6084671, 22.8894997 ] } },
{ "type": "Feature", "properties": { "osm_id": "6776112480", "code": 2962, "fclass": "water_well", "name": "بئر المندسه" }, "geometry": { "type": "Point", "coordinates": [ 43.6639622, 23.1694917 ] } },
{ "type": "Feature", "properties": { "osm_id": "6776114254", "code": 2962, "fclass": "water_well", "name": "بئر الدعليه" }, "geometry": { "type": "Point", "coordinates": [ 44.8216667, 20.7239056 ] } },
{ "type": "Feature", "properties": { "osm_id": "6776115784", "code": 2962, "fclass": "water_well", "name": "بئر الشمس" }, "geometry": { "type": "Point", "coordinates": [ 45.6500397, 24.8724022 ] } },
{ "type": "Feature", "properties": { "osm_id": "6776115836", "code": 2962, "fclass": "water_well", "name": "بئر العرجاء" }, "geometry": { "type": "Point", "coordinates": [ 44.5286179, 22.4045563 ] } },
{ "type": "Feature", "properties": { "osm_id": "6776115841", "code": 2962, "fclass": "water_well", "name": "بئر الهرارة" }, "geometry": { "type": "Point", "coordinates": [ 43.7676882, 22.0003572 ] } },
{ "type": "Feature", "properties": { "osm_id": "6776116365", "code": 2962, "fclass": "water_well", "name": "بئر قمعه" }, "geometry": { "type": "Point", "coordinates": [ 42.6777649, 23.495121 ] } },
{ "type": "Feature", "properties": { "osm_id": "6776116382", "code": 2962, "fclass": "water_well", "name": "بئر وعله" }, "geometry": { "type": "Point", "coordinates": [ 43.7474747, 22.9286385 ] } },
{ "type": "Feature", "properties": { "osm_id": "6776116440", "code": 2962, "fclass": "water_well", "name": "بئر الطوقي" }, "geometry": { "type": "Point", "coordinates": [ 46.7079239, 25.5194817 ] } },
{ "type": "Feature", "properties": { "osm_id": "6776116441", "code": 2962, "fclass": "water_well", "name": "بئر الغيثاني" }, "geometry": { "type": "Point", "coordinates": [ 47.5317917, 23.2211494 ] } },
{ "type": "Feature", "properties": { "osm_id": "6776118017", "code": 2962, "fclass": "water_well", "name": "بئر الشاميه" }, "geometry": { "type": "Point", "coordinates": [ 44.2570496, 22.3867035 ] } },
{ "type": "Feature", "properties": { "osm_id": "6776121440", "code": 2962, "fclass": "water_well", "name": "بئر الزيدي" }, "geometry": { "type": "Point", "coordinates": [ 47.1589851, 25.5770302 ] } },
{ "type": "Feature", "properties": { "osm_id": "6776125203", "code": 2962, "fclass": "water_well", "name": "بئر الطريفه" }, "geometry": { "type": "Point", "coordinates": [ 45.9516907, 21.7876053 ] } },
{ "type": "Feature", "properties": { "osm_id": "6776132130", "code": 2962, "fclass": "water_well", "name": "بئر العيينه" }, "geometry": { "type": "Point", "coordinates": [ 44.2779045, 21.0466061 ] } },
{ "type": "Feature", "properties": { "osm_id": "6776132371", "code": 2962, "fclass": "water_well", "name": "بئر القوداء" }, "geometry": { "type": "Point", "coordinates": [ 44.388923, 23.0099921 ] } },
{ "type": "Feature", "properties": { "osm_id": "6776132372", "code": 2962, "fclass": "water_well", "name": "بئر حنيذ" }, "geometry": { "type": "Point", "coordinates": [ 43.6311722, 23.6564827 ] } },
{ "type": "Feature", "properties": { "osm_id": "6776135164", "code": 2962, "fclass": "water_well", "name": "بئر الطيريه" }, "geometry": { "type": "Point", "coordinates": [ 43.8304062, 21.4933357 ] } },
{ "type": "Feature", "properties": { "osm_id": "6776135724", "code": 2962, "fclass": "water_well", "name": "بئر المجمر" }, "geometry": { "type": "Point", "coordinates": [ 43.9106369, 21.4353561 ] } },
{ "type": "Feature", "properties": { "osm_id": "6776141474", "code": 2962, "fclass": "water_well", "name": "بئر رغوان" }, "geometry": { "type": "Point", "coordinates": [ 44.471283, 20.9763336 ] } },
{ "type": "Feature", "properties": { "osm_id": "6776142016", "code": 2962, "fclass": "water_well", "name": "بئر العجاجه" }, "geometry": { "type": "Point", "coordinates": [ 46.7916298, 25.4433498 ] } },
{ "type": "Feature", "properties": { "osm_id": "6776142109", "code": 2962, "fclass": "water_well", "name": "بئر الطويله" }, "geometry": { "type": "Point", "coordinates": [ 44.795723, 20.0663567 ] } },
{ "type": "Feature", "properties": { "osm_id": "6776142110", "code": 2962, "fclass": "water_well", "name": "بئر الفواد" }, "geometry": { "type": "Point", "coordinates": [ 43.9212799, 20.9370232 ] } },
{ "type": "Feature", "properties": { "osm_id": "6776143690", "code": 2962, "fclass": "water_well", "name": "بئر جليميد" }, "geometry": { "type": "Point", "coordinates": [ 44.8319435, 21.6816902 ] } },
{ "type": "Feature", "properties": { "osm_id": "6776143947", "code": 2962, "fclass": "water_well", "name": "بئر المجهوله" }, "geometry": { "type": "Point", "coordinates": [ 46.2551651, 23.79673 ] } },
{ "type": "Feature", "properties": { "osm_id": "6776144155", "code": 2962, "fclass": "water_well", "name": "بئر مصيبيح" }, "geometry": { "type": "Point", "coordinates": [ 44.6012306, 20.2160015 ] } },
{ "type": "Feature", "properties": { "osm_id": "6776149356", "code": 2962, "fclass": "water_well", "name": "بئر دفنه" }, "geometry": { "type": "Point", "coordinates": [ 42.3898888, 23.8731194 ] } },
{ "type": "Feature", "properties": { "osm_id": "6776149825", "code": 2962, "fclass": "water_well", "name": "بئر المجيديله" }, "geometry": { "type": "Point", "coordinates": [ 43.9656866, 23.8580776 ] } },
{ "type": "Feature", "properties": { "osm_id": "6776150198", "code": 2962, "fclass": "water_well", "name": "بئر عقربه" }, "geometry": { "type": "Point", "coordinates": [ 43.7957306, 24.3636417 ] } },
{ "type": "Feature", "properties": { "osm_id": "6776150697", "code": 2962, "fclass": "water_well", "name": "بئر القيعه" }, "geometry": { "type": "Point", "coordinates": [ 44.1368217, 20.2968121 ] } },
{ "type": "Feature", "properties": { "osm_id": "6776151602", "code": 2962, "fclass": "water_well", "name": "بئر الكلابيه" }, "geometry": { "type": "Point", "coordinates": [ 43.8666916, 23.8731194 ] } },
{ "type": "Feature", "properties": { "osm_id": "6776151603", "code": 2962, "fclass": "water_well", "name": "بئر المقتسم" }, "geometry": { "type": "Point", "coordinates": [ 42.9153442, 23.6623192 ] } },
{ "type": "Feature", "properties": { "osm_id": "6776151929", "code": 2962, "fclass": "water_well", "name": "بئر الهباله" }, "geometry": { "type": "Point", "coordinates": [ 44.3595543, 21.0106869 ] } },
{ "type": "Feature", "properties": { "osm_id": "6776152040", "code": 2962, "fclass": "water_well", "name": "بئر مراغه" }, "geometry": { "type": "Point", "coordinates": [ 44.9384155, 21.9740715 ] } },
{ "type": "Feature", "properties": { "osm_id": "6776154070", "code": 2962, "fclass": "water_well", "name": "بئر بعيجاء" }, "geometry": { "type": "Point", "coordinates": [ 46.6477776, 23.1040764 ] } },
{ "type": "Feature", "properties": { "osm_id": "6776154071", "code": 2962, "fclass": "water_well", "name": "بئر تنضبه" }, "geometry": { "type": "Point", "coordinates": [ 43.3745384, 23.3414841 ] } },
{ "type": "Feature", "properties": { "osm_id": "6776154291", "code": 2962, "fclass": "water_well", "name": "بئر زنيفره" }, "geometry": { "type": "Point", "coordinates": [ 43.9694524, 23.8328239 ] } },
{ "type": "Feature", "properties": { "osm_id": "6776156742", "code": 2962, "fclass": "water_well", "name": "بئر سلبه" }, "geometry": { "type": "Point", "coordinates": [ 44.1974831, 22.5767326 ] } },
{ "type": "Feature", "properties": { "osm_id": "6776158196", "code": 2962, "fclass": "water_well", "name": "بئر الهلقميه" }, "geometry": { "type": "Point", "coordinates": [ 44.6231804, 21.7214737 ] } },
{ "type": "Feature", "properties": { "osm_id": "6776160255", "code": 2962, "fclass": "water_well", "name": "بئر كحلان" }, "geometry": { "type": "Point", "coordinates": [ 46.3907166, 25.648119 ] } },
{ "type": "Feature", "properties": { "osm_id": "6776160712", "code": 2962, "fclass": "water_well", "name": "بئر خرجه" }, "geometry": { "type": "Point", "coordinates": [ 43.1053734, 23.917923 ] } },
{ "type": "Feature", "properties": { "osm_id": "6776160717", "code": 2962, "fclass": "water_well", "name": "بئر كتلان" }, "geometry": { "type": "Point", "coordinates": [ 47.152977, 25.5780602 ] } },
{ "type": "Feature", "properties": { "osm_id": "6776167164", "code": 2962, "fclass": "water_well", "name": "بئر بطيحان" }, "geometry": { "type": "Point", "coordinates": [ 47.152462, 25.5780602 ] } },
{ "type": "Feature", "properties": { "osm_id": "6776168511", "code": 2962, "fclass": "water_well", "name": "بئر خصيبان" }, "geometry": { "type": "Point", "coordinates": [ 43.6095428, 23.160038 ] } },
{ "type": "Feature", "properties": { "osm_id": "6776169524", "code": 2962, "fclass": "water_well", "name": "بئر وتده" }, "geometry": { "type": "Point", "coordinates": [ 44.0614853, 21.7351837 ] } },
{ "type": "Feature", "properties": { "osm_id": "6776172238", "code": 2962, "fclass": "water_well", "name": "بئر عامر" }, "geometry": { "type": "Point", "coordinates": [ 46.7184372, 25.5266685 ] } },
{ "type": "Feature", "properties": { "osm_id": "6776173490", "code": 2962, "fclass": "water_well", "name": "بئر شبوه" }, "geometry": { "type": "Point", "coordinates": [ 44.3406487, 22.4533081 ] } },
{ "type": "Feature", "properties": { "osm_id": "6776173785", "code": 2962, "fclass": "water_well", "name": "بئر خجيم" }, "geometry": { "type": "Point", "coordinates": [ 46.3272209, 26.382122 ] } },
{ "type": "Feature", "properties": { "osm_id": "6776173792", "code": 2962, "fclass": "water_well", "name": "بئر خزام" }, "geometry": { "type": "Point", "coordinates": [ 44.4639015, 21.401474 ] } },
{ "type": "Feature", "properties": { "osm_id": "6776174635", "code": 2962, "fclass": "water_well", "name": "بئر دمنان" }, "geometry": { "type": "Point", "coordinates": [ 43.852272, 22.596817 ] } },
{ "type": "Feature", "properties": { "osm_id": "6776174636", "code": 2962, "fclass": "water_well", "name": "بئر مدقه" }, "geometry": { "type": "Point", "coordinates": [ 43.5160522, 21.7985706 ] } },
{ "type": "Feature", "properties": { "osm_id": "6776174704", "code": 2962, "fclass": "water_well", "name": "بئر لقطه" }, "geometry": { "type": "Point", "coordinates": [ 43.0475235, 22.5611115 ] } },
{ "type": "Feature", "properties": { "osm_id": "6776175632", "code": 2962, "fclass": "water_well", "name": "بئر صدعان" }, "geometry": { "type": "Point", "coordinates": [ 44.1808319, 22.0722198 ] } },
{ "type": "Feature", "properties": { "osm_id": "6776175633", "code": 2962, "fclass": "water_well", "name": "بئر غثمان" }, "geometry": { "type": "Point", "coordinates": [ 42.2447472, 23.7936821 ] } },
{ "type": "Feature", "properties": { "osm_id": "6776176947", "code": 2962, "fclass": "water_well", "name": "بئر شحاذه" }, "geometry": { "type": "Point", "coordinates": [ 42.3193359, 23.5988045 ] } },
{ "type": "Feature", "properties": { "osm_id": "6776178453", "code": 2962, "fclass": "water_well", "name": "بئر فلاج" }, "geometry": { "type": "Point", "coordinates": [ 44.4814987, 21.7094994 ] } },
{ "type": "Feature", "properties": { "osm_id": "6776179560", "code": 2962, "fclass": "water_well", "name": "بئر صمعان" }, "geometry": { "type": "Point", "coordinates": [ 43.8275528, 21.7306137 ] } },
{ "type": "Feature", "properties": { "osm_id": "6776182209", "code": 2962, "fclass": "water_well", "name": "بئر موزر" }, "geometry": { "type": "Point", "coordinates": [ 44.8616, 22.3704 ] } },
{ "type": "Feature", "properties": { "osm_id": "6776183805", "code": 2962, "fclass": "water_well", "name": "بئر مثفر" }, "geometry": { "type": "Point", "coordinates": [ 45.5183334, 24.3604221 ] } },
{ "type": "Feature", "properties": { "osm_id": "6776183992", "code": 2962, "fclass": "water_well", "name": "بئر نملان" }, "geometry": { "type": "Point", "coordinates": [ 43.5906601, 23.9931107 ] } },
{ "type": "Feature", "properties": { "osm_id": "6776186390", "code": 2962, "fclass": "water_well", "name": "بئر وهابه" }, "geometry": { "type": "Point", "coordinates": [ 42.5179482, 23.7603378 ] } },
{ "type": "Feature", "properties": { "osm_id": "6777053158", "code": 2962, "fclass": "water_well", "name": "بير الدغيثر" }, "geometry": { "type": "Point", "coordinates": [ 43.659153, 23.0421925 ] } },
{ "type": "Feature", "properties": { "osm_id": "6778316691", "code": 2962, "fclass": "water_well", "name": "بئر أبو خشب" }, "geometry": { "type": "Point", "coordinates": [ 42.2460365, 23.4572277 ] } },
{ "type": "Feature", "properties": { "osm_id": "6778335370", "code": 2962, "fclass": "water_well", "name": "بئر الرقيقة" }, "geometry": { "type": "Point", "coordinates": [ 43.798424, 21.1275173 ] } },
{ "type": "Feature", "properties": { "osm_id": "6778340777", "code": 2962, "fclass": "water_well", "name": "بئر الخويرانية" }, "geometry": { "type": "Point", "coordinates": [ 43.9475861, 21.4168167 ] } },
{ "type": "Feature", "properties": { "osm_id": "6778359143", "code": 2962, "fclass": "water_well", "name": "بئر الطريفة" }, "geometry": { "type": "Point", "coordinates": [ 45.9516907, 21.7876053 ] } },
{ "type": "Feature", "properties": { "osm_id": "6778375519", "code": 2962, "fclass": "water_well", "name": "بئر البريكة" }, "geometry": { "type": "Point", "coordinates": [ 42.2904968, 23.6745071 ] } },
{ "type": "Feature", "properties": { "osm_id": "6778375520", "code": 2962, "fclass": "water_well", "name": "بئر الخضارية" }, "geometry": { "type": "Point", "coordinates": [ 44.1553192, 21.8368511 ] } },
{ "type": "Feature", "properties": { "osm_id": "6778376272", "code": 2962, "fclass": "water_well", "name": "بئر الحوفية" }, "geometry": { "type": "Point", "coordinates": [ 43.5682793, 21.7965107 ] } },
{ "type": "Feature", "properties": { "osm_id": "6778376915", "code": 2962, "fclass": "water_well", "name": "بئر الحامرية" }, "geometry": { "type": "Point", "coordinates": [ 44.7773552, 21.9070816 ] } },
{ "type": "Feature", "properties": { "osm_id": "6778378282", "code": 2962, "fclass": "water_well", "name": "بئر العجاجة" }, "geometry": { "type": "Point", "coordinates": [ 46.7916298, 25.4433498 ] } },
{ "type": "Feature", "properties": { "osm_id": "6778378918", "code": 2962, "fclass": "water_well", "name": "بئر الدعلية" }, "geometry": { "type": "Point", "coordinates": [ 44.8216667, 20.7239056 ] } },
{ "type": "Feature", "properties": { "osm_id": "6778379392", "code": 2962, "fclass": "water_well", "name": "بئر الغويبة" }, "geometry": { "type": "Point", "coordinates": [ 46.608467, 22.8895 ] } },
{ "type": "Feature", "properties": { "osm_id": "6778381461", "code": 2962, "fclass": "water_well", "name": "بئر الطيرية" }, "geometry": { "type": "Point", "coordinates": [ 43.8304062, 21.4933357 ] } },
{ "type": "Feature", "properties": { "osm_id": "6778382168", "code": 2962, "fclass": "water_well", "name": "بئر الدلهمية" }, "geometry": { "type": "Point", "coordinates": [ 45.888176, 21.5668488 ] } },
{ "type": "Feature", "properties": { "osm_id": "6778384226", "code": 2962, "fclass": "water_well", "name": "بئر العنترية" }, "geometry": { "type": "Point", "coordinates": [ 43.3717663, 23.3890312 ] } },
{ "type": "Feature", "properties": { "osm_id": "6778384469", "code": 2962, "fclass": "water_well", "name": "بئر السباحية" }, "geometry": { "type": "Point", "coordinates": [ 44.3651543, 24.0875664 ] } },
{ "type": "Feature", "properties": { "osm_id": "6778388390", "code": 2962, "fclass": "water_well", "name": "بئر الطويلة" }, "geometry": { "type": "Point", "coordinates": [ 44.795723, 20.0663567 ] } },
{ "type": "Feature", "properties": { "osm_id": "6778388391", "code": 2962, "fclass": "water_well", "name": "بئر العويجاء" }, "geometry": { "type": "Point", "coordinates": [ 44.1385308, 21.6595037 ] } },
{ "type": "Feature", "properties": { "osm_id": "6778388392", "code": 2962, "fclass": "water_well", "name": "بئر العيينة" }, "geometry": { "type": "Point", "coordinates": [ 44.2779045, 21.0466061 ] } },
{ "type": "Feature", "properties": { "osm_id": "6778388576", "code": 2962, "fclass": "water_well", "name": "بئر الطويعية" }, "geometry": { "type": "Point", "coordinates": [ 44.2267031, 22.5565561 ] } },
{ "type": "Feature", "properties": { "osm_id": "6778392995", "code": 2962, "fclass": "water_well", "name": "بئر العرمة" }, "geometry": { "type": "Point", "coordinates": [ 44.4403419, 22.0060863 ] } },
{ "type": "Feature", "properties": { "osm_id": "6779222160", "code": 2962, "fclass": "water_well", "name": "حسو الحيسية" }, "geometry": { "type": "Point", "coordinates": [ 46.0575509, 24.8283305 ] } },
{ "type": "Feature", "properties": { "osm_id": "6780217227", "code": 2962, "fclass": "water_well", "name": "قليب سليمان" }, "geometry": { "type": "Point", "coordinates": [ 41.383889, 25.6814 ] } },
{ "type": "Feature", "properties": { "osm_id": "6780254855", "code": 2962, "fclass": "water_well", "name": "أبار السيافيه" }, "geometry": { "type": "Point", "coordinates": [ 41.3867, 25.431247 ] } },
{ "type": "Feature", "properties": { "osm_id": "6780285816", "code": 2962, "fclass": "water_well", "name": "عقلة الأرطاوية" }, "geometry": { "type": "Point", "coordinates": [ 44.557209, 26.672133 ] } },
{ "type": "Feature", "properties": { "osm_id": "6780328041", "code": 2962, "fclass": "water_well", "name": "عقيلة رشيد" }, "geometry": { "type": "Point", "coordinates": [ 44.626109, 26.649358 ] } },
{ "type": "Feature", "properties": { "osm_id": "6780464479", "code": 2962, "fclass": "water_well", "name": "قلبان سنيدان" }, "geometry": { "type": "Point", "coordinates": [ 44.665346, 26.686757 ] } },
{ "type": "Feature", "properties": { "osm_id": "6780496279", "code": 2962, "fclass": "water_well", "name": "قليب سنيدة" }, "geometry": { "type": "Point", "coordinates": [ 44.663436, 26.708064 ] } },
{ "type": "Feature", "properties": { "osm_id": "6780892955", "code": 2962, "fclass": "water_well", "name": "ابار ابو عدبولة" }, "geometry": { "type": "Point", "coordinates": [ 49.5358086, 26.5389996 ] } },
{ "type": "Feature", "properties": { "osm_id": "6780902541", "code": 2962, "fclass": "water_well", "name": "ابار أبو عرزيلة" }, "geometry": { "type": "Point", "coordinates": [ 50.7456779, 24.4830322 ] } },
{ "type": "Feature", "properties": { "osm_id": "6780916595", "code": 2962, "fclass": "water_well", "name": "ابار ابو كلب" }, "geometry": { "type": "Point", "coordinates": [ 48.6309814, 27.8115673 ] } },
{ "type": "Feature", "properties": { "osm_id": "6780925241", "code": 2962, "fclass": "water_well", "name": "ابار ابو مريخة" }, "geometry": { "type": "Point", "coordinates": [ 49.5862715, 26.4008388 ] } },
{ "type": "Feature", "properties": { "osm_id": "6780926494", "code": 2962, "fclass": "water_well", "name": "ابار اسود ماء" }, "geometry": { "type": "Point", "coordinates": [ 51.5097808, 22.0268207 ] } },
{ "type": "Feature", "properties": { "osm_id": "6783635273", "code": 2962, "fclass": "water_well", "name": "ابار الاعراب" }, "geometry": { "type": "Point", "coordinates": [ 42.9649681, 27.4419642 ] } },
{ "type": "Feature", "properties": { "osm_id": "6783678954", "code": 2962, "fclass": "water_well", "name": "ابار البدع" }, "geometry": { "type": "Point", "coordinates": [ 43.2360497, 28.2734222 ] } },
{ "type": "Feature", "properties": { "osm_id": "6783679269", "code": 2962, "fclass": "water_well", "name": "بئر أشيقر" }, "geometry": { "type": "Point", "coordinates": [ 42.0213752, 28.8201194 ] } },
{ "type": "Feature", "properties": { "osm_id": "6783693472", "code": 2962, "fclass": "water_well", "name": "ابار ابا سليمان" }, "geometry": { "type": "Point", "coordinates": [ 40.1259956, 27.0429974 ] } },
{ "type": "Feature", "properties": { "osm_id": "6784028880", "code": 2962, "fclass": "water_well", "name": "آبار الظاهريه" }, "geometry": { "type": "Point", "coordinates": [ 43.517125, 25.586729 ] } },
{ "type": "Feature", "properties": { "osm_id": "6784029098", "code": 2962, "fclass": "water_well", "name": "آبار الشقيم" }, "geometry": { "type": "Point", "coordinates": [ 41.9463797, 25.0429454 ] } },
{ "type": "Feature", "properties": { "osm_id": "6784034915", "code": 2962, "fclass": "water_well", "name": "ابار البريكة" }, "geometry": { "type": "Point", "coordinates": [ 44.7211487, 27.521666 ] } },
{ "type": "Feature", "properties": { "osm_id": "6784035255", "code": 2962, "fclass": "water_well", "name": "آبار بلعوم" }, "geometry": { "type": "Point", "coordinates": [ 43.8986104, 27.2733143 ] } },
{ "type": "Feature", "properties": { "osm_id": "6784039688", "code": 2962, "fclass": "water_well", "name": "ابار ثغب الجمل" }, "geometry": { "type": "Point", "coordinates": [ 43.771436, 27.931519 ] } },
{ "type": "Feature", "properties": { "osm_id": "6784041714", "code": 2962, "fclass": "water_well", "name": "آبار أم جريف" }, "geometry": { "type": "Point", "coordinates": [ 44.8603627, 26.9285929 ] } },
{ "type": "Feature", "properties": { "osm_id": "6784497047", "code": 2962, "fclass": "water_well", "name": "آبار الجواري" }, "geometry": { "type": "Point", "coordinates": [ 41.7473052, 29.991741 ] } },
{ "type": "Feature", "properties": { "osm_id": "6784498370", "code": 2962, "fclass": "water_well", "name": "آبار البويتات" }, "geometry": { "type": "Point", "coordinates": [ 41.1982994, 30.0232315 ] } },
{ "type": "Feature", "properties": { "osm_id": "6784510004", "code": 2962, "fclass": "water_well", "name": "ابار الخفي" }, "geometry": { "type": "Point", "coordinates": [ 41.2713754, 30.4010235 ] } },
{ "type": "Feature", "properties": { "osm_id": "6784518948", "code": 2962, "fclass": "water_well", "name": "آبار أم شويل" }, "geometry": { "type": "Point", "coordinates": [ 41.3413391, 30.3814678 ] } },
{ "type": "Feature", "properties": { "osm_id": "6786276272", "code": 2962, "fclass": "water_well", "name": "بئر" }, "geometry": { "type": "Point", "coordinates": [ 43.1624527, 27.8662853 ] } },
{ "type": "Feature", "properties": { "osm_id": "6788388286", "code": 2962, "fclass": "water_well", "name": "" }, "geometry": { "type": "Point", "coordinates": [ 42.4481786, 22.4852762 ] } },
{ "type": "Feature", "properties": { "osm_id": "6853184467", "code": 2962, "fclass": "water_well", "name": "قليب الأسمر" }, "geometry": { "type": "Point", "coordinates": [ 42.0951353, 28.1747026 ] } },
{ "type": "Feature", "properties": { "osm_id": "6893170819", "code": 2962, "fclass": "water_well", "name": "بئر النقع" }, "geometry": { "type": "Point", "coordinates": [ 44.4501839, 27.0890675 ] } },
{ "type": "Feature", "properties": { "osm_id": "6893801578", "code": 2962, "fclass": "water_well", "name": "قلبان البيصية" }, "geometry": { "type": "Point", "coordinates": [ 44.4032326, 26.9421158 ] } },
{ "type": "Feature", "properties": { "osm_id": "6897532888", "code": 2962, "fclass": "water_well", "name": "" }, "geometry": { "type": "Point", "coordinates": [ 45.5467193, 23.2955522 ] } },
{ "type": "Feature", "properties": { "osm_id": "6901614785", "code": 2962, "fclass": "water_well", "name": "" }, "geometry": { "type": "Point", "coordinates": [ 50.9537436, 20.8430966 ] } },
{ "type": "Feature", "properties": { "osm_id": "6902491601", "code": 2962, "fclass": "water_well", "name": "قلمة نكعه" }, "geometry": { "type": "Point", "coordinates": [ 46.9014, 19.501 ] } },
{ "type": "Feature", "properties": { "osm_id": "6907109885", "code": 2962, "fclass": "water_well", "name": "" }, "geometry": { "type": "Point", "coordinates": [ 40.7123652, 21.0778691 ] } },
{ "type": "Feature", "properties": { "osm_id": "6908520435", "code": 2962, "fclass": "water_well", "name": "قليب البديع" }, "geometry": { "type": "Point", "coordinates": [ 44.6031785, 26.813971 ] } },
{ "type": "Feature", "properties": { "osm_id": "6909204536", "code": 2962, "fclass": "water_well", "name": "قليب ابن عفير" }, "geometry": { "type": "Point", "coordinates": [ 44.497, 26.8428 ] } },
{ "type": "Feature", "properties": { "osm_id": "6914071287", "code": 2962, "fclass": "water_well", "name": "" }, "geometry": { "type": "Point", "coordinates": [ 38.5593365, 31.5753252 ] } },
{ "type": "Feature", "properties": { "osm_id": "6926574402", "code": 2962, "fclass": "water_well", "name": "بئر الشحاطية" }, "geometry": { "type": "Point", "coordinates": [ 47.9280052, 22.3290844 ] } },
{ "type": "Feature", "properties": { "osm_id": "6928908686", "code": 2962, "fclass": "water_well", "name": "" }, "geometry": { "type": "Point", "coordinates": [ 50.53801, 25.97491 ] } },
{ "type": "Feature", "properties": { "osm_id": "6937224393", "code": 2962, "fclass": "water_well", "name": "كريف باغيريت" }, "geometry": { "type": "Point", "coordinates": [ 52.764013, 17.085295 ] } },
{ "type": "Feature", "properties": { "osm_id": "6937224479", "code": 2962, "fclass": "water_well", "name": "بئر ضحية" }, "geometry": { "type": "Point", "coordinates": [ 51.194081, 18.850133 ] } },
{ "type": "Feature", "properties": { "osm_id": "6937224610", "code": 2962, "fclass": "water_well", "name": "خور ضحية" }, "geometry": { "type": "Point", "coordinates": [ 51.4156553, 18.8727035 ] } },
{ "type": "Feature", "properties": { "osm_id": "6937224617", "code": 2962, "fclass": "water_well", "name": "بئر شحن" }, "geometry": { "type": "Point", "coordinates": [ 52.486513, 17.782067 ] } },
{ "type": "Feature", "properties": { "osm_id": "6938916393", "code": 2962, "fclass": "water_well", "name": "رس أبا زيد" }, "geometry": { "type": "Point", "coordinates": [ 42.4350128, 26.7190266 ] } },
{ "type": "Feature", "properties": { "osm_id": "6953387019", "code": 2962, "fclass": "water_well", "name": "قليب حمود" }, "geometry": { "type": "Point", "coordinates": [ 44.648968, 26.582551 ] } },
{ "type": "Feature", "properties": { "osm_id": "6958449853", "code": 2962, "fclass": "water_well", "name": "حفيرة رشيد" }, "geometry": { "type": "Point", "coordinates": [ 43.4739242, 29.4317476 ] } },
{ "type": "Feature", "properties": { "osm_id": "6959895822", "code": 2962, "fclass": "water_well", "name": "قليب دابان" }, "geometry": { "type": "Point", "coordinates": [ 44.5551642, 26.6423149 ] } },
{ "type": "Feature", "properties": { "osm_id": "6960264416", "code": 2962, "fclass": "water_well", "name": "بئر البوة" }, "geometry": { "type": "Point", "coordinates": [ 44.327262, 26.530663 ] } },
{ "type": "Feature", "properties": { "osm_id": "6969686562", "code": 2962, "fclass": "water_well", "name": "بئر مريغان" }, "geometry": { "type": "Point", "coordinates": [ 43.781059, 19.5326417 ] } },
{ "type": "Feature", "properties": { "osm_id": "6969703277", "code": 2962, "fclass": "water_well", "name": "مورد رميلان - ابن زويمل" }, "geometry": { "type": "Point", "coordinates": [ 42.9818776, 29.3744904 ] } },
{ "type": "Feature", "properties": { "osm_id": "6975180785", "code": 2962, "fclass": "water_well", "name": "" }, "geometry": { "type": "Point", "coordinates": [ 46.7995958, 24.5787159 ] } },
{ "type": "Feature", "properties": { "osm_id": "6975180885", "code": 2962, "fclass": "water_well", "name": "" }, "geometry": { "type": "Point", "coordinates": [ 46.7958814, 24.5656634 ] } },
{ "type": "Feature", "properties": { "osm_id": "6978991010", "code": 2962, "fclass": "water_well", "name": "بئر الغضاة" }, "geometry": { "type": "Point", "coordinates": [ 40.892868, 28.4059162 ] } },
{ "type": "Feature", "properties": { "osm_id": "6982695286", "code": 2962, "fclass": "water_well", "name": "" }, "geometry": { "type": "Point", "coordinates": [ 38.6987055, 26.369192 ] } },
{ "type": "Feature", "properties": { "osm_id": "6982706486", "code": 2962, "fclass": "water_well", "name": "بئر أبو حلفاء" }, "geometry": { "type": "Point", "coordinates": [ 38.7101439, 26.3129331 ] } },
{ "type": "Feature", "properties": { "osm_id": "7012655085", "code": 2962, "fclass": "water_well", "name": "بئر أريس" }, "geometry": { "type": "Point", "coordinates": [ 39.6165318, 24.4389107 ] } },
{ "type": "Feature", "properties": { "osm_id": "7021668604", "code": 2962, "fclass": "water_well", "name": "بئر زبيدة البدع" }, "geometry": { "type": "Point", "coordinates": [ 43.2401244, 28.2733983 ] } },
{ "type": "Feature", "properties": { "osm_id": "7071006585", "code": 2962, "fclass": "water_well", "name": "مجه" }, "geometry": { "type": "Point", "coordinates": [ 49.0694136, 18.877363 ] } },
{ "type": "Feature", "properties": { "osm_id": "7076583984", "code": 2962, "fclass": "water_well", "name": "" }, "geometry": { "type": "Point", "coordinates": [ 42.5992291, 17.0423268 ] } },
{ "type": "Feature", "properties": { "osm_id": "7076876785", "code": 2962, "fclass": "water_well", "name": "" }, "geometry": { "type": "Point", "coordinates": [ 48.0677248, 23.3848102 ] } },
{ "type": "Feature", "properties": { "osm_id": "7084525985", "code": 2962, "fclass": "water_well", "name": "" }, "geometry": { "type": "Point", "coordinates": [ 46.8213253, 25.9090913 ] } },
{ "type": "Feature", "properties": { "osm_id": "7085407953", "code": 2962, "fclass": "water_well", "name": "قليب تربان" }, "geometry": { "type": "Point", "coordinates": [ 44.059, 21.3921 ] } },
{ "type": "Feature", "properties": { "osm_id": "7101361716", "code": 2962, "fclass": "water_well", "name": "آبار الدخول" }, "geometry": { "type": "Point", "coordinates": [ 43.80657, 22.411624 ] } },
{ "type": "Feature", "properties": { "osm_id": "7134029477", "code": 2962, "fclass": "water_well", "name": "آبار القرائن" }, "geometry": { "type": "Point", "coordinates": [ 51.2550926, 22.5447617 ] } },
{ "type": "Feature", "properties": { "osm_id": "7134567168", "code": 2962, "fclass": "water_well", "name": "آبار بطحا مالحة" }, "geometry": { "type": "Point", "coordinates": [ 51.4994386, 24.0291681 ] } },
{ "type": "Feature", "properties": { "osm_id": "7134569519", "code": 2962, "fclass": "water_well", "name": "آبار مليساء" }, "geometry": { "type": "Point", "coordinates": [ 51.5709534, 21.5970821 ] } },
{ "type": "Feature", "properties": { "osm_id": "7134727287", "code": 2962, "fclass": "water_well", "name": "آبار أبوحداد" }, "geometry": { "type": "Point", "coordinates": [ 47.826894, 24.0092618 ] } },
{ "type": "Feature", "properties": { "osm_id": "7136171848", "code": 2962, "fclass": "water_well", "name": "نزراء" }, "geometry": { "type": "Point", "coordinates": [ 50.9264, 19.8881 ] } },
{ "type": "Feature", "properties": { "osm_id": "7136179966", "code": 2962, "fclass": "water_well", "name": "خور عنسلة" }, "geometry": { "type": "Point", "coordinates": [ 50.6553, 19.9779 ] } },
{ "type": "Feature", "properties": { "osm_id": "7136185302", "code": 2962, "fclass": "water_well", "name": "خور طرجم" }, "geometry": { "type": "Point", "coordinates": [ 50.9607, 19.8361 ] } },
{ "type": "Feature", "properties": { "osm_id": "7136189911", "code": 2962, "fclass": "water_well", "name": "خور دحبوبة" }, "geometry": { "type": "Point", "coordinates": [ 51.0151, 19.8099 ] } },
{ "type": "Feature", "properties": { "osm_id": "7136194044", "code": 2962, "fclass": "water_well", "name": "خور ابو عبيلة" }, "geometry": { "type": "Point", "coordinates": [ 51.1, 19.7032 ] } },
{ "type": "Feature", "properties": { "osm_id": "7136195259", "code": 2962, "fclass": "water_well", "name": "خور الفزراء" }, "geometry": { "type": "Point", "coordinates": [ 50.775, 19.8874 ] } },
{ "type": "Feature", "properties": { "osm_id": "7136196911", "code": 2962, "fclass": "water_well", "name": "ورسة صالح" }, "geometry": { "type": "Point", "coordinates": [ 51.0148, 19.7824 ] } },
{ "type": "Feature", "properties": { "osm_id": "7136197687", "code": 2962, "fclass": "water_well", "name": "خور زيمة" }, "geometry": { "type": "Point", "coordinates": [ 51.2474, 19.8477 ] } },
{ "type": "Feature", "properties": { "osm_id": "7136215908", "code": 2962, "fclass": "water_well", "name": "منجور المخاريم" }, "geometry": { "type": "Point", "coordinates": [ 44.8495, 20.6302 ] } },
{ "type": "Feature", "properties": { "osm_id": "7136923292", "code": 2962, "fclass": "water_well", "name": "آبار أم الرمث" }, "geometry": { "type": "Point", "coordinates": [ 50.3440078, 23.321087 ] } },
{ "type": "Feature", "properties": { "osm_id": "7136982502", "code": 2962, "fclass": "water_well", "name": "آبار الخرفان" }, "geometry": { "type": "Point", "coordinates": [ 47.3138504, 23.9288502 ] } },
{ "type": "Feature", "properties": { "osm_id": "7136982550", "code": 2962, "fclass": "water_well", "name": "قلمة ابن مهران" }, "geometry": { "type": "Point", "coordinates": [ 49.8107, 22.4572 ] } },
{ "type": "Feature", "properties": { "osm_id": "7136987417", "code": 2962, "fclass": "water_well", "name": "آبار الضبطية القديمة" }, "geometry": { "type": "Point", "coordinates": [ 48.9017372, 23.1411839 ] } },
{ "type": "Feature", "properties": { "osm_id": "7137001113", "code": 2962, "fclass": "water_well", "name": "آبار القباليات" }, "geometry": { "type": "Point", "coordinates": [ 48.9400604, 23.2337837 ] } },
{ "type": "Feature", "properties": { "osm_id": "7137008921", "code": 2962, "fclass": "water_well", "name": "آبار السواد" }, "geometry": { "type": "Point", "coordinates": [ 50.175474, 25.628849 ] } },
{ "type": "Feature", "properties": { "osm_id": "7137031964", "code": 2962, "fclass": "water_well", "name": "خور الرقفاء" }, "geometry": { "type": "Point", "coordinates": [ 52.8436, 19.6681 ] } },
{ "type": "Feature", "properties": { "osm_id": "7137031965", "code": 2962, "fclass": "water_well", "name": "النبعة" }, "geometry": { "type": "Point", "coordinates": [ 53.7535, 19.6777 ] } },
{ "type": "Feature", "properties": { "osm_id": "7137056581", "code": 2962, "fclass": "water_well", "name": "خور ابو طينة" }, "geometry": { "type": "Point", "coordinates": [ 52.5844, 19.6734 ] } },
{ "type": "Feature", "properties": { "osm_id": "7137062255", "code": 2962, "fclass": "water_well", "name": "خور ابن العبد" }, "geometry": { "type": "Point", "coordinates": [ 53.0383, 19.6625 ] } },
{ "type": "Feature", "properties": { "osm_id": "7137062374", "code": 2962, "fclass": "water_well", "name": "خور اللوي" }, "geometry": { "type": "Point", "coordinates": [ 53.0641, 19.7865 ] } },
{ "type": "Feature", "properties": { "osm_id": "7137062676", "code": 2962, "fclass": "water_well", "name": "خور بلاع" }, "geometry": { "type": "Point", "coordinates": [ 54.5486, 20.0208 ] } },
{ "type": "Feature", "properties": { "osm_id": "7137063554", "code": 2962, "fclass": "water_well", "name": "خور المفقوش" }, "geometry": { "type": "Point", "coordinates": [ 52.1197, 19.6954 ] } },
{ "type": "Feature", "properties": { "osm_id": "7137063555", "code": 2962, "fclass": "water_well", "name": "خور ابن هدفة" }, "geometry": { "type": "Point", "coordinates": [ 52.0599, 19.7927 ] } },
{ "type": "Feature", "properties": { "osm_id": "7137067505", "code": 2962, "fclass": "water_well", "name": "خور الحرشاء" }, "geometry": { "type": "Point", "coordinates": [ 51.6588, 19.6068 ] } },
{ "type": "Feature", "properties": { "osm_id": "7137068683", "code": 2962, "fclass": "water_well", "name": "خور ابن حراس" }, "geometry": { "type": "Point", "coordinates": [ 54.2783, 19.9926 ] } },
{ "type": "Feature", "properties": { "osm_id": "7137071313", "code": 2962, "fclass": "water_well", "name": "خور ابن كلوان" }, "geometry": { "type": "Point", "coordinates": [ 53.188, 19.7125 ] } },
{ "type": "Feature", "properties": { "osm_id": "7137083159", "code": 2962, "fclass": "water_well", "name": "خور ابن رديف" }, "geometry": { "type": "Point", "coordinates": [ 52.0433, 19.8337 ] } },
{ "type": "Feature", "properties": { "osm_id": "7137083163", "code": 2962, "fclass": "water_well", "name": "بئر القديرات" }, "geometry": { "type": "Point", "coordinates": [ 54.6357, 20.0521 ] } },
{ "type": "Feature", "properties": { "osm_id": "7137083382", "code": 2962, "fclass": "water_well", "name": "خور بهيصين" }, "geometry": { "type": "Point", "coordinates": [ 51.812, 19.7277 ] } },
{ "type": "Feature", "properties": { "osm_id": "7137085323", "code": 2962, "fclass": "water_well", "name": "بئر الجويفاء" }, "geometry": { "type": "Point", "coordinates": [ 49.8094, 22.4414 ] } },
{ "type": "Feature", "properties": { "osm_id": "7137089798", "code": 2962, "fclass": "water_well", "name": "خور ابو فناجيل" }, "geometry": { "type": "Point", "coordinates": [ 51.8705, 19.7532 ] } },
{ "type": "Feature", "properties": { "osm_id": "7137092843", "code": 2962, "fclass": "water_well", "name": "خور لحاس" }, "geometry": { "type": "Point", "coordinates": [ 52.1062, 19.7417 ] } },
{ "type": "Feature", "properties": { "osm_id": "7137096693", "code": 2962, "fclass": "water_well", "name": "خور البيضاء" }, "geometry": { "type": "Point", "coordinates": [ 54.3202, 19.9715 ] } },
{ "type": "Feature", "properties": { "osm_id": "7137097793", "code": 2962, "fclass": "water_well", "name": "خور ملاح" }, "geometry": { "type": "Point", "coordinates": [ 52.0776, 19.9123 ] } },
{ "type": "Feature", "properties": { "osm_id": "7137098184", "code": 2962, "fclass": "water_well", "name": "خور ابن النونة" }, "geometry": { "type": "Point", "coordinates": [ 54.6581, 19.9596 ] } },
{ "type": "Feature", "properties": { "osm_id": "7137100074", "code": 2962, "fclass": "water_well", "name": "خور ابن مريم" }, "geometry": { "type": "Point", "coordinates": [ 53.429, 19.5725 ] } },
{ "type": "Feature", "properties": { "osm_id": "7137100329", "code": 2962, "fclass": "water_well", "name": "طويلة ابن غراب" }, "geometry": { "type": "Point", "coordinates": [ 52.7584, 19.5029 ] } },
{ "type": "Feature", "properties": { "osm_id": "7137101108", "code": 2962, "fclass": "water_well", "name": "خور ابو حزم" }, "geometry": { "type": "Point", "coordinates": [ 51.7878, 19.6955 ] } },
{ "type": "Feature", "properties": { "osm_id": "7137102180", "code": 2962, "fclass": "water_well", "name": "خور الحبة" }, "geometry": { "type": "Point", "coordinates": [ 52.0411, 19.7824 ] } },
{ "type": "Feature", "properties": { "osm_id": "7137102963", "code": 2962, "fclass": "water_well", "name": "خور نايرة" }, "geometry": { "type": "Point", "coordinates": [ 52.9360002, 19.5822045 ] } },
{ "type": "Feature", "properties": { "osm_id": "7137102970", "code": 2962, "fclass": "water_well", "name": "خور ابن الحليوة" }, "geometry": { "type": "Point", "coordinates": [ 54.3282, 19.951 ] } },
{ "type": "Feature", "properties": { "osm_id": "7137103547", "code": 2962, "fclass": "water_well", "name": "خور ابا الدفوف" }, "geometry": { "type": "Point", "coordinates": [ 51.874, 19.8008 ] } },
{ "type": "Feature", "properties": { "osm_id": "7137104034", "code": 2962, "fclass": "water_well", "name": "خور الرقيعات" }, "geometry": { "type": "Point", "coordinates": [ 52.9032, 19.6173 ] } },
{ "type": "Feature", "properties": { "osm_id": "7137104614", "code": 2962, "fclass": "water_well", "name": "خور حميدان" }, "geometry": { "type": "Point", "coordinates": [ 54.7984, 20.6423 ] } },
{ "type": "Feature", "properties": { "osm_id": "7137105124", "code": 2962, "fclass": "water_well", "name": "خور نفل" }, "geometry": { "type": "Point", "coordinates": [ 54.4003, 19.878 ] } },
{ "type": "Feature", "properties": { "osm_id": "7137105581", "code": 2962, "fclass": "water_well", "name": "خور ابن سلامة" }, "geometry": { "type": "Point", "coordinates": [ 54.8189, 20.0462 ] } },
{ "type": "Feature", "properties": { "osm_id": "7137106309", "code": 2962, "fclass": "water_well", "name": "خور محضة" }, "geometry": { "type": "Point", "coordinates": [ 52.3420818, 19.4419658 ] } },
{ "type": "Feature", "properties": { "osm_id": "7137107240", "code": 2962, "fclass": "water_well", "name": "خور ابن هلال" }, "geometry": { "type": "Point", "coordinates": [ 54.2391, 19.9569 ] } },
{ "type": "Feature", "properties": { "osm_id": "7137107676", "code": 2962, "fclass": "water_well", "name": "بئر صريرة" }, "geometry": { "type": "Point", "coordinates": [ 52.2323368, 19.3968767 ] } },
{ "type": "Feature", "properties": { "osm_id": "7137111914", "code": 2962, "fclass": "water_well", "name": "خور لاحوس" }, "geometry": { "type": "Point", "coordinates": [ 54.2372, 20.0201 ] } },
{ "type": "Feature", "properties": { "osm_id": "7137112763", "code": 2962, "fclass": "water_well", "name": "خور الغرقة" }, "geometry": { "type": "Point", "coordinates": [ 53.2349, 19.6931 ] } },
{ "type": "Feature", "properties": { "osm_id": "7137113269", "code": 2962, "fclass": "water_well", "name": "خور بغبغ" }, "geometry": { "type": "Point", "coordinates": [ 54.7019, 19.9909 ] } },
{ "type": "Feature", "properties": { "osm_id": "7137113286", "code": 2962, "fclass": "water_well", "name": "خور الطراعيز" }, "geometry": { "type": "Point", "coordinates": [ 54.4438, 19.9431 ] } },
{ "type": "Feature", "properties": { "osm_id": "7137113287", "code": 2962, "fclass": "water_well", "name": "خور هلال" }, "geometry": { "type": "Point", "coordinates": [ 54.6165, 19.9847 ] } },
{ "type": "Feature", "properties": { "osm_id": "7137113609", "code": 2962, "fclass": "water_well", "name": "قلمة الحفرة" }, "geometry": { "type": "Point", "coordinates": [ 54.5861, 19.8951 ] } },
{ "type": "Feature", "properties": { "osm_id": "7137113610", "code": 2962, "fclass": "water_well", "name": "خور بو طينة" }, "geometry": { "type": "Point", "coordinates": [ 54.8786127, 19.9909429 ] } },
{ "type": "Feature", "properties": { "osm_id": "7137115784", "code": 2962, "fclass": "water_well", "name": "عد سفران" }, "geometry": { "type": "Point", "coordinates": [ 54.6636, 20.0759 ] } },
{ "type": "Feature", "properties": { "osm_id": "7137116458", "code": 2962, "fclass": "water_well", "name": "خور الحنكرة" }, "geometry": { "type": "Point", "coordinates": [ 54.3383, 20.153 ] } },
{ "type": "Feature", "properties": { "osm_id": "7137132785", "code": 2962, "fclass": "water_well", "name": "بئر الفرم" }, "geometry": { "type": "Point", "coordinates": [ 54.4436, 20.1829 ] } },
{ "type": "Feature", "properties": { "osm_id": "7137207398", "code": 2962, "fclass": "water_well", "name": "آبار طويرفة" }, "geometry": { "type": "Point", "coordinates": [ 44.1099, 21.3937 ] } },
{ "type": "Feature", "properties": { "osm_id": "7137301025", "code": 2962, "fclass": "water_well", "name": "آبار المحتجبة" }, "geometry": { "type": "Point", "coordinates": [ 50.3994728, 23.425426 ] } },
{ "type": "Feature", "properties": { "osm_id": "7137603252", "code": 2962, "fclass": "water_well", "name": "خور الطويل الجنوبي" }, "geometry": { "type": "Point", "coordinates": [ 53.3729, 22.4069 ] } },
{ "type": "Feature", "properties": { "osm_id": "7137607884", "code": 2962, "fclass": "water_well", "name": "قلمة الصبيات" }, "geometry": { "type": "Point", "coordinates": [ 54.3425, 21.8855 ] } },
{ "type": "Feature", "properties": { "osm_id": "7137608422", "code": 2962, "fclass": "water_well", "name": "خور ابن العبد" }, "geometry": { "type": "Point", "coordinates": [ 53.0719, 22.5395 ] } },
{ "type": "Feature", "properties": { "osm_id": "7137629289", "code": 2962, "fclass": "water_well", "name": "قلمة الطويل الجنوبية" }, "geometry": { "type": "Point", "coordinates": [ 53.305, 22.3992 ] } },
{ "type": "Feature", "properties": { "osm_id": "7137629300", "code": 2962, "fclass": "water_well", "name": "خور الكحلاء" }, "geometry": { "type": "Point", "coordinates": [ 53.1121, 22.7871 ] } },
{ "type": "Feature", "properties": { "osm_id": "7137647480", "code": 2962, "fclass": "water_well", "name": "قلمة ال عمر" }, "geometry": { "type": "Point", "coordinates": [ 54.3444, 22.1726 ] } },
{ "type": "Feature", "properties": { "osm_id": "7137657183", "code": 2962, "fclass": "water_well", "name": "خور عقرة" }, "geometry": { "type": "Point", "coordinates": [ 53.2461, 22.6385 ] } },
{ "type": "Feature", "properties": { "osm_id": "7137666626", "code": 2962, "fclass": "water_well", "name": "خور نفل" }, "geometry": { "type": "Point", "coordinates": [ 53.4096, 22.6286 ] } },
{ "type": "Feature", "properties": { "osm_id": "7137668833", "code": 2962, "fclass": "water_well", "name": "قلمة طنشاء" }, "geometry": { "type": "Point", "coordinates": [ 54.829, 20.9959 ] } },
{ "type": "Feature", "properties": { "osm_id": "7137670803", "code": 2962, "fclass": "water_well", "name": "عد سفران" }, "geometry": { "type": "Point", "coordinates": [ 54.669, 20.0728 ] } },
{ "type": "Feature", "properties": { "osm_id": "7137671997", "code": 2962, "fclass": "water_well", "name": "خور بغيورة" }, "geometry": { "type": "Point", "coordinates": [ 53.2688238, 22.3287899 ] } },
{ "type": "Feature", "properties": { "osm_id": "7137672153", "code": 2962, "fclass": "water_well", "name": "خور ابو طيينة" }, "geometry": { "type": "Point", "coordinates": [ 53.586, 22.6253 ] } },
{ "type": "Feature", "properties": { "osm_id": "7137672681", "code": 2962, "fclass": "water_well", "name": "قلمة الحشوان" }, "geometry": { "type": "Point", "coordinates": [ 54.3776, 22.248 ] } },
{ "type": "Feature", "properties": { "osm_id": "7137674773", "code": 2962, "fclass": "water_well", "name": "خور واسط" }, "geometry": { "type": "Point", "coordinates": [ 53.2907, 22.8114 ] } },
{ "type": "Feature", "properties": { "osm_id": "7137676195", "code": 2962, "fclass": "water_well", "name": "خور خروفان" }, "geometry": { "type": "Point", "coordinates": [ 54.8147, 19.9393 ] } },
{ "type": "Feature", "properties": { "osm_id": "7137676246", "code": 2962, "fclass": "water_well", "name": "خور ابن عيدس" }, "geometry": { "type": "Point", "coordinates": [ 53.2542, 22.5146 ] } },
{ "type": "Feature", "properties": { "osm_id": "7137677299", "code": 2962, "fclass": "water_well", "name": "خور الغبيبة" }, "geometry": { "type": "Point", "coordinates": [ 53.308, 22.8408 ] } },
{ "type": "Feature", "properties": { "osm_id": "7137677647", "code": 2962, "fclass": "water_well", "name": "خور ابا الرواويل" }, "geometry": { "type": "Point", "coordinates": [ 53.1776, 22.6288 ] } },
{ "type": "Feature", "properties": { "osm_id": "7137677770", "code": 2962, "fclass": "water_well", "name": "قلمة ابن الرباعي" }, "geometry": { "type": "Point", "coordinates": [ 54.2946, 22.1363 ] } },
{ "type": "Feature", "properties": { "osm_id": "7137679429", "code": 2962, "fclass": "water_well", "name": "خبة الكدن" }, "geometry": { "type": "Point", "coordinates": [ 53.3883, 22.3499 ] } },
{ "type": "Feature", "properties": { "osm_id": "7137679495", "code": 2962, "fclass": "water_well", "name": "خور طويرش" }, "geometry": { "type": "Point", "coordinates": [ 53.5601, 22.4508 ] } },
{ "type": "Feature", "properties": { "osm_id": "7137680012", "code": 2962, "fclass": "water_well", "name": "قلمة ابن عبيد" }, "geometry": { "type": "Point", "coordinates": [ 54.3839, 22.2849 ] } },
{ "type": "Feature", "properties": { "osm_id": "7137683127", "code": 2962, "fclass": "water_well", "name": "خور الطويل الشمالي" }, "geometry": { "type": "Point", "coordinates": [ 53.3682, 22.4458 ] } },
{ "type": "Feature", "properties": { "osm_id": "7137683528", "code": 2962, "fclass": "water_well", "name": "خور ابن عون" }, "geometry": { "type": "Point", "coordinates": [ 53.051403, 22.8506341 ] } },
{ "type": "Feature", "properties": { "osm_id": "7137683893", "code": 2962, "fclass": "water_well", "name": "خور ام غفيل" }, "geometry": { "type": "Point", "coordinates": [ 53.2061, 22.7253 ] } },
{ "type": "Feature", "properties": { "osm_id": "7137683894", "code": 2962, "fclass": "water_well", "name": "خور عويص" }, "geometry": { "type": "Point", "coordinates": [ 53.4173, 22.6792 ] } },
{ "type": "Feature", "properties": { "osm_id": "7137685057", "code": 2962, "fclass": "water_well", "name": "شيب ابن مطرف" }, "geometry": { "type": "Point", "coordinates": [ 44.4827078, 20.3928949 ] } },
{ "type": "Feature", "properties": { "osm_id": "7137685571", "code": 2962, "fclass": "water_well", "name": "خور ابا الحناء" }, "geometry": { "type": "Point", "coordinates": [ 53.2397, 22.679 ] } },
{ "type": "Feature", "properties": { "osm_id": "7137685572", "code": 2962, "fclass": "water_well", "name": "خور العطر" }, "geometry": { "type": "Point", "coordinates": [ 53.1221, 22.7599 ] } },
{ "type": "Feature", "properties": { "osm_id": "7137686666", "code": 2962, "fclass": "water_well", "name": "خور القارة" }, "geometry": { "type": "Point", "coordinates": [ 53.2525, 22.3709 ] } },
{ "type": "Feature", "properties": { "osm_id": "7137687104", "code": 2962, "fclass": "water_well", "name": "خور ابو قرون" }, "geometry": { "type": "Point", "coordinates": [ 53.2645, 22.7883 ] } },
{ "type": "Feature", "properties": { "osm_id": "7137689485", "code": 2962, "fclass": "water_well", "name": "قلمة الكسح" }, "geometry": { "type": "Point", "coordinates": [ 53.416, 22.2662 ] } },
{ "type": "Feature", "properties": { "osm_id": "7137689486", "code": 2962, "fclass": "water_well", "name": "خور ابن موزة الغربي" }, "geometry": { "type": "Point", "coordinates": [ 53.529, 22.7013 ] } },
{ "type": "Feature", "properties": { "osm_id": "7137689487", "code": 2962, "fclass": "water_well", "name": "خور حامودي" }, "geometry": { "type": "Point", "coordinates": [ 53.3799, 22.67 ] } },
{ "type": "Feature", "properties": { "osm_id": "7137689611", "code": 2962, "fclass": "water_well", "name": "خور ابن موزة الشرقي" }, "geometry": { "type": "Point", "coordinates": [ 53.5501, 22.712 ] } },
{ "type": "Feature", "properties": { "osm_id": "7137691027", "code": 2962, "fclass": "water_well", "name": "خور ابا القردان" }, "geometry": { "type": "Point", "coordinates": [ 53.4653, 22.7462 ] } },
{ "type": "Feature", "properties": { "osm_id": "7137691285", "code": 2962, "fclass": "water_well", "name": "خور خثيان" }, "geometry": { "type": "Point", "coordinates": [ 53.2476639, 22.7997763 ] } },
{ "type": "Feature", "properties": { "osm_id": "7138100846", "code": 2962, "fclass": "water_well", "name": "آبار فرعا" }, "geometry": { "type": "Point", "coordinates": [ 51.3652308, 21.6712929 ] } },
{ "type": "Feature", "properties": { "osm_id": "7138141706", "code": 2962, "fclass": "water_well", "name": "آبار صليل" }, "geometry": { "type": "Point", "coordinates": [ 51.3176575, 22.8697777 ] } },
{ "type": "Feature", "properties": { "osm_id": "7138157807", "code": 2962, "fclass": "water_well", "name": "آبار ظبيان" }, "geometry": { "type": "Point", "coordinates": [ 51.3168411, 21.7613506 ] } },
{ "type": "Feature", "properties": { "osm_id": "7138160378", "code": 2962, "fclass": "water_well", "name": "آبار ظبية" }, "geometry": { "type": "Point", "coordinates": [ 51.3379727, 21.7849185 ] } },
{ "type": "Feature", "properties": { "osm_id": "7138164125", "code": 2962, "fclass": "water_well", "name": "الجبيلة" }, "geometry": { "type": "Point", "coordinates": [ 53.4665909, 20.7650375 ] } },
{ "type": "Feature", "properties": { "osm_id": "7138169972", "code": 2962, "fclass": "water_well", "name": "آبار لحسة" }, "geometry": { "type": "Point", "coordinates": [ 51.4056282, 22.9321251 ] } },
{ "type": "Feature", "properties": { "osm_id": "7138170015", "code": 2962, "fclass": "water_well", "name": "أبو خشبة" }, "geometry": { "type": "Point", "coordinates": [ 52.271435, 20.721839 ] } },
{ "type": "Feature", "properties": { "osm_id": "7138172147", "code": 2962, "fclass": "water_well", "name": "الحليو" }, "geometry": { "type": "Point", "coordinates": [ 54.783049, 20.05723 ] } },
{ "type": "Feature", "properties": { "osm_id": "7138231738", "code": 2962, "fclass": "water_well", "name": "بئر ارتوازي" }, "geometry": { "type": "Point", "coordinates": [ 49.1925011, 23.2733097 ] } },
{ "type": "Feature", "properties": { "osm_id": "7138853242", "code": 2962, "fclass": "water_well", "name": "خور مبارك" }, "geometry": { "type": "Point", "coordinates": [ 52.9596137, 22.5786661 ] } },
{ "type": "Feature", "properties": { "osm_id": "7138858672", "code": 2962, "fclass": "water_well", "name": "خور ام العمد" }, "geometry": { "type": "Point", "coordinates": [ 52.9604553, 22.5621771 ] } },
{ "type": "Feature", "properties": { "osm_id": "7138860370", "code": 2962, "fclass": "water_well", "name": "خور صالح" }, "geometry": { "type": "Point", "coordinates": [ 52.959842, 22.5275333 ] } },
{ "type": "Feature", "properties": { "osm_id": "7138865552", "code": 2962, "fclass": "water_well", "name": "خور بعلصة" }, "geometry": { "type": "Point", "coordinates": [ 53.0030287, 22.6445275 ] } },
{ "type": "Feature", "properties": { "osm_id": "7138871797", "code": 2962, "fclass": "water_well", "name": "خور الصريدي" }, "geometry": { "type": "Point", "coordinates": [ 52.9659438, 22.5590685 ] } },
{ "type": "Feature", "properties": { "osm_id": "7138874385", "code": 2962, "fclass": "water_well", "name": "خور وحير" }, "geometry": { "type": "Point", "coordinates": [ 52.850605, 22.315605 ] } },
{ "type": "Feature", "properties": { "osm_id": "7139097969", "code": 2962, "fclass": "water_well", "name": "آبار جنحة" }, "geometry": { "type": "Point", "coordinates": [ 51.5349565, 22.5108343 ] } },
{ "type": "Feature", "properties": { "osm_id": "7139134758", "code": 2962, "fclass": "water_well", "name": "خور سعيدة" }, "geometry": { "type": "Point", "coordinates": [ 52.7810656, 22.9026845 ] } },
{ "type": "Feature", "properties": { "osm_id": "7139150372", "code": 2962, "fclass": "water_well", "name": "بئر غضيان" }, "geometry": { "type": "Point", "coordinates": [ 51.2241423, 23.3419333 ] } },
{ "type": "Feature", "properties": { "osm_id": "7139153297", "code": 2962, "fclass": "water_well", "name": "بئر الحناكر" }, "geometry": { "type": "Point", "coordinates": [ 52.1155434, 20.9650497 ] } },
{ "type": "Feature", "properties": { "osm_id": "7139170752", "code": 2962, "fclass": "water_well", "name": "" }, "geometry": { "type": "Point", "coordinates": [ 52.0883824, 22.65695 ] } },
{ "type": "Feature", "properties": { "osm_id": "7139170758", "code": 2962, "fclass": "water_well", "name": "كمعة" }, "geometry": { "type": "Point", "coordinates": [ 51.1886983, 22.629815 ] } },
{ "type": "Feature", "properties": { "osm_id": "7139181582", "code": 2962, "fclass": "water_well", "name": "آبار عطية" }, "geometry": { "type": "Point", "coordinates": [ 51.3438153, 22.7343167 ] } },
{ "type": "Feature", "properties": { "osm_id": "7139184895", "code": 2962, "fclass": "water_well", "name": "خور حليقيمة" }, "geometry": { "type": "Point", "coordinates": [ 52.9264202, 22.7057041 ] } },
{ "type": "Feature", "properties": { "osm_id": "7139184900", "code": 2962, "fclass": "water_well", "name": "قلمة مطعونة" }, "geometry": { "type": "Point", "coordinates": [ 51.096438, 23.280358 ] } },
{ "type": "Feature", "properties": { "osm_id": "7139194924", "code": 2962, "fclass": "water_well", "name": "بئر قرقر" }, "geometry": { "type": "Point", "coordinates": [ 51.3337248, 23.2467429 ] } },
{ "type": "Feature", "properties": { "osm_id": "7139194925", "code": 2962, "fclass": "water_well", "name": "بئر ابا البقر" }, "geometry": { "type": "Point", "coordinates": [ 51.1844416, 23.1596602 ] } },
{ "type": "Feature", "properties": { "osm_id": "7139195504", "code": 2962, "fclass": "water_well", "name": "خور الخشيبي" }, "geometry": { "type": "Point", "coordinates": [ 52.7965149, 22.7811755 ] } },
{ "type": "Feature", "properties": { "osm_id": "7139197197", "code": 2962, "fclass": "water_well", "name": "آبار رويضان" }, "geometry": { "type": "Point", "coordinates": [ 51.4501319, 23.1700833 ] } },
{ "type": "Feature", "properties": { "osm_id": "7139197507", "code": 2962, "fclass": "water_well", "name": "بئر حبران" }, "geometry": { "type": "Point", "coordinates": [ 51.5756566, 22.4946311 ] } },
{ "type": "Feature", "properties": { "osm_id": "7139197612", "code": 2962, "fclass": "water_well", "name": "بئر مطعونة" }, "geometry": { "type": "Point", "coordinates": [ 51.1984791, 23.2889731 ] } },
{ "type": "Feature", "properties": { "osm_id": "7139197718", "code": 2962, "fclass": "water_well", "name": "بئر الشبعان" }, "geometry": { "type": "Point", "coordinates": [ 51.6489271, 22.5956937 ] } },
{ "type": "Feature", "properties": { "osm_id": "7139198816", "code": 2962, "fclass": "water_well", "name": "آبار جحيش" }, "geometry": { "type": "Point", "coordinates": [ 51.1550883, 22.9030306 ] } },
{ "type": "Feature", "properties": { "osm_id": "7139200460", "code": 2962, "fclass": "water_well", "name": "" }, "geometry": { "type": "Point", "coordinates": [ 52.8510176, 22.6302172 ] } },
{ "type": "Feature", "properties": { "osm_id": "7139202061", "code": 2962, "fclass": "water_well", "name": "" }, "geometry": { "type": "Point", "coordinates": [ 51.4163722, 22.5338444 ] } },
{ "type": "Feature", "properties": { "osm_id": "7139202421", "code": 2962, "fclass": "water_well", "name": "خور ال فطيس" }, "geometry": { "type": "Point", "coordinates": [ 51.3052639, 23.7296333 ] } },
{ "type": "Feature", "properties": { "osm_id": "7139202634", "code": 2962, "fclass": "water_well", "name": "خور دهماء" }, "geometry": { "type": "Point", "coordinates": [ 52.8982333, 22.6531333 ] } },
{ "type": "Feature", "properties": { "osm_id": "7139203840", "code": 2962, "fclass": "water_well", "name": "خور سهيل" }, "geometry": { "type": "Point", "coordinates": [ 52.92275, 22.6737833 ] } },
{ "type": "Feature", "properties": { "osm_id": "7139204266", "code": 2962, "fclass": "water_well", "name": "بئر العدنية" }, "geometry": { "type": "Point", "coordinates": [ 51.3195695, 23.3678842 ] } },
{ "type": "Feature", "properties": { "osm_id": "7139204267", "code": 2962, "fclass": "water_well", "name": "خور طحينة" }, "geometry": { "type": "Point", "coordinates": [ 51.5896564, 22.3598833 ] } },
{ "type": "Feature", "properties": { "osm_id": "7139204558", "code": 2962, "fclass": "water_well", "name": "خور الكلدة" }, "geometry": { "type": "Point", "coordinates": [ 52.6474548, 22.6389 ] } },
{ "type": "Feature", "properties": { "osm_id": "7139204853", "code": 2962, "fclass": "water_well", "name": "خور ال عبيد" }, "geometry": { "type": "Point", "coordinates": [ 52.8116154, 22.6387343 ] } },
{ "type": "Feature", "properties": { "osm_id": "7139204854", "code": 2962, "fclass": "water_well", "name": "خور المنصى" }, "geometry": { "type": "Point", "coordinates": [ 52.5891865, 22.6674167 ] } },
{ "type": "Feature", "properties": { "osm_id": "7139205498", "code": 2962, "fclass": "water_well", "name": "بئر حجيلين" }, "geometry": { "type": "Point", "coordinates": [ 51.1888712, 22.8980858 ] } },
{ "type": "Feature", "properties": { "osm_id": "7139207275", "code": 2962, "fclass": "water_well", "name": "خور البحاح" }, "geometry": { "type": "Point", "coordinates": [ 52.9100929, 22.6555679 ] } },
{ "type": "Feature", "properties": { "osm_id": "7139207310", "code": 2962, "fclass": "water_well", "name": "خور ابو غار" }, "geometry": { "type": "Point", "coordinates": [ 52.8406927, 22.545672 ] } },
{ "type": "Feature", "properties": { "osm_id": "7139207652", "code": 2962, "fclass": "water_well", "name": "خور الطير" }, "geometry": { "type": "Point", "coordinates": [ 52.9068274, 22.7423305 ] } },
{ "type": "Feature", "properties": { "osm_id": "7139208326", "code": 2962, "fclass": "water_well", "name": "خور الديل" }, "geometry": { "type": "Point", "coordinates": [ 52.9491018, 22.7831812 ] } },
{ "type": "Feature", "properties": { "osm_id": "7139208387", "code": 2962, "fclass": "water_well", "name": "خور جنبة" }, "geometry": { "type": "Point", "coordinates": [ 52.3398672, 23.2222264 ] } },
{ "type": "Feature", "properties": { "osm_id": "7139208744", "code": 2962, "fclass": "water_well", "name": "خور ابو قبر" }, "geometry": { "type": "Point", "coordinates": [ 52.7053652, 22.9019667 ] } },
{ "type": "Feature", "properties": { "osm_id": "7139208745", "code": 2962, "fclass": "water_well", "name": "خور ابو صلعاء" }, "geometry": { "type": "Point", "coordinates": [ 52.311397, 22.8814008 ] } },
{ "type": "Feature", "properties": { "osm_id": "7139208801", "code": 2962, "fclass": "water_well", "name": "" }, "geometry": { "type": "Point", "coordinates": [ 51.2188965, 22.4455276 ] } },
{ "type": "Feature", "properties": { "osm_id": "7139208969", "code": 2962, "fclass": "water_well", "name": "خور القرائن" }, "geometry": { "type": "Point", "coordinates": [ 52.7322733, 22.6486833 ] } },
{ "type": "Feature", "properties": { "osm_id": "7139209788", "code": 2962, "fclass": "water_well", "name": "خور شطفة" }, "geometry": { "type": "Point", "coordinates": [ 52.8578454, 22.8103245 ] } },
{ "type": "Feature", "properties": { "osm_id": "7139210285", "code": 2962, "fclass": "water_well", "name": "جبلية ابن محص" }, "geometry": { "type": "Point", "coordinates": [ 52.8820995, 22.7353581 ] } },
{ "type": "Feature", "properties": { "osm_id": "7139210887", "code": 2962, "fclass": "water_well", "name": "خور ابو جوابي" }, "geometry": { "type": "Point", "coordinates": [ 51.3221849, 22.4749833 ] } },
{ "type": "Feature", "properties": { "osm_id": "7139211514", "code": 2962, "fclass": "water_well", "name": "آبار رهمة" }, "geometry": { "type": "Point", "coordinates": [ 51.3523052, 22.5988639 ] } },
{ "type": "Feature", "properties": { "osm_id": "7139211820", "code": 2962, "fclass": "water_well", "name": "بئر حقي" }, "geometry": { "type": "Point", "coordinates": [ 51.4612535, 22.5433617 ] } },
{ "type": "Feature", "properties": { "osm_id": "7139213005", "code": 2962, "fclass": "water_well", "name": "عد مجحود" }, "geometry": { "type": "Point", "coordinates": [ 51.581996, 22.8467208 ] } },
{ "type": "Feature", "properties": { "osm_id": "7139213533", "code": 2962, "fclass": "water_well", "name": "خور ام الحطاط" }, "geometry": { "type": "Point", "coordinates": [ 52.9049539, 22.7880726 ] } },
{ "type": "Feature", "properties": { "osm_id": "7139214527", "code": 2962, "fclass": "water_well", "name": "بئر الأزيوح" }, "geometry": { "type": "Point", "coordinates": [ 51.5861911, 22.2874167 ] } },
{ "type": "Feature", "properties": { "osm_id": "7139503574", "code": 2962, "fclass": "water_well", "name": "خور ابو قتب" }, "geometry": { "type": "Point", "coordinates": [ 53.2696, 22.2616 ] } },
{ "type": "Feature", "properties": { "osm_id": "7139528133", "code": 2962, "fclass": "water_well", "name": "بئر الخن" }, "geometry": { "type": "Point", "coordinates": [ 49.215958, 23.29355 ] } },
{ "type": "Feature", "properties": { "osm_id": "7139726451", "code": 2962, "fclass": "water_well", "name": "بئر الزعل" }, "geometry": { "type": "Point", "coordinates": [ 51.4746399, 21.3901024 ] } },
{ "type": "Feature", "properties": { "osm_id": "7139863071", "code": 2962, "fclass": "water_well", "name": "قلمة أم سلمة" }, "geometry": { "type": "Point", "coordinates": [ 49.3609668, 23.1621905 ] } },
{ "type": "Feature", "properties": { "osm_id": "7140547756", "code": 2962, "fclass": "water_well", "name": "بئر آل شيبان" }, "geometry": { "type": "Point", "coordinates": [ 49.142746, 21.116057 ] } },
{ "type": "Feature", "properties": { "osm_id": "7140608258", "code": 2962, "fclass": "water_well", "name": "بئر الحلقة" }, "geometry": { "type": "Point", "coordinates": [ 47.0879326, 17.4951935 ] } },
{ "type": "Feature", "properties": { "osm_id": "7140625983", "code": 2962, "fclass": "water_well", "name": "بئر الخور" }, "geometry": { "type": "Point", "coordinates": [ 49.7993736, 25.1507816 ] } },
{ "type": "Feature", "properties": { "osm_id": "7140644873", "code": 2962, "fclass": "water_well", "name": "بئر الدعيب" }, "geometry": { "type": "Point", "coordinates": [ 47.6319084, 23.5149212 ] } },
{ "type": "Feature", "properties": { "osm_id": "7140652553", "code": 2962, "fclass": "water_well", "name": "بئر البعصوص" }, "geometry": { "type": "Point", "coordinates": [ 49.353405, 21.2577057 ] } },
{ "type": "Feature", "properties": { "osm_id": "7140656953", "code": 2962, "fclass": "water_well", "name": "بئر البازوم" }, "geometry": { "type": "Point", "coordinates": [ 46.4337807, 21.3222523 ] } },
{ "type": "Feature", "properties": { "osm_id": "7140693194", "code": 2962, "fclass": "water_well", "name": "بئر الرمادية" }, "geometry": { "type": "Point", "coordinates": [ 48.9371986, 23.3217831 ] } },
{ "type": "Feature", "properties": { "osm_id": "7140697515", "code": 2962, "fclass": "water_well", "name": "بئر السجم ، مالحة" }, "geometry": { "type": "Point", "coordinates": [ 51.5816383, 23.9160194 ] } },
{ "type": "Feature", "properties": { "osm_id": "7140704181", "code": 2962, "fclass": "water_well", "name": "بئر الدقماء" }, "geometry": { "type": "Point", "coordinates": [ 50.9177742, 21.5713329 ] } },
{ "type": "Feature", "properties": { "osm_id": "7140724267", "code": 2962, "fclass": "water_well", "name": "بئر المري الصومالية الجنوبية" }, "geometry": { "type": "Point", "coordinates": [ 51.579567, 20.7328854 ] } },
{ "type": "Feature", "properties": { "osm_id": "7140725275", "code": 2962, "fclass": "water_well", "name": "بئر الضبية" }, "geometry": { "type": "Point", "coordinates": [ 51.7991142, 21.2341328 ] } },
{ "type": "Feature", "properties": { "osm_id": "7140725400", "code": 2962, "fclass": "water_well", "name": "بئر الذيبي" }, "geometry": { "type": "Point", "coordinates": [ 51.011528, 23.3229733 ] } },
{ "type": "Feature", "properties": { "osm_id": "7140726724", "code": 2962, "fclass": "water_well", "name": "بئر الشلفا" }, "geometry": { "type": "Point", "coordinates": [ 49.7137756, 21.8794441 ] } },
{ "type": "Feature", "properties": { "osm_id": "7140735274", "code": 2962, "fclass": "water_well", "name": "بئر الصعفوق" }, "geometry": { "type": "Point", "coordinates": [ 51.6491661, 21.3811169 ] } },
{ "type": "Feature", "properties": { "osm_id": "7140737551", "code": 2962, "fclass": "water_well", "name": "بئر المترايكة" }, "geometry": { "type": "Point", "coordinates": [ 51.465271, 20.9164143 ] } },
{ "type": "Feature", "properties": { "osm_id": "7140739034", "code": 2962, "fclass": "water_well", "name": "بئر الشواهين" }, "geometry": { "type": "Point", "coordinates": [ 47.2323418, 22.2238331 ] } },
{ "type": "Feature", "properties": { "osm_id": "7140744374", "code": 2962, "fclass": "water_well", "name": "بئر الطريقاء" }, "geometry": { "type": "Point", "coordinates": [ 50.9590683, 21.3815498 ] } },
{ "type": "Feature", "properties": { "osm_id": "7140757755", "code": 2962, "fclass": "water_well", "name": "بئر المكوكة" }, "geometry": { "type": "Point", "coordinates": [ 47.4392471, 17.7381077 ] } },
{ "type": "Feature", "properties": { "osm_id": "7140763405", "code": 2962, "fclass": "water_well", "name": "بئر الصومالي الشمالية" }, "geometry": { "type": "Point", "coordinates": [ 51.494957, 21.1611099 ] } },
{ "type": "Feature", "properties": { "osm_id": "7140766553", "code": 2962, "fclass": "water_well", "name": "بئر العبد" }, "geometry": { "type": "Point", "coordinates": [ 47.082962, 23.4809456 ] } },
{ "type": "Feature", "properties": { "osm_id": "7140767723", "code": 2962, "fclass": "water_well", "name": "بئر الطريفاء" }, "geometry": { "type": "Point", "coordinates": [ 53.4613647, 19.9434509 ] } },
{ "type": "Feature", "properties": { "osm_id": "7140768311", "code": 2962, "fclass": "water_well", "name": "بئر الطويرفة" }, "geometry": { "type": "Point", "coordinates": [ 49.569, 21.4867 ] } },
{ "type": "Feature", "properties": { "osm_id": "7140770740", "code": 2962, "fclass": "water_well", "name": "بئر العدنية" }, "geometry": { "type": "Point", "coordinates": [ 51.3248558, 23.3719501 ] } },
{ "type": "Feature", "properties": { "osm_id": "7140772141", "code": 2962, "fclass": "water_well", "name": "بئر العبيلة" }, "geometry": { "type": "Point", "coordinates": [ 50.6616173, 21.9016171 ] } },
{ "type": "Feature", "properties": { "osm_id": "7140774517", "code": 2962, "fclass": "water_well", "name": "بئر القراين" }, "geometry": { "type": "Point", "coordinates": [ 51.1497841, 21.1881847 ] } },
{ "type": "Feature", "properties": { "osm_id": "7140774519", "code": 2962, "fclass": "water_well", "name": "بئر المسجد" }, "geometry": { "type": "Point", "coordinates": [ 51.1896782, 21.4751339 ] } },
{ "type": "Feature", "properties": { "osm_id": "7140786707", "code": 2962, "fclass": "water_well", "name": "بئر المنبطح" }, "geometry": { "type": "Point", "coordinates": [ 51.4648476, 24.0020447 ] } },
{ "type": "Feature", "properties": { "osm_id": "7140829908", "code": 2962, "fclass": "water_well", "name": "بئر براكة" }, "geometry": { "type": "Point", "coordinates": [ 51.2193909, 21.6790676 ] } },
{ "type": "Feature", "properties": { "osm_id": "7140866782", "code": 2962, "fclass": "water_well", "name": "بئر خيران" }, "geometry": { "type": "Point", "coordinates": [ 51.6139984, 21.7333336 ] } },
{ "type": "Feature", "properties": { "osm_id": "7140894816", "code": 2962, "fclass": "water_well", "name": "بئر حبران" }, "geometry": { "type": "Point", "coordinates": [ 51.5210838, 22.2889004 ] } },
{ "type": "Feature", "properties": { "osm_id": "7140894829", "code": 2962, "fclass": "water_well", "name": "بئر مليسين" }, "geometry": { "type": "Point", "coordinates": [ 51.6036072, 21.5718174 ] } },
{ "type": "Feature", "properties": { "osm_id": "7140895233", "code": 2962, "fclass": "water_well", "name": "خور أسيمرة" }, "geometry": { "type": "Point", "coordinates": [ 51.4502739, 21.8495183 ] } },
{ "type": "Feature", "properties": { "osm_id": "7140895235", "code": 2962, "fclass": "water_well", "name": "بئر غضي" }, "geometry": { "type": "Point", "coordinates": [ 51.981205, 21.4184532 ] } },
{ "type": "Feature", "properties": { "osm_id": "7140901164", "code": 2962, "fclass": "water_well", "name": "بئر بجران" }, "geometry": { "type": "Point", "coordinates": [ 50.6374626, 23.8469162 ] } },
{ "type": "Feature", "properties": { "osm_id": "7140901203", "code": 2962, "fclass": "water_well", "name": "بئر مستورة" }, "geometry": { "type": "Point", "coordinates": [ 51.3405914, 22.0098667 ] } },
{ "type": "Feature", "properties": { "osm_id": "7140901332", "code": 2962, "fclass": "water_well", "name": "بئر قرن الوديعة" }, "geometry": { "type": "Point", "coordinates": [ 47.1163826, 17.0468426 ] } },
{ "type": "Feature", "properties": { "osm_id": "7140902661", "code": 2962, "fclass": "water_well", "name": "بئر قميشة" }, "geometry": { "type": "Point", "coordinates": [ 51.6923676, 21.2916546 ] } },
{ "type": "Feature", "properties": { "osm_id": "7140920083", "code": 2962, "fclass": "water_well", "name": "بئر النجم" }, "geometry": { "type": "Point", "coordinates": [ 51.0780106, 21.9129753 ] } },
{ "type": "Feature", "properties": { "osm_id": "7140920596", "code": 2962, "fclass": "water_well", "name": "بئر الوديعة" }, "geometry": { "type": "Point", "coordinates": [ 47.0913277, 17.080904 ] } },
{ "type": "Feature", "properties": { "osm_id": "7140921679", "code": 2962, "fclass": "water_well", "name": "بئر انبوبية" }, "geometry": { "type": "Point", "coordinates": [ 53.2660294, 21.728899 ] } },
{ "type": "Feature", "properties": { "osm_id": "7140925316", "code": 2962, "fclass": "water_well", "name": "بئر طويلة هادي" }, "geometry": { "type": "Point", "coordinates": [ 52.103554, 19.3422028 ] } },
{ "type": "Feature", "properties": { "osm_id": "7140928432", "code": 2962, "fclass": "water_well", "name": "بئر صريرة" }, "geometry": { "type": "Point", "coordinates": [ 51.4895325, 20.4602509 ] } },
{ "type": "Feature", "properties": { "osm_id": "7140929687", "code": 2962, "fclass": "water_well", "name": "بئر جريجران" }, "geometry": { "type": "Point", "coordinates": [ 51.6296609, 21.8403357 ] } },
{ "type": "Feature", "properties": { "osm_id": "7140933682", "code": 2962, "fclass": "water_well", "name": "بئر غضي الجنوبي" }, "geometry": { "type": "Point", "coordinates": [ 51.9552689, 21.3527336 ] } },
{ "type": "Feature", "properties": { "osm_id": "7140936633", "code": 2962, "fclass": "water_well", "name": "بئر قريمة" }, "geometry": { "type": "Point", "coordinates": [ 51.3679008, 20.4084625 ] } },
{ "type": "Feature", "properties": { "osm_id": "7140936635", "code": 2962, "fclass": "water_well", "name": "بئر مشرفة" }, "geometry": { "type": "Point", "coordinates": [ 46.7800865, 22.3565006 ] } },
{ "type": "Feature", "properties": { "osm_id": "7140946166", "code": 2962, "fclass": "water_well", "name": "بئر فجافج" }, "geometry": { "type": "Point", "coordinates": [ 50.8452301, 21.8875618 ] } },
{ "type": "Feature", "properties": { "osm_id": "7140946167", "code": 2962, "fclass": "water_well", "name": "بئر قدير" }, "geometry": { "type": "Point", "coordinates": [ 50.5981178, 20.4106655 ] } },
{ "type": "Feature", "properties": { "osm_id": "7140947354", "code": 2962, "fclass": "water_well", "name": "بئر مخينزة" }, "geometry": { "type": "Point", "coordinates": [ 50.2466774, 21.7949104 ] } },
{ "type": "Feature", "properties": { "osm_id": "7140948581", "code": 2962, "fclass": "water_well", "name": "بئر الشريعة" }, "geometry": { "type": "Point", "coordinates": [ 51.5466118, 21.5140495 ] } },
{ "type": "Feature", "properties": { "osm_id": "7140949088", "code": 2962, "fclass": "water_well", "name": "بئر وبزة" }, "geometry": { "type": "Point", "coordinates": [ 48.8620987, 23.5565166 ] } },
{ "type": "Feature", "properties": { "osm_id": "7140962457", "code": 2962, "fclass": "water_well", "name": "بئر الشبك" }, "geometry": { "type": "Point", "coordinates": [ 52.2697563, 21.6909008 ] } },
{ "type": "Feature", "properties": { "osm_id": "7141038322", "code": 2962, "fclass": "water_well", "name": "بئر" }, "geometry": { "type": "Point", "coordinates": [ 48.9831914, 23.1557555 ] } },
{ "type": "Feature", "properties": { "osm_id": "7141053968", "code": 2962, "fclass": "water_well", "name": "خور ابن نيفة" }, "geometry": { "type": "Point", "coordinates": [ 52.963294, 20.0456499 ] } },
{ "type": "Feature", "properties": { "osm_id": "7141105449", "code": 2962, "fclass": "water_well", "name": "بئر تخمان" }, "geometry": { "type": "Point", "coordinates": [ 49.6877747, 22.6176834 ] } },
{ "type": "Feature", "properties": { "osm_id": "7141107843", "code": 2962, "fclass": "water_well", "name": "خور أبوذر" }, "geometry": { "type": "Point", "coordinates": [ 53.1247806, 20.1555669 ] } },
{ "type": "Feature", "properties": { "osm_id": "7141128034", "code": 2962, "fclass": "water_well", "name": "خور أبو خرايق" }, "geometry": { "type": "Point", "coordinates": [ 52.4676294, 20.8376282 ] } },
{ "type": "Feature", "properties": { "osm_id": "7141134727", "code": 2962, "fclass": "water_well", "name": "خور أبوختان" }, "geometry": { "type": "Point", "coordinates": [ 53.0397942, 20.1245697 ] } },
{ "type": "Feature", "properties": { "osm_id": "7141136750", "code": 2962, "fclass": "water_well", "name": "خور أبوخمشة" }, "geometry": { "type": "Point", "coordinates": [ 53.2608763, 20.7670037 ] } },
{ "type": "Feature", "properties": { "osm_id": "7141211294", "code": 2962, "fclass": "water_well", "name": "بئر أبو قرون" }, "geometry": { "type": "Point", "coordinates": [ 51.4455798, 21.9308509 ] } },
{ "type": "Feature", "properties": { "osm_id": "7141212490", "code": 2962, "fclass": "water_well", "name": "خور أبوصافق" }, "geometry": { "type": "Point", "coordinates": [ 53.2123818, 20.4421007 ] } },
{ "type": "Feature", "properties": { "osm_id": "7141251751", "code": 2962, "fclass": "water_well", "name": "خور أبوظفير" }, "geometry": { "type": "Point", "coordinates": [ 53.348602, 21.3830204 ] } },
{ "type": "Feature", "properties": { "osm_id": "7141430687", "code": 2962, "fclass": "water_well", "name": "خور الطمر" }, "geometry": { "type": "Point", "coordinates": [ 52.1447037, 21.8289072 ] } },
{ "type": "Feature", "properties": { "osm_id": "7141433250", "code": 2962, "fclass": "water_well", "name": "قلمة بيضا لحي" }, "geometry": { "type": "Point", "coordinates": [ 53.0933864, 20.5687431 ] } },
{ "type": "Feature", "properties": { "osm_id": "7141983303", "code": 2962, "fclass": "water_well", "name": "خور نوير" }, "geometry": { "type": "Point", "coordinates": [ 51.4292833, 21.3708569 ] } },
{ "type": "Feature", "properties": { "osm_id": "7141993351", "code": 2962, "fclass": "water_well", "name": "خور المخضوبية" }, "geometry": { "type": "Point", "coordinates": [ 51.1232496, 21.1064047 ] } },
{ "type": "Feature", "properties": { "osm_id": "7141993856", "code": 2962, "fclass": "water_well", "name": "خور الكعيمي" }, "geometry": { "type": "Point", "coordinates": [ 52.1158669, 19.4460994 ] } },
{ "type": "Feature", "properties": { "osm_id": "7141999897", "code": 2962, "fclass": "water_well", "name": "خور سنكور" }, "geometry": { "type": "Point", "coordinates": [ 53.302329, 20.5033396 ] } },
{ "type": "Feature", "properties": { "osm_id": "7142001951", "code": 2962, "fclass": "water_well", "name": "خور المرواء" }, "geometry": { "type": "Point", "coordinates": [ 51.5153091, 21.9500571 ] } },
{ "type": "Feature", "properties": { "osm_id": "7142012265", "code": 2962, "fclass": "water_well", "name": "آبار جليميدة" }, "geometry": { "type": "Point", "coordinates": [ 51.3276844, 21.6828731 ] } },
{ "type": "Feature", "properties": { "osm_id": "7142017385", "code": 2962, "fclass": "water_well", "name": "مطق ابو رواث" }, "geometry": { "type": "Point", "coordinates": [ 41.2145178, 29.7636776 ] } },
{ "type": "Feature", "properties": { "osm_id": "7142059420", "code": 2962, "fclass": "water_well", "name": "خور ثعيلب" }, "geometry": { "type": "Point", "coordinates": [ 53.3990173, 20.7019501 ] } },
{ "type": "Feature", "properties": { "osm_id": "7142068081", "code": 2962, "fclass": "water_well", "name": "بئر سالم" }, "geometry": { "type": "Point", "coordinates": [ 51.2254195, 21.6680639 ] } },
{ "type": "Feature", "properties": { "osm_id": "7142083695", "code": 2962, "fclass": "water_well", "name": "عد أبا العيش" }, "geometry": { "type": "Point", "coordinates": [ 51.086649, 23.679033 ] } },
{ "type": "Feature", "properties": { "osm_id": "7142084427", "code": 2962, "fclass": "water_well", "name": "خور أبومقام" }, "geometry": { "type": "Point", "coordinates": [ 51.3920018, 21.4474619 ] } },
{ "type": "Feature", "properties": { "osm_id": "7142094874", "code": 2962, "fclass": "water_well", "name": "قلمة إبن حم" }, "geometry": { "type": "Point", "coordinates": [ 52.980287, 20.184332 ] } },
{ "type": "Feature", "properties": { "osm_id": "7142096647", "code": 2962, "fclass": "water_well", "name": "قلمة الرق" }, "geometry": { "type": "Point", "coordinates": [ 55.1609688, 21.0261803 ] } },
{ "type": "Feature", "properties": { "osm_id": "7142099896", "code": 2962, "fclass": "water_well", "name": "قلمة الطويل الشمالية" }, "geometry": { "type": "Point", "coordinates": [ 53.3087463, 22.4980927 ] } },
{ "type": "Feature", "properties": { "osm_id": "7142102229", "code": 2962, "fclass": "water_well", "name": "قلمة حمامة" }, "geometry": { "type": "Point", "coordinates": [ 48.1729355, 21.1088219 ] } },
{ "type": "Feature", "properties": { "osm_id": "7142123262", "code": 2962, "fclass": "water_well", "name": "قلمة ابن سلامة" }, "geometry": { "type": "Point", "coordinates": [ 48.6884384, 23.1486835 ] } },
{ "type": "Feature", "properties": { "osm_id": "7142126335", "code": 2962, "fclass": "water_well", "name": "قلمة ام النثيل" }, "geometry": { "type": "Point", "coordinates": [ 48.555672, 21.889116 ] } },
{ "type": "Feature", "properties": { "osm_id": "7142127880", "code": 2962, "fclass": "water_well", "name": "قلمة أبونصلة" }, "geometry": { "type": "Point", "coordinates": [ 48.8338966, 23.155817 ] } },
{ "type": "Feature", "properties": { "osm_id": "7142129298", "code": 2962, "fclass": "water_well", "name": "قلمة ذعبلوتن" }, "geometry": { "type": "Point", "coordinates": [ 53.9630585, 19.7130928 ] } },
{ "type": "Feature", "properties": { "osm_id": "7142129303", "code": 2962, "fclass": "water_well", "name": "قلمة مرصص" }, "geometry": { "type": "Point", "coordinates": [ 48.7780876, 23.3963337 ] } },
{ "type": "Feature", "properties": { "osm_id": "7142129304", "code": 2962, "fclass": "water_well", "name": "قلمة نزحة" }, "geometry": { "type": "Point", "coordinates": [ 49.4826813, 19.1338978 ] } },
{ "type": "Feature", "properties": { "osm_id": "7142129305", "code": 2962, "fclass": "water_well", "name": "ماء إبن الصيعرية" }, "geometry": { "type": "Point", "coordinates": [ 54.408595, 19.907306 ] } },
{ "type": "Feature", "properties": { "osm_id": "7142131245", "code": 2962, "fclass": "water_well", "name": "قلمة أم الأثل ، مطمورة" }, "geometry": { "type": "Point", "coordinates": [ 53.4395153, 19.8300413 ] } },
{ "type": "Feature", "properties": { "osm_id": "7142134644", "code": 2962, "fclass": "water_well", "name": "قلمة عكيرشان ، أنبوبية" }, "geometry": { "type": "Point", "coordinates": [ 49.008574, 21.0163183 ] } },
{ "type": "Feature", "properties": { "osm_id": "7142134714", "code": 2962, "fclass": "water_well", "name": "قلمة بينة" }, "geometry": { "type": "Point", "coordinates": [ 49.1138382, 23.1547165 ] } },
{ "type": "Feature", "properties": { "osm_id": "7142136104", "code": 2962, "fclass": "water_well", "name": "قلمة الصيعرية" }, "geometry": { "type": "Point", "coordinates": [ 48.4043427, 23.1569176 ] } },
{ "type": "Feature", "properties": { "osm_id": "7142139874", "code": 2962, "fclass": "water_well", "name": "قلمة فجافج" }, "geometry": { "type": "Point", "coordinates": [ 50.9309845, 21.9741535 ] } },
{ "type": "Feature", "properties": { "osm_id": "7142142311", "code": 2962, "fclass": "water_well", "name": "قلمة أبا العرفج" }, "geometry": { "type": "Point", "coordinates": [ 48.7815285, 23.5778828 ] } },
{ "type": "Feature", "properties": { "osm_id": "7142143401", "code": 2962, "fclass": "water_well", "name": "قلمة أم قرون" }, "geometry": { "type": "Point", "coordinates": [ 52.723753, 20.600106 ] } },
{ "type": "Feature", "properties": { "osm_id": "7142143674", "code": 2962, "fclass": "water_well", "name": "قلمة الهوك" }, "geometry": { "type": "Point", "coordinates": [ 48.5466498, 22.1292519 ] } },
{ "type": "Feature", "properties": { "osm_id": "7142144051", "code": 2962, "fclass": "water_well", "name": "قلمة أم الهشيم" }, "geometry": { "type": "Point", "coordinates": [ 48.7629509, 24.0045509 ] } },
{ "type": "Feature", "properties": { "osm_id": "7142144604", "code": 2962, "fclass": "water_well", "name": "قلمة صليخة" }, "geometry": { "type": "Point", "coordinates": [ 48.63797, 23.4204502 ] } },
{ "type": "Feature", "properties": { "osm_id": "7142145470", "code": 2962, "fclass": "water_well", "name": "قلمة الأبتر" }, "geometry": { "type": "Point", "coordinates": [ 49.010639, 21.076066 ] } },
{ "type": "Feature", "properties": { "osm_id": "7142145690", "code": 2962, "fclass": "water_well", "name": "قلمة أبوصل" }, "geometry": { "type": "Point", "coordinates": [ 51.2542152, 22.3168869 ] } },
{ "type": "Feature", "properties": { "osm_id": "7142147038", "code": 2962, "fclass": "water_well", "name": "قلمة أبو ضلوع" }, "geometry": { "type": "Point", "coordinates": [ 53.370047, 21.764928 ] } },
{ "type": "Feature", "properties": { "osm_id": "7142147826", "code": 2962, "fclass": "water_well", "name": "قلمة أمهات بركان" }, "geometry": { "type": "Point", "coordinates": [ 49.906123, 21.089704 ] } },
{ "type": "Feature", "properties": { "osm_id": "7142148107", "code": 2962, "fclass": "water_well", "name": "قلمة الشريعة" }, "geometry": { "type": "Point", "coordinates": [ 51.5095177, 21.5707321 ] } },
{ "type": "Feature", "properties": { "osm_id": "7142148109", "code": 2962, "fclass": "water_well", "name": "قلمة الشفاط" }, "geometry": { "type": "Point", "coordinates": [ 50.0134, 20.53966 ] } },
{ "type": "Feature", "properties": { "osm_id": "7142149486", "code": 2962, "fclass": "water_well", "name": "قلمة الهجان" }, "geometry": { "type": "Point", "coordinates": [ 49.7946854, 20.8362598 ] } },
{ "type": "Feature", "properties": { "osm_id": "7142149491", "code": 2962, "fclass": "water_well", "name": "قلمة الهرم" }, "geometry": { "type": "Point", "coordinates": [ 50.4133484, 23.0580357 ] } },
{ "type": "Feature", "properties": { "osm_id": "7142149618", "code": 2962, "fclass": "water_well", "name": "قلمة المحدار" }, "geometry": { "type": "Point", "coordinates": [ 50.719769, 24.742384 ] } },
{ "type": "Feature", "properties": { "osm_id": "7142150487", "code": 2962, "fclass": "water_well", "name": "قلمة عسيكرة" }, "geometry": { "type": "Point", "coordinates": [ 53.185021, 21.595773 ] } },
{ "type": "Feature", "properties": { "osm_id": "7142151099", "code": 2962, "fclass": "water_well", "name": "قلمة الدباب" }, "geometry": { "type": "Point", "coordinates": [ 48.5480232, 23.1577339 ] } },
{ "type": "Feature", "properties": { "osm_id": "7142153355", "code": 2962, "fclass": "water_well", "name": "قلمة الحاوي" }, "geometry": { "type": "Point", "coordinates": [ 49.0301323, 23.7319965 ] } },
{ "type": "Feature", "properties": { "osm_id": "7142159350", "code": 2962, "fclass": "water_well", "name": "قلمة الحاذ" }, "geometry": { "type": "Point", "coordinates": [ 48.2373886, 21.2082272 ] } },
{ "type": "Feature", "properties": { "osm_id": "7142163699", "code": 2962, "fclass": "water_well", "name": "قلمة المشورة" }, "geometry": { "type": "Point", "coordinates": [ 50.4597397, 24.7056351 ] } },
{ "type": "Feature", "properties": { "osm_id": "7142163805", "code": 2962, "fclass": "water_well", "name": "قلمة شخبوطة" }, "geometry": { "type": "Point", "coordinates": [ 47.2285004, 21.0512543 ] } },
{ "type": "Feature", "properties": { "osm_id": "7142163891", "code": 2962, "fclass": "water_well", "name": "قلمة الجشة" }, "geometry": { "type": "Point", "coordinates": [ 48.4981499, 23.4755001 ] } },
{ "type": "Feature", "properties": { "osm_id": "7142165325", "code": 2962, "fclass": "water_well", "name": "قلمة بزران" }, "geometry": { "type": "Point", "coordinates": [ 51.10885, 23.022516 ] } },
{ "type": "Feature", "properties": { "osm_id": "7142165326", "code": 2962, "fclass": "water_well", "name": "قلمة حقيان" }, "geometry": { "type": "Point", "coordinates": [ 48.4948845, 23.4171505 ] } },
{ "type": "Feature", "properties": { "osm_id": "7142165591", "code": 2962, "fclass": "water_well", "name": "قلمة الخندوق" }, "geometry": { "type": "Point", "coordinates": [ 48.815706, 21.895469 ] } },
{ "type": "Feature", "properties": { "osm_id": "7142167127", "code": 2962, "fclass": "water_well", "name": "قلمة الفريني" }, "geometry": { "type": "Point", "coordinates": [ 49.316578, 21.092826 ] } },
{ "type": "Feature", "properties": { "osm_id": "7142167168", "code": 2962, "fclass": "water_well", "name": "قلمة ثعيلين" }, "geometry": { "type": "Point", "coordinates": [ 49.5459, 21.2644 ] } },
{ "type": "Feature", "properties": { "osm_id": "7142167259", "code": 2962, "fclass": "water_well", "name": "قلمة العبيلة" }, "geometry": { "type": "Point", "coordinates": [ 50.941042, 21.986111 ] } },
{ "type": "Feature", "properties": { "osm_id": "7142168543", "code": 2962, "fclass": "water_well", "name": "قلمة أم قراضي" }, "geometry": { "type": "Point", "coordinates": [ 48.6885681, 23.7298336 ] } },
{ "type": "Feature", "properties": { "osm_id": "7142168680", "code": 2962, "fclass": "water_well", "name": "قلمة جلاب" }, "geometry": { "type": "Point", "coordinates": [ 50.943783, 20.406891 ] } },
{ "type": "Feature", "properties": { "osm_id": "7142171752", "code": 2962, "fclass": "water_well", "name": "قلمة عردة" }, "geometry": { "type": "Point", "coordinates": [ 55.27516, 21.23211 ] } },
{ "type": "Feature", "properties": { "osm_id": "7142174555", "code": 2962, "fclass": "water_well", "name": "قلمة الهريمة" }, "geometry": { "type": "Point", "coordinates": [ 52.0622597, 22.6665821 ] } },
{ "type": "Feature", "properties": { "osm_id": "7142177693", "code": 2962, "fclass": "water_well", "name": "قلمة الوتيدة" }, "geometry": { "type": "Point", "coordinates": [ 50.8884697, 23.8899612 ] } },
{ "type": "Feature", "properties": { "osm_id": "7142179757", "code": 2962, "fclass": "water_well", "name": "قلمة عجيراء" }, "geometry": { "type": "Point", "coordinates": [ 48.8799133, 23.7293663 ] } },
{ "type": "Feature", "properties": { "osm_id": "7142182417", "code": 2962, "fclass": "water_well", "name": "قلمة هادي" }, "geometry": { "type": "Point", "coordinates": [ 49.008211, 21.138595 ] } },
{ "type": "Feature", "properties": { "osm_id": "7142193802", "code": 2962, "fclass": "water_well", "name": "قلمة بزران ، كبريتية" }, "geometry": { "type": "Point", "coordinates": [ 51.1093213, 23.0227589 ] } },
{ "type": "Feature", "properties": { "osm_id": "7142196578", "code": 2962, "fclass": "water_well", "name": "قلمة عيد" }, "geometry": { "type": "Point", "coordinates": [ 53.2870255, 21.3630085 ] } },
{ "type": "Feature", "properties": { "osm_id": "7142199929", "code": 2962, "fclass": "water_well", "name": "قلمة فاطمة" }, "geometry": { "type": "Point", "coordinates": [ 53.9620018, 20.9203835 ] } },
{ "type": "Feature", "properties": { "osm_id": "7142204985", "code": 2962, "fclass": "water_well", "name": "بئر لبدة ، مالحة" }, "geometry": { "type": "Point", "coordinates": [ 50.3513936, 24.7224353 ] } },
{ "type": "Feature", "properties": { "osm_id": "7142379368", "code": 2962, "fclass": "water_well", "name": "مزيونة" }, "geometry": { "type": "Point", "coordinates": [ 50.4341767, 20.4423736 ] } },
{ "type": "Feature", "properties": { "osm_id": "7142395485", "code": 2962, "fclass": "water_well", "name": "مدي عشيران" }, "geometry": { "type": "Point", "coordinates": [ 47.7993126, 22.9037151 ] } },
{ "type": "Feature", "properties": { "osm_id": "7142426546", "code": 2962, "fclass": "water_well", "name": "مشاش ابن جعيثن" }, "geometry": { "type": "Point", "coordinates": [ 49.202801, 25.040923 ] } },
{ "type": "Feature", "properties": { "osm_id": "7142435644", "code": 2962, "fclass": "water_well", "name": "مشاش إبن الطميشاء" }, "geometry": { "type": "Point", "coordinates": [ 53.475168, 21.15905 ] } },
{ "type": "Feature", "properties": { "osm_id": "7143101071", "code": 2962, "fclass": "water_well", "name": "مورد البديعة" }, "geometry": { "type": "Point", "coordinates": [ 47.0905762, 17.0682678 ] } },
{ "type": "Feature", "properties": { "osm_id": "7144482544", "code": 2962, "fclass": "water_well", "name": "آبار مليساء" }, "geometry": { "type": "Point", "coordinates": [ 51.5662041, 21.5901451 ] } },
{ "type": "Feature", "properties": { "osm_id": "7144494027", "code": 2962, "fclass": "water_well", "name": "آبار بريهمية" }, "geometry": { "type": "Point", "coordinates": [ 50.6856041, 21.6900997 ] } },
{ "type": "Feature", "properties": { "osm_id": "7144503784", "code": 2962, "fclass": "water_well", "name": "آبار مطبق" }, "geometry": { "type": "Point", "coordinates": [ 51.6389122, 21.752739 ] } },
{ "type": "Feature", "properties": { "osm_id": "7144504526", "code": 2962, "fclass": "water_well", "name": "آبار البطينة" }, "geometry": { "type": "Point", "coordinates": [ 51.1182404, 21.650383 ] } },
{ "type": "Feature", "properties": { "osm_id": "7144508054", "code": 2962, "fclass": "water_well", "name": "آبار مجحودة" }, "geometry": { "type": "Point", "coordinates": [ 51.2485657, 21.5443287 ] } },
{ "type": "Feature", "properties": { "osm_id": "7144511276", "code": 2962, "fclass": "water_well", "name": "آبار أبوحداد" }, "geometry": { "type": "Point", "coordinates": [ 47.8268967, 24.0093231 ] } },
{ "type": "Feature", "properties": { "osm_id": "7144593606", "code": 2962, "fclass": "water_well", "name": "قلتة أم حيشة" }, "geometry": { "type": "Point", "coordinates": [ 45.4731078, 20.8521963 ] } },
{ "type": "Feature", "properties": { "osm_id": "7144616529", "code": 2962, "fclass": "water_well", "name": "آبار أم الرمث" }, "geometry": { "type": "Point", "coordinates": [ 50.3452148, 23.3220673 ] } },
{ "type": "Feature", "properties": { "osm_id": "7144627695", "code": 2962, "fclass": "water_well", "name": "آبار أبو صفا" }, "geometry": { "type": "Point", "coordinates": [ 51.6937561, 21.8978329 ] } },
{ "type": "Feature", "properties": { "osm_id": "7144861055", "code": 2962, "fclass": "water_well", "name": "آبار الحلفاء" }, "geometry": { "type": "Point", "coordinates": [ 49.3330002, 23.2774677 ] } },
{ "type": "Feature", "properties": { "osm_id": "7144974251", "code": 2962, "fclass": "water_well", "name": "آبار الخشم" }, "geometry": { "type": "Point", "coordinates": [ 51.7407455, 23.8365993 ] } },
{ "type": "Feature", "properties": { "osm_id": "7144980545", "code": 2962, "fclass": "water_well", "name": "آبار الهمدانية" }, "geometry": { "type": "Point", "coordinates": [ 50.717906, 24.5589364 ] } },
{ "type": "Feature", "properties": { "osm_id": "7146308286", "code": 2962, "fclass": "water_well", "name": "آبار ماسل" }, "geometry": { "type": "Point", "coordinates": [ 43.8840182, 21.7565524 ] } },
{ "type": "Feature", "properties": { "osm_id": "7146308579", "code": 2962, "fclass": "water_well", "name": "آبار بغران" }, "geometry": { "type": "Point", "coordinates": [ 43.8398288, 21.7983403 ] } },
{ "type": "Feature", "properties": { "osm_id": "7146409903", "code": 2962, "fclass": "water_well", "name": "آبار الزغين" }, "geometry": { "type": "Point", "coordinates": [ 51.6451797, 21.8580875 ] } },
{ "type": "Feature", "properties": { "osm_id": "7146435957", "code": 2962, "fclass": "water_well", "name": "بئر البعيهان" }, "geometry": { "type": "Point", "coordinates": [ 51.2442481, 21.6422864 ] } },
{ "type": "Feature", "properties": { "osm_id": "7146495079", "code": 2962, "fclass": "water_well", "name": "آبار الصريطي" }, "geometry": { "type": "Point", "coordinates": [ 51.4560094, 22.092623 ] } },
{ "type": "Feature", "properties": { "osm_id": "7146569477", "code": 2962, "fclass": "water_well", "name": "آبار الطرفاء" }, "geometry": { "type": "Point", "coordinates": [ 51.6144749, 23.8515201 ] } },
{ "type": "Feature", "properties": { "osm_id": "7146849969", "code": 2962, "fclass": "water_well", "name": "فرحة" }, "geometry": { "type": "Point", "coordinates": [ 51.3995414, 21.6664025 ] } },
{ "type": "Feature", "properties": { "osm_id": "7147816971", "code": 2962, "fclass": "water_well", "name": "آبار العشير" }, "geometry": { "type": "Point", "coordinates": [ 50.6745075, 24.7665827 ] } },
{ "type": "Feature", "properties": { "osm_id": "7147826287", "code": 2962, "fclass": "water_well", "name": "آبار الضبطية القديمة" }, "geometry": { "type": "Point", "coordinates": [ 48.9017387, 23.1411931 ] } },
{ "type": "Feature", "properties": { "osm_id": "7148729071", "code": 2962, "fclass": "water_well", "name": "آبار العواجية" }, "geometry": { "type": "Point", "coordinates": [ 49.716628, 25.6184643 ] } },
{ "type": "Feature", "properties": { "osm_id": "7148782242", "code": 2962, "fclass": "water_well", "name": "آبار القارة" }, "geometry": { "type": "Point", "coordinates": [ 50.2650642, 25.4383488 ] } },
{ "type": "Feature", "properties": { "osm_id": "7148799670", "code": 2962, "fclass": "water_well", "name": "آبار تصبيب" }, "geometry": { "type": "Point", "coordinates": [ 51.4620056, 21.7383327 ] } },
{ "type": "Feature", "properties": { "osm_id": "7148803845", "code": 2962, "fclass": "water_well", "name": "آبار القباليات" }, "geometry": { "type": "Point", "coordinates": [ 48.9505653, 23.247467 ] } },
{ "type": "Feature", "properties": { "osm_id": "7148804009", "code": 2962, "fclass": "water_well", "name": "آبار اللبداء" }, "geometry": { "type": "Point", "coordinates": [ 51.4652343, 21.7914428 ] } },
{ "type": "Feature", "properties": { "osm_id": "7148824244", "code": 2962, "fclass": "water_well", "name": "آبار المحتجبة" }, "geometry": { "type": "Point", "coordinates": [ 50.3992462, 23.4253731 ] } },
{ "type": "Feature", "properties": { "osm_id": "7148834370", "code": 2962, "fclass": "water_well", "name": "آبار خويتمة" }, "geometry": { "type": "Point", "coordinates": [ 50.8008957, 23.6790676 ] } },
{ "type": "Feature", "properties": { "osm_id": "7150803786", "code": 2962, "fclass": "water_well", "name": "" }, "geometry": { "type": "Point", "coordinates": [ 42.6809537, 22.4039269 ] } },
{ "type": "Feature", "properties": { "osm_id": "7151887945", "code": 2962, "fclass": "water_well", "name": "قلمة الحجرة" }, "geometry": { "type": "Point", "coordinates": [ 48.3962048, 21.9007926 ] } },
{ "type": "Feature", "properties": { "osm_id": "7151889016", "code": 2962, "fclass": "water_well", "name": "قلمة منصورة" }, "geometry": { "type": "Point", "coordinates": [ 46.9332454, 21.5685807 ] } },
{ "type": "Feature", "properties": { "osm_id": "7174552563", "code": 2962, "fclass": "water_well", "name": "شيب ماء" }, "geometry": { "type": "Point", "coordinates": [ 46.4949588, 25.9620578 ] } },
{ "type": "Feature", "properties": { "osm_id": "7184310685", "code": 2962, "fclass": "water_well", "name": "" }, "geometry": { "type": "Point", "coordinates": [ 39.1297272, 31.6641321 ] } },
{ "type": "Feature", "properties": { "osm_id": "7184953434", "code": 2962, "fclass": "water_well", "name": "قليب السايبية - مارد ماء" }, "geometry": { "type": "Point", "coordinates": [ 41.8012583, 28.1501683 ] } },
{ "type": "Feature", "properties": { "osm_id": "7188701045", "code": 2962, "fclass": "water_well", "name": "بئر الأطواء" }, "geometry": { "type": "Point", "coordinates": [ 45.5990349, 20.4290673 ] } },
{ "type": "Feature", "properties": { "osm_id": "7195092935", "code": 2962, "fclass": "water_well", "name": "بئر هطيلة" }, "geometry": { "type": "Point", "coordinates": [ 51.2012395, 19.0376621 ] } },
{ "type": "Feature", "properties": { "osm_id": "7195102925", "code": 2962, "fclass": "water_well", "name": "بئر ناصرة" }, "geometry": { "type": "Point", "coordinates": [ 51.0049741, 18.9634494 ] } },
{ "type": "Feature", "properties": { "osm_id": "7195104832", "code": 2962, "fclass": "water_well", "name": "بئر الجبلية" }, "geometry": { "type": "Point", "coordinates": [ 51.0453692, 18.9948205 ] } },
{ "type": "Feature", "properties": { "osm_id": "7195110142", "code": 2962, "fclass": "water_well", "name": "قلمة محروقة" }, "geometry": { "type": "Point", "coordinates": [ 54.3936, 20.3357 ] } },
{ "type": "Feature", "properties": { "osm_id": "7195121412", "code": 2962, "fclass": "water_well", "name": "خور دلموكة" }, "geometry": { "type": "Point", "coordinates": [ 51.366751, 18.9759304 ] } },
{ "type": "Feature", "properties": { "osm_id": "7204435359", "code": 2962, "fclass": "water_well", "name": "بئر هادي" }, "geometry": { "type": "Point", "coordinates": [ 51.0391, 19.4376 ] } },
{ "type": "Feature", "properties": { "osm_id": "7207507215", "code": 2962, "fclass": "water_well", "name": "قلمة الثلثانة" }, "geometry": { "type": "Point", "coordinates": [ 47.0889, 21.9551 ] } },
{ "type": "Feature", "properties": { "osm_id": "7209363081", "code": 2962, "fclass": "water_well", "name": "بئر برودة" }, "geometry": { "type": "Point", "coordinates": [ 44.7771543, 21.5231761 ] } },
{ "type": "Feature", "properties": { "osm_id": "7209377682", "code": 2962, "fclass": "water_well", "name": "بئر ام سريحة" }, "geometry": { "type": "Point", "coordinates": [ 44.5261261, 21.7795749 ] } },
{ "type": "Feature", "properties": { "osm_id": "7209392022", "code": 2962, "fclass": "water_well", "name": "آبار مغيران" }, "geometry": { "type": "Point", "coordinates": [ 44.303414, 21.3437789 ] } },
{ "type": "Feature", "properties": { "osm_id": "7209394200", "code": 2962, "fclass": "water_well", "name": "آبار مطيريحة" }, "geometry": { "type": "Point", "coordinates": [ 44.2709104, 21.3542511 ] } },
{ "type": "Feature", "properties": { "osm_id": "7209396600", "code": 2962, "fclass": "water_well", "name": "بئر جفن" }, "geometry": { "type": "Point", "coordinates": [ 44.4046936, 21.7191379 ] } },
{ "type": "Feature", "properties": { "osm_id": "7209398156", "code": 2962, "fclass": "water_well", "name": "بئر الجميشانية" }, "geometry": { "type": "Point", "coordinates": [ 44.1653568, 21.4197194 ] } },
{ "type": "Feature", "properties": { "osm_id": "7209400530", "code": 2962, "fclass": "water_well", "name": "آبار السماحيات" }, "geometry": { "type": "Point", "coordinates": [ 44.8495013, 21.5805805 ] } },
{ "type": "Feature", "properties": { "osm_id": "7209402671", "code": 2962, "fclass": "water_well", "name": "قلبان عيبان" }, "geometry": { "type": "Point", "coordinates": [ 44.2457068, 21.4069107 ] } },
{ "type": "Feature", "properties": { "osm_id": "7209402672", "code": 2962, "fclass": "water_well", "name": "قليب جري" }, "geometry": { "type": "Point", "coordinates": [ 44.838491, 21.3698924 ] } },
{ "type": "Feature", "properties": { "osm_id": "7209404615", "code": 2962, "fclass": "water_well", "name": "بئر ابو خيالة" }, "geometry": { "type": "Point", "coordinates": [ 44.7602775, 21.5187719 ] } },
{ "type": "Feature", "properties": { "osm_id": "7213980379", "code": 2962, "fclass": "water_well", "name": "بئر سعيد" }, "geometry": { "type": "Point", "coordinates": [ 38.6714324, 23.9241856 ] } },
{ "type": "Feature", "properties": { "osm_id": "7223813085", "code": 2962, "fclass": "water_well", "name": "آبار الحفائر" }, "geometry": { "type": "Point", "coordinates": [ 42.3011419, 22.5690154 ] } },
{ "type": "Feature", "properties": { "osm_id": "7235100185", "code": 2962, "fclass": "water_well", "name": "" }, "geometry": { "type": "Point", "coordinates": [ 40.5893232, 31.3331516 ] } },
{ "type": "Feature", "properties": { "osm_id": "7247151885", "code": 2962, "fclass": "water_well", "name": "" }, "geometry": { "type": "Point", "coordinates": [ 44.5112857, 26.7184665 ] } },
{ "type": "Feature", "properties": { "osm_id": "7249402232", "code": 2962, "fclass": "water_well", "name": "" }, "geometry": { "type": "Point", "coordinates": [ 35.4666204, 28.2822711 ] } },
{ "type": "Feature", "properties": { "osm_id": "7271594779", "code": 2962, "fclass": "water_well", "name": "بئر تقورا" }, "geometry": { "type": "Point", "coordinates": [ 44.53763, 18.9420514 ] } },
{ "type": "Feature", "properties": { "osm_id": "7274959538", "code": 2962, "fclass": "water_well", "name": "قليب أبو خريقة" }, "geometry": { "type": "Point", "coordinates": [ 44.9440002, 27.0181675 ] } },
{ "type": "Feature", "properties": { "osm_id": "7278657130", "code": 2962, "fclass": "water_well", "name": "بئر مرزوق" }, "geometry": { "type": "Point", "coordinates": [ 42.4437965, 24.0813439 ] } },
{ "type": "Feature", "properties": { "osm_id": "7293755053", "code": 2962, "fclass": "water_well", "name": "بئر" }, "geometry": { "type": "Point", "coordinates": [ 43.2116425, 24.4136001 ] } },
{ "type": "Feature", "properties": { "osm_id": "7293777807", "code": 2962, "fclass": "water_well", "name": "بئر" }, "geometry": { "type": "Point", "coordinates": [ 43.212026, 24.4155151 ] } },
{ "type": "Feature", "properties": { "osm_id": "7293781874", "code": 2962, "fclass": "water_well", "name": "بئر حكوميه" }, "geometry": { "type": "Point", "coordinates": [ 43.2154942, 24.4159861 ] } },
{ "type": "Feature", "properties": { "osm_id": "7293782711", "code": 2962, "fclass": "water_well", "name": "بئر حكوميه" }, "geometry": { "type": "Point", "coordinates": [ 43.2132215, 24.4161521 ] } },
{ "type": "Feature", "properties": { "osm_id": "7308404324", "code": 2962, "fclass": "water_well", "name": "مارد غزالة النفود" }, "geometry": { "type": "Point", "coordinates": [ 41.4303054, 28.1608016 ] } },
{ "type": "Feature", "properties": { "osm_id": "7319995185", "code": 2962, "fclass": "water_well", "name": "" }, "geometry": { "type": "Point", "coordinates": [ 47.8616117, 29.8748021 ] } },
{ "type": "Feature", "properties": { "osm_id": "7319995285", "code": 2962, "fclass": "water_well", "name": "" }, "geometry": { "type": "Point", "coordinates": [ 47.8616176, 29.8747753 ] } },
{ "type": "Feature", "properties": { "osm_id": "7321338585", "code": 2962, "fclass": "water_well", "name": "" }, "geometry": { "type": "Point", "coordinates": [ 47.7975989, 29.8131398 ] } },
{ "type": "Feature", "properties": { "osm_id": "7333672185", "code": 2962, "fclass": "water_well", "name": "" }, "geometry": { "type": "Point", "coordinates": [ 38.6960452, 30.4721475 ] } },
{ "type": "Feature", "properties": { "osm_id": "7338852075", "code": 2962, "fclass": "water_well", "name": "خزان البرازي" }, "geometry": { "type": "Point", "coordinates": [ 45.1332319, 28.8309225 ] } },
{ "type": "Feature", "properties": { "osm_id": "7341459689", "code": 2962, "fclass": "water_well", "name": "آبار محضب" }, "geometry": { "type": "Point", "coordinates": [ 43.7382688, 22.6601467 ] } },
{ "type": "Feature", "properties": { "osm_id": "7342798837", "code": 2962, "fclass": "water_well", "name": "آبار خويتمة" }, "geometry": { "type": "Point", "coordinates": [ 43.506699, 22.6238396 ] } },
{ "type": "Feature", "properties": { "osm_id": "7342885088", "code": 2962, "fclass": "water_well", "name": "قلبان البديعة" }, "geometry": { "type": "Point", "coordinates": [ 43.51264, 22.9912666 ] } },
{ "type": "Feature", "properties": { "osm_id": "7342899164", "code": 2962, "fclass": "water_well", "name": "بئر مريفق" }, "geometry": { "type": "Point", "coordinates": [ 43.9784624, 23.0480345 ] } },
{ "type": "Feature", "properties": { "osm_id": "7342966860", "code": 2962, "fclass": "water_well", "name": "آبار البدع" }, "geometry": { "type": "Point", "coordinates": [ 44.1327641, 23.0082706 ] } },
{ "type": "Feature", "properties": { "osm_id": "7343664238", "code": 2962, "fclass": "water_well", "name": "آبار دعالة" }, "geometry": { "type": "Point", "coordinates": [ 43.6666472, 23.0942356 ] } },
{ "type": "Feature", "properties": { "osm_id": "7344409688", "code": 2962, "fclass": "water_well", "name": "آبار الوغدية" }, "geometry": { "type": "Point", "coordinates": [ 43.8530204, 21.1485513 ] } },
{ "type": "Feature", "properties": { "osm_id": "7344494198", "code": 2962, "fclass": "water_well", "name": "بئر رغيثيث" }, "geometry": { "type": "Point", "coordinates": [ 41.1321151, 27.6967332 ] } },
{ "type": "Feature", "properties": { "osm_id": "7354183973", "code": 2962, "fclass": "water_well", "name": "بئر الحندقي" }, "geometry": { "type": "Point", "coordinates": [ 44.2153949, 21.4628366 ] } },
{ "type": "Feature", "properties": { "osm_id": "7354184007", "code": 2962, "fclass": "water_well", "name": "" }, "geometry": { "type": "Point", "coordinates": [ 43.9925926, 21.6035707 ] } },
{ "type": "Feature", "properties": { "osm_id": "7354184008", "code": 2962, "fclass": "water_well", "name": "" }, "geometry": { "type": "Point", "coordinates": [ 43.9929413, 21.6033911 ] } },
{ "type": "Feature", "properties": { "osm_id": "7354184009", "code": 2962, "fclass": "water_well", "name": "" }, "geometry": { "type": "Point", "coordinates": [ 43.9946526, 21.6028973 ] } },
{ "type": "Feature", "properties": { "osm_id": "7354184183", "code": 2962, "fclass": "water_well", "name": "" }, "geometry": { "type": "Point", "coordinates": [ 43.9656434, 21.6349253 ] } },
{ "type": "Feature", "properties": { "osm_id": "7360002238", "code": 2962, "fclass": "water_well", "name": "آبار سلامة" }, "geometry": { "type": "Point", "coordinates": [ 43.9687858, 22.2657096 ] } },
{ "type": "Feature", "properties": { "osm_id": "7363328085", "code": 2962, "fclass": "water_well", "name": "بئر معلا" }, "geometry": { "type": "Point", "coordinates": [ 38.6759227, 26.5280585 ] } },
{ "type": "Feature", "properties": { "osm_id": "7382705885", "code": 2962, "fclass": "water_well", "name": "" }, "geometry": { "type": "Point", "coordinates": [ 39.9555705, 30.560874 ] } },
{ "type": "Feature", "properties": { "osm_id": "7389230651", "code": 2962, "fclass": "water_well", "name": "بئر الفاضلية" }, "geometry": { "type": "Point", "coordinates": [ 44.3023, 21.3075 ] } },
{ "type": "Feature", "properties": { "osm_id": "7396888676", "code": 2962, "fclass": "water_well", "name": "بئر محيريث" }, "geometry": { "type": "Point", "coordinates": [ 40.5114536, 29.259103 ] } },
{ "type": "Feature", "properties": { "osm_id": "7402401104", "code": 2962, "fclass": "water_well", "name": "بئر ماء" }, "geometry": { "type": "Point", "coordinates": [ 42.1394181, 28.5082475 ] } },
{ "type": "Feature", "properties": { "osm_id": "7414425313", "code": 2962, "fclass": "water_well", "name": "آبار العسيلة" }, "geometry": { "type": "Point", "coordinates": [ 44.1017, 21.5703 ] } },
{ "type": "Feature", "properties": { "osm_id": "7415383938", "code": 2962, "fclass": "water_well", "name": "بئر السرة" }, "geometry": { "type": "Point", "coordinates": [ 41.1457636, 28.5057404 ] } },
{ "type": "Feature", "properties": { "osm_id": "7417606268", "code": 2962, "fclass": "water_well", "name": "آبار الشيخ أبو ماء" }, "geometry": { "type": "Point", "coordinates": [ 39.0776547, 26.2998706 ] } },
{ "type": "Feature", "properties": { "osm_id": "7419531665", "code": 2962, "fclass": "water_well", "name": "ماء حلو سبيل" }, "geometry": { "type": "Point", "coordinates": [ 41.8834, 26.6319 ] } },
{ "type": "Feature", "properties": { "osm_id": "7428884485", "code": 2962, "fclass": "water_well", "name": "" }, "geometry": { "type": "Point", "coordinates": [ 46.1489369, 17.7293346 ] } },
{ "type": "Feature", "properties": { "osm_id": "7433537753", "code": 2962, "fclass": "water_well", "name": "مشاش المعيزيلة" }, "geometry": { "type": "Point", "coordinates": [ 44.938481, 26.543384 ] } },
{ "type": "Feature", "properties": { "osm_id": "7445086138", "code": 2962, "fclass": "water_well", "name": "قلمة طويل الخطام" }, "geometry": { "type": "Point", "coordinates": [ 51.8588, 20.6419 ] } },
{ "type": "Feature", "properties": { "osm_id": "7448805390", "code": 2962, "fclass": "water_well", "name": "بئر المصبوبة" }, "geometry": { "type": "Point", "coordinates": [ 44.2557326, 20.6894181 ] } },
{ "type": "Feature", "properties": { "osm_id": "7459649285", "code": 2962, "fclass": "water_well", "name": "" }, "geometry": { "type": "Point", "coordinates": [ 47.7166633, 29.8626968 ] } },
{ "type": "Feature", "properties": { "osm_id": "7460715081", "code": 2962, "fclass": "water_well", "name": "آبار السلام" }, "geometry": { "type": "Point", "coordinates": [ 44.6181639, 21.7288538 ] } },
{ "type": "Feature", "properties": { "osm_id": "7465260540", "code": 2962, "fclass": "water_well", "name": "بئر عبدالرحمن" }, "geometry": { "type": "Point", "coordinates": [ 44.8219, 20.7438 ] } },
{ "type": "Feature", "properties": { "osm_id": "7465261798", "code": 2962, "fclass": "water_well", "name": "مورد الدعلية" }, "geometry": { "type": "Point", "coordinates": [ 44.8168, 20.735 ] } },
{ "type": "Feature", "properties": { "osm_id": "7465330637", "code": 2962, "fclass": "water_well", "name": "قلبان الشجنة" }, "geometry": { "type": "Point", "coordinates": [ 37.7218417, 24.3861964 ] } },
{ "type": "Feature", "properties": { "osm_id": "7465342258", "code": 2962, "fclass": "water_well", "name": "بئر الشجنة" }, "geometry": { "type": "Point", "coordinates": [ 37.7224221, 24.3896865 ] } },
{ "type": "Feature", "properties": { "osm_id": "7467120863", "code": 2962, "fclass": "water_well", "name": "القليب" }, "geometry": { "type": "Point", "coordinates": [ 45.5113436, 20.7041433 ] } },
{ "type": "Feature", "properties": { "osm_id": "7467125769", "code": 2962, "fclass": "water_well", "name": "بئر الشقيب الأسفل" }, "geometry": { "type": "Point", "coordinates": [ 45.7576144, 21.4049774 ] } },
{ "type": "Feature", "properties": { "osm_id": "7467128710", "code": 2962, "fclass": "water_well", "name": "عد قرون" }, "geometry": { "type": "Point", "coordinates": [ 45.6042087, 21.0547757 ] } },
{ "type": "Feature", "properties": { "osm_id": "7467149898", "code": 2962, "fclass": "water_well", "name": "بئر الشقيب الأعلى" }, "geometry": { "type": "Point", "coordinates": [ 45.6954612, 21.3808144 ] } },
{ "type": "Feature", "properties": { "osm_id": "7467153532", "code": 2962, "fclass": "water_well", "name": "بئر الشقيب الأوسط" }, "geometry": { "type": "Point", "coordinates": [ 45.7087775, 21.395616 ] } },
{ "type": "Feature", "properties": { "osm_id": "7467158005", "code": 2962, "fclass": "water_well", "name": "الضره" }, "geometry": { "type": "Point", "coordinates": [ 45.8095783, 21.3834654 ] } },
{ "type": "Feature", "properties": { "osm_id": "7467260885", "code": 2962, "fclass": "water_well", "name": "بئر الثميلة" }, "geometry": { "type": "Point", "coordinates": [ 45.5284488, 20.9192789 ] } },
{ "type": "Feature", "properties": { "osm_id": "7474094886", "code": 2962, "fclass": "water_well", "name": "" }, "geometry": { "type": "Point", "coordinates": [ 44.2746481, 21.5116037 ] } },
{ "type": "Feature", "properties": { "osm_id": "7474095388", "code": 2962, "fclass": "water_well", "name": "" }, "geometry": { "type": "Point", "coordinates": [ 44.2746421, 21.5115961 ] } },
{ "type": "Feature", "properties": { "osm_id": "7474430084", "code": 2962, "fclass": "water_well", "name": "أبار العلندا" }, "geometry": { "type": "Point", "coordinates": [ 43.6604066, 23.8244623 ] } },
{ "type": "Feature", "properties": { "osm_id": "7483016077", "code": 2962, "fclass": "water_well", "name": "شيب ماء عرار بن صلال" }, "geometry": { "type": "Point", "coordinates": [ 44.8556, 20.226 ] } },
{ "type": "Feature", "properties": { "osm_id": "7487515811", "code": 2962, "fclass": "water_well", "name": "بئر النميلة" }, "geometry": { "type": "Point", "coordinates": [ 49.7963, 21.9265 ] } },
{ "type": "Feature", "properties": { "osm_id": "7489756367", "code": 2962, "fclass": "water_well", "name": "آبار الكظيمة" }, "geometry": { "type": "Point", "coordinates": [ 45.5116657, 25.9974099 ] } },
{ "type": "Feature", "properties": { "osm_id": "7495320069", "code": 2962, "fclass": "water_well", "name": "بئر الزويرانية" }, "geometry": { "type": "Point", "coordinates": [ 44.8788, 21.5972 ] } },
{ "type": "Feature", "properties": { "osm_id": "7515385128", "code": 2962, "fclass": "water_well", "name": "" }, "geometry": { "type": "Point", "coordinates": [ 43.1305426, 17.3583172 ] } },
{ "type": "Feature", "properties": { "osm_id": "7516301565", "code": 2962, "fclass": "water_well", "name": "" }, "geometry": { "type": "Point", "coordinates": [ 43.187609, 17.2797373 ] } },
{ "type": "Feature", "properties": { "osm_id": "7522849843", "code": 2962, "fclass": "water_well", "name": "قلمة ام الوهط" }, "geometry": { "type": "Point", "coordinates": [ 45.5396, 18.2442 ] } },
{ "type": "Feature", "properties": { "osm_id": "7522853241", "code": 2962, "fclass": "water_well", "name": "قلمة المنخلي" }, "geometry": { "type": "Point", "coordinates": [ 45.7698, 18.0329 ] } },
{ "type": "Feature", "properties": { "osm_id": "7530009086", "code": 2962, "fclass": "water_well", "name": "" }, "geometry": { "type": "Point", "coordinates": [ 43.8280329, 21.8285712 ] } },
{ "type": "Feature", "properties": { "osm_id": "7530015285", "code": 2962, "fclass": "water_well", "name": "" }, "geometry": { "type": "Point", "coordinates": [ 43.8281965, 21.8284068 ] } },
{ "type": "Feature", "properties": { "osm_id": "7535514049", "code": 2962, "fclass": "water_well", "name": "قلمة ممدوح" }, "geometry": { "type": "Point", "coordinates": [ 44.4916583, 28.6052289 ] } },
{ "type": "Feature", "properties": { "osm_id": "7535536372", "code": 2962, "fclass": "water_well", "name": "شيب" }, "geometry": { "type": "Point", "coordinates": [ 41.2888913, 27.1314935 ] } },
{ "type": "Feature", "properties": { "osm_id": "7535549027", "code": 2962, "fclass": "water_well", "name": "شيب القرعة" }, "geometry": { "type": "Point", "coordinates": [ 47.5991339, 28.2671084 ] } },
{ "type": "Feature", "properties": { "osm_id": "7546151851", "code": 2962, "fclass": "water_well", "name": "قليب لبب" }, "geometry": { "type": "Point", "coordinates": [ 46.1471623, 25.1248991 ] } },
{ "type": "Feature", "properties": { "osm_id": "7546615185", "code": 2962, "fclass": "water_well", "name": "" }, "geometry": { "type": "Point", "coordinates": [ 43.1518923, 24.9095419 ] } },
{ "type": "Feature", "properties": { "osm_id": "7549404557", "code": 2962, "fclass": "water_well", "name": "بئر زبالا الأثري" }, "geometry": { "type": "Point", "coordinates": [ 43.5637952, 29.3953872 ] } },
{ "type": "Feature", "properties": { "osm_id": "7550626289", "code": 2962, "fclass": "water_well", "name": "قلبان أبو ركبة" }, "geometry": { "type": "Point", "coordinates": [ 46.2869175, 25.7960573 ] } },
{ "type": "Feature", "properties": { "osm_id": "7559003422", "code": 2962, "fclass": "water_well", "name": "آبار الشعب" }, "geometry": { "type": "Point", "coordinates": [ 42.3755643, 24.1128349 ] } },
{ "type": "Feature", "properties": { "osm_id": "7563500694", "code": 2962, "fclass": "water_well", "name": "بئر سقيا" }, "geometry": { "type": "Point", "coordinates": [ 45.0589299, 20.7718962 ] } },
{ "type": "Feature", "properties": { "osm_id": "7577928901", "code": 2962, "fclass": "water_well", "name": "بئر القاعية" }, "geometry": { "type": "Point", "coordinates": [ 43.3262941, 23.1926282 ] } },
{ "type": "Feature", "properties": { "osm_id": "7608489285", "code": 2962, "fclass": "water_well", "name": "" }, "geometry": { "type": "Point", "coordinates": [ 44.2997478, 22.5302563 ] } },
{ "type": "Feature", "properties": { "osm_id": "7619722568", "code": 2962, "fclass": "water_well", "name": "آبار عويجاء" }, "geometry": { "type": "Point", "coordinates": [ 42.3976844, 24.0612225 ] } },
{ "type": "Feature", "properties": { "osm_id": "7619743838", "code": 2962, "fclass": "water_well", "name": "ابار النخلة" }, "geometry": { "type": "Point", "coordinates": [ 44.95, 22.0415 ] } },
{ "type": "Feature", "properties": { "osm_id": "7635137366", "code": 2962, "fclass": "water_well", "name": "قلمة متعب" }, "geometry": { "type": "Point", "coordinates": [ 48.4658081, 24.3277793 ] } },
{ "type": "Feature", "properties": { "osm_id": "7658160225", "code": 2962, "fclass": "water_well", "name": "" }, "geometry": { "type": "Point", "coordinates": [ 51.119801, 24.8617544 ] } },
{ "type": "Feature", "properties": { "osm_id": "7677987922", "code": 2962, "fclass": "water_well", "name": "بئر سلمان" }, "geometry": { "type": "Point", "coordinates": [ 38.5284476, 25.0570649 ] } },
{ "type": "Feature", "properties": { "osm_id": "7681137523", "code": 2962, "fclass": "water_well", "name": "مارد ماء أم الشنين" }, "geometry": { "type": "Point", "coordinates": [ 39.01335, 28.805308 ] } },
{ "type": "Feature", "properties": { "osm_id": "7689124050", "code": 2962, "fclass": "water_well", "name": "شيب الراجحي" }, "geometry": { "type": "Point", "coordinates": [ 43.3881814, 27.5981062 ] } },
{ "type": "Feature", "properties": { "osm_id": "7715117466", "code": 2962, "fclass": "water_well", "name": "بئر الحصانة الأثري" }, "geometry": { "type": "Point", "coordinates": [ 39.2831542, 27.2445294 ] } },
{ "type": "Feature", "properties": { "osm_id": "7727447429", "code": 2962, "fclass": "water_well", "name": "نقطة تعبئة زمزم" }, "geometry": { "type": "Point", "coordinates": [ 39.8300062, 21.4246975 ] } },
{ "type": "Feature", "properties": { "osm_id": "7727486750", "code": 2962, "fclass": "water_well", "name": "نقطة تعبئة زمزم" }, "geometry": { "type": "Point", "coordinates": [ 39.6080948, 24.4703398 ] } },
{ "type": "Feature", "properties": { "osm_id": "7746978483", "code": 2962, "fclass": "water_well", "name": "آبار الغيلانة" }, "geometry": { "type": "Point", "coordinates": [ 47.1870592, 25.389276 ] } },
{ "type": "Feature", "properties": { "osm_id": "7758145603", "code": 2962, "fclass": "water_well", "name": "بئر سيسرا الأثري" }, "geometry": { "type": "Point", "coordinates": [ 40.1983, 29.9919 ] } },
{ "type": "Feature", "properties": { "osm_id": "7758612186", "code": 2962, "fclass": "water_well", "name": "بئر هداج" }, "geometry": { "type": "Point", "coordinates": [ 38.5534374, 27.6349109 ] } },
{ "type": "Feature", "properties": { "osm_id": "7759772808", "code": 2962, "fclass": "water_well", "name": "بئر السميحاني" }, "geometry": { "type": "Point", "coordinates": [ 37.9185808, 24.5022162 ] } },
{ "type": "Feature", "properties": { "osm_id": "7771183889", "code": 2962, "fclass": "water_well", "name": "قلمة السليل" }, "geometry": { "type": "Point", "coordinates": [ 44.8902, 18.8089 ] } },
{ "type": "Feature", "properties": { "osm_id": "7771189923", "code": 2962, "fclass": "water_well", "name": "قلمة ماء" }, "geometry": { "type": "Point", "coordinates": [ 45.2076, 18.6548 ] } },
{ "type": "Feature", "properties": { "osm_id": "7771221615", "code": 2962, "fclass": "water_well", "name": "بئر الوزرانية" }, "geometry": { "type": "Point", "coordinates": [ 43.3761, 20.8358 ] } },
{ "type": "Feature", "properties": { "osm_id": "7771235125", "code": 2962, "fclass": "water_well", "name": "بئر الخاطبية" }, "geometry": { "type": "Point", "coordinates": [ 43.3533253, 20.6985284 ] } },
{ "type": "Feature", "properties": { "osm_id": "7771239622", "code": 2962, "fclass": "water_well", "name": "بئر البساسة" }, "geometry": { "type": "Point", "coordinates": [ 43.8791, 20.2706 ] } },
{ "type": "Feature", "properties": { "osm_id": "7771259763", "code": 2962, "fclass": "water_well", "name": "ابار المستجد" }, "geometry": { "type": "Point", "coordinates": [ 43.6956, 20.6852 ] } },
{ "type": "Feature", "properties": { "osm_id": "7771262368", "code": 2962, "fclass": "water_well", "name": "بئر طيبة الاسم" }, "geometry": { "type": "Point", "coordinates": [ 43.1534, 19.6132 ] } },
{ "type": "Feature", "properties": { "osm_id": "7775683063", "code": 2962, "fclass": "water_well", "name": "بئر كراث الأثرية" }, "geometry": { "type": "Point", "coordinates": [ 42.7247423, 18.9509068 ] } },
{ "type": "Feature", "properties": { "osm_id": "7780874485", "code": 2962, "fclass": "water_well", "name": "بئر اللميمي" }, "geometry": { "type": "Point", "coordinates": [ 44.700011, 20.7644507 ] } },
{ "type": "Feature", "properties": { "osm_id": "7782303517", "code": 2962, "fclass": "water_well", "name": "بئر حبية" }, "geometry": { "type": "Point", "coordinates": [ 43.5247, 19.8908 ] } },
{ "type": "Feature", "properties": { "osm_id": "7782310331", "code": 2962, "fclass": "water_well", "name": "بئر عقلان" }, "geometry": { "type": "Point", "coordinates": [ 43.1484218, 19.944787 ] } },
{ "type": "Feature", "properties": { "osm_id": "7782310944", "code": 2962, "fclass": "water_well", "name": "بئر الحنثرية" }, "geometry": { "type": "Point", "coordinates": [ 43.0139798, 19.7581314 ] } },
{ "type": "Feature", "properties": { "osm_id": "7783978335", "code": 2962, "fclass": "water_well", "name": "مياه كبريتية" }, "geometry": { "type": "Point", "coordinates": [ 52.0364213, 22.6539181 ] } },
{ "type": "Feature", "properties": { "osm_id": "7783978336", "code": 2962, "fclass": "water_well", "name": "مياه كبريتية" }, "geometry": { "type": "Point", "coordinates": [ 52.0350909, 22.6479971 ] } },
{ "type": "Feature", "properties": { "osm_id": "7784752980", "code": 2962, "fclass": "water_well", "name": "مورد ماء التنهاة" }, "geometry": { "type": "Point", "coordinates": [ 46.445422, 26.1456592 ] } },
{ "type": "Feature", "properties": { "osm_id": "7784793976", "code": 2962, "fclass": "water_well", "name": "قلمة الطرفاء" }, "geometry": { "type": "Point", "coordinates": [ 54.8373985, 21.3939424 ] } },
{ "type": "Feature", "properties": { "osm_id": "7784909961", "code": 2962, "fclass": "water_well", "name": "بير خسارة" }, "geometry": { "type": "Point", "coordinates": [ 46.273362, 28.6375324 ] } },
{ "type": "Feature", "properties": { "osm_id": "7796902581", "code": 2962, "fclass": "water_well", "name": "قلمة البوشية" }, "geometry": { "type": "Point", "coordinates": [ 45.1771429, 28.9355493 ] } },
{ "type": "Feature", "properties": { "osm_id": "7802724302", "code": 2962, "fclass": "water_well", "name": "بئر مياه ابو حمد" }, "geometry": { "type": "Point", "coordinates": [ 40.3811327, 26.1416232 ] } },
{ "type": "Feature", "properties": { "osm_id": "7806927649", "code": 2962, "fclass": "water_well", "name": "" }, "geometry": { "type": "Point", "coordinates": [ 53.0473807, 16.634763 ] } },
{ "type": "Feature", "properties": { "osm_id": "7814218385", "code": 2962, "fclass": "water_well", "name": "مطق أبو رحي" }, "geometry": { "type": "Point", "coordinates": [ 44.1951885, 20.4153333 ] } },
{ "type": "Feature", "properties": { "osm_id": "7844251019", "code": 2962, "fclass": "water_well", "name": "بئر العباسية" }, "geometry": { "type": "Point", "coordinates": [ 39.8962631, 27.1882782 ] } },
{ "type": "Feature", "properties": { "osm_id": "7844272895", "code": 2962, "fclass": "water_well", "name": "بئر الرفدي" }, "geometry": { "type": "Point", "coordinates": [ 40.2284012, 26.9204617 ] } },
{ "type": "Feature", "properties": { "osm_id": "7853135107", "code": 2962, "fclass": "water_well", "name": "جدعة" }, "geometry": { "type": "Point", "coordinates": [ 41.1932047, 26.140204 ] } },
{ "type": "Feature", "properties": { "osm_id": "7927831843", "code": 2962, "fclass": "water_well", "name": "بئر جريداء" }, "geometry": { "type": "Point", "coordinates": [ 38.3229141, 27.4447002 ] } },
{ "type": "Feature", "properties": { "osm_id": "7927998245", "code": 2962, "fclass": "water_well", "name": "بئر" }, "geometry": { "type": "Point", "coordinates": [ 40.4444162, 20.1193835 ] } },
{ "type": "Feature", "properties": { "osm_id": "7937496388", "code": 2962, "fclass": "water_well", "name": "بئر القصير" }, "geometry": { "type": "Point", "coordinates": [ 36.7597694, 25.9516449 ] } },
{ "type": "Feature", "properties": { "osm_id": "7946252086", "code": 2962, "fclass": "water_well", "name": "بئر الأجفر" }, "geometry": { "type": "Point", "coordinates": [ 42.9875967, 27.4606995 ] } },
{ "type": "Feature", "properties": { "osm_id": "7952700305", "code": 2962, "fclass": "water_well", "name": "بئر أم الجماجم" }, "geometry": { "type": "Point", "coordinates": [ 45.3069649, 26.8742142 ] } },
{ "type": "Feature", "properties": { "osm_id": "8004614908", "code": 2962, "fclass": "water_well", "name": "شيب ماء" }, "geometry": { "type": "Point", "coordinates": [ 44.4506304, 27.3122301 ] } },
{ "type": "Feature", "properties": { "osm_id": "8006372833", "code": 2962, "fclass": "water_well", "name": "آبار الأروسه" }, "geometry": { "type": "Point", "coordinates": [ 43.8939678, 22.6873521 ] } },
{ "type": "Feature", "properties": { "osm_id": "8006383959", "code": 2962, "fclass": "water_well", "name": "آبار الحفيرة" }, "geometry": { "type": "Point", "coordinates": [ 43.7949431, 22.7950917 ] } },
{ "type": "Feature", "properties": { "osm_id": "8006390810", "code": 2962, "fclass": "water_well", "name": "آبار الكبدي" }, "geometry": { "type": "Point", "coordinates": [ 43.6703761, 22.8486981 ] } },
{ "type": "Feature", "properties": { "osm_id": "8017693536", "code": 2962, "fclass": "water_well", "name": "" }, "geometry": { "type": "Point", "coordinates": [ 51.0889507, 26.0077867 ] } },
{ "type": "Feature", "properties": { "osm_id": "8021551042", "code": 2962, "fclass": "water_well", "name": "شيب ماء" }, "geometry": { "type": "Point", "coordinates": [ 46.495585, 25.9596592 ] } },
{ "type": "Feature", "properties": { "osm_id": "8034967186", "code": 2962, "fclass": "water_well", "name": "" }, "geometry": { "type": "Point", "coordinates": [ 42.379764, 23.389327 ] } },
{ "type": "Feature", "properties": { "osm_id": "8073958407", "code": 2962, "fclass": "water_well", "name": "بئر" }, "geometry": { "type": "Point", "coordinates": [ 38.7557461, 26.9721065 ] } },
{ "type": "Feature", "properties": { "osm_id": "8124463018", "code": 2962, "fclass": "water_well", "name": "شيب الشباكيه - بئر ماء" }, "geometry": { "type": "Point", "coordinates": [ 42.292477, 26.1607943 ] } },
{ "type": "Feature", "properties": { "osm_id": "8128587817", "code": 2962, "fclass": "water_well", "name": "شيب ماء المحلاني" }, "geometry": { "type": "Point", "coordinates": [ 42.2509703, 26.133017 ] } },
{ "type": "Feature", "properties": { "osm_id": "8154512481", "code": 2962, "fclass": "water_well", "name": "بئر حالي التاريخي" }, "geometry": { "type": "Point", "coordinates": [ 41.921765, 18.3464356 ] } },
{ "type": "Feature", "properties": { "osm_id": "8154535832", "code": 2962, "fclass": "water_well", "name": "بئر الشرى التاريخي" }, "geometry": { "type": "Point", "coordinates": [ 41.9234167, 18.3477239 ] } },
{ "type": "Feature", "properties": { "osm_id": "8154550381", "code": 2962, "fclass": "water_well", "name": "بئر محمد ابن هادي" }, "geometry": { "type": "Point", "coordinates": [ 41.9224761, 18.3438004 ] } },
{ "type": "Feature", "properties": { "osm_id": "8155708785", "code": 2962, "fclass": "water_well", "name": "بئر امضريسية" }, "geometry": { "type": "Point", "coordinates": [ 41.813649, 18.2550793 ] } },
{ "type": "Feature", "properties": { "osm_id": "8155710690", "code": 2962, "fclass": "water_well", "name": "بئر امسنبوك" }, "geometry": { "type": "Point", "coordinates": [ 41.8838748, 18.1626792 ] } },
{ "type": "Feature", "properties": { "osm_id": "8155714113", "code": 2962, "fclass": "water_well", "name": "بئر المقروي" }, "geometry": { "type": "Point", "coordinates": [ 41.8075849, 18.2026083 ] } },
{ "type": "Feature", "properties": { "osm_id": "8208878117", "code": 2962, "fclass": "water_well", "name": "بئر" }, "geometry": { "type": "Point", "coordinates": [ 42.4522126, 18.7027036 ] } },
{ "type": "Feature", "properties": { "osm_id": "8221429786", "code": 2962, "fclass": "water_well", "name": "مورد ماء الزباير" }, "geometry": { "type": "Point", "coordinates": [ 46.2027981, 24.4180686 ] } },
{ "type": "Feature", "properties": { "osm_id": "8269741767", "code": 2962, "fclass": "water_well", "name": "ماء سبيل" }, "geometry": { "type": "Point", "coordinates": [ 46.1912968, 25.4184264 ] } },
{ "type": "Feature", "properties": { "osm_id": "8278859217", "code": 2962, "fclass": "water_well", "name": "خزان ماء" }, "geometry": { "type": "Point", "coordinates": [ 46.192006, 28.3088584 ] } },
{ "type": "Feature", "properties": { "osm_id": "8280632317", "code": 2962, "fclass": "water_well", "name": "خزان ماء السكران" }, "geometry": { "type": "Point", "coordinates": [ 41.397287, 28.0281955 ] } },
{ "type": "Feature", "properties": { "osm_id": "8285642573", "code": 2962, "fclass": "water_well", "name": "ماء سبيل" }, "geometry": { "type": "Point", "coordinates": [ 43.0967125, 26.2167662 ] } },
{ "type": "Feature", "properties": { "osm_id": "8302977516", "code": 2962, "fclass": "water_well", "name": "مروى العنقرية" }, "geometry": { "type": "Point", "coordinates": [ 50.6710682, 24.5975955 ] } },
{ "type": "Feature", "properties": { "osm_id": "8303001130", "code": 2962, "fclass": "water_well", "name": "" }, "geometry": { "type": "Point", "coordinates": [ 50.7402567, 24.7091421 ] } },
{ "type": "Feature", "properties": { "osm_id": "8305309643", "code": 2962, "fclass": "water_well", "name": "" }, "geometry": { "type": "Point", "coordinates": [ 51.0118047, 25.8784223 ] } },
{ "type": "Feature", "properties": { "osm_id": "8305309644", "code": 2962, "fclass": "water_well", "name": "" }, "geometry": { "type": "Point", "coordinates": [ 51.0120054, 25.8776992 ] } },
{ "type": "Feature", "properties": { "osm_id": "8312103427", "code": 2962, "fclass": "water_well", "name": "" }, "geometry": { "type": "Point", "coordinates": [ 38.5117922, 31.6158712 ] } },
{ "type": "Feature", "properties": { "osm_id": "8320370017", "code": 2962, "fclass": "water_well", "name": "" }, "geometry": { "type": "Point", "coordinates": [ 48.1141178, 29.1089292 ] } },
{ "type": "Feature", "properties": { "osm_id": "8324936217", "code": 2962, "fclass": "water_well", "name": "" }, "geometry": { "type": "Point", "coordinates": [ 46.555213, 29.1019688 ] } },
{ "type": "Feature", "properties": { "osm_id": "8325746230", "code": 2962, "fclass": "water_well", "name": "" }, "geometry": { "type": "Point", "coordinates": [ 39.7049928, 31.7297629 ] } },
{ "type": "Feature", "properties": { "osm_id": "8325746243", "code": 2962, "fclass": "water_well", "name": "" }, "geometry": { "type": "Point", "coordinates": [ 39.7050626, 31.738792 ] } },
{ "type": "Feature", "properties": { "osm_id": "8325746256", "code": 2962, "fclass": "water_well", "name": "" }, "geometry": { "type": "Point", "coordinates": [ 39.7037295, 31.7477791 ] } },
{ "type": "Feature", "properties": { "osm_id": "8325746269", "code": 2962, "fclass": "water_well", "name": "" }, "geometry": { "type": "Point", "coordinates": [ 39.7051994, 31.7568839 ] } },
{ "type": "Feature", "properties": { "osm_id": "8325746282", "code": 2962, "fclass": "water_well", "name": "" }, "geometry": { "type": "Point", "coordinates": [ 39.6840984, 31.7570082 ] } },
{ "type": "Feature", "properties": { "osm_id": "8325746295", "code": 2962, "fclass": "water_well", "name": "" }, "geometry": { "type": "Point", "coordinates": [ 39.6840341, 31.7479615 ] } },
{ "type": "Feature", "properties": { "osm_id": "8325746308", "code": 2962, "fclass": "water_well", "name": "" }, "geometry": { "type": "Point", "coordinates": [ 39.6839576, 31.7389425 ] } },
{ "type": "Feature", "properties": { "osm_id": "8325746321", "code": 2962, "fclass": "water_well", "name": "" }, "geometry": { "type": "Point", "coordinates": [ 39.6839107, 31.7298998 ] } },
{ "type": "Feature", "properties": { "osm_id": "8325746334", "code": 2962, "fclass": "water_well", "name": "" }, "geometry": { "type": "Point", "coordinates": [ 39.6629707, 31.7571097 ] } },
{ "type": "Feature", "properties": { "osm_id": "8325746347", "code": 2962, "fclass": "water_well", "name": "" }, "geometry": { "type": "Point", "coordinates": [ 39.6629197, 31.7480801 ] } },
{ "type": "Feature", "properties": { "osm_id": "8325746360", "code": 2962, "fclass": "water_well", "name": "" }, "geometry": { "type": "Point", "coordinates": [ 39.6628527, 31.7390657 ] } },
{ "type": "Feature", "properties": { "osm_id": "8325746373", "code": 2962, "fclass": "water_well", "name": "" }, "geometry": { "type": "Point", "coordinates": [ 39.6627829, 31.7299842 ] } },
{ "type": "Feature", "properties": { "osm_id": "8325746390", "code": 2962, "fclass": "water_well", "name": "" }, "geometry": { "type": "Point", "coordinates": [ 39.6627051, 31.7211711 ] } },
{ "type": "Feature", "properties": { "osm_id": "8325746405", "code": 2962, "fclass": "water_well", "name": "" }, "geometry": { "type": "Point", "coordinates": [ 39.7049231, 31.7207285 ] } },
{ "type": "Feature", "properties": { "osm_id": "8325746406", "code": 2962, "fclass": "water_well", "name": "" }, "geometry": { "type": "Point", "coordinates": [ 39.6838255, 31.7209121 ] } },
{ "type": "Feature", "properties": { "osm_id": "8353839317", "code": 2962, "fclass": "water_well", "name": "" }, "geometry": { "type": "Point", "coordinates": [ 44.8969949, 24.5600679 ] } },
{ "type": "Feature", "properties": { "osm_id": "8404943234", "code": 2962, "fclass": "water_well", "name": "قليب فسحولة" }, "geometry": { "type": "Point", "coordinates": [ 44.4729784, 26.7634464 ] } },
{ "type": "Feature", "properties": { "osm_id": "8439938018", "code": 2962, "fclass": "water_well", "name": "" }, "geometry": { "type": "Point", "coordinates": [ 49.2457431, 23.7959515 ] } },
{ "type": "Feature", "properties": { "osm_id": "8459539320", "code": 2962, "fclass": "water_well", "name": "بير مهجور" }, "geometry": { "type": "Point", "coordinates": [ 41.6614538, 29.7685876 ] } },
{ "type": "Feature", "properties": { "osm_id": "8462952832", "code": 2962, "fclass": "water_well", "name": "بئر القرعاء" }, "geometry": { "type": "Point", "coordinates": [ 44.638423, 21.599911 ] } },
{ "type": "Feature", "properties": { "osm_id": "8478274917", "code": 2962, "fclass": "water_well", "name": "" }, "geometry": { "type": "Point", "coordinates": [ 44.5153454, 25.0539964 ] } },
{ "type": "Feature", "properties": { "osm_id": "8478286117", "code": 2962, "fclass": "water_well", "name": "" }, "geometry": { "type": "Point", "coordinates": [ 44.5239006, 25.0639116 ] } },
{ "type": "Feature", "properties": { "osm_id": "8507102838", "code": 2962, "fclass": "water_well", "name": "بئر فرحة" }, "geometry": { "type": "Point", "coordinates": [ 39.6171081, 27.6140019 ] } },
{ "type": "Feature", "properties": { "osm_id": "8518541894", "code": 2962, "fclass": "water_well", "name": "بئر النخلة ( لبن حصين )" }, "geometry": { "type": "Point", "coordinates": [ 45.4241499, 20.201127 ] } },
{ "type": "Feature", "properties": { "osm_id": "8558484917", "code": 2962, "fclass": "water_well", "name": "الفرية" }, "geometry": { "type": "Point", "coordinates": [ 41.2627124, 27.7705218 ] } },
{ "type": "Feature", "properties": { "osm_id": "8567171417", "code": 2962, "fclass": "water_well", "name": "" }, "geometry": { "type": "Point", "coordinates": [ 44.1846351, 24.9190481 ] } },
{ "type": "Feature", "properties": { "osm_id": "8591306217", "code": 2962, "fclass": "water_well", "name": "" }, "geometry": { "type": "Point", "coordinates": [ 46.7954905, 24.2385165 ] } },
{ "type": "Feature", "properties": { "osm_id": "8592092160", "code": 2962, "fclass": "water_well", "name": "آبار رضوان" }, "geometry": { "type": "Point", "coordinates": [ 39.2974492, 23.1021489 ] } },
{ "type": "Feature", "properties": { "osm_id": "8595063630", "code": 2962, "fclass": "water_well", "name": "آبار الحفاير الأثرية" }, "geometry": { "type": "Point", "coordinates": [ 43.0554458, 18.4876365 ] } },
{ "type": "Feature", "properties": { "osm_id": "8618849884", "code": 2962, "fclass": "water_well", "name": "بئر السولعية" }, "geometry": { "type": "Point", "coordinates": [ 49.7593842, 19.9641495 ] } },
{ "type": "Feature", "properties": { "osm_id": "8635218179", "code": 2962, "fclass": "water_well", "name": "" }, "geometry": { "type": "Point", "coordinates": [ 50.7289265, 24.7125655 ] } },
{ "type": "Feature", "properties": { "osm_id": "8649587442", "code": 2962, "fclass": "water_well", "name": "آبار نقيع" }, "geometry": { "type": "Point", "coordinates": [ 42.5549041, 21.6348033 ] } },
{ "type": "Feature", "properties": { "osm_id": "8663532921", "code": 2962, "fclass": "water_well", "name": "مدي الدلعبي" }, "geometry": { "type": "Point", "coordinates": [ 45.3663946, 19.9557546 ] } },
{ "type": "Feature", "properties": { "osm_id": "8699503167", "code": 2962, "fclass": "water_well", "name": "البشيمانية - بئر ماء" }, "geometry": { "type": "Point", "coordinates": [ 39.8611069, 26.5863552 ] } },
{ "type": "Feature", "properties": { "osm_id": "8713458394", "code": 2962, "fclass": "water_well", "name": "بئر الحسي" }, "geometry": { "type": "Point", "coordinates": [ 45.4993871, 20.1153403 ] } },
{ "type": "Feature", "properties": { "osm_id": "8723384458", "code": 2962, "fclass": "water_well", "name": "خزان ماء حلو" }, "geometry": { "type": "Point", "coordinates": [ 37.250949, 26.706241 ] } },
{ "type": "Feature", "properties": { "osm_id": "8732167362", "code": 2962, "fclass": "water_well", "name": "بئر عقدان الأثرية" }, "geometry": { "type": "Point", "coordinates": [ 43.0972099, 18.3591042 ] } },
{ "type": "Feature", "properties": { "osm_id": "8758982417", "code": 2962, "fclass": "water_well", "name": "آبار الشباك" }, "geometry": { "type": "Point", "coordinates": [ 48.9716249, 27.222865 ] } },
{ "type": "Feature", "properties": { "osm_id": "8766706626", "code": 2962, "fclass": "water_well", "name": "آبار السديرية" }, "geometry": { "type": "Point", "coordinates": [ 42.5985947, 22.0719242 ] } },
{ "type": "Feature", "properties": { "osm_id": "8777663757", "code": 2962, "fclass": "water_well", "name": "ماء حلو سبيل" }, "geometry": { "type": "Point", "coordinates": [ 43.4014789, 25.5058596 ] } },
{ "type": "Feature", "properties": { "osm_id": "8808043530", "code": 2962, "fclass": "water_well", "name": "بئر صداء الأثرية" }, "geometry": { "type": "Point", "coordinates": [ 45.4861755, 24.9720173 ] } },
{ "type": "Feature", "properties": { "osm_id": "8813208172", "code": 2962, "fclass": "water_well", "name": "أم زعلان" }, "geometry": { "type": "Point", "coordinates": [ 42.5794258, 19.0132694 ] } },
{ "type": "Feature", "properties": { "osm_id": "8828795612", "code": 2962, "fclass": "water_well", "name": "مارد ماء حلو" }, "geometry": { "type": "Point", "coordinates": [ 39.1185458, 27.2962652 ] } },
{ "type": "Feature", "properties": { "osm_id": "8867039624", "code": 2962, "fclass": "water_well", "name": "بئر العينة" }, "geometry": { "type": "Point", "coordinates": [ 42.0741778, 19.3224059 ] } },
{ "type": "Feature", "properties": { "osm_id": "8867039726", "code": 2962, "fclass": "water_well", "name": "العوياء" }, "geometry": { "type": "Point", "coordinates": [ 42.0698881, 19.3182927 ] } },
{ "type": "Feature", "properties": { "osm_id": "8949832726", "code": 2962, "fclass": "water_well", "name": "مورد ماء بريدان" }, "geometry": { "type": "Point", "coordinates": [ 39.4839154, 30.2423552 ] } },
{ "type": "Feature", "properties": { "osm_id": "8950809617", "code": 2962, "fclass": "water_well", "name": "آبار الجهوريَّة" }, "geometry": { "type": "Point", "coordinates": [ 42.4236832, 21.7857742 ] } },
{ "type": "Feature", "properties": { "osm_id": "8994241226", "code": 2962, "fclass": "water_well", "name": "آبار الضيرين" }, "geometry": { "type": "Point", "coordinates": [ 43.9591417, 21.9899783 ] } },
{ "type": "Feature", "properties": { "osm_id": "9007412729", "code": 2962, "fclass": "water_well", "name": "عطيفة" }, "geometry": { "type": "Point", "coordinates": [ 43.5246964, 17.6383457 ] } },
{ "type": "Feature", "properties": { "osm_id": "9014681617", "code": 2962, "fclass": "water_well", "name": "" }, "geometry": { "type": "Point", "coordinates": [ 40.8521843, 21.0888014 ] } },
{ "type": "Feature", "properties": { "osm_id": "9023271015", "code": 2962, "fclass": "water_well", "name": "مارد الردايف" }, "geometry": { "type": "Point", "coordinates": [ 39.556424, 28.2977782 ] } },
{ "type": "Feature", "properties": { "osm_id": "9049596819", "code": 2962, "fclass": "water_well", "name": "آبار رضا" }, "geometry": { "type": "Point", "coordinates": [ 48.7447355, 26.6645216 ] } },
{ "type": "Feature", "properties": { "osm_id": "9051639686", "code": 2962, "fclass": "water_well", "name": "بئر برود" }, "geometry": { "type": "Point", "coordinates": [ 43.0555562, 22.3840871 ] } },
{ "type": "Feature", "properties": { "osm_id": "9133102733", "code": 2962, "fclass": "water_well", "name": "بئر الشق" }, "geometry": { "type": "Point", "coordinates": [ 41.5443573, 19.5223732 ] } },
{ "type": "Feature", "properties": { "osm_id": "9133106169", "code": 2962, "fclass": "water_well", "name": "بئر السِّدّان" }, "geometry": { "type": "Point", "coordinates": [ 41.5391464, 19.5184174 ] } },
{ "type": "Feature", "properties": { "osm_id": "9133130338", "code": 2962, "fclass": "water_well", "name": "القريضة" }, "geometry": { "type": "Point", "coordinates": [ 41.5787239, 19.4823189 ] } },
{ "type": "Feature", "properties": { "osm_id": "9133134125", "code": 2962, "fclass": "water_well", "name": "بئر الجَلة" }, "geometry": { "type": "Point", "coordinates": [ 41.5819931, 19.4823322 ] } },
{ "type": "Feature", "properties": { "osm_id": "9133134639", "code": 2962, "fclass": "water_well", "name": "بئر السِعي" }, "geometry": { "type": "Point", "coordinates": [ 41.5796852, 19.4820766 ] } },
{ "type": "Feature", "properties": { "osm_id": "9133138096", "code": 2962, "fclass": "water_well", "name": "بئر بحرة" }, "geometry": { "type": "Point", "coordinates": [ 41.5832405, 19.4820633 ] } },
{ "type": "Feature", "properties": { "osm_id": "9133139128", "code": 2962, "fclass": "water_well", "name": "بئر الركِيّة" }, "geometry": { "type": "Point", "coordinates": [ 41.5817986, 19.4831257 ] } },
{ "type": "Feature", "properties": { "osm_id": "9136051697", "code": 2962, "fclass": "water_well", "name": "آبار شعيل" }, "geometry": { "type": "Point", "coordinates": [ 41.904009, 26.1401043 ] } },
{ "type": "Feature", "properties": { "osm_id": "9139325871", "code": 2962, "fclass": "water_well", "name": "بئر الشامان" }, "geometry": { "type": "Point", "coordinates": [ 39.9067415, 28.1226315 ] } },
{ "type": "Feature", "properties": { "osm_id": "9141093608", "code": 2962, "fclass": "water_well", "name": "بئر أبو علدا" }, "geometry": { "type": "Point", "coordinates": [ 37.4010881, 29.5907422 ] } },
{ "type": "Feature", "properties": { "osm_id": "9141453627", "code": 2962, "fclass": "water_well", "name": "قليبات الناقة" }, "geometry": { "type": "Point", "coordinates": [ 37.4386406, 29.3413067 ] } },
{ "type": "Feature", "properties": { "osm_id": "9200440495", "code": 2962, "fclass": "water_well", "name": "مارد ضريبينات" }, "geometry": { "type": "Point", "coordinates": [ 40.5638753, 28.0850662 ] } },
{ "type": "Feature", "properties": { "osm_id": "9201408666", "code": 2962, "fclass": "water_well", "name": "قويع شبه الوعل" }, "geometry": { "type": "Point", "coordinates": [ 40.9702669, 29.0484767 ] } },
{ "type": "Feature", "properties": { "osm_id": "9201449925", "code": 2962, "fclass": "water_well", "name": "بئر المظاهير" }, "geometry": { "type": "Point", "coordinates": [ 40.2848067, 28.7369283 ] } },
{ "type": "Feature", "properties": { "osm_id": "9207989512", "code": 2962, "fclass": "water_well", "name": "بئر ماء" }, "geometry": { "type": "Point", "coordinates": [ 43.2115596, 24.4137162 ] } },
{ "type": "Feature", "properties": { "osm_id": "9246162977", "code": 2962, "fclass": "water_well", "name": "مارد ماء حلو" }, "geometry": { "type": "Point", "coordinates": [ 39.0214411, 24.8214817 ] } },
{ "type": "Feature", "properties": { "osm_id": "9249572805", "code": 2962, "fclass": "water_well", "name": "" }, "geometry": { "type": "Point", "coordinates": [ 51.3103934, 26.0443056 ] } },
{ "type": "Feature", "properties": { "osm_id": "9249633624", "code": 2962, "fclass": "water_well", "name": "" }, "geometry": { "type": "Point", "coordinates": [ 51.2131273, 26.0020232 ] } },
{ "type": "Feature", "properties": { "osm_id": "9252340439", "code": 2962, "fclass": "water_well", "name": "مارد ماء حلو" }, "geometry": { "type": "Point", "coordinates": [ 36.9766795, 26.9780973 ] } },
{ "type": "Feature", "properties": { "osm_id": "9252830586", "code": 2962, "fclass": "water_well", "name": "مارد ماء حلو" }, "geometry": { "type": "Point", "coordinates": [ 37.2005524, 26.8756591 ] } },
{ "type": "Feature", "properties": { "osm_id": "9263496921", "code": 2962, "fclass": "water_well", "name": "مارد ماء غلاله" }, "geometry": { "type": "Point", "coordinates": [ 38.329468, 27.011833 ] } },
{ "type": "Feature", "properties": { "osm_id": "9266128764", "code": 2962, "fclass": "water_well", "name": "" }, "geometry": { "type": "Point", "coordinates": [ 50.9308513, 25.3904574 ] } },
{ "type": "Feature", "properties": { "osm_id": "9277810143", "code": 2962, "fclass": "water_well", "name": "بئر أبو طرفاء" }, "geometry": { "type": "Point", "coordinates": [ 37.3399772, 24.6934683 ] } },
{ "type": "Feature", "properties": { "osm_id": "9279378961", "code": 2962, "fclass": "water_well", "name": "بئر صالح" }, "geometry": { "type": "Point", "coordinates": [ 37.3502235, 25.069128 ] } },
{ "type": "Feature", "properties": { "osm_id": "9280193446", "code": 2962, "fclass": "water_well", "name": "مارد الرديفه" }, "geometry": { "type": "Point", "coordinates": [ 39.7981779, 27.309005 ] } },
{ "type": "Feature", "properties": { "osm_id": "9292076199", "code": 2962, "fclass": "water_well", "name": "بير ماء" }, "geometry": { "type": "Point", "coordinates": [ 43.2115763, 24.4137175 ] } },
{ "type": "Feature", "properties": { "osm_id": "9295424888", "code": 2962, "fclass": "water_well", "name": "بئر الرفدي الكبريتية" }, "geometry": { "type": "Point", "coordinates": [ 40.2268821, 26.9198795 ] } },
{ "type": "Feature", "properties": { "osm_id": "9309216817", "code": 2962, "fclass": "water_well", "name": "مورد ماء - المعي" }, "geometry": { "type": "Point", "coordinates": [ 39.2815395, 29.3899057 ] } },
{ "type": "Feature", "properties": { "osm_id": "9361372254", "code": 2962, "fclass": "water_well", "name": "مارد ماء مفرطة" }, "geometry": { "type": "Point", "coordinates": [ 44.658123, 23.3015728 ] } },
{ "type": "Feature", "properties": { "osm_id": "9394368717", "code": 2962, "fclass": "water_well", "name": "" }, "geometry": { "type": "Point", "coordinates": [ 46.7787505, 25.7296292 ] } },
{ "type": "Feature", "properties": { "osm_id": "9420785029", "code": 2962, "fclass": "water_well", "name": "ماء حلو سبيل" }, "geometry": { "type": "Point", "coordinates": [ 43.1503053, 24.9092572 ] } },
{ "type": "Feature", "properties": { "osm_id": "9443504206", "code": 2962, "fclass": "water_well", "name": "مارد ضريبين" }, "geometry": { "type": "Point", "coordinates": [ 40.5629023, 28.0852479 ] } },
{ "type": "Feature", "properties": { "osm_id": "9443799354", "code": 2962, "fclass": "water_well", "name": "نبع دوكة" }, "geometry": { "type": "Point", "coordinates": [ 53.7332089, 18.5710063 ] } },
{ "type": "Feature", "properties": { "osm_id": "9494389590", "code": 2962, "fclass": "water_well", "name": "" }, "geometry": { "type": "Point", "coordinates": [ 51.09042, 25.3013346 ] } },
{ "type": "Feature", "properties": { "osm_id": "9500531400", "code": 2962, "fclass": "water_well", "name": "" }, "geometry": { "type": "Point", "coordinates": [ 50.9388486, 25.5383196 ] } },
{ "type": "Feature", "properties": { "osm_id": "9509560791", "code": 2962, "fclass": "water_well", "name": "بئر برمة" }, "geometry": { "type": "Point", "coordinates": [ 41.4492493, 21.8523617 ] } },
{ "type": "Feature", "properties": { "osm_id": "9534242084", "code": 2962, "fclass": "water_well", "name": "" }, "geometry": { "type": "Point", "coordinates": [ 51.119191, 24.8606441 ] } },
{ "type": "Feature", "properties": { "osm_id": "9615064925", "code": 2962, "fclass": "water_well", "name": "مورد نعام" }, "geometry": { "type": "Point", "coordinates": [ 43.9393196, 19.2120399 ] } },
{ "type": "Feature", "properties": { "osm_id": "9626322426", "code": 2962, "fclass": "water_well", "name": "آبار الفريع" }, "geometry": { "type": "Point", "coordinates": [ 43.8694347, 19.2230791 ] } },
{ "type": "Feature", "properties": { "osm_id": "9667716489", "code": 2962, "fclass": "water_well", "name": "" }, "geometry": { "type": "Point", "coordinates": [ 51.1769993, 25.677772 ] } },
{ "type": "Feature", "properties": { "osm_id": "9675342564", "code": 2962, "fclass": "water_well", "name": "بئر دوخي" }, "geometry": { "type": "Point", "coordinates": [ 41.316103, 21.358893 ] } },
{ "type": "Feature", "properties": { "osm_id": "9675444233", "code": 2962, "fclass": "water_well", "name": "بئر غازي" }, "geometry": { "type": "Point", "coordinates": [ 41.3187229, 21.3585444 ] } },
{ "type": "Feature", "properties": { "osm_id": "9699918517", "code": 2962, "fclass": "water_well", "name": "بئر ماء داخل حدية عامة" }, "geometry": { "type": "Point", "coordinates": [ 46.770541, 24.5981675 ] } },
{ "type": "Feature", "properties": { "osm_id": "9754836276", "code": 2962, "fclass": "water_well", "name": "بئر قرّأ" }, "geometry": { "type": "Point", "coordinates": [ 43.4889894, 19.0057322 ] } },
{ "type": "Feature", "properties": { "osm_id": "9756682090", "code": 2962, "fclass": "water_well", "name": "" }, "geometry": { "type": "Point", "coordinates": [ 51.2841917, 25.5286235 ] } },
{ "type": "Feature", "properties": { "osm_id": "9812447221", "code": 2962, "fclass": "water_well", "name": "ريع نقبين" }, "geometry": { "type": "Point", "coordinates": [ 38.8625196, 24.2841358 ] } },
{ "type": "Feature", "properties": { "osm_id": "9823199449", "code": 2962, "fclass": "water_well", "name": "مارد النصافي" }, "geometry": { "type": "Point", "coordinates": [ 44.5760385, 28.0962125 ] } },
{ "type": "Feature", "properties": { "osm_id": "9906839795", "code": 2962, "fclass": "water_well", "name": "بئر الغول" }, "geometry": { "type": "Point", "coordinates": [ 43.0723104, 18.4664003 ] } },
{ "type": "Feature", "properties": { "osm_id": "9930695710", "code": 2962, "fclass": "water_well", "name": "عين الشيحان" }, "geometry": { "type": "Point", "coordinates": [ 42.3016575, 27.8839946 ] } },
{ "type": "Feature", "properties": { "osm_id": "9953906317", "code": 2962, "fclass": "water_well", "name": "قلمة المالحة الكنيب" }, "geometry": { "type": "Point", "coordinates": [ 47.2096103, 28.2622282 ] } },
{ "type": "Feature", "properties": { "osm_id": "9953992017", "code": 2962, "fclass": "water_well", "name": "" }, "geometry": { "type": "Point", "coordinates": [ 48.0351638, 24.0729639 ] } },
{ "type": "Feature", "properties": { "osm_id": "10046509717", "code": 2962, "fclass": "water_well", "name": "" }, "geometry": { "type": "Point", "coordinates": [ 43.4490696, 25.3846884 ] } },
{ "type": "Feature", "properties": { "osm_id": "10046635817", "code": 2962, "fclass": "water_well", "name": "" }, "geometry": { "type": "Point", "coordinates": [ 43.5519943, 25.4589442 ] } },
{ "type": "Feature", "properties": { "osm_id": "10049009501", "code": 2962, "fclass": "water_well", "name": "" }, "geometry": { "type": "Point", "coordinates": [ 50.9413466, 25.29475 ] } },
{ "type": "Feature", "properties": { "osm_id": "10049009502", "code": 2962, "fclass": "water_well", "name": "" }, "geometry": { "type": "Point", "coordinates": [ 50.941325, 25.294975 ] } },
{ "type": "Feature", "properties": { "osm_id": "10049009503", "code": 2962, "fclass": "water_well", "name": "" }, "geometry": { "type": "Point", "coordinates": [ 50.9413652, 25.2946602 ] } },
{ "type": "Feature", "properties": { "osm_id": "10058598517", "code": 2962, "fclass": "water_well", "name": "" }, "geometry": { "type": "Point", "coordinates": [ 41.7219514, 27.3825134 ] } },
{ "type": "Feature", "properties": { "osm_id": "10140409517", "code": 2962, "fclass": "water_well", "name": "المابيه" }, "geometry": { "type": "Point", "coordinates": [ 38.1012702, 31.0123225 ] } },
{ "type": "Feature", "properties": { "osm_id": "10140409518", "code": 2962, "fclass": "water_well", "name": "جابيه المابيه" }, "geometry": { "type": "Point", "coordinates": [ 38.053769, 31.0599442 ] } },
{ "type": "Feature", "properties": { "osm_id": "10144377481", "code": 2962, "fclass": "water_well", "name": "مارد المقناة" }, "geometry": { "type": "Point", "coordinates": [ 40.743898, 28.2556376 ] } },
{ "type": "Feature", "properties": { "osm_id": "10144572078", "code": 2962, "fclass": "water_well", "name": "مارد الخريزة" }, "geometry": { "type": "Point", "coordinates": [ 41.8736524, 28.497502 ] } },
{ "type": "Feature", "properties": { "osm_id": "10182152856", "code": 2962, "fclass": "water_well", "name": "شيب الماء بالنسيم الشرقي" }, "geometry": { "type": "Point", "coordinates": [ 46.856169, 24.7174947 ] } },
{ "type": "Feature", "properties": { "osm_id": "10182152858", "code": 2962, "fclass": "water_well", "name": "شيب عبدالله الحيدان" }, "geometry": { "type": "Point", "coordinates": [ 46.854492, 24.670591 ] } },
{ "type": "Feature", "properties": { "osm_id": "10184179378", "code": 2962, "fclass": "water_well", "name": "شيب مياه القادسية" }, "geometry": { "type": "Point", "coordinates": [ 46.8369101, 24.813572 ] } },
{ "type": "Feature", "properties": { "osm_id": "10184964814", "code": 2962, "fclass": "water_well", "name": "ارتواز عبدالله" }, "geometry": { "type": "Point", "coordinates": [ 35.9039429, 28.3229372 ] } },
{ "type": "Feature", "properties": { "osm_id": "10184998149", "code": 2962, "fclass": "water_well", "name": "ارتواز سدير" }, "geometry": { "type": "Point", "coordinates": [ 35.8390635, 28.8675021 ] } },
{ "type": "Feature", "properties": { "osm_id": "10185004919", "code": 2962, "fclass": "water_well", "name": "بئر ارتوازي الشكاعة" }, "geometry": { "type": "Point", "coordinates": [ 36.1701963, 28.3452474 ] } },
{ "type": "Feature", "properties": { "osm_id": "10185196726", "code": 2962, "fclass": "water_well", "name": "شيب ماء" }, "geometry": { "type": "Point", "coordinates": [ 46.6020874, 24.8805294 ] } },
{ "type": "Feature", "properties": { "osm_id": "10187658144", "code": 2962, "fclass": "water_well", "name": "بئر حيدر" }, "geometry": { "type": "Point", "coordinates": [ 37.1261647, 28.0915945 ] } },
{ "type": "Feature", "properties": { "osm_id": "10187658148", "code": 2962, "fclass": "water_well", "name": "بئر مياه الرويحا" }, "geometry": { "type": "Point", "coordinates": [ 37.2267682, 28.106987 ] } },
{ "type": "Feature", "properties": { "osm_id": "10196470261", "code": 2962, "fclass": "water_well", "name": "مورد ماء - زبالا" }, "geometry": { "type": "Point", "coordinates": [ 43.554495, 29.385632 ] } },
{ "type": "Feature", "properties": { "osm_id": "10196470266", "code": 2962, "fclass": "water_well", "name": "بئر الجبيلي" }, "geometry": { "type": "Point", "coordinates": [ 41.6066078, 29.1771016 ] } },
{ "type": "Feature", "properties": { "osm_id": "10196533812", "code": 2962, "fclass": "water_well", "name": "قلمة رمثان" }, "geometry": { "type": "Point", "coordinates": [ 47.0310555, 28.4480285 ] } },
{ "type": "Feature", "properties": { "osm_id": "10196657520", "code": 2962, "fclass": "water_well", "name": "مارد السلمان" }, "geometry": { "type": "Point", "coordinates": [ 42.800052, 28.4313869 ] } },
{ "type": "Feature", "properties": { "osm_id": "10197398331", "code": 2962, "fclass": "water_well", "name": "قلته مطلة" }, "geometry": { "type": "Point", "coordinates": [ 46.4697579, 23.752577 ] } },
{ "type": "Feature", "properties": { "osm_id": "10203241679", "code": 2962, "fclass": "water_well", "name": "ماء ابار" }, "geometry": { "type": "Point", "coordinates": [ 39.6377539, 24.4869043 ] } },
{ "type": "Feature", "properties": { "osm_id": "10206731167", "code": 2962, "fclass": "water_well", "name": "شيب مياه الطعيسي" }, "geometry": { "type": "Point", "coordinates": [ 44.284975, 25.8495627 ] } },
{ "type": "Feature", "properties": { "osm_id": "10206731213", "code": 2962, "fclass": "water_well", "name": "شيب ماء سقياء الماء" }, "geometry": { "type": "Point", "coordinates": [ 45.7944874, 25.5876259 ] } },
{ "type": "Feature", "properties": { "osm_id": "10206731552", "code": 2962, "fclass": "water_well", "name": "شيّب ماء السنيدي بالعب" }, "geometry": { "type": "Point", "coordinates": [ 45.302103, 25.408243 ] } },
{ "type": "Feature", "properties": { "osm_id": "10219191518", "code": 2962, "fclass": "water_well", "name": "بئر الشرحة" }, "geometry": { "type": "Point", "coordinates": [ 42.7578991, 17.9900854 ] } },
{ "type": "Feature", "properties": { "osm_id": "10219275968", "code": 2962, "fclass": "water_well", "name": "شيب مياه دمشق - دبات" }, "geometry": { "type": "Point", "coordinates": [ 44.1491298, 17.4888017 ] } },
{ "type": "Feature", "properties": { "osm_id": "10219868386", "code": 2962, "fclass": "water_well", "name": "مياه" }, "geometry": { "type": "Point", "coordinates": [ 53.8915284, 17.0909398 ] } },
{ "type": "Feature", "properties": { "osm_id": "10246031035", "code": 2962, "fclass": "water_well", "name": "" }, "geometry": { "type": "Point", "coordinates": [ 51.4352697, 25.0980799 ] } },
{ "type": "Feature", "properties": { "osm_id": "10269233541", "code": 2962, "fclass": "water_well", "name": "مياة تحلية سبيل" }, "geometry": { "type": "Point", "coordinates": [ 39.2275281, 24.258276 ] } },
{ "type": "Feature", "properties": { "osm_id": "10277627410", "code": 2962, "fclass": "water_well", "name": "ماء سبيل" }, "geometry": { "type": "Point", "coordinates": [ 38.8338925, 23.8042165 ] } },
{ "type": "Feature", "properties": { "osm_id": "10284570148", "code": 2962, "fclass": "water_well", "name": "بئر ذات الاصاد" }, "geometry": { "type": "Point", "coordinates": [ 42.0014841, 23.8343926 ] } },
{ "type": "Feature", "properties": { "osm_id": "10289997946", "code": 2962, "fclass": "water_well", "name": "بئر عسافة" }, "geometry": { "type": "Point", "coordinates": [ 44.526516, 25.6777268 ] } },
{ "type": "Feature", "properties": { "osm_id": "10312876065", "code": 2962, "fclass": "water_well", "name": "قلمة خيوط الغربان" }, "geometry": { "type": "Point", "coordinates": [ 51.7295927, 23.616447 ] } },
{ "type": "Feature", "properties": { "osm_id": "10574398650", "code": 2962, "fclass": "water_well", "name": "ماء حلو سبيل" }, "geometry": { "type": "Point", "coordinates": [ 38.8343257, 24.178349 ] } },
{ "type": "Feature", "properties": { "osm_id": "10584129967", "code": 2962, "fclass": "water_well", "name": "بئر عويصة" }, "geometry": { "type": "Point", "coordinates": [ 39.8370183, 21.0817805 ] } },
{ "type": "Feature", "properties": { "osm_id": "10584188917", "code": 2962, "fclass": "water_well", "name": "بئر وخزان مياة للتعبئة" }, "geometry": { "type": "Point", "coordinates": [ 39.7463909, 20.9682091 ] } },
{ "type": "Feature", "properties": { "osm_id": "10586567150", "code": 2962, "fclass": "water_well", "name": "بئر عالي" }, "geometry": { "type": "Point", "coordinates": [ 39.9925278, 20.5906016 ] } },
{ "type": "Feature", "properties": { "osm_id": "10588142044", "code": 2962, "fclass": "water_well", "name": "ماء حلو سبيل" }, "geometry": { "type": "Point", "coordinates": [ 40.48277, 20.4112456 ] } },
{ "type": "Feature", "properties": { "osm_id": "10588852633", "code": 2962, "fclass": "water_well", "name": "ماء حلو سبيل" }, "geometry": { "type": "Point", "coordinates": [ 40.6456432, 20.5682409 ] } },
{ "type": "Feature", "properties": { "osm_id": "10588985140", "code": 2962, "fclass": "water_well", "name": "ماء حلو سبيل" }, "geometry": { "type": "Point", "coordinates": [ 40.785479, 20.5200929 ] } },
{ "type": "Feature", "properties": { "osm_id": "10591194785", "code": 2962, "fclass": "water_well", "name": "ماء حلو سبيل" }, "geometry": { "type": "Point", "coordinates": [ 40.878675, 20.4316758 ] } },
{ "type": "Feature", "properties": { "osm_id": "10597157686", "code": 2962, "fclass": "water_well", "name": "بئر الفريهيدية" }, "geometry": { "type": "Point", "coordinates": [ 42.2456775, 28.7143155 ] } },
{ "type": "Feature", "properties": { "osm_id": "10597157687", "code": 2962, "fclass": "water_well", "name": "بئر الاطواء" }, "geometry": { "type": "Point", "coordinates": [ 42.2527542, 28.4693337 ] } },
{ "type": "Feature", "properties": { "osm_id": "10597157688", "code": 2962, "fclass": "water_well", "name": "بئر الحيانية" }, "geometry": { "type": "Point", "coordinates": [ 42.3116039, 28.7027336 ] } },
{ "type": "Feature", "properties": { "osm_id": "10597157689", "code": 2962, "fclass": "water_well", "name": "قلبان الجفيرات" }, "geometry": { "type": "Point", "coordinates": [ 42.1136615, 28.5236246 ] } },
{ "type": "Feature", "properties": { "osm_id": "10597157690", "code": 2962, "fclass": "water_well", "name": "بئر نقذة" }, "geometry": { "type": "Point", "coordinates": [ 41.6576183, 28.4515839 ] } },
{ "type": "Feature", "properties": { "osm_id": "10597157691", "code": 2962, "fclass": "water_well", "name": "بئر العليم" }, "geometry": { "type": "Point", "coordinates": [ 40.4484071, 28.7631656 ] } },
{ "type": "Feature", "properties": { "osm_id": "10597157692", "code": 2962, "fclass": "water_well", "name": "بئر ام الدلى" }, "geometry": { "type": "Point", "coordinates": [ 41.9034056, 28.5360291 ] } },
{ "type": "Feature", "properties": { "osm_id": "10597157693", "code": 2962, "fclass": "water_well", "name": "قليب مرفي" }, "geometry": { "type": "Point", "coordinates": [ 41.9042268, 28.3167295 ] } },
{ "type": "Feature", "properties": { "osm_id": "10597157694", "code": 2962, "fclass": "water_well", "name": "بئر طناب" }, "geometry": { "type": "Point", "coordinates": [ 40.327602, 29.0432653 ] } },
{ "type": "Feature", "properties": { "osm_id": "10597157695", "code": 2962, "fclass": "water_well", "name": "بئر الحني" }, "geometry": { "type": "Point", "coordinates": [ 42.1756372, 28.1332972 ] } },
{ "type": "Feature", "properties": { "osm_id": "10597157696", "code": 2962, "fclass": "water_well", "name": "بئر المكلاة" }, "geometry": { "type": "Point", "coordinates": [ 42.0639914, 28.7836297 ] } },
{ "type": "Feature", "properties": { "osm_id": "10597157697", "code": 2962, "fclass": "water_well", "name": "بئر الاميلس" }, "geometry": { "type": "Point", "coordinates": [ 42.3869571, 28.5529265 ] } },
{ "type": "Feature", "properties": { "osm_id": "10597197106", "code": 2962, "fclass": "water_well", "name": "بئر ماء" }, "geometry": { "type": "Point", "coordinates": [ 41.5352111, 27.8482418 ] } },
{ "type": "Feature", "properties": { "osm_id": "10614137144", "code": 2962, "fclass": "water_well", "name": "بئر ماء - يعمل" }, "geometry": { "type": "Point", "coordinates": [ 41.7313298, 30.0317991 ] } },
{ "type": "Feature", "properties": { "osm_id": "10642015820", "code": 2962, "fclass": "water_well", "name": "بئر ماء" }, "geometry": { "type": "Point", "coordinates": [ 42.389887, 28.6503217 ] } },
{ "type": "Feature", "properties": { "osm_id": "10659089523", "code": 2962, "fclass": "water_well", "name": "بئر السائب" }, "geometry": { "type": "Point", "coordinates": [ 39.9285756, 24.6852267 ] } },
{ "type": "Feature", "properties": { "osm_id": "10677841048", "code": 2962, "fclass": "water_well", "name": "بير كحلة" }, "geometry": { "type": "Point", "coordinates": [ 43.7431396, 28.7654561 ] } },
{ "type": "Feature", "properties": { "osm_id": "10677841049", "code": 2962, "fclass": "water_well", "name": "قليب جنوب لينة" }, "geometry": { "type": "Point", "coordinates": [ 43.7372293, 28.7475541 ] } },
{ "type": "Feature", "properties": { "osm_id": "10677990810", "code": 2962, "fclass": "water_well", "name": "بئر الصانعية" }, "geometry": { "type": "Point", "coordinates": [ 43.7347619, 28.7481008 ] } },
{ "type": "Feature", "properties": { "osm_id": "10678030461", "code": 2962, "fclass": "water_well", "name": "بئر عجاجة" }, "geometry": { "type": "Point", "coordinates": [ 43.7395915, 28.7708588 ] } },
{ "type": "Feature", "properties": { "osm_id": "10678280378", "code": 2962, "fclass": "water_well", "name": "آبار ثمائل نعجة" }, "geometry": { "type": "Point", "coordinates": [ 43.9044756, 28.6830145 ] } },
{ "type": "Feature", "properties": { "osm_id": "10678631786", "code": 2962, "fclass": "water_well", "name": "بئر بن شريم" }, "geometry": { "type": "Point", "coordinates": [ 43.0129378, 28.3213965 ] } },
{ "type": "Feature", "properties": { "osm_id": "10683971676", "code": 2962, "fclass": "water_well", "name": "بئر ماء - الابرق" }, "geometry": { "type": "Point", "coordinates": [ 40.2542266, 28.4131052 ] } },
{ "type": "Feature", "properties": { "osm_id": "10687708957", "code": 2962, "fclass": "water_well", "name": "آبار حمى التاريخية" }, "geometry": { "type": "Point", "coordinates": [ 44.4511383, 18.250717 ] } },
{ "type": "Feature", "properties": { "osm_id": "10698658670", "code": 2962, "fclass": "water_well", "name": "Ţawī Burairat" }, "geometry": { "type": "Point", "coordinates": [ 56.0490951, 25.7781409 ] } },
{ "type": "Feature", "properties": { "osm_id": "10700534400", "code": 2962, "fclass": "water_well", "name": "بئر ماء - المحفور" }, "geometry": { "type": "Point", "coordinates": [ 41.9511877, 28.9146646 ] } },
{ "type": "Feature", "properties": { "osm_id": "10740679065", "code": 2962, "fclass": "water_well", "name": "آبار الكومخة" }, "geometry": { "type": "Point", "coordinates": [ 42.8363398, 18.9731888 ] } },
{ "type": "Feature", "properties": { "osm_id": "10740679999", "code": 2962, "fclass": "water_well", "name": "ماء حلو سبيل" }, "geometry": { "type": "Point", "coordinates": [ 42.8952224, 18.9202258 ] } },
{ "type": "Feature", "properties": { "osm_id": "10741888418", "code": 2962, "fclass": "water_well", "name": "ابار ملاح بيشة" }, "geometry": { "type": "Point", "coordinates": [ 42.6068497, 19.4335995 ] } },
{ "type": "Feature", "properties": { "osm_id": "10752888445", "code": 2962, "fclass": "water_well", "name": "" }, "geometry": { "type": "Point", "coordinates": [ 51.1782837, 25.6600835 ] } },
{ "type": "Feature", "properties": { "osm_id": "10765550281", "code": 2962, "fclass": "water_well", "name": "" }, "geometry": { "type": "Point", "coordinates": [ 51.1795127, 25.6700542 ] } },
{ "type": "Feature", "properties": { "osm_id": "10785541805", "code": 2962, "fclass": "water_well", "name": "آبار البييضاء" }, "geometry": { "type": "Point", "coordinates": [ 44.36609, 21.7777775 ] } },
{ "type": "Feature", "properties": { "osm_id": "10804645204", "code": 2962, "fclass": "water_well", "name": "بئر مسلط بن قطنان" }, "geometry": { "type": "Point", "coordinates": [ 42.7733354, 21.5390062 ] } },
{ "type": "Feature", "properties": { "osm_id": "10804731180", "code": 2962, "fclass": "water_well", "name": "بئر سعد بن هميل" }, "geometry": { "type": "Point", "coordinates": [ 42.8289108, 21.4985199 ] } },
{ "type": "Feature", "properties": { "osm_id": "10822251744", "code": 2962, "fclass": "water_well", "name": "" }, "geometry": { "type": "Point", "coordinates": [ 53.7051281, 17.4071196 ] } },
{ "type": "Feature", "properties": { "osm_id": "10825202806", "code": 2962, "fclass": "water_well", "name": "قلبان أبو ركبة" }, "geometry": { "type": "Point", "coordinates": [ 46.2904742, 25.7956081 ] } },
{ "type": "Feature", "properties": { "osm_id": "10826853223", "code": 2962, "fclass": "water_well", "name": "" }, "geometry": { "type": "Point", "coordinates": [ 54.8630968, 19.567649 ] } },
{ "type": "Feature", "properties": { "osm_id": "10841660626", "code": 2962, "fclass": "water_well", "name": "" }, "geometry": { "type": "Point", "coordinates": [ 41.4447431, 19.9295544 ] } },
{ "type": "Feature", "properties": { "osm_id": "10875865266", "code": 2962, "fclass": "water_well", "name": "ماء حلو سبيل" }, "geometry": { "type": "Point", "coordinates": [ 44.0576425, 18.8115731 ] } },
{ "type": "Feature", "properties": { "osm_id": "10877143580", "code": 2962, "fclass": "water_well", "name": "خزان ماء حلو" }, "geometry": { "type": "Point", "coordinates": [ 43.5761658, 18.6392783 ] } },
{ "type": "Feature", "properties": { "osm_id": "10882761866", "code": 2962, "fclass": "water_well", "name": "بئر الحطيئة" }, "geometry": { "type": "Point", "coordinates": [ 45.1332824, 26.040706 ] } },
{ "type": "Feature", "properties": { "osm_id": "10882801919", "code": 2962, "fclass": "water_well", "name": "ماء حلو سبيل" }, "geometry": { "type": "Point", "coordinates": [ 45.2741845, 22.7659025 ] } },
{ "type": "Feature", "properties": { "osm_id": "10882848920", "code": 2962, "fclass": "water_well", "name": "ماء حلو سبيل" }, "geometry": { "type": "Point", "coordinates": [ 45.2808203, 22.7704032 ] } },
{ "type": "Feature", "properties": { "osm_id": "10897834965", "code": 2962, "fclass": "water_well", "name": "ماء حلو سبيل" }, "geometry": { "type": "Point", "coordinates": [ 44.6579759, 23.2685121 ] } },
{ "type": "Feature", "properties": { "osm_id": "10905700088", "code": 2962, "fclass": "water_well", "name": "بئر اللوزة" }, "geometry": { "type": "Point", "coordinates": [ 43.4786094, 18.4633481 ] } },
{ "type": "Feature", "properties": { "osm_id": "10915546883", "code": 2962, "fclass": "water_well", "name": "" }, "geometry": { "type": "Point", "coordinates": [ 51.2851114, 25.5283806 ] } },
{ "type": "Feature", "properties": { "osm_id": "10920674940", "code": 2962, "fclass": "water_well", "name": "ماء حلو سبيل" }, "geometry": { "type": "Point", "coordinates": [ 44.2695555, 19.1917627 ] } },
{ "type": "Feature", "properties": { "osm_id": "10933338274", "code": 2962, "fclass": "water_well", "name": "" }, "geometry": { "type": "Point", "coordinates": [ 51.067178, 25.2045529 ] } },
{ "type": "Feature", "properties": { "osm_id": "10944219121", "code": 2962, "fclass": "water_well", "name": "" }, "geometry": { "type": "Point", "coordinates": [ 45.1542141, 20.4006599 ] } },
{ "type": "Feature", "properties": { "osm_id": "10944219122", "code": 2962, "fclass": "water_well", "name": "" }, "geometry": { "type": "Point", "coordinates": [ 45.1572386, 20.398138 ] } },
{ "type": "Feature", "properties": { "osm_id": "10944219123", "code": 2962, "fclass": "water_well", "name": "" }, "geometry": { "type": "Point", "coordinates": [ 45.1502525, 20.3965449 ] } },
{ "type": "Feature", "properties": { "osm_id": "10944219124", "code": 2962, "fclass": "water_well", "name": "" }, "geometry": { "type": "Point", "coordinates": [ 45.1444524, 20.4047608 ] } },
{ "type": "Feature", "properties": { "osm_id": "10944219125", "code": 2962, "fclass": "water_well", "name": "" }, "geometry": { "type": "Point", "coordinates": [ 45.1394816, 20.4057849 ] } },
{ "type": "Feature", "properties": { "osm_id": "10944219126", "code": 2962, "fclass": "water_well", "name": "" }, "geometry": { "type": "Point", "coordinates": [ 45.1346578, 20.4034509 ] } },
{ "type": "Feature", "properties": { "osm_id": "10944219127", "code": 2962, "fclass": "water_well", "name": "" }, "geometry": { "type": "Point", "coordinates": [ 45.1332012, 20.4077077 ] } },
{ "type": "Feature", "properties": { "osm_id": "10944219128", "code": 2962, "fclass": "water_well", "name": "" }, "geometry": { "type": "Point", "coordinates": [ 45.1286797, 20.4055366 ] } },
{ "type": "Feature", "properties": { "osm_id": "10948477529", "code": 2962, "fclass": "water_well", "name": "" }, "geometry": { "type": "Point", "coordinates": [ 42.8742596, 17.0276977 ] } },
{ "type": "Feature", "properties": { "osm_id": "10948635717", "code": 2962, "fclass": "water_well", "name": "" }, "geometry": { "type": "Point", "coordinates": [ 41.8451811, 16.8174436 ] } },
{ "type": "Feature", "properties": { "osm_id": "10968772542", "code": 2962, "fclass": "water_well", "name": "بئر ماء" }, "geometry": { "type": "Point", "coordinates": [ 39.4916598, 27.2444546 ] } },
{ "type": "Feature", "properties": { "osm_id": "10968825443", "code": 2962, "fclass": "water_well", "name": "بئر ماء - مارد حلوان" }, "geometry": { "type": "Point", "coordinates": [ 39.1189723, 27.2963932 ] } },
{ "type": "Feature", "properties": { "osm_id": "10970203969", "code": 2962, "fclass": "water_well", "name": "" }, "geometry": { "type": "Point", "coordinates": [ 42.8256343, 16.9819976 ] } },
{ "type": "Feature", "properties": { "osm_id": "11044471957", "code": 2962, "fclass": "water_well", "name": "بئر القوزية" }, "geometry": { "type": "Point", "coordinates": [ 42.3843215, 17.4855545 ] } },
{ "type": "Feature", "properties": { "osm_id": "11061981496", "code": 2962, "fclass": "water_well", "name": "" }, "geometry": { "type": "Point", "coordinates": [ 42.7042651, 16.907528 ] } },
{ "type": "Feature", "properties": { "osm_id": "11074095394", "code": 2962, "fclass": "water_well", "name": "مارد الجول" }, "geometry": { "type": "Point", "coordinates": [ 39.7121468, 25.6327038 ] } },
{ "type": "Feature", "properties": { "osm_id": "11078575820", "code": 2962, "fclass": "water_well", "name": "البدع" }, "geometry": { "type": "Point", "coordinates": [ 42.3537922, 26.2751389 ] } },
{ "type": "Feature", "properties": { "osm_id": "11079442605", "code": 2962, "fclass": "water_well", "name": "بئر ماء" }, "geometry": { "type": "Point", "coordinates": [ 40.3948312, 27.6871772 ] } },
{ "type": "Feature", "properties": { "osm_id": "11108956405", "code": 2962, "fclass": "water_well", "name": "آبار الرِس" }, "geometry": { "type": "Point", "coordinates": [ 42.641702, 25.201873 ] } },
{ "type": "Feature", "properties": { "osm_id": "11129166177", "code": 2962, "fclass": "water_well", "name": "" }, "geometry": { "type": "Point", "coordinates": [ 51.2869314, 25.4242559 ] } },
{ "type": "Feature", "properties": { "osm_id": "11164419447", "code": 2962, "fclass": "water_well", "name": "" }, "geometry": { "type": "Point", "coordinates": [ 51.2907184, 25.4013666 ] } },
{ "type": "Feature", "properties": { "osm_id": "11197425437", "code": 2962, "fclass": "water_well", "name": "تعبئة ماء سبيل" }, "geometry": { "type": "Point", "coordinates": [ 41.0486822, 20.5731689 ] } },
{ "type": "Feature", "properties": { "osm_id": "11202912262", "code": 2962, "fclass": "water_well", "name": "ماء حلو سبيل" }, "geometry": { "type": "Point", "coordinates": [ 42.8610089, 19.2720284 ] } },
{ "type": "Feature", "properties": { "osm_id": "11204870934", "code": 2962, "fclass": "water_well", "name": "مورد ماء غرب لينه" }, "geometry": { "type": "Point", "coordinates": [ 43.6050904, 28.8259001 ] } },
{ "type": "Feature", "properties": { "osm_id": "11204870968", "code": 2962, "fclass": "water_well", "name": "مورد ماء - المورده" }, "geometry": { "type": "Point", "coordinates": [ 43.5887289, 28.9662372 ] } },
{ "type": "Feature", "properties": { "osm_id": "11204939528", "code": 2962, "fclass": "water_well", "name": "بئر المصندق" }, "geometry": { "type": "Point", "coordinates": [ 43.8898444, 29.2740478 ] } },
{ "type": "Feature", "properties": { "osm_id": "11207310148", "code": 2962, "fclass": "water_well", "name": "مورد ماء" }, "geometry": { "type": "Point", "coordinates": [ 42.2214442, 28.7939933 ] } },
{ "type": "Feature", "properties": { "osm_id": "11214933544", "code": 2962, "fclass": "water_well", "name": "" }, "geometry": { "type": "Point", "coordinates": [ 51.3683853, 25.6847587 ] } },
{ "type": "Feature", "properties": { "osm_id": "11234498459", "code": 2962, "fclass": "water_well", "name": "شيب الجبهان" }, "geometry": { "type": "Point", "coordinates": [ 43.6313707, 29.5736682 ] } },
{ "type": "Feature", "properties": { "osm_id": "11234619173", "code": 2962, "fclass": "water_well", "name": "قليب ابن عناز" }, "geometry": { "type": "Point", "coordinates": [ 43.7473095, 29.0901423 ] } },
{ "type": "Feature", "properties": { "osm_id": "11262626409", "code": 2962, "fclass": "water_well", "name": "ماء حلو سبيل" }, "geometry": { "type": "Point", "coordinates": [ 42.6973989, 26.0504645 ] } },
{ "type": "Feature", "properties": { "osm_id": "11262627621", "code": 2962, "fclass": "water_well", "name": "ماء حلو سبيل" }, "geometry": { "type": "Point", "coordinates": [ 42.4331118, 26.3015933 ] } },
{ "type": "Feature", "properties": { "osm_id": "11268705377", "code": 2962, "fclass": "water_well", "name": "" }, "geometry": { "type": "Point", "coordinates": [ 52.3013103, 23.9846088 ] } },
{ "type": "Feature", "properties": { "osm_id": "11268929295", "code": 2962, "fclass": "water_well", "name": "بئر ماء ابن براك" }, "geometry": { "type": "Point", "coordinates": [ 40.2581118, 26.4079279 ] } },
{ "type": "Feature", "properties": { "osm_id": "11279786876", "code": 2962, "fclass": "water_well", "name": "ماء سبيل" }, "geometry": { "type": "Point", "coordinates": [ 41.474997, 27.3673344 ] } },
{ "type": "Feature", "properties": { "osm_id": "11285555630", "code": 2962, "fclass": "water_well", "name": "ماء حلو سبيل" }, "geometry": { "type": "Point", "coordinates": [ 42.9582407, 25.9415596 ] } },
{ "type": "Feature", "properties": { "osm_id": "11290990212", "code": 2962, "fclass": "water_well", "name": "ماء حلو سبيل" }, "geometry": { "type": "Point", "coordinates": [ 42.5345433, 25.8523951 ] } },
{ "type": "Feature", "properties": { "osm_id": "11303084077", "code": 2962, "fclass": "water_well", "name": "بئر ماء حمود حمد المحمدي" }, "geometry": { "type": "Point", "coordinates": [ 39.0210915, 25.14044 ] } },
{ "type": "Feature", "properties": { "osm_id": "11307141017", "code": 2962, "fclass": "water_well", "name": "" }, "geometry": { "type": "Point", "coordinates": [ 42.189576, 28.7929546 ] } },
{ "type": "Feature", "properties": { "osm_id": "11331134501", "code": 2962, "fclass": "water_well", "name": "قلمة الأبتر الشمالية" }, "geometry": { "type": "Point", "coordinates": [ 49.0571885, 21.1007075 ] } },
{ "type": "Feature", "properties": { "osm_id": "11355759118", "code": 2962, "fclass": "water_well", "name": "ماء حلو سبيل" }, "geometry": { "type": "Point", "coordinates": [ 43.5754292, 25.4716761 ] } },
{ "type": "Feature", "properties": { "osm_id": "11373174924", "code": 2962, "fclass": "water_well", "name": "ماء حلو سبيل" }, "geometry": { "type": "Point", "coordinates": [ 43.0533331, 25.8716186 ] } },
{ "type": "Feature", "properties": { "osm_id": "11462523394", "code": 2962, "fclass": "water_well", "name": "مورد ماء" }, "geometry": { "type": "Point", "coordinates": [ 40.2096927, 28.9022963 ] } },
{ "type": "Feature", "properties": { "osm_id": "11469082514", "code": 2962, "fclass": "water_well", "name": "ماء حلو سبيل" }, "geometry": { "type": "Point", "coordinates": [ 43.7276453, 25.2241574 ] } },
{ "type": "Feature", "properties": { "osm_id": "11482377859", "code": 2962, "fclass": "water_well", "name": "أم الحيش - النقيعا" }, "geometry": { "type": "Point", "coordinates": [ 54.7327386, 20.7047608 ] } },
{ "type": "Feature", "properties": { "osm_id": "11482377860", "code": 2962, "fclass": "water_well", "name": "قلمة ذعبلوتن" }, "geometry": { "type": "Point", "coordinates": [ 54.0404786, 19.9123551 ] } },
{ "type": "Feature", "properties": { "osm_id": "11496614792", "code": 2962, "fclass": "water_well", "name": "" }, "geometry": { "type": "Point", "coordinates": [ 51.1746867, 25.8236142 ] } },
{ "type": "Feature", "properties": { "osm_id": "11502672446", "code": 2962, "fclass": "water_well", "name": "بئر الدسمة" }, "geometry": { "type": "Point", "coordinates": [ 44.5300196, 26.6810181 ] } },
{ "type": "Feature", "properties": { "osm_id": "11513896619", "code": 2962, "fclass": "water_well", "name": "Al Yazra" }, "geometry": { "type": "Point", "coordinates": [ 54.3316641, 24.4770609 ] } },
{ "type": "Feature", "properties": { "osm_id": "11530126812", "code": 2962, "fclass": "water_well", "name": "تعبئة ماء" }, "geometry": { "type": "Point", "coordinates": [ 46.3124606, 27.6011569 ] } },
{ "type": "Feature", "properties": { "osm_id": "11534850169", "code": 2962, "fclass": "water_well", "name": "" }, "geometry": { "type": "Point", "coordinates": [ 50.1911954, 25.5987131 ] } },
{ "type": "Feature", "properties": { "osm_id": "11594188678", "code": 2962, "fclass": "water_well", "name": "ماء حلو سبيل" }, "geometry": { "type": "Point", "coordinates": [ 41.0268262, 25.6193782 ] } },
{ "type": "Feature", "properties": { "osm_id": "11594219181", "code": 2962, "fclass": "water_well", "name": "ماء حلو سبيل" }, "geometry": { "type": "Point", "coordinates": [ 41.0125703, 25.6144071 ] } },
{ "type": "Feature", "properties": { "osm_id": "11598808632", "code": 2962, "fclass": "water_well", "name": "بئر الرويبخ" }, "geometry": { "type": "Point", "coordinates": [ 44.633109, 24.1514498 ] } },
{ "type": "Feature", "properties": { "osm_id": "11609944340", "code": 2962, "fclass": "water_well", "name": "مورد ماء - الرحيل" }, "geometry": { "type": "Point", "coordinates": [ 40.3443772, 27.9525809 ] } },
{ "type": "Feature", "properties": { "osm_id": "11619653629", "code": 2962, "fclass": "water_well", "name": "بئر ماء - غدير الخيل - يعمل" }, "geometry": { "type": "Point", "coordinates": [ 41.3031276, 30.0167715 ] } },
{ "type": "Feature", "properties": { "osm_id": "11619656052", "code": 2962, "fclass": "water_well", "name": "مارد ماء - ابن مليحاء" }, "geometry": { "type": "Point", "coordinates": [ 41.6363671, 30.5658841 ] } },
{ "type": "Feature", "properties": { "osm_id": "11619671484", "code": 2962, "fclass": "water_well", "name": "آبار هويدي - بئر ماء - يعمل" }, "geometry": { "type": "Point", "coordinates": [ 41.3659429, 30.4109191 ] } },
{ "type": "Feature", "properties": { "osm_id": "11644712972", "code": 2962, "fclass": "water_well", "name": "آبار قيصومة فيحان" }, "geometry": { "type": "Point", "coordinates": [ 42.9679243, 29.1709261 ] } },
{ "type": "Feature", "properties": { "osm_id": "11662150213", "code": 2962, "fclass": "water_well", "name": "" }, "geometry": { "type": "Point", "coordinates": [ 51.0304755, 25.070846 ] } },
{ "type": "Feature", "properties": { "osm_id": "11668861783", "code": 2962, "fclass": "water_well", "name": "مورد ماء" }, "geometry": { "type": "Point", "coordinates": [ 39.2263627, 28.0529743 ] } },
{ "type": "Feature", "properties": { "osm_id": "11693978045", "code": 2962, "fclass": "water_well", "name": "ماء سبيل - بئر شجاع الطويل" }, "geometry": { "type": "Point", "coordinates": [ 44.59558, 27.57353 ] } },
{ "type": "Feature", "properties": { "osm_id": "11700228723", "code": 2962, "fclass": "water_well", "name": "بئر الربذة" }, "geometry": { "type": "Point", "coordinates": [ 41.2880255, 24.6336506 ] } },
{ "type": "Feature", "properties": { "osm_id": "11708363168", "code": 2962, "fclass": "water_well", "name": "ماء حلو سبيل" }, "geometry": { "type": "Point", "coordinates": [ 40.8741416, 25.2264062 ] } },
{ "type": "Feature", "properties": { "osm_id": "11733844720", "code": 2962, "fclass": "water_well", "name": "Tawi Ghel" }, "geometry": { "type": "Point", "coordinates": [ 56.0381982, 25.6690042 ] } },
{ "type": "Feature", "properties": { "osm_id": "11738567063", "code": 2962, "fclass": "water_well", "name": "ماء حلو سبيل" }, "geometry": { "type": "Point", "coordinates": [ 42.8283043, 26.5788498 ] } },
{ "type": "Feature", "properties": { "osm_id": "11745133797", "code": 2962, "fclass": "water_well", "name": "ماء حلو سبيل" }, "geometry": { "type": "Point", "coordinates": [ 43.3718337, 25.4863297 ] } },
{ "type": "Feature", "properties": { "osm_id": "11754502153", "code": 2962, "fclass": "water_well", "name": "مشروع المرقوعه" }, "geometry": { "type": "Point", "coordinates": [ 42.5018157, 20.3148822 ] } },
{ "type": "Feature", "properties": { "osm_id": "11754538587", "code": 2962, "fclass": "water_well", "name": "المرقوعه" }, "geometry": { "type": "Point", "coordinates": [ 42.4974304, 20.3112123 ] } },
{ "type": "Feature", "properties": { "osm_id": "11765617625", "code": 2962, "fclass": "water_well", "name": "مورد ماء" }, "geometry": { "type": "Point", "coordinates": [ 41.621967, 28.180021 ] } },
{ "type": "Feature", "properties": { "osm_id": "11777933469", "code": 2962, "fclass": "water_well", "name": "" }, "geometry": { "type": "Point", "coordinates": [ 55.7528583, 24.216498 ] } },
{ "type": "Feature", "properties": { "osm_id": "11821803442", "code": 2962, "fclass": "water_well", "name": "ماء حلو سبيل" }, "geometry": { "type": "Point", "coordinates": [ 41.9642818, 25.7561975 ] } },
{ "type": "Feature", "properties": { "osm_id": "11829039520", "code": 2962, "fclass": "water_well", "name": "جبو نفيلي الفهيقي" }, "geometry": { "type": "Point", "coordinates": [ 38.1709938, 27.1588306 ] } },
{ "type": "Feature", "properties": { "osm_id": "11835242070", "code": 2962, "fclass": "water_well", "name": "بئر الفهيقات" }, "geometry": { "type": "Point", "coordinates": [ 37.967762, 26.8094559 ] } },
{ "type": "Feature", "properties": { "osm_id": "11840554916", "code": 2962, "fclass": "water_well", "name": "ماء حلو سبيل" }, "geometry": { "type": "Point", "coordinates": [ 43.7966095, 18.3623388 ] } },
{ "type": "Feature", "properties": { "osm_id": "11843590521", "code": 2962, "fclass": "water_well", "name": "ماء حلو سبيل" }, "geometry": { "type": "Point", "coordinates": [ 43.5991863, 19.0725868 ] } },
{ "type": "Feature", "properties": { "osm_id": "11851745766", "code": 2962, "fclass": "water_well", "name": "Tawi Yal" }, "geometry": { "type": "Point", "coordinates": [ 56.1049085, 25.4233737 ] } },
{ "type": "Feature", "properties": { "osm_id": "11860911419", "code": 2962, "fclass": "water_well", "name": "Tawi Safsaf" }, "geometry": { "type": "Point", "coordinates": [ 56.0104685, 25.3283174 ] } },
{ "type": "Feature", "properties": { "osm_id": "11868278525", "code": 2962, "fclass": "water_well", "name": "ماء حلو سبيل" }, "geometry": { "type": "Point", "coordinates": [ 43.0793614, 18.4924368 ] } },
{ "type": "Feature", "properties": { "osm_id": "11868331360", "code": 2962, "fclass": "water_well", "name": "بئر الديادبة" }, "geometry": { "type": "Point", "coordinates": [ 38.5487137, 27.6378078 ] } },
{ "type": "Feature", "properties": { "osm_id": "11870002810", "code": 2962, "fclass": "water_well", "name": "قلبان أمّ الفناجيل" }, "geometry": { "type": "Point", "coordinates": [ 37.6671884, 30.9406784 ] } },
{ "type": "Feature", "properties": { "osm_id": "11870002819", "code": 2962, "fclass": "water_well", "name": "بئر الدويغرة" }, "geometry": { "type": "Point", "coordinates": [ 40.4431723, 23.116515 ] } },
{ "type": "Feature", "properties": { "osm_id": "11870002824", "code": 2962, "fclass": "water_well", "name": "آبار أبا الحمام" }, "geometry": { "type": "Point", "coordinates": [ 49.7600258, 25.8893887 ] } },
{ "type": "Feature", "properties": { "osm_id": "11870002829", "code": 2962, "fclass": "water_well", "name": "بئر الجريرة" }, "geometry": { "type": "Point", "coordinates": [ 48.5769012, 27.1390442 ] } },
{ "type": "Feature", "properties": { "osm_id": "11870002833", "code": 2962, "fclass": "water_well", "name": "آبار رديهان" }, "geometry": { "type": "Point", "coordinates": [ 36.9208962, 27.4307998 ] } },
{ "type": "Feature", "properties": { "osm_id": "11870002834", "code": 2962, "fclass": "water_well", "name": "بئر المضباعة" }, "geometry": { "type": "Point", "coordinates": [ 49.8074357, 25.0939915 ] } },
{ "type": "Feature", "properties": { "osm_id": "11870002837", "code": 2962, "fclass": "water_well", "name": "آبار الشكرية" }, "geometry": { "type": "Point", "coordinates": [ 49.6166555, 26.4321628 ] } },
{ "type": "Feature", "properties": { "osm_id": "11870002847", "code": 2962, "fclass": "water_well", "name": "بئر أبا القزاز" }, "geometry": { "type": "Point", "coordinates": [ 36.6991814, 26.7722197 ] } },
{ "type": "Feature", "properties": { "osm_id": "11870002853", "code": 2962, "fclass": "water_well", "name": "قليب منجورة" }, "geometry": { "type": "Point", "coordinates": [ 44.3439526, 28.9181574 ] } },
{ "type": "Feature", "properties": { "osm_id": "11870030448", "code": 2962, "fclass": "water_well", "name": "بئر حميد" }, "geometry": { "type": "Point", "coordinates": [ 39.0652644, 24.0556433 ] } },
{ "type": "Feature", "properties": { "osm_id": "11870047674", "code": 2962, "fclass": "water_well", "name": "أبيار الورهيّة" }, "geometry": { "type": "Point", "coordinates": [ 46.6095447, 22.8898937 ] } },
{ "type": "Feature", "properties": { "osm_id": "11870047677", "code": 2962, "fclass": "water_well", "name": "بئر بسام" }, "geometry": { "type": "Point", "coordinates": [ 40.8610837, 27.4006009 ] } },
{ "type": "Feature", "properties": { "osm_id": "11870047707", "code": 2962, "fclass": "water_well", "name": "ابار الصعق" }, "geometry": { "type": "Point", "coordinates": [ 41.5647451, 22.6937927 ] } },
{ "type": "Feature", "properties": { "osm_id": "11870047724", "code": 2962, "fclass": "water_well", "name": "بئر الشعابيه" }, "geometry": { "type": "Point", "coordinates": [ 39.4196461, 21.8609521 ] } },
{ "type": "Feature", "properties": { "osm_id": "11870047745", "code": 2962, "fclass": "water_well", "name": "بئر الشحمة" }, "geometry": { "type": "Point", "coordinates": [ 48.6367429, 27.342435 ] } },
{ "type": "Feature", "properties": { "osm_id": "11870047749", "code": 2962, "fclass": "water_well", "name": "بئر العماجية" }, "geometry": { "type": "Point", "coordinates": [ 44.8417838, 23.232073 ] } },
{ "type": "Feature", "properties": { "osm_id": "11870047760", "code": 2962, "fclass": "water_well", "name": "بير الجرفانيه" }, "geometry": { "type": "Point", "coordinates": [ 44.9228898, 23.8727957 ] } },
{ "type": "Feature", "properties": { "osm_id": "11870047783", "code": 2962, "fclass": "water_well", "name": "البركة" }, "geometry": { "type": "Point", "coordinates": [ 40.7271016, 22.1867241 ] } },
{ "type": "Feature", "properties": { "osm_id": "11870047826", "code": 2962, "fclass": "water_well", "name": "سراء" }, "geometry": { "type": "Point", "coordinates": [ 41.534155, 27.0560614 ] } },
{ "type": "Feature", "properties": { "osm_id": "11870047829", "code": 2962, "fclass": "water_well", "name": "عين الطيّبة" }, "geometry": { "type": "Point", "coordinates": [ 49.9841883, 26.5985479 ] } },
{ "type": "Feature", "properties": { "osm_id": "11870047831", "code": 2962, "fclass": "water_well", "name": "خور قعيسين" }, "geometry": { "type": "Point", "coordinates": [ 52.0374408, 20.183751 ] } },
{ "type": "Feature", "properties": { "osm_id": "11870047834", "code": 2962, "fclass": "water_well", "name": "مشاش يكلب" }, "geometry": { "type": "Point", "coordinates": [ 43.2090831, 26.8235377 ] } },
{ "type": "Feature", "properties": { "osm_id": "11870047858", "code": 2962, "fclass": "water_well", "name": "آبار مبهل" }, "geometry": { "type": "Point", "coordinates": [ 43.1162012, 25.2055585 ] } },
{ "type": "Feature", "properties": { "osm_id": "11870047884", "code": 2962, "fclass": "water_well", "name": "بئر الحفيرة" }, "geometry": { "type": "Point", "coordinates": [ 41.5332797, 21.84316 ] } },
{ "type": "Feature", "properties": { "osm_id": "11870047897", "code": 2962, "fclass": "water_well", "name": "سماح" }, "geometry": { "type": "Point", "coordinates": [ 45.5529471, 28.9354273 ] } },
{ "type": "Feature", "properties": { "osm_id": "11870047899", "code": 2962, "fclass": "water_well", "name": "بئر الجفر" }, "geometry": { "type": "Point", "coordinates": [ 47.065678, 24.6885273 ] } },
{ "type": "Feature", "properties": { "osm_id": "11870047907", "code": 2962, "fclass": "water_well", "name": "آبار الرُّفَيِّعَة" }, "geometry": { "type": "Point", "coordinates": [ 47.7598026, 24.3791245 ] } },
{ "type": "Feature", "properties": { "osm_id": "11870047930", "code": 2962, "fclass": "water_well", "name": "جوّ ياطب" }, "geometry": { "type": "Point", "coordinates": [ 41.9821114, 27.4935566 ] } },
{ "type": "Feature", "properties": { "osm_id": "11870047949", "code": 2962, "fclass": "water_well", "name": "بئر عار" }, "geometry": { "type": "Point", "coordinates": [ 39.2500375, 24.2051324 ] } },
{ "type": "Feature", "properties": { "osm_id": "11870047971", "code": 2962, "fclass": "water_well", "name": "ثمائل سدحة" }, "geometry": { "type": "Point", "coordinates": [ 43.6629274, 28.0395171 ] } },
{ "type": "Feature", "properties": { "osm_id": "11870047989", "code": 2962, "fclass": "water_well", "name": "آبار مليح" }, "geometry": { "type": "Point", "coordinates": [ 39.2648023, 28.0744157 ] } },
{ "type": "Feature", "properties": { "osm_id": "11870048020", "code": 2962, "fclass": "water_well", "name": "جِبيَّة الذِّيبيَّات" }, "geometry": { "type": "Point", "coordinates": [ 41.2552565, 29.303988 ] } },
{ "type": "Feature", "properties": { "osm_id": "11870048021", "code": 2962, "fclass": "water_well", "name": "بئر وتر" }, "geometry": { "type": "Point", "coordinates": [ 39.1121561, 24.03976 ] } },
{ "type": "Feature", "properties": { "osm_id": "11870048030", "code": 2962, "fclass": "water_well", "name": "آبار النقيرة" }, "geometry": { "type": "Point", "coordinates": [ 48.2549987, 27.8790615 ] } },
{ "type": "Feature", "properties": { "osm_id": "11870048037", "code": 2962, "fclass": "water_well", "name": "جوّ طرفاء" }, "geometry": { "type": "Point", "coordinates": [ 42.2237548, 28.9653255 ] } },
{ "type": "Feature", "properties": { "osm_id": "11870048043", "code": 2962, "fclass": "water_well", "name": "عين النعائم" }, "geometry": { "type": "Point", "coordinates": [ 49.0222425, 23.2855197 ] } },
{ "type": "Feature", "properties": { "osm_id": "11870048044", "code": 2962, "fclass": "water_well", "name": "ابار المليحة الغربية" }, "geometry": { "type": "Point", "coordinates": [ 49.4852061, 22.8916828 ] } },
{ "type": "Feature", "properties": { "osm_id": "11870048063", "code": 2962, "fclass": "water_well", "name": "بئر نويعير" }, "geometry": { "type": "Point", "coordinates": [ 40.7672807, 27.6023558 ] } },
{ "type": "Feature", "properties": { "osm_id": "11870048069", "code": 2962, "fclass": "water_well", "name": "روّاء" }, "geometry": { "type": "Point", "coordinates": [ 48.6863802, 26.7059373 ] } },
{ "type": "Feature", "properties": { "osm_id": "11870048177", "code": 2962, "fclass": "water_well", "name": "المباركيه" }, "geometry": { "type": "Point", "coordinates": [ 49.6852956, 26.8167355 ] } },
{ "type": "Feature", "properties": { "osm_id": "11870048187", "code": 2962, "fclass": "water_well", "name": "خور العندب" }, "geometry": { "type": "Point", "coordinates": [ 51.4318616, 22.0690758 ] } },
{ "type": "Feature", "properties": { "osm_id": "11870048189", "code": 2962, "fclass": "water_well", "name": "بئر الناعمة" }, "geometry": { "type": "Point", "coordinates": [ 40.0962603, 24.4723783 ] } },
{ "type": "Feature", "properties": { "osm_id": "11870048212", "code": 2962, "fclass": "water_well", "name": "دحل لُقطان" }, "geometry": { "type": "Point", "coordinates": [ 43.2714642, 29.8171733 ] } },
{ "type": "Feature", "properties": { "osm_id": "11870048214", "code": 2962, "fclass": "water_well", "name": "خور القعدة" }, "geometry": { "type": "Point", "coordinates": [ 51.3640027, 22.2043096 ] } },
{ "type": "Feature", "properties": { "osm_id": "11870048226", "code": 2962, "fclass": "water_well", "name": "بئر البعيثة" }, "geometry": { "type": "Point", "coordinates": [ 44.0920349, 27.6089628 ] } },
{ "type": "Feature", "properties": { "osm_id": "11870048253", "code": 2962, "fclass": "water_well", "name": "بئر بطحوين" }, "geometry": { "type": "Point", "coordinates": [ 41.15738, 27.2535265 ] } },
{ "type": "Feature", "properties": { "osm_id": "11870048291", "code": 2962, "fclass": "water_well", "name": "بئر الخضراء" }, "geometry": { "type": "Point", "coordinates": [ 44.414977, 17.545473 ] } },
{ "type": "Feature", "properties": { "osm_id": "11870048294", "code": 2962, "fclass": "water_well", "name": "ابار شبيشير" }, "geometry": { "type": "Point", "coordinates": [ 40.9833723, 24.2218823 ] } },
{ "type": "Feature", "properties": { "osm_id": "11870048301", "code": 2962, "fclass": "water_well", "name": "بئر السنامية" }, "geometry": { "type": "Point", "coordinates": [ 44.8487411, 23.3182975 ] } },
{ "type": "Feature", "properties": { "osm_id": "11870048305", "code": 2962, "fclass": "water_well", "name": "بئر مهلهل" }, "geometry": { "type": "Point", "coordinates": [ 39.6912954, 24.8460518 ] } },
{ "type": "Feature", "properties": { "osm_id": "11870048319", "code": 2962, "fclass": "water_well", "name": "عين البشريّة" }, "geometry": { "type": "Point", "coordinates": [ 49.9404581, 26.5781176 ] } },
{ "type": "Feature", "properties": { "osm_id": "11870048324", "code": 2962, "fclass": "water_well", "name": "بئر سلوى" }, "geometry": { "type": "Point", "coordinates": [ 44.1947853, 17.8613214 ] } },
{ "type": "Feature", "properties": { "osm_id": "11870048329", "code": 2962, "fclass": "water_well", "name": "بئر أبا العجّاج" }, "geometry": { "type": "Point", "coordinates": [ 36.3447158, 27.4706023 ] } },
{ "type": "Feature", "properties": { "osm_id": "11870048335", "code": 2962, "fclass": "water_well", "name": "جبية الخفايا" }, "geometry": { "type": "Point", "coordinates": [ 41.4711739, 29.4502077 ] } },
{ "type": "Feature", "properties": { "osm_id": "11870048349", "code": 2962, "fclass": "water_well", "name": "آبار المسلح" }, "geometry": { "type": "Point", "coordinates": [ 40.7412081, 22.4885759 ] } },
{ "type": "Feature", "properties": { "osm_id": "11870048354", "code": 2962, "fclass": "water_well", "name": "ابار الخوارة" }, "geometry": { "type": "Point", "coordinates": [ 41.3531464, 22.4225909 ] } },
{ "type": "Feature", "properties": { "osm_id": "11870048358", "code": 2962, "fclass": "water_well", "name": "بئر ام صفيق" }, "geometry": { "type": "Point", "coordinates": [ 49.6451093, 26.5682618 ] } },
{ "type": "Feature", "properties": { "osm_id": "11870048408", "code": 2962, "fclass": "water_well", "name": "مليح" }, "geometry": { "type": "Point", "coordinates": [ 38.396683, 29.0793024 ] } },
{ "type": "Feature", "properties": { "osm_id": "11870048439", "code": 2962, "fclass": "water_well", "name": "قليب سهبان" }, "geometry": { "type": "Point", "coordinates": [ 50.7953313, 23.9512332 ] } },
{ "type": "Feature", "properties": { "osm_id": "11870048443", "code": 2962, "fclass": "water_well", "name": "بئر شداد" }, "geometry": { "type": "Point", "coordinates": [ 42.2660748, 30.5335331 ] } },
{ "type": "Feature", "properties": { "osm_id": "11870048509", "code": 2962, "fclass": "water_well", "name": "آبار الفروثيّة" }, "geometry": { "type": "Point", "coordinates": [ 48.4979795, 27.8408152 ] } },
{ "type": "Feature", "properties": { "osm_id": "11870048514", "code": 2962, "fclass": "water_well", "name": "بئر الدهثمي" }, "geometry": { "type": "Point", "coordinates": [ 42.2281106, 20.4398744 ] } },
{ "type": "Feature", "properties": { "osm_id": "11870048517", "code": 2962, "fclass": "water_well", "name": "بئر المبيدع" }, "geometry": { "type": "Point", "coordinates": [ 41.1707611, 27.0153141 ] } },
{ "type": "Feature", "properties": { "osm_id": "11870048522", "code": 2962, "fclass": "water_well", "name": "آبار ملدان" }, "geometry": { "type": "Point", "coordinates": [ 49.5720173, 26.4556607 ] } },
{ "type": "Feature", "properties": { "osm_id": "11870048524", "code": 2962, "fclass": "water_well", "name": "حبيّة" }, "geometry": { "type": "Point", "coordinates": [ 43.5062545, 19.888728 ] } },
{ "type": "Feature", "properties": { "osm_id": "11870048577", "code": 2962, "fclass": "water_well", "name": "بئر أم الكلاب" }, "geometry": { "type": "Point", "coordinates": [ 39.2849599, 21.6359872 ] } },
{ "type": "Feature", "properties": { "osm_id": "11870165755", "code": 2962, "fclass": "water_well", "name": "بئر ادام" }, "geometry": { "type": "Point", "coordinates": [ 39.9022777, 20.9228699 ] } },
{ "type": "Feature", "properties": { "osm_id": "11870220242", "code": 2962, "fclass": "water_well", "name": "بئر ام حييشة" }, "geometry": { "type": "Point", "coordinates": [ 46.1331805, 24.4020496 ] } },
{ "type": "Feature", "properties": { "osm_id": "11870220249", "code": 2962, "fclass": "water_well", "name": "بئر وافية" }, "geometry": { "type": "Point", "coordinates": [ 42.3743521, 17.3674103 ] } },
{ "type": "Feature", "properties": { "osm_id": "11870220260", "code": 2962, "fclass": "water_well", "name": "بئر الحشرج" }, "geometry": { "type": "Point", "coordinates": [ 44.2625029, 18.4027751 ] } },
{ "type": "Feature", "properties": { "osm_id": "11870220321", "code": 2962, "fclass": "water_well", "name": "بئر مثيبه" }, "geometry": { "type": "Point", "coordinates": [ 40.2873428, 20.2681955 ] } },
{ "type": "Feature", "properties": { "osm_id": "11870220331", "code": 2962, "fclass": "water_well", "name": "آبار ظاعن" }, "geometry": { "type": "Point", "coordinates": [ 44.1082102, 20.8820862 ] } },
{ "type": "Feature", "properties": { "osm_id": "11870220344", "code": 2962, "fclass": "water_well", "name": "عينين" }, "geometry": { "type": "Point", "coordinates": [ 41.7053238, 20.7845305 ] } },
{ "type": "Feature", "properties": { "osm_id": "11870225979", "code": 2962, "fclass": "water_well", "name": "عد لطيط" }, "geometry": { "type": "Point", "coordinates": [ 49.9053849, 22.7436357 ] } },
{ "type": "Feature", "properties": { "osm_id": "11870225990", "code": 2962, "fclass": "water_well", "name": "عُقلة القُليِّب" }, "geometry": { "type": "Point", "coordinates": [ 41.3589658, 30.1128958 ] } },
{ "type": "Feature", "properties": { "osm_id": "11870232257", "code": 2962, "fclass": "water_well", "name": "بئر صفيان" }, "geometry": { "type": "Point", "coordinates": [ 41.2024231, 27.2532461 ] } },
{ "type": "Feature", "properties": { "osm_id": "11870232259", "code": 2962, "fclass": "water_well", "name": "آبار قنّور" }, "geometry": { "type": "Point", "coordinates": [ 48.9200352, 27.0746057 ] } },
{ "type": "Feature", "properties": { "osm_id": "11870240020", "code": 2962, "fclass": "water_well", "name": "مشاش عشيو" }, "geometry": { "type": "Point", "coordinates": [ 48.3522134, 22.3350382 ] } },
{ "type": "Feature", "properties": { "osm_id": "11870240034", "code": 2962, "fclass": "water_well", "name": "آبار رشيدة" }, "geometry": { "type": "Point", "coordinates": [ 42.5340902, 25.0252197 ] } },
{ "type": "Feature", "properties": { "osm_id": "11870240042", "code": 2962, "fclass": "water_well", "name": "عين قنيّ" }, "geometry": { "type": "Point", "coordinates": [ 45.8166029, 23.2729714 ] } },
{ "type": "Feature", "properties": { "osm_id": "11870240049", "code": 2962, "fclass": "water_well", "name": "بئر أبو محكاكة" }, "geometry": { "type": "Point", "coordinates": [ 51.7106555, 21.5197425 ] } },
{ "type": "Feature", "properties": { "osm_id": "11870241007", "code": 2962, "fclass": "water_well", "name": "آبار عوافي" }, "geometry": { "type": "Point", "coordinates": [ 43.7235036, 28.7874577 ] } },
{ "type": "Feature", "properties": { "osm_id": "11870241009", "code": 2962, "fclass": "water_well", "name": "مشاش فيضة الدوسري" }, "geometry": { "type": "Point", "coordinates": [ 48.0125541, 22.5055351 ] } },
{ "type": "Feature", "properties": { "osm_id": "11870251043", "code": 2962, "fclass": "water_well", "name": "بئر أبو جفان" }, "geometry": { "type": "Point", "coordinates": [ 47.7169137, 24.513523 ] } },
{ "type": "Feature", "properties": { "osm_id": "11870251051", "code": 2962, "fclass": "water_well", "name": "عين ختيشيّة" }, "geometry": { "type": "Point", "coordinates": [ 49.9244841, 26.6138362 ] } },
{ "type": "Feature", "properties": { "osm_id": "11870256422", "code": 2962, "fclass": "water_well", "name": "بئر العبيديّة" }, "geometry": { "type": "Point", "coordinates": [ 47.0307699, 24.7348943 ] } },
{ "type": "Feature", "properties": { "osm_id": "11870256440", "code": 2962, "fclass": "water_well", "name": "بئر الدواي" }, "geometry": { "type": "Point", "coordinates": [ 51.5305583, 22.299373 ] } },
{ "type": "Feature", "properties": { "osm_id": "11870256442", "code": 2962, "fclass": "water_well", "name": "قلبان الرديفة" }, "geometry": { "type": "Point", "coordinates": [ 44.2615889, 28.842987 ] } },
{ "type": "Feature", "properties": { "osm_id": "11870256449", "code": 2962, "fclass": "water_well", "name": "بئر العين" }, "geometry": { "type": "Point", "coordinates": [ 44.1871853, 18.1477276 ] } },
{ "type": "Feature", "properties": { "osm_id": "11870256461", "code": 2962, "fclass": "water_well", "name": "آبار الحامضة" }, "geometry": { "type": "Point", "coordinates": [ 39.5978987, 21.2550912 ] } },
{ "type": "Feature", "properties": { "osm_id": "11870258259", "code": 2962, "fclass": "water_well", "name": "بئر عبّاس" }, "geometry": { "type": "Point", "coordinates": [ 39.0640191, 24.0396179 ] } },
{ "type": "Feature", "properties": { "osm_id": "11870258264", "code": 2962, "fclass": "water_well", "name": "القليّبة" }, "geometry": { "type": "Point", "coordinates": [ 42.382396, 28.1207804 ] } },
{ "type": "Feature", "properties": { "osm_id": "11870259026", "code": 2962, "fclass": "water_well", "name": "بئر خضفيعة" }, "geometry": { "type": "Point", "coordinates": [ 50.753842, 19.0110741 ] } },
{ "type": "Feature", "properties": { "osm_id": "11870259027", "code": 2962, "fclass": "water_well", "name": "بير خرباء" }, "geometry": { "type": "Point", "coordinates": [ 37.3029471, 26.1485401 ] } },
{ "type": "Feature", "properties": { "osm_id": "11870259055", "code": 2962, "fclass": "water_well", "name": "بئر نعمى" }, "geometry": { "type": "Point", "coordinates": [ 35.6920102, 28.2095499 ] } },
{ "type": "Feature", "properties": { "osm_id": "11870263585", "code": 2962, "fclass": "water_well", "name": "قاع وعد" }, "geometry": { "type": "Point", "coordinates": [ 44.4744343, 27.260146 ] } },
{ "type": "Feature", "properties": { "osm_id": "11870263605", "code": 2962, "fclass": "water_well", "name": "بئر الجلباء" }, "geometry": { "type": "Point", "coordinates": [ 39.3867986, 24.5198492 ] } },
{ "type": "Feature", "properties": { "osm_id": "11870263916", "code": 2962, "fclass": "water_well", "name": "بئر الغياثين" }, "geometry": { "type": "Point", "coordinates": [ 50.1547728, 25.2040152 ] } },
{ "type": "Feature", "properties": { "osm_id": "11870263919", "code": 2962, "fclass": "water_well", "name": "بئر نبط" }, "geometry": { "type": "Point", "coordinates": [ 37.5419557, 24.6600199 ] } },
{ "type": "Feature", "properties": { "osm_id": "11870263924", "code": 2962, "fclass": "water_well", "name": "بئر المابرة" }, "geometry": { "type": "Point", "coordinates": [ 39.3263746, 21.7997805 ] } },
{ "type": "Feature", "properties": { "osm_id": "11870263936", "code": 2962, "fclass": "water_well", "name": "جِبيَّة البُوميَّات" }, "geometry": { "type": "Point", "coordinates": [ 41.2858132, 29.300076 ] } },
{ "type": "Feature", "properties": { "osm_id": "11870263954", "code": 2962, "fclass": "water_well", "name": "قلبان مطعونة" }, "geometry": { "type": "Point", "coordinates": [ 50.7500986, 23.7940623 ] } },
{ "type": "Feature", "properties": { "osm_id": "11870265330", "code": 2962, "fclass": "water_well", "name": "بئر الرُّدَيْنيَّة" }, "geometry": { "type": "Point", "coordinates": [ 48.3959547, 26.9000649 ] } },
{ "type": "Feature", "properties": { "osm_id": "11870265346", "code": 2962, "fclass": "water_well", "name": "بئر مسيكة" }, "geometry": { "type": "Point", "coordinates": [ 43.7325966, 28.7682603 ] } },
{ "type": "Feature", "properties": { "osm_id": "11870268211", "code": 2962, "fclass": "water_well", "name": "بئر عقيلان" }, "geometry": { "type": "Point", "coordinates": [ 42.8550737, 20.4207144 ] } },
{ "type": "Feature", "properties": { "osm_id": "11870268221", "code": 2962, "fclass": "water_well", "name": "ابار ابرقية" }, "geometry": { "type": "Point", "coordinates": [ 45.7945775, 24.0253177 ] } },
{ "type": "Feature", "properties": { "osm_id": "11870268234", "code": 2962, "fclass": "water_well", "name": "بئر خضراء" }, "geometry": { "type": "Point", "coordinates": [ 40.0382052, 20.3953135 ] } },
{ "type": "Feature", "properties": { "osm_id": "11870270233", "code": 2962, "fclass": "water_well", "name": "مشاش راشد" }, "geometry": { "type": "Point", "coordinates": [ 48.8449211, 22.9169236 ] } },
{ "type": "Feature", "properties": { "osm_id": "11870270235", "code": 2962, "fclass": "water_well", "name": "بئر منوس" }, "geometry": { "type": "Point", "coordinates": [ 40.2981142, 20.1398619 ] } },
{ "type": "Feature", "properties": { "osm_id": "11870270240", "code": 2962, "fclass": "water_well", "name": "بير الصعيدي" }, "geometry": { "type": "Point", "coordinates": [ 38.0888596, 24.3162935 ] } },
{ "type": "Feature", "properties": { "osm_id": "11870270244", "code": 2962, "fclass": "water_well", "name": "بئر النعسان" }, "geometry": { "type": "Point", "coordinates": [ 36.6351033, 26.7975512 ] } },
{ "type": "Feature", "properties": { "osm_id": "11870270253", "code": 2962, "fclass": "water_well", "name": "بئر البديع" }, "geometry": { "type": "Point", "coordinates": [ 36.2962815, 27.424126 ] } },
{ "type": "Feature", "properties": { "osm_id": "11870272905", "code": 2962, "fclass": "water_well", "name": "الحناكر" }, "geometry": { "type": "Point", "coordinates": [ 52.1666671, 20.9694654 ] } },
{ "type": "Feature", "properties": { "osm_id": "11870274329", "code": 2962, "fclass": "water_well", "name": "بئر الهطيلة" }, "geometry": { "type": "Point", "coordinates": [ 40.5862342, 27.5432742 ] } },
{ "type": "Feature", "properties": { "osm_id": "11870275277", "code": 2962, "fclass": "water_well", "name": "قلبان وسيع" }, "geometry": { "type": "Point", "coordinates": [ 50.8197077, 23.8175253 ] } },
{ "type": "Feature", "properties": { "osm_id": "11870275380", "code": 2962, "fclass": "water_well", "name": "مشاش جبلية" }, "geometry": { "type": "Point", "coordinates": [ 47.3075008, 22.4343018 ] } },
{ "type": "Feature", "properties": { "osm_id": "11870275387", "code": 2962, "fclass": "water_well", "name": "ابار عطسة" }, "geometry": { "type": "Point", "coordinates": [ 50.2300693, 22.9478294 ] } },
{ "type": "Feature", "properties": { "osm_id": "11870275401", "code": 2962, "fclass": "water_well", "name": "بئر الشنجل" }, "geometry": { "type": "Point", "coordinates": [ 51.2843775, 21.8526689 ] } },
{ "type": "Feature", "properties": { "osm_id": "11870275482", "code": 2962, "fclass": "water_well", "name": "آبار الحصحصية" }, "geometry": { "type": "Point", "coordinates": [ 50.0343289, 25.6710616 ] } },
{ "type": "Feature", "properties": { "osm_id": "11870275575", "code": 2962, "fclass": "water_well", "name": "بئر ريعان" }, "geometry": { "type": "Point", "coordinates": [ 41.6141786, 19.1734761 ] } },
{ "type": "Feature", "properties": { "osm_id": "11870275677", "code": 2962, "fclass": "water_well", "name": "القُوَيطِير" }, "geometry": { "type": "Point", "coordinates": [ 44.1302338, 26.0987455 ] } },
{ "type": "Feature", "properties": { "osm_id": "11870275771", "code": 2962, "fclass": "water_well", "name": "بئر العوامر" }, "geometry": { "type": "Point", "coordinates": [ 50.6007649, 24.3112355 ] } },
{ "type": "Feature", "properties": { "osm_id": "11870275774", "code": 2962, "fclass": "water_well", "name": "بئر الطويرشة" }, "geometry": { "type": "Point", "coordinates": [ 51.3838152, 22.2666003 ] } },
{ "type": "Feature", "properties": { "osm_id": "11870275776", "code": 2962, "fclass": "water_well", "name": "ثمائل ام الذئابة" }, "geometry": { "type": "Point", "coordinates": [ 43.6714563, 28.0309441 ] } },
{ "type": "Feature", "properties": { "osm_id": "11870275791", "code": 2962, "fclass": "water_well", "name": "أمّ الكناور" }, "geometry": { "type": "Point", "coordinates": [ 46.1843165, 17.3885061 ] } },
{ "type": "Feature", "properties": { "osm_id": "11870275795", "code": 2962, "fclass": "water_well", "name": "بئر هادي" }, "geometry": { "type": "Point", "coordinates": [ 49.0504435, 21.1820324 ] } },
{ "type": "Feature", "properties": { "osm_id": "11870544566", "code": 2962, "fclass": "water_well", "name": "بئر أويسط" }, "geometry": { "type": "Point", "coordinates": [ 39.7412471, 27.5036713 ] } },
{ "type": "Feature", "properties": { "osm_id": "11870737771", "code": 2962, "fclass": "water_well", "name": "قلبان عذفاء" }, "geometry": { "type": "Point", "coordinates": [ 41.4652876, 29.1770901 ] } },
{ "type": "Feature", "properties": { "osm_id": "11870737788", "code": 2962, "fclass": "water_well", "name": "بئر عشار" }, "geometry": { "type": "Point", "coordinates": [ 41.6375453, 19.1043684 ] } },
{ "type": "Feature", "properties": { "osm_id": "11870737795", "code": 2962, "fclass": "water_well", "name": "بئر سبا" }, "geometry": { "type": "Point", "coordinates": [ 41.8461739, 27.0530861 ] } },
{ "type": "Feature", "properties": { "osm_id": "11870737810", "code": 2962, "fclass": "water_well", "name": "أم النصي" }, "geometry": { "type": "Point", "coordinates": [ 48.9752533, 23.1630995 ] } },
{ "type": "Feature", "properties": { "osm_id": "11870737822", "code": 2962, "fclass": "water_well", "name": "بئر المذيرية" }, "geometry": { "type": "Point", "coordinates": [ 39.3852207, 24.3252362 ] } },
{ "type": "Feature", "properties": { "osm_id": "11870737824", "code": 2962, "fclass": "water_well", "name": "بئر زبدة" }, "geometry": { "type": "Point", "coordinates": [ 50.7952123, 22.7890204 ] } },
{ "type": "Feature", "properties": { "osm_id": "11870737839", "code": 2962, "fclass": "water_well", "name": "بئر عويدة" }, "geometry": { "type": "Point", "coordinates": [ 50.9033115, 22.327999 ] } },
{ "type": "Feature", "properties": { "osm_id": "11870737840", "code": 2962, "fclass": "water_well", "name": "عُقلة صُفَيَّة الشماليَّة" }, "geometry": { "type": "Point", "coordinates": [ 44.569205, 26.656144 ] } },
{ "type": "Feature", "properties": { "osm_id": "11870737914", "code": 2962, "fclass": "water_well", "name": "بئر بن كامل" }, "geometry": { "type": "Point", "coordinates": [ 38.6359588, 24.1450677 ] } },
{ "type": "Feature", "properties": { "osm_id": "11870737936", "code": 2962, "fclass": "water_well", "name": "بئر خويجن" }, "geometry": { "type": "Point", "coordinates": [ 37.6167076, 31.2708531 ] } },
{ "type": "Feature", "properties": { "osm_id": "11870737939", "code": 2962, "fclass": "water_well", "name": "آبار طلحى" }, "geometry": { "type": "Point", "coordinates": [ 46.7470928, 23.2003345 ] } },
{ "type": "Feature", "properties": { "osm_id": "11870737958", "code": 2962, "fclass": "water_well", "name": "بئر الحامضة" }, "geometry": { "type": "Point", "coordinates": [ 40.9475901, 19.7147437 ] } },
{ "type": "Feature", "properties": { "osm_id": "11870737974", "code": 2962, "fclass": "water_well", "name": "بئر ابن صليخ" }, "geometry": { "type": "Point", "coordinates": [ 51.6528174, 22.4366423 ] } },
{ "type": "Feature", "properties": { "osm_id": "11870737990", "code": 2962, "fclass": "water_well", "name": "بئر الخشرمه" }, "geometry": { "type": "Point", "coordinates": [ 38.0148956, 25.2757946 ] } },
{ "type": "Feature", "properties": { "osm_id": "11870738005", "code": 2962, "fclass": "water_well", "name": "آبار الجرثامة" }, "geometry": { "type": "Point", "coordinates": [ 49.5078386, 26.6312542 ] } },
{ "type": "Feature", "properties": { "osm_id": "11870738013", "code": 2962, "fclass": "water_well", "name": "خضر الماء" }, "geometry": { "type": "Point", "coordinates": [ 40.2004205, 31.0822022 ] } },
{ "type": "Feature", "properties": { "osm_id": "11870738016", "code": 2962, "fclass": "water_well", "name": "ابار الدويرس" }, "geometry": { "type": "Point", "coordinates": [ 50.9121771, 22.4141255 ] } },
{ "type": "Feature", "properties": { "osm_id": "11870738025", "code": 2962, "fclass": "water_well", "name": "قلبان الهبكة" }, "geometry": { "type": "Point", "coordinates": [ 42.2880997, 29.8430535 ] } },
{ "type": "Feature", "properties": { "osm_id": "11870738026", "code": 2962, "fclass": "water_well", "name": "ابار عودة" }, "geometry": { "type": "Point", "coordinates": [ 50.9299353, 22.2447813 ] } },
{ "type": "Feature", "properties": { "osm_id": "11870738071", "code": 2962, "fclass": "water_well", "name": "بئر جدية" }, "geometry": { "type": "Point", "coordinates": [ 41.1366878, 27.2144061 ] } },
{ "type": "Feature", "properties": { "osm_id": "11870738080", "code": 2962, "fclass": "water_well", "name": "آبار الحرجي" }, "geometry": { "type": "Point", "coordinates": [ 42.9152109, 22.8029168 ] } },
{ "type": "Feature", "properties": { "osm_id": "11870738117", "code": 2962, "fclass": "water_well", "name": "بئر حاثة" }, "geometry": { "type": "Point", "coordinates": [ 41.131017, 19.3653234 ] } },
{ "type": "Feature", "properties": { "osm_id": "11870738143", "code": 2962, "fclass": "water_well", "name": "ابار حرض" }, "geometry": { "type": "Point", "coordinates": [ 49.1849703, 24.2386529 ] } },
{ "type": "Feature", "properties": { "osm_id": "11870738155", "code": 2962, "fclass": "water_well", "name": "بئر الحمضة" }, "geometry": { "type": "Point", "coordinates": [ 34.9227062, 28.4653604 ] } },
{ "type": "Feature", "properties": { "osm_id": "11870738191", "code": 2962, "fclass": "water_well", "name": "حفائر النبث" }, "geometry": { "type": "Point", "coordinates": [ 43.1894797, 28.9962965 ] } },
{ "type": "Feature", "properties": { "osm_id": "11870738200", "code": 2962, "fclass": "water_well", "name": "بئر فجر" }, "geometry": { "type": "Point", "coordinates": [ 37.8702263, 28.8348997 ] } },
{ "type": "Feature", "properties": { "osm_id": "11870738211", "code": 2962, "fclass": "water_well", "name": "بئر شعار" }, "geometry": { "type": "Point", "coordinates": [ 38.8106758, 30.1107763 ] } },
{ "type": "Feature", "properties": { "osm_id": "11870738215", "code": 2962, "fclass": "water_well", "name": "آبار شعيب حدا" }, "geometry": { "type": "Point", "coordinates": [ 41.6371112, 22.9505882 ] } },
{ "type": "Feature", "properties": { "osm_id": "11870738225", "code": 2962, "fclass": "water_well", "name": "خور الرقباء" }, "geometry": { "type": "Point", "coordinates": [ 51.300056, 22.1656651 ] } },
{ "type": "Feature", "properties": { "osm_id": "11870738243", "code": 2962, "fclass": "water_well", "name": "عين رحيّة" }, "geometry": { "type": "Point", "coordinates": [ 44.7912529, 19.9408599 ] } },
{ "type": "Feature", "properties": { "osm_id": "11870738246", "code": 2962, "fclass": "water_well", "name": "ام عدوه" }, "geometry": { "type": "Point", "coordinates": [ 48.9877425, 23.154154 ] } },
{ "type": "Feature", "properties": { "osm_id": "11870738262", "code": 2962, "fclass": "water_well", "name": "ماء النخلة" }, "geometry": { "type": "Point", "coordinates": [ 51.1900725, 24.3394839 ] } },
{ "type": "Feature", "properties": { "osm_id": "11870738268", "code": 2962, "fclass": "water_well", "name": "قلبان خليف" }, "geometry": { "type": "Point", "coordinates": [ 44.468263, 28.6762245 ] } },
{ "type": "Feature", "properties": { "osm_id": "11870738284", "code": 2962, "fclass": "water_well", "name": "بئر أبو مغير" }, "geometry": { "type": "Point", "coordinates": [ 41.3548107, 24.7383114 ] } },
{ "type": "Feature", "properties": { "osm_id": "11870738288", "code": 2962, "fclass": "water_well", "name": "الثليماء" }, "geometry": { "type": "Point", "coordinates": [ 47.3842256, 24.1050133 ] } },
{ "type": "Feature", "properties": { "osm_id": "11870738290", "code": 2962, "fclass": "water_well", "name": "بئر قرائن" }, "geometry": { "type": "Point", "coordinates": [ 51.3682405, 22.5556132 ] } },
{ "type": "Feature", "properties": { "osm_id": "11870738294", "code": 2962, "fclass": "water_well", "name": "آبار بيط" }, "geometry": { "type": "Point", "coordinates": [ 39.2680493, 28.0503167 ] } },
{ "type": "Feature", "properties": { "osm_id": "11870738318", "code": 2962, "fclass": "water_well", "name": "جبا الرميثة" }, "geometry": { "type": "Point", "coordinates": [ 43.1319527, 28.615412 ] } },
{ "type": "Feature", "properties": { "osm_id": "11870738373", "code": 2962, "fclass": "water_well", "name": "بئر أبو دعيج" }, "geometry": { "type": "Point", "coordinates": [ 38.331206, 24.3362624 ] } },
{ "type": "Feature", "properties": { "osm_id": "11870738401", "code": 2962, "fclass": "water_well", "name": "ابار صفوان" }, "geometry": { "type": "Point", "coordinates": [ 39.7201202, 29.6739562 ] } },
{ "type": "Feature", "properties": { "osm_id": "11870738433", "code": 2962, "fclass": "water_well", "name": "بئر الحفائر" }, "geometry": { "type": "Point", "coordinates": [ 43.4891522, 19.7172768 ] } },
{ "type": "Feature", "properties": { "osm_id": "11870738440", "code": 2962, "fclass": "water_well", "name": "بئر ضبيعة" }, "geometry": { "type": "Point", "coordinates": [ 42.8828154, 25.4281696 ] } },
{ "type": "Feature", "properties": { "osm_id": "11870738451", "code": 2962, "fclass": "water_well", "name": "آبار هويدي" }, "geometry": { "type": "Point", "coordinates": [ 41.3648551, 30.4118238 ] } },
{ "type": "Feature", "properties": { "osm_id": "11870738481", "code": 2962, "fclass": "water_well", "name": "بئر العضبات" }, "geometry": { "type": "Point", "coordinates": [ 44.1076338, 18.1606159 ] } },
{ "type": "Feature", "properties": { "osm_id": "11870738492", "code": 2962, "fclass": "water_well", "name": "آبار إبن حصاني" }, "geometry": { "type": "Point", "coordinates": [ 38.9459006, 23.6774265 ] } },
{ "type": "Feature", "properties": { "osm_id": "11870738498", "code": 2962, "fclass": "water_well", "name": "عين العويجاء" }, "geometry": { "type": "Point", "coordinates": [ 45.4005154, 22.4427705 ] } },
{ "type": "Feature", "properties": { "osm_id": "11870738508", "code": 2962, "fclass": "water_well", "name": "غمرة" }, "geometry": { "type": "Point", "coordinates": [ 40.252974, 20.3900215 ] } },
{ "type": "Feature", "properties": { "osm_id": "11870738547", "code": 2962, "fclass": "water_well", "name": "بئر الشقم" }, "geometry": { "type": "Point", "coordinates": [ 48.5934467, 27.0810357 ] } },
{ "type": "Feature", "properties": { "osm_id": "11870738552", "code": 2962, "fclass": "water_well", "name": "غدير الهاشات" }, "geometry": { "type": "Point", "coordinates": [ 46.0572043, 25.8934739 ] } },
{ "type": "Feature", "properties": { "osm_id": "11870738553", "code": 2962, "fclass": "water_well", "name": "بئر منية" }, "geometry": { "type": "Point", "coordinates": [ 40.5494864, 24.0308044 ] } },
{ "type": "Feature", "properties": { "osm_id": "11870738576", "code": 2962, "fclass": "water_well", "name": "بئر مريحة" }, "geometry": { "type": "Point", "coordinates": [ 47.2246987, 27.3683895 ] } },
{ "type": "Feature", "properties": { "osm_id": "11870738587", "code": 2962, "fclass": "water_well", "name": "بئر المبعوث" }, "geometry": { "type": "Point", "coordinates": [ 44.2447423, 18.1979348 ] } },
{ "type": "Feature", "properties": { "osm_id": "11870738589", "code": 2962, "fclass": "water_well", "name": "بئر مطربة" }, "geometry": { "type": "Point", "coordinates": [ 48.904496, 22.2953159 ] } },
{ "type": "Feature", "properties": { "osm_id": "11870738598", "code": 2962, "fclass": "water_well", "name": "مدثر" }, "geometry": { "type": "Point", "coordinates": [ 39.2976672, 20.9775893 ] } },
{ "type": "Feature", "properties": { "osm_id": "11870738616", "code": 2962, "fclass": "water_well", "name": "قلبان عرق" }, "geometry": { "type": "Point", "coordinates": [ 48.1177299, 28.2630522 ] } },
{ "type": "Feature", "properties": { "osm_id": "11870738619", "code": 2962, "fclass": "water_well", "name": "قصيباء" }, "geometry": { "type": "Point", "coordinates": [ 37.6097617, 31.2584301 ] } },
{ "type": "Feature", "properties": { "osm_id": "11870738621", "code": 2962, "fclass": "water_well", "name": "خور ابن عفيفة" }, "geometry": { "type": "Point", "coordinates": [ 51.4952965, 22.0727151 ] } },
{ "type": "Feature", "properties": { "osm_id": "11870738639", "code": 2962, "fclass": "water_well", "name": "بئر رهمة" }, "geometry": { "type": "Point", "coordinates": [ 51.4021355, 22.6348739 ] } },
{ "type": "Feature", "properties": { "osm_id": "11870738684", "code": 2962, "fclass": "water_well", "name": "قلبان الثميلة" }, "geometry": { "type": "Point", "coordinates": [ 48.683848, 27.0590184 ] } },
{ "type": "Feature", "properties": { "osm_id": "11870738707", "code": 2962, "fclass": "water_well", "name": "ابار ظفره" }, "geometry": { "type": "Point", "coordinates": [ 42.7391703, 24.3044698 ] } },
{ "type": "Feature", "properties": { "osm_id": "11870738712", "code": 2962, "fclass": "water_well", "name": "شبك إبن مسعود" }, "geometry": { "type": "Point", "coordinates": [ 53.1352912, 20.8142867 ] } },
{ "type": "Feature", "properties": { "osm_id": "11870738744", "code": 2962, "fclass": "water_well", "name": "بئر البديع" }, "geometry": { "type": "Point", "coordinates": [ 37.3818307, 25.0046447 ] } },
{ "type": "Feature", "properties": { "osm_id": "11870939727", "code": 2962, "fclass": "water_well", "name": "ابار ام الطلايب" }, "geometry": { "type": "Point", "coordinates": [ 46.0124155, 27.7880841 ] } },
{ "type": "Feature", "properties": { "osm_id": "11870950409", "code": 2962, "fclass": "water_well", "name": "بئر ملحة" }, "geometry": { "type": "Point", "coordinates": [ 42.8820571, 25.3002271 ] } },
{ "type": "Feature", "properties": { "osm_id": "11870950422", "code": 2962, "fclass": "water_well", "name": "صدعان" }, "geometry": { "type": "Point", "coordinates": [ 44.2562292, 23.8166583 ] } },
{ "type": "Feature", "properties": { "osm_id": "11870950481", "code": 2962, "fclass": "water_well", "name": "ابار الطويرفة" }, "geometry": { "type": "Point", "coordinates": [ 51.4903944, 22.2012868 ] } },
{ "type": "Feature", "properties": { "osm_id": "11870950508", "code": 2962, "fclass": "water_well", "name": "الباضه" }, "geometry": { "type": "Point", "coordinates": [ 41.0809179, 21.1582101 ] } },
{ "type": "Feature", "properties": { "osm_id": "11870950557", "code": 2962, "fclass": "water_well", "name": "بئر فجيج" }, "geometry": { "type": "Point", "coordinates": [ 41.4331481, 24.1468726 ] } },
{ "type": "Feature", "properties": { "osm_id": "11870950558", "code": 2962, "fclass": "water_well", "name": "قلمة فيصل" }, "geometry": { "type": "Point", "coordinates": [ 51.0163783, 21.7249436 ] } },
{ "type": "Feature", "properties": { "osm_id": "11870950559", "code": 2962, "fclass": "water_well", "name": "بئر الشيبانية" }, "geometry": { "type": "Point", "coordinates": [ 43.8556237, 27.3379994 ] } },
{ "type": "Feature", "properties": { "osm_id": "11870950561", "code": 2962, "fclass": "water_well", "name": "بئر ابن عليان" }, "geometry": { "type": "Point", "coordinates": [ 50.2263021, 22.723659 ] } },
{ "type": "Feature", "properties": { "osm_id": "11870950570", "code": 2962, "fclass": "water_well", "name": "قليب المراغة" }, "geometry": { "type": "Point", "coordinates": [ 48.1618991, 28.4399642 ] } },
{ "type": "Feature", "properties": { "osm_id": "11870950578", "code": 2962, "fclass": "water_well", "name": "بئر بريم" }, "geometry": { "type": "Point", "coordinates": [ 41.4414429, 21.8803463 ] } },
{ "type": "Feature", "properties": { "osm_id": "11870950632", "code": 2962, "fclass": "water_well", "name": "آبار أبو خرقة" }, "geometry": { "type": "Point", "coordinates": [ 41.2028686, 30.0211243 ] } },
{ "type": "Feature", "properties": { "osm_id": "11870950651", "code": 2962, "fclass": "water_well", "name": "قلبان ام الشطن" }, "geometry": { "type": "Point", "coordinates": [ 45.711663, 24.9943816 ] } },
{ "type": "Feature", "properties": { "osm_id": "11870950675", "code": 2962, "fclass": "water_well", "name": "بئر البدريّة" }, "geometry": { "type": "Point", "coordinates": [ 45.2998053, 22.5770195 ] } },
{ "type": "Feature", "properties": { "osm_id": "11870950679", "code": 2962, "fclass": "water_well", "name": "شبك الأحول" }, "geometry": { "type": "Point", "coordinates": [ 53.1238978, 20.8261479 ] } },
{ "type": "Feature", "properties": { "osm_id": "11870950696", "code": 2962, "fclass": "water_well", "name": "بئر البارودة" }, "geometry": { "type": "Point", "coordinates": [ 42.3388323, 20.3001305 ] } },
{ "type": "Feature", "properties": { "osm_id": "11870950738", "code": 2962, "fclass": "water_well", "name": "آبار حليبه" }, "geometry": { "type": "Point", "coordinates": [ 49.5166773, 26.6811405 ] } },
{ "type": "Feature", "properties": { "osm_id": "11870950766", "code": 2962, "fclass": "water_well", "name": "ابيار الخليلات" }, "geometry": { "type": "Point", "coordinates": [ 41.2199492, 19.0348671 ] } },
{ "type": "Feature", "properties": { "osm_id": "11870950788", "code": 2962, "fclass": "water_well", "name": "آبار جرع الأرنب" }, "geometry": { "type": "Point", "coordinates": [ 40.9480126, 27.2620858 ] } },
{ "type": "Feature", "properties": { "osm_id": "11870950791", "code": 2962, "fclass": "water_well", "name": "بئر بلغة" }, "geometry": { "type": "Point", "coordinates": [ 41.5982957, 24.9369272 ] } },
{ "type": "Feature", "properties": { "osm_id": "11870950822", "code": 2962, "fclass": "water_well", "name": "آبار المصيليب" }, "geometry": { "type": "Point", "coordinates": [ 45.5849198, 25.8788509 ] } },
{ "type": "Feature", "properties": { "osm_id": "11870950823", "code": 2962, "fclass": "water_well", "name": "بئر تنيضبة" }, "geometry": { "type": "Point", "coordinates": [ 39.5189673, 24.7328462 ] } },
{ "type": "Feature", "properties": { "osm_id": "11870950832", "code": 2962, "fclass": "water_well", "name": "يئر القُديرات" }, "geometry": { "type": "Point", "coordinates": [ 50.7730627, 24.2859188 ] } },
{ "type": "Feature", "properties": { "osm_id": "11870950840", "code": 2962, "fclass": "water_well", "name": "" }, "geometry": { "type": "Point", "coordinates": [ 44.1536943, 23.5845605 ] } },
{ "type": "Feature", "properties": { "osm_id": "11870950847", "code": 2962, "fclass": "water_well", "name": "القليب" }, "geometry": { "type": "Point", "coordinates": [ 44.2987486, 27.5146408 ] } },
{ "type": "Feature", "properties": { "osm_id": "11870950857", "code": 2962, "fclass": "water_well", "name": "بئر صحنة" }, "geometry": { "type": "Point", "coordinates": [ 51.3922003, 21.9102278 ] } },
{ "type": "Feature", "properties": { "osm_id": "11870950859", "code": 2962, "fclass": "water_well", "name": "آبار قطان" }, "geometry": { "type": "Point", "coordinates": [ 41.5521019, 22.4595744 ] } },
{ "type": "Feature", "properties": { "osm_id": "11870950860", "code": 2962, "fclass": "water_well", "name": "نفجة حسّيّان" }, "geometry": { "type": "Point", "coordinates": [ 40.285805, 24.7545784 ] } },
{ "type": "Feature", "properties": { "osm_id": "11870950864", "code": 2962, "fclass": "water_well", "name": "قلبان المشفوع" }, "geometry": { "type": "Point", "coordinates": [ 45.5165015, 25.2784946 ] } },
{ "type": "Feature", "properties": { "osm_id": "11870950869", "code": 2962, "fclass": "water_well", "name": "بئر القديح" }, "geometry": { "type": "Point", "coordinates": [ 40.9669341, 19.6661959 ] } },
{ "type": "Feature", "properties": { "osm_id": "11870950899", "code": 2962, "fclass": "water_well", "name": "بئر أبو النعم" }, "geometry": { "type": "Point", "coordinates": [ 38.8242503, 25.2299609 ] } },
{ "type": "Feature", "properties": { "osm_id": "11870950909", "code": 2962, "fclass": "water_well", "name": "عيون مُريِّغة" }, "geometry": { "type": "Point", "coordinates": [ 48.365442, 26.9934817 ] } },
{ "type": "Feature", "properties": { "osm_id": "11870950937", "code": 2962, "fclass": "water_well", "name": "خور العيد" }, "geometry": { "type": "Point", "coordinates": [ 52.0276165, 20.9325839 ] } },
{ "type": "Feature", "properties": { "osm_id": "11870950988", "code": 2962, "fclass": "water_well", "name": "قُلبان جِنديَّة" }, "geometry": { "type": "Point", "coordinates": [ 44.533335, 26.7875235 ] } },
{ "type": "Feature", "properties": { "osm_id": "11870951027", "code": 2962, "fclass": "water_well", "name": "قلبان خريت" }, "geometry": { "type": "Point", "coordinates": [ 50.9681529, 23.6792799 ] } },
{ "type": "Feature", "properties": { "osm_id": "11870951050", "code": 2962, "fclass": "water_well", "name": "بئر المليحة الشرقية" }, "geometry": { "type": "Point", "coordinates": [ 49.7759956, 22.850508 ] } },
{ "type": "Feature", "properties": { "osm_id": "11870951056", "code": 2962, "fclass": "water_well", "name": "بئر مطعونة" }, "geometry": { "type": "Point", "coordinates": [ 50.6107013, 24.7159788 ] } },
{ "type": "Feature", "properties": { "osm_id": "11870951059", "code": 2962, "fclass": "water_well", "name": "الحسينية" }, "geometry": { "type": "Point", "coordinates": [ 40.4218205, 20.1798447 ] } },
{ "type": "Feature", "properties": { "osm_id": "11870951068", "code": 2962, "fclass": "water_well", "name": "مشاش المليح" }, "geometry": { "type": "Point", "coordinates": [ 45.7517542, 22.6243521 ] } },
{ "type": "Feature", "properties": { "osm_id": "11870951091", "code": 2962, "fclass": "water_well", "name": "الفقير" }, "geometry": { "type": "Point", "coordinates": [ 38.2050728, 25.6269939 ] } },
{ "type": "Feature", "properties": { "osm_id": "11870951094", "code": 2962, "fclass": "water_well", "name": "بئر مطعونة الغويرة" }, "geometry": { "type": "Point", "coordinates": [ 51.1389218, 22.7780022 ] } },
{ "type": "Feature", "properties": { "osm_id": "11870951142", "code": 2962, "fclass": "water_well", "name": "قلبان السليمة" }, "geometry": { "type": "Point", "coordinates": [ 45.5400954, 21.7636599 ] } },
{ "type": "Feature", "properties": { "osm_id": "11870951184", "code": 2962, "fclass": "water_well", "name": "قلبان وصلة" }, "geometry": { "type": "Point", "coordinates": [ 43.6078969, 25.2800983 ] } },
{ "type": "Feature", "properties": { "osm_id": "11870951199", "code": 2962, "fclass": "water_well", "name": "بئر النباع" }, "geometry": { "type": "Point", "coordinates": [ 39.7904187, 21.8919726 ] } },
{ "type": "Feature", "properties": { "osm_id": "11870951203", "code": 2962, "fclass": "water_well", "name": "بئر الشعافة" }, "geometry": { "type": "Point", "coordinates": [ 42.4365083, 17.2542732 ] } },
{ "type": "Feature", "properties": { "osm_id": "11870951205", "code": 2962, "fclass": "water_well", "name": "بئر العبدليّة" }, "geometry": { "type": "Point", "coordinates": [ 40.1813009, 20.2977815 ] } },
{ "type": "Feature", "properties": { "osm_id": "11870951214", "code": 2962, "fclass": "water_well", "name": "بئر المرير" }, "geometry": { "type": "Point", "coordinates": [ 41.5034804, 27.3051575 ] } },
{ "type": "Feature", "properties": { "osm_id": "11870951251", "code": 2962, "fclass": "water_well", "name": "بئر هشيمة" }, "geometry": { "type": "Point", "coordinates": [ 51.3501787, 21.9059159 ] } },
{ "type": "Feature", "properties": { "osm_id": "11870951291", "code": 2962, "fclass": "water_well", "name": "بئر مبرك" }, "geometry": { "type": "Point", "coordinates": [ 39.4650998, 24.7368073 ] } },
{ "type": "Feature", "properties": { "osm_id": "11871231063", "code": 2962, "fclass": "water_well", "name": "آبار الشيخ" }, "geometry": { "type": "Point", "coordinates": [ 38.9106766, 23.4984827 ] } },
{ "type": "Feature", "properties": { "osm_id": "11871306314", "code": 2962, "fclass": "water_well", "name": "بير المعدن" }, "geometry": { "type": "Point", "coordinates": [ 40.8830386, 23.5264329 ] } },
{ "type": "Feature", "properties": { "osm_id": "11871306330", "code": 2962, "fclass": "water_well", "name": "بئر منيصفة" }, "geometry": { "type": "Point", "coordinates": [ 48.4953718, 27.2281414 ] } },
{ "type": "Feature", "properties": { "osm_id": "11871306345", "code": 2962, "fclass": "water_well", "name": "خور الغضيض" }, "geometry": { "type": "Point", "coordinates": [ 51.5250022, 20.1521436 ] } },
{ "type": "Feature", "properties": { "osm_id": "11871306361", "code": 2962, "fclass": "water_well", "name": "جِبيَّة النظيم" }, "geometry": { "type": "Point", "coordinates": [ 41.3625998, 29.3248597 ] } },
{ "type": "Feature", "properties": { "osm_id": "11871306416", "code": 2962, "fclass": "water_well", "name": "بئر جرار" }, "geometry": { "type": "Point", "coordinates": [ 42.428036, 26.3484653 ] } },
{ "type": "Feature", "properties": { "osm_id": "11871306428", "code": 2962, "fclass": "water_well", "name": "قلمة العماج" }, "geometry": { "type": "Point", "coordinates": [ 49.5329946, 25.8910697 ] } },
{ "type": "Feature", "properties": { "osm_id": "11871306449", "code": 2962, "fclass": "water_well", "name": "قليب الحُموديَّية" }, "geometry": { "type": "Point", "coordinates": [ 44.5683527, 26.9448829 ] } },
{ "type": "Feature", "properties": { "osm_id": "11871306497", "code": 2962, "fclass": "water_well", "name": "بئر الرقباء" }, "geometry": { "type": "Point", "coordinates": [ 46.8687521, 27.6165425 ] } },
{ "type": "Feature", "properties": { "osm_id": "11871306501", "code": 2962, "fclass": "water_well", "name": "بئر صبيحاء" }, "geometry": { "type": "Point", "coordinates": [ 48.967569, 22.3981987 ] } },
{ "type": "Feature", "properties": { "osm_id": "11871306519", "code": 2962, "fclass": "water_well", "name": "آبار ضبوعة" }, "geometry": { "type": "Point", "coordinates": [ 39.3206653, 24.4311632 ] } },
{ "type": "Feature", "properties": { "osm_id": "11871306525", "code": 2962, "fclass": "water_well", "name": "قلمة الطويل" }, "geometry": { "type": "Point", "coordinates": [ 52.2632734, 21.2472328 ] } },
{ "type": "Feature", "properties": { "osm_id": "11871306526", "code": 2962, "fclass": "water_well", "name": "بئر مرير" }, "geometry": { "type": "Point", "coordinates": [ 40.5432853, 24.299581 ] } },
{ "type": "Feature", "properties": { "osm_id": "11871306538", "code": 2962, "fclass": "water_well", "name": "عد نعيمان" }, "geometry": { "type": "Point", "coordinates": [ 46.203187, 21.36418 ] } },
{ "type": "Feature", "properties": { "osm_id": "11871306552", "code": 2962, "fclass": "water_well", "name": "بئر الفوّار" }, "geometry": { "type": "Point", "coordinates": [ 48.4235341, 27.3529542 ] } },
{ "type": "Feature", "properties": { "osm_id": "11871306565", "code": 2962, "fclass": "water_well", "name": "آبار الصر" }, "geometry": { "type": "Point", "coordinates": [ 41.4317382, 27.3844564 ] } },
{ "type": "Feature", "properties": { "osm_id": "11871306580", "code": 2962, "fclass": "water_well", "name": "مشاش الروثية" }, "geometry": { "type": "Point", "coordinates": [ 41.2617363, 31.1644759 ] } },
{ "type": "Feature", "properties": { "osm_id": "11871306613", "code": 2962, "fclass": "water_well", "name": "بئر الجناتيخ" }, "geometry": { "type": "Point", "coordinates": [ 41.3968441, 27.3930737 ] } },
{ "type": "Feature", "properties": { "osm_id": "11871306625", "code": 2962, "fclass": "water_well", "name": "قليب أم الجراء" }, "geometry": { "type": "Point", "coordinates": [ 50.8242955, 23.5098711 ] } },
{ "type": "Feature", "properties": { "osm_id": "11871306633", "code": 2962, "fclass": "water_well", "name": "كريس التاريخي" }, "geometry": { "type": "Point", "coordinates": [ 42.5380431, 19.8565273 ] } },
{ "type": "Feature", "properties": { "osm_id": "11871306644", "code": 2962, "fclass": "water_well", "name": "ابار نفيخ" }, "geometry": { "type": "Point", "coordinates": [ 46.5318809, 25.6477738 ] } },
{ "type": "Feature", "properties": { "osm_id": "11871306667", "code": 2962, "fclass": "water_well", "name": "بئر شقراء" }, "geometry": { "type": "Point", "coordinates": [ 48.9240783, 22.6120815 ] } },
{ "type": "Feature", "properties": { "osm_id": "11871306671", "code": 2962, "fclass": "water_well", "name": "آبار وسيع الغربية" }, "geometry": { "type": "Point", "coordinates": [ 50.7015825, 23.8614344 ] } },
{ "type": "Feature", "properties": { "osm_id": "11871306676", "code": 2962, "fclass": "water_well", "name": "بئر الجريسية" }, "geometry": { "type": "Point", "coordinates": [ 40.8183363, 23.5890761 ] } },
{ "type": "Feature", "properties": { "osm_id": "11871306677", "code": 2962, "fclass": "water_well", "name": "بئر ورشة" }, "geometry": { "type": "Point", "coordinates": [ 43.4338307, 21.9118808 ] } },
{ "type": "Feature", "properties": { "osm_id": "11871306741", "code": 2962, "fclass": "water_well", "name": "بئر عمودان" }, "geometry": { "type": "Point", "coordinates": [ 37.9996779, 25.7368866 ] } },
{ "type": "Feature", "properties": { "osm_id": "11871306755", "code": 2962, "fclass": "water_well", "name": "خور القواشيط" }, "geometry": { "type": "Point", "coordinates": [ 51.4667052, 22.1000533 ] } },
{ "type": "Feature", "properties": { "osm_id": "11871306758", "code": 2962, "fclass": "water_well", "name": "بئر عيدة" }, "geometry": { "type": "Point", "coordinates": [ 42.5220531, 25.5268645 ] } },
{ "type": "Feature", "properties": { "osm_id": "11871306788", "code": 2962, "fclass": "water_well", "name": "بئر النقيزيّة" }, "geometry": { "type": "Point", "coordinates": [ 40.3364455, 23.2386274 ] } },
{ "type": "Feature", "properties": { "osm_id": "11871306839", "code": 2962, "fclass": "water_well", "name": "بئر مبيريك" }, "geometry": { "type": "Point", "coordinates": [ 39.1518607, 23.1653487 ] } },
{ "type": "Feature", "properties": { "osm_id": "11871306848", "code": 2962, "fclass": "water_well", "name": "بئر مقينمة" }, "geometry": { "type": "Point", "coordinates": [ 48.8291063, 22.2038907 ] } },
{ "type": "Feature", "properties": { "osm_id": "11871306865", "code": 2962, "fclass": "water_well", "name": "شبك سنكور" }, "geometry": { "type": "Point", "coordinates": [ 53.3172537, 20.7795196 ] } },
{ "type": "Feature", "properties": { "osm_id": "11871306868", "code": 2962, "fclass": "water_well", "name": "آبار المنجور" }, "geometry": { "type": "Point", "coordinates": [ 45.6250418, 23.0412725 ] } },
{ "type": "Feature", "properties": { "osm_id": "11871306871", "code": 2962, "fclass": "water_well", "name": "بئر بن سرّار" }, "geometry": { "type": "Point", "coordinates": [ 42.6681512, 19.5121741 ] } },
{ "type": "Feature", "properties": { "osm_id": "11871306882", "code": 2962, "fclass": "water_well", "name": "قلمة الحجرة" }, "geometry": { "type": "Point", "coordinates": [ 48.2608113, 21.8894982 ] } },
{ "type": "Feature", "properties": { "osm_id": "11871306895", "code": 2962, "fclass": "water_well", "name": "بئر الدُّليميَّة" }, "geometry": { "type": "Point", "coordinates": [ 42.6714545, 25.5966367 ] } },
{ "type": "Feature", "properties": { "osm_id": "11871306921", "code": 2962, "fclass": "water_well", "name": "بئر الحفيرة" }, "geometry": { "type": "Point", "coordinates": [ 39.397975, 24.6817743 ] } },
{ "type": "Feature", "properties": { "osm_id": "11871306929", "code": 2962, "fclass": "water_well", "name": "بئر أمّ إشكاعة" }, "geometry": { "type": "Point", "coordinates": [ 40.8352061, 24.3337619 ] } },
{ "type": "Feature", "properties": { "osm_id": "11871306940", "code": 2962, "fclass": "water_well", "name": "بئر المروى" }, "geometry": { "type": "Point", "coordinates": [ 42.3216759, 25.417626 ] } },
{ "type": "Feature", "properties": { "osm_id": "11871306966", "code": 2962, "fclass": "water_well", "name": "آبار المحدثة" }, "geometry": { "type": "Point", "coordinates": [ 40.6954061, 21.8753193 ] } },
{ "type": "Feature", "properties": { "osm_id": "11871307009", "code": 2962, "fclass": "water_well", "name": "آبار الزرنوقة" }, "geometry": { "type": "Point", "coordinates": [ 49.703329, 25.0372025 ] } },
{ "type": "Feature", "properties": { "osm_id": "11871307035", "code": 2962, "fclass": "water_well", "name": "ابار القصب" }, "geometry": { "type": "Point", "coordinates": [ 49.2101591, 22.7626864 ] } },
{ "type": "Feature", "properties": { "osm_id": "11871307076", "code": 2962, "fclass": "water_well", "name": "خور إبن حفيظ" }, "geometry": { "type": "Point", "coordinates": [ 51.6553193, 21.6345284 ] } },
{ "type": "Feature", "properties": { "osm_id": "11871307111", "code": 2962, "fclass": "water_well", "name": "عدّ دبيّان" }, "geometry": { "type": "Point", "coordinates": [ 47.1013382, 24.6456821 ] } },
{ "type": "Feature", "properties": { "osm_id": "11871307113", "code": 2962, "fclass": "water_well", "name": "بئر الحمام" }, "geometry": { "type": "Point", "coordinates": [ 39.6214761, 21.697043 ] } },
{ "type": "Feature", "properties": { "osm_id": "11871307120", "code": 2962, "fclass": "water_well", "name": "جبلية إبن العاض" }, "geometry": { "type": "Point", "coordinates": [ 52.3337006, 20.8215216 ] } },
{ "type": "Feature", "properties": { "osm_id": "11871307124", "code": 2962, "fclass": "water_well", "name": "جِبيَّة العِكرشي" }, "geometry": { "type": "Point", "coordinates": [ 41.4101704, 29.3272743 ] } },
{ "type": "Feature", "properties": { "osm_id": "11871307139", "code": 2962, "fclass": "water_well", "name": "بئر الخرش" }, "geometry": { "type": "Point", "coordinates": [ 42.9423269, 28.9297003 ] } },
{ "type": "Feature", "properties": { "osm_id": "11871307146", "code": 2962, "fclass": "water_well", "name": "خور الغرينيق" }, "geometry": { "type": "Point", "coordinates": [ 51.4511493, 22.1136023 ] } },
{ "type": "Feature", "properties": { "osm_id": "11871307155", "code": 2962, "fclass": "water_well", "name": "آبار الهميج" }, "geometry": { "type": "Point", "coordinates": [ 41.6528069, 22.8551889 ] } },
{ "type": "Feature", "properties": { "osm_id": "11871307157", "code": 2962, "fclass": "water_well", "name": "شنيفيّة" }, "geometry": { "type": "Point", "coordinates": [ 42.2510052, 20.27425 ] } },
{ "type": "Feature", "properties": { "osm_id": "11871307163", "code": 2962, "fclass": "water_well", "name": "بئر أبو الحليفة" }, "geometry": { "type": "Point", "coordinates": [ 40.0988773, 22.1996289 ] } },
{ "type": "Feature", "properties": { "osm_id": "11871307173", "code": 2962, "fclass": "water_well", "name": "آبار طريف" }, "geometry": { "type": "Point", "coordinates": [ 48.7209013, 27.5339176 ] } },
{ "type": "Feature", "properties": { "osm_id": "11871307186", "code": 2962, "fclass": "water_well", "name": "خليقة ابن عشوان" }, "geometry": { "type": "Point", "coordinates": [ 45.6635833, 27.2433645 ] } },
{ "type": "Feature", "properties": { "osm_id": "11871307197", "code": 2962, "fclass": "water_well", "name": "الحسيّ" }, "geometry": { "type": "Point", "coordinates": [ 48.5238158, 27.1052525 ] } },
{ "type": "Feature", "properties": { "osm_id": "11871307228", "code": 2962, "fclass": "water_well", "name": "آبار طفحان" }, "geometry": { "type": "Point", "coordinates": [ 40.5036313, 27.1301847 ] } },
{ "type": "Feature", "properties": { "osm_id": "11871538881", "code": 2962, "fclass": "water_well", "name": "ابار الحفيرة" }, "geometry": { "type": "Point", "coordinates": [ 46.5231177, 25.9139585 ] } },
{ "type": "Feature", "properties": { "osm_id": "11871538948", "code": 2962, "fclass": "water_well", "name": "بئر آل درعة" }, "geometry": { "type": "Point", "coordinates": [ 50.5848828, 21.8161531 ] } },
{ "type": "Feature", "properties": { "osm_id": "11871538991", "code": 2962, "fclass": "water_well", "name": "عين شعاب" }, "geometry": { "type": "Point", "coordinates": [ 49.9482622, 26.8144139 ] } },
{ "type": "Feature", "properties": { "osm_id": "11871539006", "code": 2962, "fclass": "water_well", "name": "بئر الشرجه" }, "geometry": { "type": "Point", "coordinates": [ 38.7789824, 24.422337 ] } },
{ "type": "Feature", "properties": { "osm_id": "11871539022", "code": 2962, "fclass": "water_well", "name": "بئر فيصل" }, "geometry": { "type": "Point", "coordinates": [ 41.9067026, 19.1348168 ] } },
{ "type": "Feature", "properties": { "osm_id": "11871539036", "code": 2962, "fclass": "water_well", "name": "قلبان العسيلات" }, "geometry": { "type": "Point", "coordinates": [ 47.2659141, 24.5731093 ] } },
{ "type": "Feature", "properties": { "osm_id": "11871539076", "code": 2962, "fclass": "water_well", "name": "ابار العيينة" }, "geometry": { "type": "Point", "coordinates": [ 46.3765771, 24.0067699 ] } },
{ "type": "Feature", "properties": { "osm_id": "11871539088", "code": 2962, "fclass": "water_well", "name": "بئر لامة" }, "geometry": { "type": "Point", "coordinates": [ 41.5696811, 27.4602113 ] } },
{ "type": "Feature", "properties": { "osm_id": "11871539124", "code": 2962, "fclass": "water_well", "name": "قلمة اقبة" }, "geometry": { "type": "Point", "coordinates": [ 48.9635121, 27.2568863 ] } },
{ "type": "Feature", "properties": { "osm_id": "11871539183", "code": 2962, "fclass": "water_well", "name": "بئر عبدان" }, "geometry": { "type": "Point", "coordinates": [ 44.8886009, 23.509178 ] } },
{ "type": "Feature", "properties": { "osm_id": "11871539187", "code": 2962, "fclass": "water_well", "name": "شبك الكرب" }, "geometry": { "type": "Point", "coordinates": [ 53.1198315, 20.8200026 ] } },
{ "type": "Feature", "properties": { "osm_id": "11871539224", "code": 2962, "fclass": "water_well", "name": "بئر القوز" }, "geometry": { "type": "Point", "coordinates": [ 42.3327032, 17.4829535 ] } },
{ "type": "Feature", "properties": { "osm_id": "11871539235", "code": 2962, "fclass": "water_well", "name": "القرو" }, "geometry": { "type": "Point", "coordinates": [ 43.7197391, 27.4711489 ] } },
{ "type": "Feature", "properties": { "osm_id": "11871539287", "code": 2962, "fclass": "water_well", "name": "قلبان الصفاوي" }, "geometry": { "type": "Point", "coordinates": [ 48.1418463, 28.275234 ] } },
{ "type": "Feature", "properties": { "osm_id": "11871539289", "code": 2962, "fclass": "water_well", "name": "بئر بن جهيم" }, "geometry": { "type": "Point", "coordinates": [ 49.0199149, 22.4093391 ] } },
{ "type": "Feature", "properties": { "osm_id": "11871539296", "code": 2962, "fclass": "water_well", "name": "بئر آل هيضة" }, "geometry": { "type": "Point", "coordinates": [ 50.3010279, 24.8922306 ] } },
{ "type": "Feature", "properties": { "osm_id": "11871539304", "code": 2962, "fclass": "water_well", "name": "بئر ريمة" }, "geometry": { "type": "Point", "coordinates": [ 50.1559376, 22.6690226 ] } },
{ "type": "Feature", "properties": { "osm_id": "11871539314", "code": 2962, "fclass": "water_well", "name": "القلبان" }, "geometry": { "type": "Point", "coordinates": [ 39.7422953, 27.4973476 ] } },
{ "type": "Feature", "properties": { "osm_id": "11871539336", "code": 2962, "fclass": "water_well", "name": "ابار مخيريق" }, "geometry": { "type": "Point", "coordinates": [ 42.2610015, 26.6884168 ] } },
{ "type": "Feature", "properties": { "osm_id": "11871539339", "code": 2962, "fclass": "water_well", "name": "بئر الحسرج" }, "geometry": { "type": "Point", "coordinates": [ 43.7336575, 23.7270622 ] } },
{ "type": "Feature", "properties": { "osm_id": "11871539361", "code": 2962, "fclass": "water_well", "name": "بئر أبو غضاة" }, "geometry": { "type": "Point", "coordinates": [ 52.0608834, 21.5819209 ] } },
{ "type": "Feature", "properties": { "osm_id": "11871539393", "code": 2962, "fclass": "water_well", "name": "آبار الفويسة" }, "geometry": { "type": "Point", "coordinates": [ 38.5155152, 25.3018159 ] } },
{ "type": "Feature", "properties": { "osm_id": "11871539396", "code": 2962, "fclass": "water_well", "name": "بئر الباثة" }, "geometry": { "type": "Point", "coordinates": [ 40.3536566, 21.8091841 ] } },
{ "type": "Feature", "properties": { "osm_id": "11871539397", "code": 2962, "fclass": "water_well", "name": "بئر ال فطور" }, "geometry": { "type": "Point", "coordinates": [ 49.6694369, 22.9041036 ] } },
{ "type": "Feature", "properties": { "osm_id": "11871539431", "code": 2962, "fclass": "water_well", "name": "آبار نسلة" }, "geometry": { "type": "Point", "coordinates": [ 46.800524, 23.0471988 ] } },
{ "type": "Feature", "properties": { "osm_id": "11871539454", "code": 2962, "fclass": "water_well", "name": "بئر فضيلة" }, "geometry": { "type": "Point", "coordinates": [ 50.4070657, 22.0484516 ] } },
{ "type": "Feature", "properties": { "osm_id": "11871539462", "code": 2962, "fclass": "water_well", "name": "بئر الزرق" }, "geometry": { "type": "Point", "coordinates": [ 43.8044083, 19.4677424 ] } },
{ "type": "Feature", "properties": { "osm_id": "11871539475", "code": 2962, "fclass": "water_well", "name": "قلبان النخيل" }, "geometry": { "type": "Point", "coordinates": [ 45.4215691, 26.1561767 ] } },
{ "type": "Feature", "properties": { "osm_id": "11871539518", "code": 2962, "fclass": "water_well", "name": "بئر المباعيث" }, "geometry": { "type": "Point", "coordinates": [ 51.7014793, 22.230721 ] } },
{ "type": "Feature", "properties": { "osm_id": "11871539525", "code": 2962, "fclass": "water_well", "name": "قلبان البديع" }, "geometry": { "type": "Point", "coordinates": [ 42.0609486, 28.3334729 ] } },
{ "type": "Feature", "properties": { "osm_id": "11871539553", "code": 2962, "fclass": "water_well", "name": "بئر القرادي" }, "geometry": { "type": "Point", "coordinates": [ 48.3765731, 27.2142247 ] } },
{ "type": "Feature", "properties": { "osm_id": "11871539556", "code": 2962, "fclass": "water_well", "name": "آبار زبرة" }, "geometry": { "type": "Point", "coordinates": [ 42.6210757, 25.4866575 ] } },
{ "type": "Feature", "properties": { "osm_id": "11871539565", "code": 2962, "fclass": "water_well", "name": "بئر أبو نمر" }, "geometry": { "type": "Point", "coordinates": [ 41.7634328, 27.1885563 ] } },
{ "type": "Feature", "properties": { "osm_id": "11871539566", "code": 2962, "fclass": "water_well", "name": "قلمة الصدرية" }, "geometry": { "type": "Point", "coordinates": [ 47.6830778, 27.510568 ] } },
{ "type": "Feature", "properties": { "osm_id": "11871539601", "code": 2962, "fclass": "water_well", "name": "بئر فاضل" }, "geometry": { "type": "Point", "coordinates": [ 49.7732414, 22.0665682 ] } },
{ "type": "Feature", "properties": { "osm_id": "11871539607", "code": 2962, "fclass": "water_well", "name": "بِدع الخُوير" }, "geometry": { "type": "Point", "coordinates": [ 43.1832665, 27.6500379 ] } },
{ "type": "Feature", "properties": { "osm_id": "11871539662", "code": 2962, "fclass": "water_well", "name": "آبار بجيس" }, "geometry": { "type": "Point", "coordinates": [ 48.3907399, 27.9023303 ] } },
{ "type": "Feature", "properties": { "osm_id": "11871539696", "code": 2962, "fclass": "water_well", "name": "بئر الكريف" }, "geometry": { "type": "Point", "coordinates": [ 38.0812041, 24.3132918 ] } },
{ "type": "Feature", "properties": { "osm_id": "11871539705", "code": 2962, "fclass": "water_well", "name": "بئر جيدة" }, "geometry": { "type": "Point", "coordinates": [ 37.4438895, 26.1457437 ] } },
{ "type": "Feature", "properties": { "osm_id": "11871539710", "code": 2962, "fclass": "water_well", "name": "قَليب دِرهوم" }, "geometry": { "type": "Point", "coordinates": [ 44.5166478, 26.8127367 ] } },
{ "type": "Feature", "properties": { "osm_id": "11871539722", "code": 2962, "fclass": "water_well", "name": "بئر أبا الذبان" }, "geometry": { "type": "Point", "coordinates": [ 51.6804353, 21.9522072 ] } },
{ "type": "Feature", "properties": { "osm_id": "11871539726", "code": 2962, "fclass": "water_well", "name": "عين الحسي" }, "geometry": { "type": "Point", "coordinates": [ 45.4985244, 20.1159163 ] } },
{ "type": "Feature", "properties": { "osm_id": "11871539740", "code": 2962, "fclass": "water_well", "name": "بؤيرات دبّاغات" }, "geometry": { "type": "Point", "coordinates": [ 36.8741183, 27.4244162 ] } },
{ "type": "Feature", "properties": { "osm_id": "11871539752", "code": 2962, "fclass": "water_well", "name": "قليّب النصراني" }, "geometry": { "type": "Point", "coordinates": [ 38.3704798, 30.7247482 ] } },
{ "type": "Feature", "properties": { "osm_id": "11871539753", "code": 2962, "fclass": "water_well", "name": "الحفنة" }, "geometry": { "type": "Point", "coordinates": [ 40.6107972, 25.3226655 ] } },
{ "type": "Feature", "properties": { "osm_id": "11871539754", "code": 2962, "fclass": "water_well", "name": "قلبان الجربوعيّة" }, "geometry": { "type": "Point", "coordinates": [ 37.7844417, 30.9495381 ] } },
{ "type": "Feature", "properties": { "osm_id": "11871539760", "code": 2962, "fclass": "water_well", "name": "آبار أم عشرة" }, "geometry": { "type": "Point", "coordinates": [ 46.2181707, 25.7598605 ] } },
{ "type": "Feature", "properties": { "osm_id": "11871539765", "code": 2962, "fclass": "water_well", "name": "آبار أبا النواديس" }, "geometry": { "type": "Point", "coordinates": [ 50.0714546, 25.5005986 ] } },
{ "type": "Feature", "properties": { "osm_id": "11871539776", "code": 2962, "fclass": "water_well", "name": "سبخة بن عمات" }, "geometry": { "type": "Point", "coordinates": [ 53.4011129, 21.0547355 ] } },
{ "type": "Feature", "properties": { "osm_id": "11871539779", "code": 2962, "fclass": "water_well", "name": "ابار العويجاء" }, "geometry": { "type": "Point", "coordinates": [ 50.391822, 22.3431667 ] } },
{ "type": "Feature", "properties": { "osm_id": "11871539786", "code": 2962, "fclass": "water_well", "name": "آبار النجبة" }, "geometry": { "type": "Point", "coordinates": [ 48.7969788, 25.9769312 ] } },
{ "type": "Feature", "properties": { "osm_id": "11871539791", "code": 2962, "fclass": "water_well", "name": "أبار ابا العجاج" }, "geometry": { "type": "Point", "coordinates": [ 36.9596287, 26.1281568 ] } },
{ "type": "Feature", "properties": { "osm_id": "11871539837", "code": 2962, "fclass": "water_well", "name": "بئر مريزيق" }, "geometry": { "type": "Point", "coordinates": [ 50.8225544, 21.7664642 ] } },
{ "type": "Feature", "properties": { "osm_id": "11871539842", "code": 2962, "fclass": "water_well", "name": "بئر الغيثية" }, "geometry": { "type": "Point", "coordinates": [ 39.4717027, 22.0172107 ] } },
{ "type": "Feature", "properties": { "osm_id": "11871539845", "code": 2962, "fclass": "water_well", "name": "قلبان خبيراء" }, "geometry": { "type": "Point", "coordinates": [ 47.1836092, 27.7764768 ] } },
{ "type": "Feature", "properties": { "osm_id": "11871539857", "code": 2962, "fclass": "water_well", "name": "بئر عوَّاد" }, "geometry": { "type": "Point", "coordinates": [ 42.7914667, 25.6516444 ] } },
{ "type": "Feature", "properties": { "osm_id": "11871636144", "code": 2962, "fclass": "water_well", "name": "غدير دغيم" }, "geometry": { "type": "Point", "coordinates": [ 46.6936016, 27.0016605 ] } },
{ "type": "Feature", "properties": { "osm_id": "11871651801", "code": 2962, "fclass": "water_well", "name": "خور ابو شولة" }, "geometry": { "type": "Point", "coordinates": [ 51.4206013, 22.133802 ] } },
{ "type": "Feature", "properties": { "osm_id": "11871651834", "code": 2962, "fclass": "water_well", "name": "عُقيلة الشِّياه" }, "geometry": { "type": "Point", "coordinates": [ 41.5198098, 29.3381195 ] } },
{ "type": "Feature", "properties": { "osm_id": "11871651840", "code": 2962, "fclass": "water_well", "name": "الزبار" }, "geometry": { "type": "Point", "coordinates": [ 43.6825468, 28.0134161 ] } },
{ "type": "Feature", "properties": { "osm_id": "11871651842", "code": 2962, "fclass": "water_well", "name": "بئر عزيزة" }, "geometry": { "type": "Point", "coordinates": [ 50.4641559, 22.9247126 ] } },
{ "type": "Feature", "properties": { "osm_id": "11871651863", "code": 2962, "fclass": "water_well", "name": "العقيلي" }, "geometry": { "type": "Point", "coordinates": [ 40.3337882, 31.5335937 ] } },
{ "type": "Feature", "properties": { "osm_id": "11871651873", "code": 2962, "fclass": "water_well", "name": "آبار شويغرات" }, "geometry": { "type": "Point", "coordinates": [ 43.7403365, 28.7723049 ] } },
{ "type": "Feature", "properties": { "osm_id": "11871651892", "code": 2962, "fclass": "water_well", "name": "آبار أمّ عواقيل" }, "geometry": { "type": "Point", "coordinates": [ 45.5511851, 28.0249646 ] } },
{ "type": "Feature", "properties": { "osm_id": "11871651916", "code": 2962, "fclass": "water_well", "name": "خور مهيوبة" }, "geometry": { "type": "Point", "coordinates": [ 51.314964, 21.0829347 ] } },
{ "type": "Feature", "properties": { "osm_id": "11871651926", "code": 2962, "fclass": "water_well", "name": "خبطة البُويضاء" }, "geometry": { "type": "Point", "coordinates": [ 41.7002317, 29.3404161 ] } },
{ "type": "Feature", "properties": { "osm_id": "11871651940", "code": 2962, "fclass": "water_well", "name": "بئر سويدان" }, "geometry": { "type": "Point", "coordinates": [ 40.8518871, 31.2064195 ] } },
{ "type": "Feature", "properties": { "osm_id": "11871651964", "code": 2962, "fclass": "water_well", "name": "ابو أراكة" }, "geometry": { "type": "Point", "coordinates": [ 37.1659209, 27.1292104 ] } },
{ "type": "Feature", "properties": { "osm_id": "11871651979", "code": 2962, "fclass": "water_well", "name": "بئر العيينة" }, "geometry": { "type": "Point", "coordinates": [ 40.4351313, 27.315109 ] } },
{ "type": "Feature", "properties": { "osm_id": "11871652003", "code": 2962, "fclass": "water_well", "name": "آبار الصفوية" }, "geometry": { "type": "Point", "coordinates": [ 42.6859396, 24.4302512 ] } },
{ "type": "Feature", "properties": { "osm_id": "11871652018", "code": 2962, "fclass": "water_well", "name": "مشاش الدشوش" }, "geometry": { "type": "Point", "coordinates": [ 45.2967487, 26.1079232 ] } },
{ "type": "Feature", "properties": { "osm_id": "11871652033", "code": 2962, "fclass": "water_well", "name": "بئر المونّسيّة" }, "geometry": { "type": "Point", "coordinates": [ 46.6675776, 24.8639184 ] } },
{ "type": "Feature", "properties": { "osm_id": "11871652055", "code": 2962, "fclass": "water_well", "name": "بئر القذاوية" }, "geometry": { "type": "Point", "coordinates": [ 46.2479799, 22.6166151 ] } },
{ "type": "Feature", "properties": { "osm_id": "11871652057", "code": 2962, "fclass": "water_well", "name": "بئر الغنم" }, "geometry": { "type": "Point", "coordinates": [ 39.8105341, 21.6033319 ] } },
{ "type": "Feature", "properties": { "osm_id": "11871652072", "code": 2962, "fclass": "water_well", "name": "السباع" }, "geometry": { "type": "Point", "coordinates": [ 42.3295429, 20.2979488 ] } },
{ "type": "Feature", "properties": { "osm_id": "11871652085", "code": 2962, "fclass": "water_well", "name": "بئر الحسو" }, "geometry": { "type": "Point", "coordinates": [ 41.631858, 24.604132 ] } },
{ "type": "Feature", "properties": { "osm_id": "11871652100", "code": 2962, "fclass": "water_well", "name": "بئر عرجاء" }, "geometry": { "type": "Point", "coordinates": [ 40.9951084, 25.3127843 ] } },
{ "type": "Feature", "properties": { "osm_id": "11871652126", "code": 2962, "fclass": "water_well", "name": "بئر جليقاء" }, "geometry": { "type": "Point", "coordinates": [ 48.5071879, 27.7329393 ] } },
{ "type": "Feature", "properties": { "osm_id": "11871652169", "code": 2962, "fclass": "water_well", "name": "دمج" }, "geometry": { "type": "Point", "coordinates": [ 36.3957416, 28.3965888 ] } },
{ "type": "Feature", "properties": { "osm_id": "11871652176", "code": 2962, "fclass": "water_well", "name": "قلمة فاخره" }, "geometry": { "type": "Point", "coordinates": [ 44.2054811, 29.1682424 ] } },
{ "type": "Feature", "properties": { "osm_id": "11871652221", "code": 2962, "fclass": "water_well", "name": "بئر الصويفي" }, "geometry": { "type": "Point", "coordinates": [ 41.863042, 27.1983129 ] } },
{ "type": "Feature", "properties": { "osm_id": "11871652234", "code": 2962, "fclass": "water_well", "name": "بئر مهيليط" }, "geometry": { "type": "Point", "coordinates": [ 51.5993645, 22.1812167 ] } },
{ "type": "Feature", "properties": { "osm_id": "11871652240", "code": 2962, "fclass": "water_well", "name": "قليب السَّابِقِيَّة" }, "geometry": { "type": "Point", "coordinates": [ 44.2695327, 26.294691 ] } },
{ "type": "Feature", "properties": { "osm_id": "11871652252", "code": 2962, "fclass": "water_well", "name": "آبار شيبة" }, "geometry": { "type": "Point", "coordinates": [ 38.5403103, 30.43342 ] } },
{ "type": "Feature", "properties": { "osm_id": "11871652303", "code": 2962, "fclass": "water_well", "name": "آبار الرمادة" }, "geometry": { "type": "Point", "coordinates": [ 40.7260481, 27.5791981 ] } },
{ "type": "Feature", "properties": { "osm_id": "11871652317", "code": 2962, "fclass": "water_well", "name": "بئر العد" }, "geometry": { "type": "Point", "coordinates": [ 39.3992525, 21.2393385 ] } },
{ "type": "Feature", "properties": { "osm_id": "11871652322", "code": 2962, "fclass": "water_well", "name": "قليب عفراء" }, "geometry": { "type": "Point", "coordinates": [ 43.550867, 27.4409549 ] } },
{ "type": "Feature", "properties": { "osm_id": "11871652345", "code": 2962, "fclass": "water_well", "name": "بئر بيشيّة" }, "geometry": { "type": "Point", "coordinates": [ 41.1486752, 19.330855 ] } },
{ "type": "Feature", "properties": { "osm_id": "11871652353", "code": 2962, "fclass": "water_well", "name": "قلمة القصباء" }, "geometry": { "type": "Point", "coordinates": [ 48.4582862, 21.1053328 ] } },
{ "type": "Feature", "properties": { "osm_id": "11871652354", "code": 2962, "fclass": "water_well", "name": "بئر وزره" }, "geometry": { "type": "Point", "coordinates": [ 38.0765988, 24.3627905 ] } },
{ "type": "Feature", "properties": { "osm_id": "11871652370", "code": 2962, "fclass": "water_well", "name": "بئر العبد" }, "geometry": { "type": "Point", "coordinates": [ 38.5443444, 24.4250589 ] } },
{ "type": "Feature", "properties": { "osm_id": "11871652375", "code": 2962, "fclass": "water_well", "name": "بئر الظفيره" }, "geometry": { "type": "Point", "coordinates": [ 39.0537181, 24.4443652 ] } },
{ "type": "Feature", "properties": { "osm_id": "11871652406", "code": 2962, "fclass": "water_well", "name": "قلبان الدَّسمة" }, "geometry": { "type": "Point", "coordinates": [ 48.7120128, 26.9992918 ] } },
{ "type": "Feature", "properties": { "osm_id": "11871652414", "code": 2962, "fclass": "water_well", "name": "بئر الجش" }, "geometry": { "type": "Point", "coordinates": [ 41.4559883, 27.4825431 ] } },
{ "type": "Feature", "properties": { "osm_id": "11871652423", "code": 2962, "fclass": "water_well", "name": "ابار زقم" }, "geometry": { "type": "Point", "coordinates": [ 44.4169061, 28.7917769 ] } },
{ "type": "Feature", "properties": { "osm_id": "11871652444", "code": 2962, "fclass": "water_well", "name": "مشاش حصيّدة" }, "geometry": { "type": "Point", "coordinates": [ 37.2165652, 31.4054869 ] } },
{ "type": "Feature", "properties": { "osm_id": "11871652447", "code": 2962, "fclass": "water_well", "name": "قلبان الشلالة" }, "geometry": { "type": "Point", "coordinates": [ 44.6490351, 28.1203886 ] } },
{ "type": "Feature", "properties": { "osm_id": "11871652452", "code": 2962, "fclass": "water_well", "name": "قلبان الثرماني" }, "geometry": { "type": "Point", "coordinates": [ 45.8727439, 24.985372 ] } },
{ "type": "Feature", "properties": { "osm_id": "11871652456", "code": 2962, "fclass": "water_well", "name": "آبار سعادة" }, "geometry": { "type": "Point", "coordinates": [ 49.4879062, 26.7755269 ] } },
{ "type": "Feature", "properties": { "osm_id": "11871652457", "code": 2962, "fclass": "water_well", "name": "ابار هدبة" }, "geometry": { "type": "Point", "coordinates": [ 50.3658193, 22.7521432 ] } },
{ "type": "Feature", "properties": { "osm_id": "11871652462", "code": 2962, "fclass": "water_well", "name": "بئر شناظر" }, "geometry": { "type": "Point", "coordinates": [ 50.6062795, 22.4756543 ] } },
{ "type": "Feature", "properties": { "osm_id": "11871652467", "code": 2962, "fclass": "water_well", "name": "بئر الطويلة" }, "geometry": { "type": "Point", "coordinates": [ 49.6451576, 24.2486168 ] } },
{ "type": "Feature", "properties": { "osm_id": "11871652488", "code": 2962, "fclass": "water_well", "name": "عقلة العوازم" }, "geometry": { "type": "Point", "coordinates": [ 49.2453624, 27.1046388 ] } },
{ "type": "Feature", "properties": { "osm_id": "11871652495", "code": 2962, "fclass": "water_well", "name": "العيينة" }, "geometry": { "type": "Point", "coordinates": [ 36.0878546, 28.8992124 ] } },
{ "type": "Feature", "properties": { "osm_id": "11871652512", "code": 2962, "fclass": "water_well", "name": "قلبان الحفيرة" }, "geometry": { "type": "Point", "coordinates": [ 43.7819795, 28.9603828 ] } },
{ "type": "Feature", "properties": { "osm_id": "11871652513", "code": 2962, "fclass": "water_well", "name": "بئر القلائب" }, "geometry": { "type": "Point", "coordinates": [ 50.5193567, 24.1388141 ] } },
{ "type": "Feature", "properties": { "osm_id": "11871652551", "code": 2962, "fclass": "water_well", "name": "شبك العطر" }, "geometry": { "type": "Point", "coordinates": [ 53.2353971, 20.7753817 ] } },
{ "type": "Feature", "properties": { "osm_id": "11871652555", "code": 2962, "fclass": "water_well", "name": "عوينة الصوّان" }, "geometry": { "type": "Point", "coordinates": [ 41.5815512, 22.7935654 ] } },
{ "type": "Feature", "properties": { "osm_id": "11871652562", "code": 2962, "fclass": "water_well", "name": "العقير" }, "geometry": { "type": "Point", "coordinates": [ 48.6487443, 26.7440928 ] } },
{ "type": "Feature", "properties": { "osm_id": "11871652613", "code": 2962, "fclass": "water_well", "name": "بئر أبيره" }, "geometry": { "type": "Point", "coordinates": [ 41.6160709, 27.7038039 ] } },
{ "type": "Feature", "properties": { "osm_id": "11871652614", "code": 2962, "fclass": "water_well", "name": "بئر أبو فرائس" }, "geometry": { "type": "Point", "coordinates": [ 51.7993867, 21.5558146 ] } },
{ "type": "Feature", "properties": { "osm_id": "11871652668", "code": 2962, "fclass": "water_well", "name": "بئر صلاح" }, "geometry": { "type": "Point", "coordinates": [ 39.2531735, 23.4881673 ] } },
{ "type": "Feature", "properties": { "osm_id": "11871754903", "code": 2962, "fclass": "water_well", "name": "بئر روزة ـ يعمل 1447.6" }, "geometry": { "type": "Point", "coordinates": [ 39.6089224, 27.4886983 ] } },
{ "type": "Feature", "properties": { "osm_id": "11871754907", "code": 2962, "fclass": "water_well", "name": "واقصة" }, "geometry": { "type": "Point", "coordinates": [ 38.8782072, 26.5209642 ] } },
{ "type": "Feature", "properties": { "osm_id": "11871754909", "code": 2962, "fclass": "water_well", "name": "عين تفيهه" }, "geometry": { "type": "Point", "coordinates": [ 37.4522843, 26.712488 ] } },
{ "type": "Feature", "properties": { "osm_id": "11871754942", "code": 2962, "fclass": "water_well", "name": "مشاش الحديبي" }, "geometry": { "type": "Point", "coordinates": [ 48.4242803, 22.4863909 ] } },
{ "type": "Feature", "properties": { "osm_id": "11871754953", "code": 2962, "fclass": "water_well", "name": "قلبان ضيدة" }, "geometry": { "type": "Point", "coordinates": [ 44.0128202, 27.1119449 ] } },
{ "type": "Feature", "properties": { "osm_id": "11871768077", "code": 2962, "fclass": "water_well", "name": "بربك وحيمد" }, "geometry": { "type": "Point", "coordinates": [ 46.6292963, 27.0984667 ] } },
{ "type": "Feature", "properties": { "osm_id": "11871768111", "code": 2962, "fclass": "water_well", "name": "خور ابو عرادة" }, "geometry": { "type": "Point", "coordinates": [ 51.3891552, 22.1812302 ] } },
{ "type": "Feature", "properties": { "osm_id": "11871768144", "code": 2962, "fclass": "water_well", "name": "قلبان رغوة" }, "geometry": { "type": "Point", "coordinates": [ 44.0907458, 28.6763121 ] } },
{ "type": "Feature", "properties": { "osm_id": "11871768151", "code": 2962, "fclass": "water_well", "name": "ابار هقشة" }, "geometry": { "type": "Point", "coordinates": [ 50.1756297, 22.7660932 ] } },
{ "type": "Feature", "properties": { "osm_id": "11871768162", "code": 2962, "fclass": "water_well", "name": "مشاش الحجرة" }, "geometry": { "type": "Point", "coordinates": [ 48.4669079, 22.0405105 ] } },
{ "type": "Feature", "properties": { "osm_id": "11871768168", "code": 2962, "fclass": "water_well", "name": "محافير الباردة" }, "geometry": { "type": "Point", "coordinates": [ 39.2236819, 29.2999446 ] } },
{ "type": "Feature", "properties": { "osm_id": "11871768185", "code": 2962, "fclass": "water_well", "name": "قلبان مريطبة" }, "geometry": { "type": "Point", "coordinates": [ 46.163405, 24.401126 ] } },
{ "type": "Feature", "properties": { "osm_id": "11871768201", "code": 2962, "fclass": "water_well", "name": "بئر صنيقر" }, "geometry": { "type": "Point", "coordinates": [ 51.745844, 22.2903153 ] } },
{ "type": "Feature", "properties": { "osm_id": "11871768209", "code": 2962, "fclass": "water_well", "name": "ابار قيصومة فيحان" }, "geometry": { "type": "Point", "coordinates": [ 42.9674367, 29.1720012 ] } },
{ "type": "Feature", "properties": { "osm_id": "11871768235", "code": 2962, "fclass": "water_well", "name": "بئر الخليقة" }, "geometry": { "type": "Point", "coordinates": [ 40.1736929, 27.6537337 ] } },
{ "type": "Feature", "properties": { "osm_id": "11871768244", "code": 2962, "fclass": "water_well", "name": "بئر المنصور" }, "geometry": { "type": "Point", "coordinates": [ 49.5478445, 22.0889671 ] } },
{ "type": "Feature", "properties": { "osm_id": "11871768288", "code": 2962, "fclass": "water_well", "name": "بئر ابو عدبولة" }, "geometry": { "type": "Point", "coordinates": [ 50.0556158, 26.26134 ] } },
{ "type": "Feature", "properties": { "osm_id": "11871768305", "code": 2962, "fclass": "water_well", "name": "قلبان الحميمة" }, "geometry": { "type": "Point", "coordinates": [ 41.9822636, 27.8739065 ] } },
{ "type": "Feature", "properties": { "osm_id": "11871768315", "code": 2962, "fclass": "water_well", "name": "عقلة البربك" }, "geometry": { "type": "Point", "coordinates": [ 41.3463225, 30.3194902 ] } },
{ "type": "Feature", "properties": { "osm_id": "11871768319", "code": 2962, "fclass": "water_well", "name": "خور أبو حقينة" }, "geometry": { "type": "Point", "coordinates": [ 52.7362264, 19.9038188 ] } },
{ "type": "Feature", "properties": { "osm_id": "11871768354", "code": 2962, "fclass": "water_well", "name": "ابار العوج" }, "geometry": { "type": "Point", "coordinates": [ 49.0219628, 22.7390718 ] } },
{ "type": "Feature", "properties": { "osm_id": "11871768357", "code": 2962, "fclass": "water_well", "name": "بئر الدهينة" }, "geometry": { "type": "Point", "coordinates": [ 48.8752941, 27.3554774 ] } },
{ "type": "Feature", "properties": { "osm_id": "11871768394", "code": 2962, "fclass": "water_well", "name": "بئر أمّ الضباع" }, "geometry": { "type": "Point", "coordinates": [ 43.6051979, 19.1648966 ] } },
{ "type": "Feature", "properties": { "osm_id": "11871768395", "code": 2962, "fclass": "water_well", "name": "بئر الأبرق" }, "geometry": { "type": "Point", "coordinates": [ 48.7150948, 27.1734869 ] } },
{ "type": "Feature", "properties": { "osm_id": "11871768426", "code": 2962, "fclass": "water_well", "name": "آبار ملح" }, "geometry": { "type": "Point", "coordinates": [ 43.4228999, 19.9771629 ] } },
{ "type": "Feature", "properties": { "osm_id": "11871768458", "code": 2962, "fclass": "water_well", "name": "بئر البوبهية" }, "geometry": { "type": "Point", "coordinates": [ 40.761117, 27.6220246 ] } },
{ "type": "Feature", "properties": { "osm_id": "11871768466", "code": 2962, "fclass": "water_well", "name": "بئر خباش" }, "geometry": { "type": "Point", "coordinates": [ 44.7086719, 17.5590337 ] } },
{ "type": "Feature", "properties": { "osm_id": "11871768468", "code": 2962, "fclass": "water_well", "name": "ابار مغيراء" }, "geometry": { "type": "Point", "coordinates": [ 42.4559354, 26.7079453 ] } },
{ "type": "Feature", "properties": { "osm_id": "11871768472", "code": 2962, "fclass": "water_well", "name": "بئر مهلطة" }, "geometry": { "type": "Point", "coordinates": [ 51.5518465, 22.1154487 ] } },
{ "type": "Feature", "properties": { "osm_id": "11871768481", "code": 2962, "fclass": "water_well", "name": "سحمة" }, "geometry": { "type": "Point", "coordinates": [ 39.643623, 27.4807605 ] } },
{ "type": "Feature", "properties": { "osm_id": "11871768533", "code": 2962, "fclass": "water_well", "name": "عين العجليّة" }, "geometry": { "type": "Point", "coordinates": [ 46.1115288, 21.421284 ] } },
{ "type": "Feature", "properties": { "osm_id": "11871768544", "code": 2962, "fclass": "water_well", "name": "بئر الهمجة" }, "geometry": { "type": "Point", "coordinates": [ 42.6179485, 25.548472 ] } },
{ "type": "Feature", "properties": { "osm_id": "11871768545", "code": 2962, "fclass": "water_well", "name": "عين الصدريّة" }, "geometry": { "type": "Point", "coordinates": [ 49.9683445, 26.5667671 ] } },
{ "type": "Feature", "properties": { "osm_id": "11871768555", "code": 2962, "fclass": "water_well", "name": "بئر أمّ المخايل" }, "geometry": { "type": "Point", "coordinates": [ 40.8847361, 24.2421744 ] } },
{ "type": "Feature", "properties": { "osm_id": "11871768587", "code": 2962, "fclass": "water_well", "name": "ابار الحفائر" }, "geometry": { "type": "Point", "coordinates": [ 40.5351274, 22.2941345 ] } },
{ "type": "Feature", "properties": { "osm_id": "11871768689", "code": 2962, "fclass": "water_well", "name": "بئر الجاهليّة" }, "geometry": { "type": "Point", "coordinates": [ 42.8206474, 20.9444591 ] } },
{ "type": "Feature", "properties": { "osm_id": "11871768770", "code": 2962, "fclass": "water_well", "name": "بئر طلال" }, "geometry": { "type": "Point", "coordinates": [ 41.9717114, 24.6562775 ] } },
{ "type": "Feature", "properties": { "osm_id": "11871768779", "code": 2962, "fclass": "water_well", "name": "آبار المرير" }, "geometry": { "type": "Point", "coordinates": [ 40.450459, 27.350056 ] } },
{ "type": "Feature", "properties": { "osm_id": "11871768864", "code": 2962, "fclass": "water_well", "name": "بئر برمان" }, "geometry": { "type": "Point", "coordinates": [ 42.1728097, 28.2484704 ] } },
{ "type": "Feature", "properties": { "osm_id": "11871768886", "code": 2962, "fclass": "water_well", "name": "قليب حاشم" }, "geometry": { "type": "Point", "coordinates": [ 42.1054588, 28.5453329 ] } },
{ "type": "Feature", "properties": { "osm_id": "11871768939", "code": 2962, "fclass": "water_well", "name": "بئر المذيبح" }, "geometry": { "type": "Point", "coordinates": [ 40.1766314, 27.395586 ] } },
{ "type": "Feature", "properties": { "osm_id": "11871883173", "code": 2962, "fclass": "water_well", "name": "قلبان الركعاء" }, "geometry": { "type": "Point", "coordinates": [ 42.5599302, 29.7349609 ] } },
{ "type": "Feature", "properties": { "osm_id": "11871883206", "code": 2962, "fclass": "water_well", "name": "براك العرائش" }, "geometry": { "type": "Point", "coordinates": [ 43.3359833, 28.4919277 ] } },
{ "type": "Feature", "properties": { "osm_id": "11871883224", "code": 2962, "fclass": "water_well", "name": "قلبان زبار" }, "geometry": { "type": "Point", "coordinates": [ 43.6825628, 28.013357 ] } },
{ "type": "Feature", "properties": { "osm_id": "11871883352", "code": 2962, "fclass": "water_well", "name": "بئر السالمي" }, "geometry": { "type": "Point", "coordinates": [ 40.5722067, 27.4697244 ] } },
{ "type": "Feature", "properties": { "osm_id": "11871883376", "code": 2962, "fclass": "water_well", "name": "ابار ام قلوب" }, "geometry": { "type": "Point", "coordinates": [ 43.6924135, 27.9948751 ] } },
{ "type": "Feature", "properties": { "osm_id": "11871883405", "code": 2962, "fclass": "water_well", "name": "قلبان البديع" }, "geometry": { "type": "Point", "coordinates": [ 42.0609004, 28.3334206 ] } },
{ "type": "Feature", "properties": { "osm_id": "11871883421", "code": 2962, "fclass": "water_well", "name": "بئر الحيزا" }, "geometry": { "type": "Point", "coordinates": [ 39.2042993, 27.491542 ] } },
{ "type": "Feature", "properties": { "osm_id": "11871883827", "code": 2962, "fclass": "water_well", "name": "بئر الجب" }, "geometry": { "type": "Point", "coordinates": [ 41.2567224, 27.2228535 ] } },
{ "type": "Feature", "properties": { "osm_id": "11871884019", "code": 2962, "fclass": "water_well", "name": "آبار هدف" }, "geometry": { "type": "Point", "coordinates": [ 42.2351787, 22.9221502 ] } },
{ "type": "Feature", "properties": { "osm_id": "11878339905", "code": 2962, "fclass": "water_well", "name": "Ţawī al Ḩaythah" }, "geometry": { "type": "Point", "coordinates": [ 56.1614734, 25.5388591 ] } },
{ "type": "Feature", "properties": { "osm_id": "11898110917", "code": 2962, "fclass": "water_well", "name": "ماء حلو سبيل" }, "geometry": { "type": "Point", "coordinates": [ 37.46214, 25.195083 ] } },
{ "type": "Feature", "properties": { "osm_id": "11914854379", "code": 2962, "fclass": "water_well", "name": "حفر نديان" }, "geometry": { "type": "Point", "coordinates": [ 43.7898868, 23.4098112 ] } },
{ "type": "Feature", "properties": { "osm_id": "11917424075", "code": 2962, "fclass": "water_well", "name": "" }, "geometry": { "type": "Point", "coordinates": [ 51.090915, 25.3418905 ] } },
{ "type": "Feature", "properties": { "osm_id": "11928214942", "code": 2962, "fclass": "water_well", "name": "ماء حلو سبيل" }, "geometry": { "type": "Point", "coordinates": [ 42.7853994, 19.2325417 ] } },
{ "type": "Feature", "properties": { "osm_id": "11933133214", "code": 2962, "fclass": "water_well", "name": "آبار الثفن" }, "geometry": { "type": "Point", "coordinates": [ 43.1451745, 19.3856999 ] } },
{ "type": "Feature", "properties": { "osm_id": "11933151413", "code": 2962, "fclass": "water_well", "name": "تعبئة ماء" }, "geometry": { "type": "Point", "coordinates": [ 43.7926804, 18.9071885 ] } },
{ "type": "Feature", "properties": { "osm_id": "11943997695", "code": 2962, "fclass": "water_well", "name": "ماء حلو سبيل" }, "geometry": { "type": "Point", "coordinates": [ 42.0774828, 19.1848249 ] } },
{ "type": "Feature", "properties": { "osm_id": "11944511762", "code": 2962, "fclass": "water_well", "name": "ماء حلو سبيل" }, "geometry": { "type": "Point", "coordinates": [ 41.9108505, 19.7435589 ] } },
{ "type": "Feature", "properties": { "osm_id": "11944528120", "code": 2962, "fclass": "water_well", "name": "ماء حلو سبيل" }, "geometry": { "type": "Point", "coordinates": [ 41.8970448, 19.7235003 ] } },
{ "type": "Feature", "properties": { "osm_id": "11944815269", "code": 2962, "fclass": "water_well", "name": "ماء حلو سبيل" }, "geometry": { "type": "Point", "coordinates": [ 41.8415768, 19.8495889 ] } },
{ "type": "Feature", "properties": { "osm_id": "11978797034", "code": 2962, "fclass": "water_well", "name": "" }, "geometry": { "type": "Point", "coordinates": [ 55.1924399, 25.0628667 ] } },
{ "type": "Feature", "properties": { "osm_id": "11979194728", "code": 2962, "fclass": "water_well", "name": "ماء حلو سبيل" }, "geometry": { "type": "Point", "coordinates": [ 41.709491, 19.919258 ] } },
{ "type": "Feature", "properties": { "osm_id": "11985831033", "code": 2962, "fclass": "water_well", "name": "ماء حلو سبيل" }, "geometry": { "type": "Point", "coordinates": [ 40.378683, 27.652327 ] } },
{ "type": "Feature", "properties": { "osm_id": "11992660880", "code": 2962, "fclass": "water_well", "name": "بئر السليمية" }, "geometry": { "type": "Point", "coordinates": [ 39.2940744, 28.0137445 ] } },
{ "type": "Feature", "properties": { "osm_id": "12050794940", "code": 2962, "fclass": "water_well", "name": "ماء حلو سبيل" }, "geometry": { "type": "Point", "coordinates": [ 38.6029091, 24.1530056 ] } },
{ "type": "Feature", "properties": { "osm_id": "12085975038", "code": 2962, "fclass": "water_well", "name": "بئر ماء" }, "geometry": { "type": "Point", "coordinates": [ 42.135843, 28.5490002 ] } },
{ "type": "Feature", "properties": { "osm_id": "12086023244", "code": 2962, "fclass": "water_well", "name": "بئر الجريفاني" }, "geometry": { "type": "Point", "coordinates": [ 42.203643, 28.4911794 ] } },
{ "type": "Feature", "properties": { "osm_id": "12086047782", "code": 2962, "fclass": "water_well", "name": "مورد ماء" }, "geometry": { "type": "Point", "coordinates": [ 41.3229929, 28.671857 ] } },
{ "type": "Feature", "properties": { "osm_id": "12094815783", "code": 2962, "fclass": "water_well", "name": "" }, "geometry": { "type": "Point", "coordinates": [ 37.6374273, 24.5219492 ] } },
{ "type": "Feature", "properties": { "osm_id": "12094815784", "code": 2962, "fclass": "water_well", "name": "" }, "geometry": { "type": "Point", "coordinates": [ 37.6228631, 24.5257407 ] } },
{ "type": "Feature", "properties": { "osm_id": "12094815785", "code": 2962, "fclass": "water_well", "name": "" }, "geometry": { "type": "Point", "coordinates": [ 37.6046482, 24.4984228 ] } },
{ "type": "Feature", "properties": { "osm_id": "12094815786", "code": 2962, "fclass": "water_well", "name": "" }, "geometry": { "type": "Point", "coordinates": [ 37.6034886, 24.4868855 ] } },
{ "type": "Feature", "properties": { "osm_id": "12094815787", "code": 2962, "fclass": "water_well", "name": "" }, "geometry": { "type": "Point", "coordinates": [ 37.6013858, 24.4545841 ] } },
{ "type": "Feature", "properties": { "osm_id": "12095046707", "code": 2962, "fclass": "water_well", "name": "ماء سبيل" }, "geometry": { "type": "Point", "coordinates": [ 42.2293559, 18.681605 ] } },
{ "type": "Feature", "properties": { "osm_id": "12110514103", "code": 2962, "fclass": "water_well", "name": "Tawi Shawkah" }, "geometry": { "type": "Point", "coordinates": [ 56.1067959, 25.0300646 ] } },
{ "type": "Feature", "properties": { "osm_id": "12110519199", "code": 2962, "fclass": "water_well", "name": "Tawi Sa`diyah" }, "geometry": { "type": "Point", "coordinates": [ 56.1689744, 24.8790069 ] } },
{ "type": "Feature", "properties": { "osm_id": "12135854254", "code": 2962, "fclass": "water_well", "name": "بير مزيد بن سالم" }, "geometry": { "type": "Point", "coordinates": [ 45.020383, 22.015533 ] } },
{ "type": "Feature", "properties": { "osm_id": "12146406874", "code": 2962, "fclass": "water_well", "name": "" }, "geometry": { "type": "Point", "coordinates": [ 51.0601455, 25.1334079 ] } },
{ "type": "Feature", "properties": { "osm_id": "12156132035", "code": 2962, "fclass": "water_well", "name": "ماء حلو سبيل" }, "geometry": { "type": "Point", "coordinates": [ 43.4477119, 25.8296604 ] } },
{ "type": "Feature", "properties": { "osm_id": "12183269318", "code": 2962, "fclass": "water_well", "name": "آبار السَّنَام" }, "geometry": { "type": "Point", "coordinates": [ 47.7630401, 24.3662511 ] } },
{ "type": "Feature", "properties": { "osm_id": "12183269319", "code": 2962, "fclass": "water_well", "name": "آبار المُرَيْرُ" }, "geometry": { "type": "Point", "coordinates": [ 47.7625921, 24.3697431 ] } },
{ "type": "Feature", "properties": { "osm_id": "12187766922", "code": 2962, "fclass": "water_well", "name": "" }, "geometry": { "type": "Point", "coordinates": [ 51.0434642, 25.0875192 ] } },
{ "type": "Feature", "properties": { "osm_id": "12212692530", "code": 2962, "fclass": "water_well", "name": "الفاضلية" }, "geometry": { "type": "Point", "coordinates": [ 49.7136867, 22.0527721 ] } },
{ "type": "Feature", "properties": { "osm_id": "12219346501", "code": 2962, "fclass": "water_well", "name": "Ţawī Muḑayrah" }, "geometry": { "type": "Point", "coordinates": [ 56.0667221, 24.8390225 ] } },
{ "type": "Feature", "properties": { "osm_id": "12228735020", "code": 2962, "fclass": "water_well", "name": "بئر ماء وخا" }, "geometry": { "type": "Point", "coordinates": [ 42.4014458, 18.7811626 ] } },
{ "type": "Feature", "properties": { "osm_id": "12255276835", "code": 2962, "fclass": "water_well", "name": "ماء سبيل" }, "geometry": { "type": "Point", "coordinates": [ 40.6315303, 27.7335327 ] } },
{ "type": "Feature", "properties": { "osm_id": "12255316817", "code": 2962, "fclass": "water_well", "name": "مارد ماء حلو" }, "geometry": { "type": "Point", "coordinates": [ 40.5064243, 27.7112448 ] } },
{ "type": "Feature", "properties": { "osm_id": "12271149176", "code": 2962, "fclass": "water_well", "name": "ماء حلو سبيل" }, "geometry": { "type": "Point", "coordinates": [ 43.5113762, 25.7626625 ] } },
{ "type": "Feature", "properties": { "osm_id": "12278708054", "code": 2962, "fclass": "water_well", "name": "آبار الأرمض الشمالي" }, "geometry": { "type": "Point", "coordinates": [ 44.6493249, 22.3475863 ] } },
{ "type": "Feature", "properties": { "osm_id": "12278708162", "code": 2962, "fclass": "water_well", "name": "آبار مذرق" }, "geometry": { "type": "Point", "coordinates": [ 44.574103, 22.3302235 ] } },
{ "type": "Feature", "properties": { "osm_id": "12293536212", "code": 2962, "fclass": "water_well", "name": "آبار الحفايِر" }, "geometry": { "type": "Point", "coordinates": [ 48.9538765, 23.1254522 ] } },
{ "type": "Feature", "properties": { "osm_id": "12298313662", "code": 2962, "fclass": "water_well", "name": "" }, "geometry": { "type": "Point", "coordinates": [ 45.111201, 18.95918 ] } },
{ "type": "Feature", "properties": { "osm_id": "12336519210", "code": 2962, "fclass": "water_well", "name": "آبار هدبان" }, "geometry": { "type": "Point", "coordinates": [ 41.8066786, 24.8586842 ] } },
{ "type": "Feature", "properties": { "osm_id": "12347081200", "code": 2962, "fclass": "water_well", "name": "بئر ابوجنيب" }, "geometry": { "type": "Point", "coordinates": [ 35.8089339, 28.2257786 ] } },
{ "type": "Feature", "properties": { "osm_id": "12348119797", "code": 2962, "fclass": "water_well", "name": "خزان ماء حلو سبيل" }, "geometry": { "type": "Point", "coordinates": [ 40.3987642, 21.9094034 ] } },
{ "type": "Feature", "properties": { "osm_id": "12348980072", "code": 2962, "fclass": "water_well", "name": "مورد ماء" }, "geometry": { "type": "Point", "coordinates": [ 44.5658372, 27.5376446 ] } },
{ "type": "Feature", "properties": { "osm_id": "12373001300", "code": 2962, "fclass": "water_well", "name": "Tawi Al-Hail" }, "geometry": { "type": "Point", "coordinates": [ 56.1131286, 24.7934271 ] } },
{ "type": "Feature", "properties": { "osm_id": "12378318478", "code": 2962, "fclass": "water_well", "name": "ماء حلو سبيل" }, "geometry": { "type": "Point", "coordinates": [ 42.1429881, 24.3899173 ] } },
{ "type": "Feature", "properties": { "osm_id": "12378432609", "code": 2962, "fclass": "water_well", "name": "مارد ربدا" }, "geometry": { "type": "Point", "coordinates": [ 42.4603665, 29.0299299 ] } },
{ "type": "Feature", "properties": { "osm_id": "12383622927", "code": 2962, "fclass": "water_well", "name": "بئر عرق الطير" }, "geometry": { "type": "Point", "coordinates": [ 50.577933, 21.159667 ] } },
{ "type": "Feature", "properties": { "osm_id": "12383701653", "code": 2962, "fclass": "water_well", "name": "خور ابن هليل" }, "geometry": { "type": "Point", "coordinates": [ 51.1714178, 19.0563826 ] } },
{ "type": "Feature", "properties": { "osm_id": "12384701450", "code": 2962, "fclass": "water_well", "name": "ماء سبيل" }, "geometry": { "type": "Point", "coordinates": [ 43.47737, 24.77957 ] } },
{ "type": "Feature", "properties": { "osm_id": "12421070037", "code": 2962, "fclass": "water_well", "name": "مارد ماء حلو" }, "geometry": { "type": "Point", "coordinates": [ 35.6950632, 28.2418458 ] } },
{ "type": "Feature", "properties": { "osm_id": "12458454734", "code": 2962, "fclass": "water_well", "name": "آبار رفاع" }, "geometry": { "type": "Point", "coordinates": [ 42.332313, 24.1595835 ] } },
{ "type": "Feature", "properties": { "osm_id": "12478809427", "code": 2962, "fclass": "water_well", "name": "Tawi Khadra" }, "geometry": { "type": "Point", "coordinates": [ 55.9982589, 25.1958709 ] } },
{ "type": "Feature", "properties": { "osm_id": "12491940901", "code": 2962, "fclass": "water_well", "name": "بئر الاطواء الأثرية" }, "geometry": { "type": "Point", "coordinates": [ 39.6508217, 20.9615936 ] } },
{ "type": "Feature", "properties": { "osm_id": "12510700418", "code": 2962, "fclass": "water_well", "name": "محسن العرم - ماء سبيل" }, "geometry": { "type": "Point", "coordinates": [ 41.0616927, 25.1483706 ] } },
{ "type": "Feature", "properties": { "osm_id": "12525737642", "code": 2962, "fclass": "water_well", "name": "" }, "geometry": { "type": "Point", "coordinates": [ 40.621295, 23.8362804 ] } },
{ "type": "Feature", "properties": { "osm_id": "12538643526", "code": 2962, "fclass": "water_well", "name": "" }, "geometry": { "type": "Point", "coordinates": [ 44.5686049, 23.2672266 ] } },
{ "type": "Feature", "properties": { "osm_id": "12538680037", "code": 2962, "fclass": "water_well", "name": "" }, "geometry": { "type": "Point", "coordinates": [ 44.5687707, 23.2676664 ] } },
{ "type": "Feature", "properties": { "osm_id": "12538682637", "code": 2962, "fclass": "water_well", "name": "" }, "geometry": { "type": "Point", "coordinates": [ 44.5688186, 23.2676683 ] } },
{ "type": "Feature", "properties": { "osm_id": "12538692531", "code": 2962, "fclass": "water_well", "name": "" }, "geometry": { "type": "Point", "coordinates": [ 44.5681585, 23.26564 ] } },
{ "type": "Feature", "properties": { "osm_id": "12547762804", "code": 2962, "fclass": "water_well", "name": "مورد ماء - الرغيفيات" }, "geometry": { "type": "Point", "coordinates": [ 40.1321933, 29.3325083 ] } },
{ "type": "Feature", "properties": { "osm_id": "12583277301", "code": 2962, "fclass": "water_well", "name": "قليب مهناء الأثري" }, "geometry": { "type": "Point", "coordinates": [ 45.3095418, 25.2368755 ] } },
{ "type": "Feature", "properties": { "osm_id": "12603965101", "code": 2962, "fclass": "water_well", "name": "شيب المحمدية ابن قروش" }, "geometry": { "type": "Point", "coordinates": [ 47.1326142, 24.4741206 ] } },
{ "type": "Feature", "properties": { "osm_id": "12635548626", "code": 2962, "fclass": "water_well", "name": "ماء حلو سبيل" }, "geometry": { "type": "Point", "coordinates": [ 43.4492753, 25.7865019 ] } },
{ "type": "Feature", "properties": { "osm_id": "12635603025", "code": 2962, "fclass": "water_well", "name": "ماء حلو سبيل" }, "geometry": { "type": "Point", "coordinates": [ 43.3788673, 25.4092964 ] } },
{ "type": "Feature", "properties": { "osm_id": "12647279773", "code": 2962, "fclass": "water_well", "name": "مورد ماء" }, "geometry": { "type": "Point", "coordinates": [ 39.5865726, 24.9605547 ] } },
{ "type": "Feature", "properties": { "osm_id": "12725471647", "code": 2962, "fclass": "water_well", "name": "ماء حلو سبيل" }, "geometry": { "type": "Point", "coordinates": [ 43.7004754, 25.9423817 ] } },
{ "type": "Feature", "properties": { "osm_id": "12729308101", "code": 2962, "fclass": "water_well", "name": "بير النابت" }, "geometry": { "type": "Point", "coordinates": [ 50.0547683, 25.0881123 ] } },
{ "type": "Feature", "properties": { "osm_id": "12735949610", "code": 2962, "fclass": "water_well", "name": "ماء حلو سبيل" }, "geometry": { "type": "Point", "coordinates": [ 41.444077, 27.0588599 ] } },
{ "type": "Feature", "properties": { "osm_id": "12750109583", "code": 2962, "fclass": "water_well", "name": "" }, "geometry": { "type": "Point", "coordinates": [ 49.3280527, 24.5255658 ] } },
{ "type": "Feature", "properties": { "osm_id": "12758391400", "code": 2962, "fclass": "water_well", "name": "ماء حلو سبيل" }, "geometry": { "type": "Point", "coordinates": [ 43.5878798, 25.462658 ] } },
{ "type": "Feature", "properties": { "osm_id": "12782110733", "code": 2962, "fclass": "water_well", "name": "مورد ماء - الكسارات" }, "geometry": { "type": "Point", "coordinates": [ 40.6329165, 29.706378 ] } },
{ "type": "Feature", "properties": { "osm_id": "12799055940", "code": 2962, "fclass": "water_well", "name": "ماء حلو سبيل" }, "geometry": { "type": "Point", "coordinates": [ 43.5315082, 25.906912 ] } },
{ "type": "Feature", "properties": { "osm_id": "12827585755", "code": 2962, "fclass": "water_well", "name": "ماء حلو سبيل" }, "geometry": { "type": "Point", "coordinates": [ 43.1253679, 25.1670448 ] } },
{ "type": "Feature", "properties": { "osm_id": "12827877109", "code": 2962, "fclass": "water_well", "name": "ماء حلو سبيل" }, "geometry": { "type": "Point", "coordinates": [ 42.2694676, 24.6510146 ] } },
{ "type": "Feature", "properties": { "osm_id": "12833496533", "code": 2962, "fclass": "water_well", "name": "ماء سبيل" }, "geometry": { "type": "Point", "coordinates": [ 42.2025251, 20.0116191 ] } },
{ "type": "Feature", "properties": { "osm_id": "12844118895", "code": 2962, "fclass": "water_well", "name": "ماء حلو سبيل" }, "geometry": { "type": "Point", "coordinates": [ 42.6407437, 18.8678496 ] } },
{ "type": "Feature", "properties": { "osm_id": "12844150006", "code": 2962, "fclass": "water_well", "name": "ماء حلو سبيل" }, "geometry": { "type": "Point", "coordinates": [ 42.630586, 18.87488 ] } },
{ "type": "Feature", "properties": { "osm_id": "12846510415", "code": 2962, "fclass": "water_well", "name": "ماء حلو سبيل" }, "geometry": { "type": "Point", "coordinates": [ 42.6556689, 18.6195821 ] } },
{ "type": "Feature", "properties": { "osm_id": "12846850793", "code": 2962, "fclass": "water_well", "name": "ماء حلو سبيل" }, "geometry": { "type": "Point", "coordinates": [ 42.5523532, 18.8812701 ] } },
{ "type": "Feature", "properties": { "osm_id": "12850258914", "code": 2962, "fclass": "water_well", "name": "ماء حلو سبيل" }, "geometry": { "type": "Point", "coordinates": [ 42.3701905, 19.0582377 ] } },
{ "type": "Feature", "properties": { "osm_id": "12850483338", "code": 2962, "fclass": "water_well", "name": "ماء حلو سبيل" }, "geometry": { "type": "Point", "coordinates": [ 42.9969407, 18.4733349 ] } },
{ "type": "Feature", "properties": { "osm_id": "12852695736", "code": 2962, "fclass": "water_well", "name": "ماء حلو سبيل" }, "geometry": { "type": "Point", "coordinates": [ 43.3922837, 18.4770015 ] } },
{ "type": "Feature", "properties": { "osm_id": "12862769701", "code": 2962, "fclass": "water_well", "name": "العقيليه" }, "geometry": { "type": "Point", "coordinates": [ 43.3818458, 23.8690201 ] } },
{ "type": "Feature", "properties": { "osm_id": "12876437929", "code": 2962, "fclass": "water_well", "name": "" }, "geometry": { "type": "Point", "coordinates": [ 45.3658091, 19.9555176 ] } },
{ "type": "Feature", "properties": { "osm_id": "12895495568", "code": 2962, "fclass": "water_well", "name": "مارد ماء حلو" }, "geometry": { "type": "Point", "coordinates": [ 43.5269959, 25.8338593 ] } },
{ "type": "Feature", "properties": { "osm_id": "12905476379", "code": 2962, "fclass": "water_well", "name": "بئر كمزار" }, "geometry": { "type": "Point", "coordinates": [ 56.4098566, 26.3342159 ] } },
{ "type": "Feature", "properties": { "osm_id": "12913778929", "code": 2962, "fclass": "water_well", "name": "ثميلة أم حسيان" }, "geometry": { "type": "Point", "coordinates": [ 44.3902549, 26.4341296 ] } },
{ "type": "Feature", "properties": { "osm_id": "12923052035", "code": 2962, "fclass": "water_well", "name": "بئر همر" }, "geometry": { "type": "Point", "coordinates": [ 44.034075, 18.2770103 ] } },
{ "type": "Feature", "properties": { "osm_id": "12960531669", "code": 2962, "fclass": "water_well", "name": "" }, "geometry": { "type": "Point", "coordinates": [ 51.3614851, 25.7384471 ] } },
{ "type": "Feature", "properties": { "osm_id": "12960867754", "code": 2962, "fclass": "water_well", "name": "بئر الضييقة" }, "geometry": { "type": "Point", "coordinates": [ 38.9042185, 24.3624427 ] } },
{ "type": "Feature", "properties": { "osm_id": "12965844598", "code": 2962, "fclass": "water_well", "name": "" }, "geometry": { "type": "Point", "coordinates": [ 51.365651, 25.683781 ] } },
{ "type": "Feature", "properties": { "osm_id": "12965854799", "code": 2962, "fclass": "water_well", "name": "" }, "geometry": { "type": "Point", "coordinates": [ 51.3697366, 25.6802794 ] } },
{ "type": "Feature", "properties": { "osm_id": "12965879157", "code": 2962, "fclass": "water_well", "name": "" }, "geometry": { "type": "Point", "coordinates": [ 51.3709916, 25.6905462 ] } },
{ "type": "Feature", "properties": { "osm_id": "12969405456", "code": 2962, "fclass": "water_well", "name": "" }, "geometry": { "type": "Point", "coordinates": [ 51.3651249, 25.6903849 ] } },
{ "type": "Feature", "properties": { "osm_id": "12986248459", "code": 2962, "fclass": "water_well", "name": "ماء حلو سبيل" }, "geometry": { "type": "Point", "coordinates": [ 42.694378, 23.8674058 ] } },
{ "type": "Feature", "properties": { "osm_id": "12989019106", "code": 2962, "fclass": "water_well", "name": "" }, "geometry": { "type": "Point", "coordinates": [ 51.3331726, 25.7028237 ] } },
{ "type": "Feature", "properties": { "osm_id": "12992482238", "code": 2962, "fclass": "water_well", "name": "بئر الحديبية" }, "geometry": { "type": "Point", "coordinates": [ 39.6282059, 21.4386239 ] } },
{ "type": "Feature", "properties": { "osm_id": "13003590704", "code": 2962, "fclass": "water_well", "name": "" }, "geometry": { "type": "Point", "coordinates": [ 51.300047, 25.7088455 ] } },
{ "type": "Feature", "properties": { "osm_id": "13003609241", "code": 2962, "fclass": "water_well", "name": "" }, "geometry": { "type": "Point", "coordinates": [ 51.3757179, 25.6874756 ] } },
{ "type": "Feature", "properties": { "osm_id": "13003609242", "code": 2962, "fclass": "water_well", "name": "" }, "geometry": { "type": "Point", "coordinates": [ 51.3727847, 25.6871008 ] } },
{ "type": "Feature", "properties": { "osm_id": "13006055435", "code": 2962, "fclass": "water_well", "name": "" }, "geometry": { "type": "Point", "coordinates": [ 51.3705783, 25.6874005 ] } },
{ "type": "Feature", "properties": { "osm_id": "13014678701", "code": 2962, "fclass": "water_well", "name": "بئر العقلة" }, "geometry": { "type": "Point", "coordinates": [ 47.2627026, 24.5315106 ] } },
{ "type": "Feature", "properties": { "osm_id": "13020075243", "code": 2962, "fclass": "water_well", "name": "بئر المقتلة الأثرية" }, "geometry": { "type": "Point", "coordinates": [ 39.7457199, 21.4294281 ] } },
{ "type": "Feature", "properties": { "osm_id": "13050389140", "code": 2962, "fclass": "water_well", "name": "البديع" }, "geometry": { "type": "Point", "coordinates": [ 37.7514036, 31.1800486 ] } },
{ "type": "Feature", "properties": { "osm_id": "13066552501", "code": 2962, "fclass": "water_well", "name": "مزرعة أبوكنز" }, "geometry": { "type": "Point", "coordinates": [ 44.6482592, 26.5839618 ] } },
{ "type": "Feature", "properties": { "osm_id": "13080823088", "code": 2962, "fclass": "water_well", "name": "" }, "geometry": { "type": "Point", "coordinates": [ 43.9946692, 21.6027917 ] } },
{ "type": "Feature", "properties": { "osm_id": "13121619358", "code": 2962, "fclass": "water_well", "name": "ماء حلو سبيل" }, "geometry": { "type": "Point", "coordinates": [ 45.1586952, 25.3455162 ] } },
{ "type": "Feature", "properties": { "osm_id": "13137727709", "code": 2962, "fclass": "water_well", "name": "بئر أبو نمص" }, "geometry": { "type": "Point", "coordinates": [ 43.8374709, 21.7565839 ] } },
{ "type": "Feature", "properties": { "osm_id": "13137900676", "code": 2962, "fclass": "water_well", "name": "آبار الوقبى" }, "geometry": { "type": "Point", "coordinates": [ 45.511394, 28.7709272 ] } },
{ "type": "Feature", "properties": { "osm_id": "13137900690", "code": 2962, "fclass": "water_well", "name": "آبار الوقبى" }, "geometry": { "type": "Point", "coordinates": [ 45.5133346, 28.7707285 ] } },
{ "type": "Feature", "properties": { "osm_id": "13137912518", "code": 2962, "fclass": "water_well", "name": "آبار الوقبى" }, "geometry": { "type": "Point", "coordinates": [ 45.5132836, 28.7694248 ] } },
{ "type": "Feature", "properties": { "osm_id": "13137912519", "code": 2962, "fclass": "water_well", "name": "آبار الوقبى" }, "geometry": { "type": "Point", "coordinates": [ 45.5123784, 28.7692755 ] } },
{ "type": "Feature", "properties": { "osm_id": "13146247463", "code": 2962, "fclass": "water_well", "name": "آبار مغيراء" }, "geometry": { "type": "Point", "coordinates": [ 42.438257, 26.7107302 ] } },
{ "type": "Feature", "properties": { "osm_id": "13146281123", "code": 2962, "fclass": "water_well", "name": "قليب نجخة" }, "geometry": { "type": "Point", "coordinates": [ 41.7849474, 26.6998358 ] } },
{ "type": "Feature", "properties": { "osm_id": "13148701003", "code": 2962, "fclass": "water_well", "name": "آبار هذيل" }, "geometry": { "type": "Point", "coordinates": [ 39.6747763, 26.3300342 ] } },
{ "type": "Feature", "properties": { "osm_id": "13185515401", "code": 2962, "fclass": "water_well", "name": "قليب الشلقان- مدفون" }, "geometry": { "type": "Point", "coordinates": [ 42.1448631, 28.3038084 ] } },
{ "type": "Feature", "properties": { "osm_id": "13194861782", "code": 2962, "fclass": "water_well", "name": "" }, "geometry": { "type": "Point", "coordinates": [ 51.2561083, 25.9832757 ] } },
{ "type": "Feature", "properties": { "osm_id": "13229971957", "code": 2962, "fclass": "water_well", "name": "مورد ماء ابوعماره" }, "geometry": { "type": "Point", "coordinates": [ 42.7200615, 28.9167528 ] } },
{ "type": "Feature", "properties": { "osm_id": "13229974656", "code": 2962, "fclass": "water_well", "name": "مورد ماء قيصومة فيحان" }, "geometry": { "type": "Point", "coordinates": [ 42.9610439, 29.1779133 ] } },
{ "type": "Feature", "properties": { "osm_id": "13230008286", "code": 2962, "fclass": "water_well", "name": "مورد ماء - الحدق" }, "geometry": { "type": "Point", "coordinates": [ 43.3576132, 29.2321346 ] } },
{ "type": "Feature", "properties": { "osm_id": "13232534591", "code": 2962, "fclass": "water_well", "name": "مورد ماء السحل" }, "geometry": { "type": "Point", "coordinates": [ 38.6650783, 26.6309784 ] } },
{ "type": "Feature", "properties": { "osm_id": "13242845197", "code": 2962, "fclass": "water_well", "name": "مورد ماء سبيل" }, "geometry": { "type": "Point", "coordinates": [ 42.704587, 28.5570485 ] } },
{ "type": "Feature", "properties": { "osm_id": "13247658786", "code": 2962, "fclass": "water_well", "name": "مورد ماء سبيل" }, "geometry": { "type": "Point", "coordinates": [ 42.9112391, 27.0502446 ] } },
{ "type": "Feature", "properties": { "osm_id": "13256674602", "code": 2962, "fclass": "water_well", "name": "بير الريم" }, "geometry": { "type": "Point", "coordinates": [ 36.4223591, 28.4416368 ] } },
{ "type": "Feature", "properties": { "osm_id": "13271873684", "code": 2962, "fclass": "water_well", "name": "ماء حلو سبيل" }, "geometry": { "type": "Point", "coordinates": [ 38.7948546, 27.0791643 ] } },
{ "type": "Feature", "properties": { "osm_id": "13306293318", "code": 2962, "fclass": "water_well", "name": "ماء حلو سبيل" }, "geometry": { "type": "Point", "coordinates": [ 42.3093507, 25.4173704 ] } },
{ "type": "Feature", "properties": { "osm_id": "13314304628", "code": 2962, "fclass": "water_well", "name": "الحاجر" }, "geometry": { "type": "Point", "coordinates": [ 41.914901, 25.9709855 ] } },
{ "type": "Feature", "properties": { "osm_id": "13323836297", "code": 2962, "fclass": "water_well", "name": "ماء حلو سبيل" }, "geometry": { "type": "Point", "coordinates": [ 41.2388741, 25.0390048 ] } },
{ "type": "Feature", "properties": { "osm_id": "13333130764", "code": 2962, "fclass": "water_well", "name": "ماء حلو سبيل" }, "geometry": { "type": "Point", "coordinates": [ 35.6823933, 28.3427869 ] } },
{ "type": "Feature", "properties": { "osm_id": "13339141241", "code": 2962, "fclass": "water_well", "name": "ماء سبيل" }, "geometry": { "type": "Point", "coordinates": [ 40.6068637, 27.7333966 ] } },
{ "type": "Feature", "properties": { "osm_id": "13340097544", "code": 2962, "fclass": "water_well", "name": "ماء حلو سبيل" }, "geometry": { "type": "Point", "coordinates": [ 39.9684664, 27.3109686 ] } },
{ "type": "Feature", "properties": { "osm_id": "13344511873", "code": 2962, "fclass": "water_well", "name": "ماء حلو سبيل" }, "geometry": { "type": "Point", "coordinates": [ 43.4677982, 25.8616299 ] } },
{ "type": "Feature", "properties": { "osm_id": "13347148517", "code": 2962, "fclass": "water_well", "name": "مورد ماء سهب" }, "geometry": { "type": "Point", "coordinates": [ 35.6050389, 28.7456166 ] } },
{ "type": "Feature", "properties": { "osm_id": "13353026099", "code": 2962, "fclass": "water_well", "name": "بئر ماء" }, "geometry": { "type": "Point", "coordinates": [ 39.5963412, 26.1910547 ] } },
{ "type": "Feature", "properties": { "osm_id": "13359889853", "code": 2962, "fclass": "water_well", "name": "بير القرعوطي" }, "geometry": { "type": "Point", "coordinates": [ 35.5781917, 27.6724619 ] } },
{ "type": "Feature", "properties": { "osm_id": "13389977324", "code": 2962, "fclass": "water_well", "name": "ماء سبيل" }, "geometry": { "type": "Point", "coordinates": [ 45.0151372, 27.3585974 ] } },
{ "type": "Feature", "properties": { "osm_id": "13413387717", "code": 2962, "fclass": "water_well", "name": "ماء حلو سبيل" }, "geometry": { "type": "Point", "coordinates": [ 43.4487158, 25.8142985 ] } },
{ "type": "Feature", "properties": { "osm_id": "13417281297", "code": 2962, "fclass": "water_well", "name": "" }, "geometry": { "type": "Point", "coordinates": [ 51.2100731, 25.452738 ] } },
{ "type": "Feature", "properties": { "osm_id": "13437064059", "code": 2962, "fclass": "water_well", "name": "بئر بربر" }, "geometry": { "type": "Point", "coordinates": [ 39.6257165, 27.4885638 ] } },
{ "type": "Feature", "properties": { "osm_id": "13437090057", "code": 2962, "fclass": "water_well", "name": "بئر فريجة" }, "geometry": { "type": "Point", "coordinates": [ 39.6260965, 27.488578 ] } },
{ "type": "Feature", "properties": { "osm_id": "13444560581", "code": 2962, "fclass": "water_well", "name": "بئر أم الصخال" }, "geometry": { "type": "Point", "coordinates": [ 40.6163712, 26.7616005 ] } },
{ "type": "Feature", "properties": { "osm_id": "13444603994", "code": 2962, "fclass": "water_well", "name": "بئر أم الصخال" }, "geometry": { "type": "Point", "coordinates": [ 40.6156387, 26.7606792 ] } },
{ "type": "Feature", "properties": { "osm_id": "13444606620", "code": 2962, "fclass": "water_well", "name": "بير الغبيّاء" }, "geometry": { "type": "Point", "coordinates": [ 40.6502495, 26.7878609 ] } },
{ "type": "Feature", "properties": { "osm_id": "13447372081", "code": 2962, "fclass": "water_well", "name": "" }, "geometry": { "type": "Point", "coordinates": [ 51.2665478, 24.7649374 ] } },
{ "type": "Feature", "properties": { "osm_id": "13461715427", "code": 2962, "fclass": "water_well", "name": "ماء سبيل" }, "geometry": { "type": "Point", "coordinates": [ 40.0995245, 26.1892303 ] } },
{ "type": "Feature", "properties": { "osm_id": "13478255741", "code": 2962, "fclass": "water_well", "name": "ماء سبيل سطم" }, "geometry": { "type": "Point", "coordinates": [ 42.0213108, 27.7269309 ] } },
{ "type": "Feature", "properties": { "osm_id": "13480964201", "code": 2962, "fclass": "water_well", "name": "بئر شحاد رحمه الله" }, "geometry": { "type": "Point", "coordinates": [ 40.3767665, 25.2129075 ] } },
{ "type": "Feature", "properties": { "osm_id": "13480969401", "code": 2962, "fclass": "water_well", "name": "بئر مريخان سلمان رحمه الله" }, "geometry": { "type": "Point", "coordinates": [ 40.4360564, 25.217789 ] } },
{ "type": "Feature", "properties": { "osm_id": "13523617052", "code": 2962, "fclass": "water_well", "name": "" }, "geometry": { "type": "Point", "coordinates": [ 57.5382896, 22.9465457 ] } },
{ "type": "Feature", "properties": { "osm_id": "13533552300", "code": 2962, "fclass": "water_well", "name": "ماء حلو سبيل" }, "geometry": { "type": "Point", "coordinates": [ 38.477412, 26.4279231 ] } },
{ "type": "Feature", "properties": { "osm_id": "13573092022", "code": 2962, "fclass": "water_well", "name": "بئر النقمي" }, "geometry": { "type": "Point", "coordinates": [ 39.6424511, 24.6469538 ] } },
{ "type": "Feature", "properties": { "osm_id": "13588382488", "code": 2962, "fclass": "water_well", "name": "بئر الصراء" }, "geometry": { "type": "Point", "coordinates": [ 37.1461358, 26.1040585 ] } },
{ "type": "Feature", "properties": { "osm_id": "13596645503", "code": 2962, "fclass": "water_well", "name": "ماء حلو سبيل" }, "geometry": { "type": "Point", "coordinates": [ 39.2062225, 25.8316917 ] } },
{ "type": "Feature", "properties": { "osm_id": "13612180722", "code": 2962, "fclass": "water_well", "name": "البئر" }, "geometry": { "type": "Point", "coordinates": [ 42.8239158, 18.2035856 ] } },
{ "type": "Feature", "properties": { "osm_id": "13621542201", "code": 2962, "fclass": "water_well", "name": "بئر ماء مروة" }, "geometry": { "type": "Point", "coordinates": [ 40.6712174, 20.8116289 ] } },
{ "type": "Feature", "properties": { "osm_id": "13621583302", "code": 2962, "fclass": "water_well", "name": "بئرماء الدحض" }, "geometry": { "type": "Point", "coordinates": [ 40.7318176, 20.8172513 ] } },
{ "type": "Feature", "properties": { "osm_id": "13621590107", "code": 2962, "fclass": "water_well", "name": "بيئرماء سقم" }, "geometry": { "type": "Point", "coordinates": [ 40.6917202, 20.8540189 ] } },
{ "type": "Feature", "properties": { "osm_id": "13621619901", "code": 2962, "fclass": "water_well", "name": "بئرماء نضدا" }, "geometry": { "type": "Point", "coordinates": [ 40.6945483, 20.8024587 ] } },
{ "type": "Feature", "properties": { "osm_id": "13621621901", "code": 2962, "fclass": "water_well", "name": "بئرماء ضضرم" }, "geometry": { "type": "Point", "coordinates": [ 40.6869146, 20.8206985 ] } },
{ "type": "Feature", "properties": { "osm_id": "13662792601", "code": 2962, "fclass": "water_well", "name": "بئر الضمين" }, "geometry": { "type": "Point", "coordinates": [ 38.5808647, 26.8064844 ] } },
{ "type": "Feature", "properties": { "osm_id": "13669733707", "code": 2962, "fclass": "water_well", "name": "" }, "geometry": { "type": "Point", "coordinates": [ 41.5090258, 19.0283465 ] } },
{ "type": "Feature", "properties": { "osm_id": "13674750601", "code": 2962, "fclass": "water_well", "name": "بئر عساف" }, "geometry": { "type": "Point", "coordinates": [ 38.8651683, 23.9284391 ] } },
{ "type": "Feature", "properties": { "osm_id": "13677503592", "code": 2962, "fclass": "water_well", "name": "مورد ماء - العذية" }, "geometry": { "type": "Point", "coordinates": [ 42.4294567, 28.4738597 ] } },
{ "type": "Feature", "properties": { "osm_id": "13681710101", "code": 2962, "fclass": "water_well", "name": "عين النبي" }, "geometry": { "type": "Point", "coordinates": [ 40.0641558, 22.1015727 ] } },
{ "type": "Feature", "properties": { "osm_id": "13684230901", "code": 2962, "fclass": "water_well", "name": "بير عليمطه" }, "geometry": { "type": "Point", "coordinates": [ 41.4413445, 21.8784722 ] } },
{ "type": "Feature", "properties": { "osm_id": "13704865499", "code": 2962, "fclass": "water_well", "name": "الثمد" }, "geometry": { "type": "Point", "coordinates": [ 36.8842202, 26.3878361 ] } },
{ "type": "Feature", "properties": { "osm_id": "13705820001", "code": 2962, "fclass": "water_well", "name": "حفاير عبدالمحسن الشريهي" }, "geometry": { "type": "Point", "coordinates": [ 42.608896, 28.3187679 ] } },
{ "type": "Feature", "properties": { "osm_id": "13706214701", "code": 2962, "fclass": "water_well", "name": "مارد ابو رايد الغيثي" }, "geometry": { "type": "Point", "coordinates": [ 42.3219414, 28.3583422 ] } },
{ "type": "Feature", "properties": { "osm_id": "13707451882", "code": 2962, "fclass": "water_well", "name": "بئر غويطان" }, "geometry": { "type": "Point", "coordinates": [ 37.8513336, 25.6686115 ] } },
{ "type": "Feature", "properties": { "osm_id": "13708528801", "code": 2962, "fclass": "water_well", "name": "حفاير خليف الشريهي" }, "geometry": { "type": "Point", "coordinates": [ 41.7945955, 28.2821124 ] } },
{ "type": "Feature", "properties": { "osm_id": "13731869512", "code": 2962, "fclass": "water_well", "name": "ماء حلو سبيل" }, "geometry": { "type": "Point", "coordinates": [ 43.1173027, 24.8308446 ] } },
{ "type": "Feature", "properties": { "osm_id": "13740352602", "code": 2962, "fclass": "water_well", "name": "آبار الدخول" }, "geometry": { "type": "Point", "coordinates": [ 43.8020653, 22.4148078 ] } },
{ "type": "Feature", "properties": { "osm_id": "13743024066", "code": 2962, "fclass": "water_well", "name": "ماء حلو سبيل" }, "geometry": { "type": "Point", "coordinates": [ 43.0462396, 25.6274249 ] } },
{ "type": "Feature", "properties": { "osm_id": "13752259541", "code": 2962, "fclass": "water_well", "name": "آبار قديمة - قلبان" }, "geometry": { "type": "Point", "coordinates": [ 39.5695406, 27.5872748 ] } },
{ "type": "Feature", "properties": { "osm_id": "13753026253", "code": 2962, "fclass": "water_well", "name": "ماء سبيل" }, "geometry": { "type": "Point", "coordinates": [ 37.7620306, 24.3734817 ] } },
{ "type": "Feature", "properties": { "osm_id": "13754827164", "code": 2962, "fclass": "water_well", "name": "" }, "geometry": { "type": "Point", "coordinates": [ 37.7748987, 24.3219635 ] } },
{ "type": "Feature", "properties": { "osm_id": "13762435945", "code": 2962, "fclass": "water_well", "name": "" }, "geometry": { "type": "Point", "coordinates": [ 51.0892501, 25.6187645 ] } },
{ "type": "Feature", "properties": { "osm_id": "13765589829", "code": 2962, "fclass": "water_well", "name": "شعب البنت" }, "geometry": { "type": "Point", "coordinates": [ 36.8166571, 26.139056 ] } },
{ "type": "Feature", "properties": { "osm_id": "13766411356", "code": 2962, "fclass": "water_well", "name": "خزان ماء" }, "geometry": { "type": "Point", "coordinates": [ 43.3016118, 25.1709486 ] } },
{ "type": "Feature", "properties": { "osm_id": "13778858552", "code": 2962, "fclass": "water_well", "name": "ماء حلو سبيل" }, "geometry": { "type": "Point", "coordinates": [ 43.9926443, 20.2612211 ] } },
{ "type": "Feature", "properties": { "osm_id": "13784618845", "code": 2962, "fclass": "water_well", "name": "ماء حلو سبيل" }, "geometry": { "type": "Point", "coordinates": [ 43.4941247, 19.1257122 ] } },
{ "type": "Feature", "properties": { "osm_id": "13786881934", "code": 2962, "fclass": "water_well", "name": "ماء حلو سبيل" }, "geometry": { "type": "Point", "coordinates": [ 42.6026488, 20.1236569 ] } },
{ "type": "Feature", "properties": { "osm_id": "13788746906", "code": 2962, "fclass": "water_well", "name": "قليب شعيب ابو برقاء" }, "geometry": { "type": "Point", "coordinates": [ 44.3855019, 26.2958597 ] } },
{ "type": "Feature", "properties": { "osm_id": "13798030515", "code": 2962, "fclass": "water_well", "name": "خزان ماء" }, "geometry": { "type": "Point", "coordinates": [ 43.2666707, 25.1377672 ] } },
{ "type": "Feature", "properties": { "osm_id": "13798350317", "code": 2962, "fclass": "water_well", "name": "خزان ماء" }, "geometry": { "type": "Point", "coordinates": [ 42.9093549, 25.2010933 ] } },
{ "type": "Feature", "properties": { "osm_id": "13798810480", "code": 2962, "fclass": "water_well", "name": "ماء حلو سبيل" }, "geometry": { "type": "Point", "coordinates": [ 42.0998816, 20.5266427 ] } },
{ "type": "Feature", "properties": { "osm_id": "13800170001", "code": 2962, "fclass": "water_well", "name": "بير الحفائر" }, "geometry": { "type": "Point", "coordinates": [ 42.3011337, 22.5687076 ] } },
{ "type": "Feature", "properties": { "osm_id": "13817238803", "code": 2962, "fclass": "water_well", "name": "خزان ماء" }, "geometry": { "type": "Point", "coordinates": [ 43.4211767, 25.4663789 ] } },
{ "type": "Feature", "properties": { "osm_id": "13818075373", "code": 2962, "fclass": "water_well", "name": "بئر الفرزة" }, "geometry": { "type": "Point", "coordinates": [ 41.7699615, 19.9276528 ] } },
{ "type": "Feature", "properties": { "osm_id": "13821279106", "code": 2962, "fclass": "water_well", "name": "ماء حلو سبيل" }, "geometry": { "type": "Point", "coordinates": [ 41.8418955, 19.8707807 ] } },
{ "type": "Feature", "properties": { "osm_id": "13834164096", "code": 2962, "fclass": "water_well", "name": "ماء حلو سبيل" }, "geometry": { "type": "Point", "coordinates": [ 42.465837, 19.1836218 ] } },
{ "type": "Feature", "properties": { "osm_id": "13834167021", "code": 2962, "fclass": "water_well", "name": "ماء حلو سبيل" }, "geometry": { "type": "Point", "coordinates": [ 42.4392692, 19.1809076 ] } },
{ "type": "Feature", "properties": { "osm_id": "13839372285", "code": 2962, "fclass": "water_well", "name": "خزان ماء" }, "geometry": { "type": "Point", "coordinates": [ 38.6081779, 24.1999051 ] } },
{ "type": "Feature", "properties": { "osm_id": "13855769455", "code": 2962, "fclass": "water_well", "name": "خزان ماء" }, "geometry": { "type": "Point", "coordinates": [ 39.0199399, 23.7423761 ] } },
{ "type": "Feature", "properties": { "osm_id": "13855769456", "code": 2962, "fclass": "water_well", "name": "خزان ماء" }, "geometry": { "type": "Point", "coordinates": [ 39.0260044, 23.7477676 ] } },
{ "type": "Feature", "properties": { "osm_id": "13856411619", "code": 2962, "fclass": "water_well", "name": "خزان ماء" }, "geometry": { "type": "Point", "coordinates": [ 38.9277363, 23.6065279 ] } },
{ "type": "Feature", "properties": { "osm_id": "13891801801", "code": 2962, "fclass": "water_well", "name": "بئر عواد جويبر الخوين" }, "geometry": { "type": "Point", "coordinates": [ 37.5858519, 26.299442 ] } },
{ "type": "Feature", "properties": { "osm_id": "13892923501", "code": 2962, "fclass": "water_well", "name": "بئر عواد جويبر الخوين" }, "geometry": { "type": "Point", "coordinates": [ 37.4745009, 26.2962771 ] } },
{ "type": "Feature", "properties": { "osm_id": "13896248602", "code": 2962, "fclass": "water_well", "name": "بئر عواد جويبر الخوين  (الغال)" }, "geometry": { "type": "Point", "coordinates": [ 37.4435807, 26.3428192 ] } },
{ "type": "Feature", "properties": { "osm_id": "13896248603", "code": 2962, "fclass": "water_well", "name": "بئر صالحه العثماني" }, "geometry": { "type": "Point", "coordinates": [ 37.4755301, 26.3090694 ] } },
{ "type": "Feature", "properties": { "osm_id": "13896248606", "code": 2962, "fclass": "water_well", "name": "بئر مطلق جبر الخوين ( سدرة الخونه)" }, "geometry": { "type": "Point", "coordinates": [ 37.4571705, 26.3232203 ] } },
{ "type": "Feature", "properties": { "osm_id": "13896264701", "code": 2962, "fclass": "water_well", "name": "بئر عواد  جويبر الخوين" }, "geometry": { "type": "Point", "coordinates": [ 37.4428912, 26.300776 ] } },
{ "type": "Feature", "properties": { "osm_id": "13909459703", "code": 2962, "fclass": "water_well", "name": "نقطة توزيع مياه المحلاة" }, "geometry": { "type": "Point", "coordinates": [ 43.284888, 18.5196468 ] } },
{ "type": "Feature", "properties": { "osm_id": "13909825801", "code": 2962, "fclass": "water_well", "name": "آبار مسرة" }, "geometry": { "type": "Point", "coordinates": [ 43.1481287, 20.1914544 ] } },
{ "type": "Feature", "properties": { "osm_id": "13916576197", "code": 2962, "fclass": "water_well", "name": "بئر بحران" }, "geometry": { "type": "Point", "coordinates": [ 42.6132792, 21.3115928 ] } },
{ "type": "Feature", "properties": { "osm_id": "13916576249", "code": 2962, "fclass": "water_well", "name": "ابار الحصى" }, "geometry": { "type": "Point", "coordinates": [ 42.4866629, 21.2508296 ] } },
{ "type": "Feature", "properties": { "osm_id": "13919246036", "code": 2962, "fclass": "water_well", "name": "بئر المِعَضَدية _ معضاد" }, "geometry": { "type": "Point", "coordinates": [ 39.0481909, 23.6856004 ] } },
{ "type": "Feature", "properties": { "osm_id": "13919248583", "code": 2962, "fclass": "water_well", "name": "آبار أبوحماد الوبيري" }, "geometry": { "type": "Point", "coordinates": [ 38.71088, 23.75 ] } },
{ "type": "Feature", "properties": { "osm_id": "13919248584", "code": 2962, "fclass": "water_well", "name": "بئر الرديسية" }, "geometry": { "type": "Point", "coordinates": [ 38.6670299, 23.7479201 ] } },
{ "type": "Feature", "properties": { "osm_id": "13919272127", "code": 2962, "fclass": "water_well", "name": "بئر ابن مسفر" }, "geometry": { "type": "Point", "coordinates": [ 38.6861899, 23.7475601 ] } },
{ "type": "Feature", "properties": { "osm_id": "13947668101", "code": 2962, "fclass": "water_well", "name": "صنع كتب الشامة" }, "geometry": { "type": "Point", "coordinates": [ 37.9849444, 31.5482222 ] } },
{ "type": "Feature", "properties": { "osm_id": "13948121403", "code": 2962, "fclass": "water_well", "name": "قليب ابن عمار الغيثي" }, "geometry": { "type": "Point", "coordinates": [ 41.0000919, 26.8767571 ] } },
{ "type": "Feature", "properties": { "osm_id": "13948121601", "code": 2962, "fclass": "water_well", "name": "" }, "geometry": { "type": "Point", "coordinates": [ 40.9684805, 26.8785623 ] } },
{ "type": "Feature", "properties": { "osm_id": "13966628402", "code": 2962, "fclass": "water_well", "name": "عد دهمه" }, "geometry": { "type": "Point", "coordinates": [ 43.1961174, 18.4841354 ] } },
{ "type": "Feature", "properties": { "osm_id": "13966649303", "code": 2962, "fclass": "water_well", "name": "مشروع طريب" }, "geometry": { "type": "Point", "coordinates": [ 43.2008486, 18.5188916 ] } },
{ "type": "Feature", "properties": { "osm_id": "13968474501", "code": 2962, "fclass": "water_well", "name": "بئر محمد بن عيادة الغنامي" }, "geometry": { "type": "Point", "coordinates": [ 36.4343457, 27.3849883 ] } },
{ "type": "Feature", "properties": { "osm_id": "13971858893", "code": 2962, "fclass": "water_well", "name": "خزان ماء" }, "geometry": { "type": "Point", "coordinates": [ 42.1267506, 20.4733468 ] } },
{ "type": "Feature", "properties": { "osm_id": "13971859521", "code": 2962, "fclass": "water_well", "name": "" }, "geometry": { "type": "Point", "coordinates": [ 42.1193585, 20.4092561 ] } },
{ "type": "Feature", "properties": { "osm_id": "13989363801", "code": 2962, "fclass": "water_well", "name": "الحفيره" }, "geometry": { "type": "Point", "coordinates": [ 39.7437199, 24.9324435 ] } },
{ "type": "Feature", "properties": { "osm_id": "13998332894", "code": 2962, "fclass": "water_well", "name": "بئر دايل" }, "geometry": { "type": "Point", "coordinates": [ 42.9435485, 18.9748621 ] } },
{ "type": "Feature", "properties": { "osm_id": "13998453642", "code": 2962, "fclass": "water_well", "name": "بئر الحرفوف" }, "geometry": { "type": "Point", "coordinates": [ 43.1473473, 18.9941839 ] } },
{ "type": "Feature", "properties": { "osm_id": "13998498751", "code": 2962, "fclass": "water_well", "name": "بئر العليب" }, "geometry": { "type": "Point", "coordinates": [ 43.1408104, 19.2231975 ] } },
{ "type": "Feature", "properties": { "osm_id": "13998538944", "code": 2962, "fclass": "water_well", "name": "بئر كتيد" }, "geometry": { "type": "Point", "coordinates": [ 43.1417446, 19.2380709 ] } },
{ "type": "Feature", "properties": { "osm_id": "13998541896", "code": 2962, "fclass": "water_well", "name": "بئر العجمة" }, "geometry": { "type": "Point", "coordinates": [ 43.1120608, 19.2925896 ] } },
{ "type": "Feature", "properties": { "osm_id": "13998560596", "code": 2962, "fclass": "water_well", "name": "بئر الدلمة" }, "geometry": { "type": "Point", "coordinates": [ 43.1060315, 19.3166373 ] } },
{ "type": "Feature", "properties": { "osm_id": "13999469953", "code": 2962, "fclass": "water_well", "name": "بئر ماء" }, "geometry": { "type": "Point", "coordinates": [ 43.3315077, 19.5422804 ] } },
{ "type": "Feature", "properties": { "osm_id": "13999569017", "code": 2962, "fclass": "water_well", "name": "بئر ماء" }, "geometry": { "type": "Point", "coordinates": [ 43.8335998, 19.8537761 ] } },
{ "type": "Feature", "properties": { "osm_id": "14000457735", "code": 2962, "fclass": "water_well", "name": "بئر طيب إسم" }, "geometry": { "type": "Point", "coordinates": [ 37.3885971, 26.3649066 ] } },
{ "type": "Feature", "properties": { "osm_id": "14000473621", "code": 2962, "fclass": "water_well", "name": "بئر صوير" }, "geometry": { "type": "Point", "coordinates": [ 37.4018212, 26.377789 ] } },
{ "type": "Feature", "properties": { "osm_id": "14000988820", "code": 2962, "fclass": "water_well", "name": "القليتة" }, "geometry": { "type": "Point", "coordinates": [ 43.8310511, 19.2735519 ] } },
{ "type": "Feature", "properties": { "osm_id": "14002373401", "code": 2962, "fclass": "water_well", "name": "قليب آل هويدي" }, "geometry": { "type": "Point", "coordinates": [ 45.1336071, 21.9536437 ] } },
{ "type": "Feature", "properties": { "osm_id": "14003288452", "code": 2962, "fclass": "water_well", "name": "قليب مفلح" }, "geometry": { "type": "Point", "coordinates": [ 37.3563454, 27.1396856 ] } },
{ "type": "Feature", "properties": { "osm_id": "14003457805", "code": 2962, "fclass": "water_well", "name": "بئر اغربين" }, "geometry": { "type": "Point", "coordinates": [ 37.2027654, 26.8015927 ] } },
{ "type": "Feature", "properties": { "osm_id": "14008032677", "code": 2962, "fclass": "water_well", "name": "" }, "geometry": { "type": "Point", "coordinates": [ 37.3445854, 26.5370875 ] } },
{ "type": "Feature", "properties": { "osm_id": "14013809439", "code": 2962, "fclass": "water_well", "name": "" }, "geometry": { "type": "Point", "coordinates": [ 36.6238555, 26.4110461 ] } },
{ "type": "Feature", "properties": { "osm_id": "14013809502", "code": 2962, "fclass": "water_well", "name": "" }, "geometry": { "type": "Point", "coordinates": [ 36.8517521, 26.4826015 ] } },
{ "type": "Feature", "properties": { "osm_id": "14013809859", "code": 2962, "fclass": "water_well", "name": "" }, "geometry": { "type": "Point", "coordinates": [ 36.9176567, 26.219791 ] } },
{ "type": "Feature", "properties": { "osm_id": "14013809889", "code": 2962, "fclass": "water_well", "name": "" }, "geometry": { "type": "Point", "coordinates": [ 36.9475231, 26.265083 ] } },
{ "type": "Feature", "properties": { "osm_id": "14013989596", "code": 2962, "fclass": "water_well", "name": "" }, "geometry": { "type": "Point", "coordinates": [ 44.5910543, 22.8266399 ] } },
{ "type": "Feature", "properties": { "osm_id": "14014046366", "code": 2962, "fclass": "water_well", "name": "" }, "geometry": { "type": "Point", "coordinates": [ 45.9376037, 21.9596936 ] } },
{ "type": "Feature", "properties": { "osm_id": "14022236303", "code": 2962, "fclass": "water_well", "name": "مشاش الزلوع" }, "geometry": { "type": "Point", "coordinates": [ 37.8248056, 29.4156944 ] } },
{ "type": "Feature", "properties": { "osm_id": "14026259102", "code": 2962, "fclass": "water_well", "name": "عد الـ ماضي المجامعه" }, "geometry": { "type": "Point", "coordinates": [ 42.6476786, 21.442176 ] } },
{ "type": "Feature", "properties": { "osm_id": "14026261201", "code": 2962, "fclass": "water_well", "name": "عد المجامعه ال مثيب وال موسى" }, "geometry": { "type": "Point", "coordinates": [ 42.7880062, 21.5361967 ] } },
{ "type": "Feature", "properties": { "osm_id": "14026261202", "code": 2962, "fclass": "water_well", "name": "بئر آل ماضي" }, "geometry": { "type": "Point", "coordinates": [ 42.6575185, 21.4560675 ] } },
{ "type": "Feature", "properties": { "osm_id": "14026326601", "code": 2962, "fclass": "water_well", "name": "بير الـ ماضـي" }, "geometry": { "type": "Point", "coordinates": [ 42.6423748, 21.4388274 ] } },
{ "type": "Feature", "properties": { "osm_id": "14029780985", "code": 2962, "fclass": "water_well", "name": "آبار أثلة" }, "geometry": { "type": "Point", "coordinates": [ 42.7124481, 21.3876152 ] } },
{ "type": "Feature", "properties": { "osm_id": "14031946513", "code": 2962, "fclass": "water_well", "name": "بئر الحميضة" }, "geometry": { "type": "Point", "coordinates": [ 39.0910431, 25.7956054 ] } },
{ "type": "Feature", "properties": { "osm_id": "14042221220", "code": 2962, "fclass": "water_well", "name": "بئر الصفاء" }, "geometry": { "type": "Point", "coordinates": [ 43.6162863, 17.5062577 ] } },
{ "type": "Feature", "properties": { "osm_id": "14048807302", "code": 2962, "fclass": "water_well", "name": "ابار قراقر" }, "geometry": { "type": "Point", "coordinates": [ 37.7601235, 31.2629786 ] } },
{ "type": "Feature", "properties": { "osm_id": "14052083790", "code": 2962, "fclass": "water_well", "name": "بئر العرقين" }, "geometry": { "type": "Point", "coordinates": [ 43.4449035, 18.1488914 ] } },
{ "type": "Feature", "properties": { "osm_id": "14072081102", "code": 2962, "fclass": "water_well", "name": "ماروك" }, "geometry": { "type": "Point", "coordinates": [ 44.1759964, 21.6547758 ] } },
{ "type": "Feature", "properties": { "osm_id": "14074092160", "code": 2962, "fclass": "water_well", "name": "بير الشدخ التاريخي" }, "geometry": { "type": "Point", "coordinates": [ 37.6227375, 24.7235996 ] } },
{ "type": "Feature", "properties": { "osm_id": "14090730180", "code": 2962, "fclass": "water_well", "name": "بئر شيه" }, "geometry": { "type": "Point", "coordinates": [ 37.4396513, 25.2759119 ] } },
{ "type": "Feature", "properties": { "osm_id": "14090733898", "code": 2962, "fclass": "water_well", "name": "بئر صبار بن مريزيق" }, "geometry": { "type": "Point", "coordinates": [ 39.7968071, 26.1294192 ] } },
{ "type": "Feature", "properties": { "osm_id": "14108122839", "code": 2962, "fclass": "water_well", "name": "بئر القويرة" }, "geometry": { "type": "Point", "coordinates": [ 41.7917679, 24.056853 ] } },
{ "type": "Feature", "properties": { "osm_id": "14108132505", "code": 2962, "fclass": "water_well", "name": "بئر عويشة" }, "geometry": { "type": "Point", "coordinates": [ 41.8109393, 23.9201563 ] } },
{ "type": "Feature", "properties": { "osm_id": "14108157968", "code": 2962, "fclass": "water_well", "name": "بئر عيادة" }, "geometry": { "type": "Point", "coordinates": [ 41.7970488, 23.8507364 ] } },
{ "type": "Feature", "properties": { "osm_id": "14113308238", "code": 2962, "fclass": "water_well", "name": "آبار البلس" }, "geometry": { "type": "Point", "coordinates": [ 41.8646789, 19.8151717 ] } },
{ "type": "Feature", "properties": { "osm_id": "14121609243", "code": 2962, "fclass": "water_well", "name": "بئر الصباحة" }, "geometry": { "type": "Point", "coordinates": [ 40.7900274, 26.9925916 ] } }
]
}
