{"type":"FeatureCollection","city":"jeddah","source":"momrah_administrative_districts","count":178,"features":[{"type":"Feature","id":"jeddah-abu-jaalah","geometry":{"type":"Polygon","coordinates":[[[39.37273,21.40103],[39.37198,21.40142],[39.37036,21.40279],[39.36832,21.40488],[39.36284,21.41146],[39.36016,21.41416],[39.35812,21.41543],[39.35552,21.41628],[39.35344,21.41673],[39.35132,21.41664],[39.34882,21.4164],[39.35016,21.41156],[39.35082,21.40797],[39.35101,21.40597],[39.35109,21.40398],[39.35104,21.40198],[39.35088,21.4],[39.3491,21.38812],[39.34789,21.38149],[39.34677,21.37639],[39.34235,21.35798],[39.35255,21.35608],[39.35844,21.35623],[39.3624,21.35701],[39.37695,21.36137],[39.37592,21.36553],[39.37588,21.36854],[39.37639,21.36958],[39.37693,21.37126],[39.37746,21.37208],[39.37773,21.37312],[39.37735,21.37356],[39.37579,21.37456],[39.37498,21.3755],[39.37454,21.3774],[39.3744,21.38098],[39.37487,21.38846],[39.37372,21.39377],[39.37273,21.40103]]]},"properties":{"district_id":"jeddah-abu-jaalah","name_ar":"أبو جعالة","name_en":"Abu Jaalah","city":"jeddah","source_codes":["70030076563164378"]}},{"type":"Feature","id":"jeddah-al-aadl","geometry":{"type":"Polygon","coordinates":[[[39.27929,21.45253],[39.281,21.44694],[39.28181,21.44488],[39.2831,21.44287],[39.28457,21.44104],[39.28798,21.43924],[39.28835,21.44047],[39.28976,21.44437],[39.29512,21.44288],[39.29564,21.44264],[39.29618,21.44217],[39.29777,21.4404],[39.30071,21.43865],[39.3024,21.43652],[39.3028,21.43656],[39.30372,21.43615],[39.30385,21.439],[39.30426,21.43986],[39.30487,21.44174],[39.30501,21.44397],[39.30494,21.44414],[39.30515,21.44678],[39.29621,21.44761],[39.2949,21.44784],[39.28542,21.45062],[39.27929,21.45253]]]},"properties":{"district_id":"jeddah-al-aadl","name_ar":"العدل","name_en":"Al Aadl","city":"jeddah","source_codes":["70030076563163755"]}},{"type":"Feature","id":"jeddah-al-aamariyah","geometry":{"type":"Polygon","coordinates":[[[39.19027,21.4878],[39.19173,21.48814],[39.19168,21.48829],[39.19299,21.48894],[39.19454,21.48982],[39.19552,21.49021],[39.19751,21.49119],[39.19795,21.49131],[39.19681,21.49435],[39.19646,21.49492],[39.19536,21.4963],[39.19232,21.49402],[39.18976,21.49275],[39.18937,21.49247],[39.18948,21.49142],[39.18936,21.4898],[39.19027,21.4878]]]},"properties":{"district_id":"jeddah-al-aamariyah","name_ar":"العمارية","name_en":"Al Aamariyah","city":"jeddah","source_codes":["70030076563164386"]}},{"type":"Feature","id":"jeddah-al-aasila","geometry":{"type":"Polygon","coordinates":[[[39.4203,21.38908],[39.4178,21.38969],[39.41585,21.39049],[39.4145,21.39123],[39.41254,21.3928],[39.4114,21.39411],[39.41083,21.39279],[39.41069,21.39226],[39.40983,21.38491],[39.40985,21.38368],[39.40933,21.3811],[39.40897,21.37986],[39.40882,21.37903],[39.40876,21.37792],[39.40793,21.37613],[39.40731,21.37445],[39.40695,21.37257],[39.40606,21.37144],[39.40494,21.37067],[39.40234,21.36921],[39.39162,21.36562],[39.38431,21.36337],[39.37695,21.36137],[39.38655,21.3505],[39.41644,21.35122],[39.41859,21.35162],[39.42039,21.35396],[39.42838,21.3575],[39.42873,21.36154],[39.42843,21.36325],[39.42779,21.36394],[39.42709,21.36521],[39.42702,21.36831],[39.42667,21.36974],[39.42687,21.37475],[39.42697,21.38895],[39.4203,21.38908]]]},"properties":{"district_id":"jeddah-al-aasila","name_ar":"العسيلة","name_en":"Al Aasila","city":"jeddah","source_codes":["70030076563164339"]}},{"type":"Feature","id":"jeddah-al-abeer","geometry":{"type":"Polygon","coordinates":[[[39.07356,21.96103],[39.05444,21.96357],[39.05087,21.94078],[39.05453,21.94027],[39.06594,21.93897],[39.07007,21.93837],[39.07356,21.96103]]]},"properties":{"district_id":"jeddah-al-abeer","name_ar":"العبير","name_en":"Al Abeer","city":"jeddah","source_codes":["70030076563163739"]}},{"type":"Feature","id":"jeddah-al-ajawid","geometry":{"type":"Polygon","coordinates":[[[39.32549,21.42264],[39.32372,21.42294],[39.31847,21.42314],[39.31317,21.4236],[39.31262,21.42374],[39.31123,21.42433],[39.31092,21.42453],[39.30946,21.42584],[39.30951,21.42389],[39.30945,21.42381],[39.30725,21.42394],[39.30625,21.4243],[39.30494,21.42307],[39.30477,21.42272],[39.30479,21.42127],[39.30464,21.42014],[39.30443,21.41945],[39.30406,21.41866],[39.30424,21.41846],[39.30374,21.41708],[39.30186,21.41768],[39.30164,21.41789],[39.29366,21.42033],[39.28269,21.39981],[39.29053,21.39681],[39.2908,21.39684],[39.29144,21.39656],[39.32172,21.37558],[39.332,21.40031],[39.33187,21.40051],[39.33188,21.40077],[39.33167,21.40122],[39.33151,21.40194],[39.33136,21.40225],[39.33109,21.40244],[39.33118,21.40278],[39.3315,21.40293],[39.3317,21.40319],[39.33266,21.40373],[39.33196,21.40398],[39.33159,21.40419],[39.33082,21.40483],[39.33021,21.40571],[39.33024,21.40594],[39.32896,21.406],[39.32865,21.40614],[39.32848,21.40633],[39.3281,21.40704],[39.32779,21.4074],[39.32745,21.40798],[39.32711,21.40878],[39.32658,21.40911],[39.32635,21.40939],[39.32614,21.41011],[39.32587,21.41062],[39.32602,21.4114],[39.32566,21.41222],[39.32517,21.41289],[39.32318,21.41472],[39.32273,21.41532],[39.32342,21.41699],[39.32391,21.41891],[39.32434,21.41972],[39.32471,21.42016],[39.32549,21.42264]]]},"properties":{"district_id":"jeddah-al-ajawid","name_ar":"الأجاويد","name_en":"Al-ajawid","city":"jeddah","source_codes":["70030076563164316"]}},{"type":"Feature","id":"jeddah-al-ajwad","geometry":{"type":"Polygon","coordinates":[[[39.2563,21.61553],[39.25286,21.61548],[39.24907,21.61517],[39.24441,21.61438],[39.25176,21.59015],[39.25211,21.59019],[39.25255,21.59014],[39.25241,21.5898],[39.25246,21.58926],[39.25272,21.5887],[39.25309,21.58841],[39.2534,21.58834],[39.25372,21.58838],[39.25682,21.58937],[39.25812,21.58995],[39.25868,21.59031],[39.25906,21.59067],[39.2604,21.5925],[39.26082,21.59285],[39.26139,21.59309],[39.26206,21.59318],[39.26274,21.59308],[39.26311,21.59293],[39.26428,21.59217],[39.26486,21.59201],[39.26571,21.59201],[39.26727,21.59244],[39.26771,21.59261],[39.2687,21.59332],[39.26954,21.59442],[39.26982,21.59505],[39.26991,21.59592],[39.26953,21.59801],[39.26621,21.60903],[39.26535,21.61535],[39.2563,21.61553]]]},"properties":{"district_id":"jeddah-al-ajwad","name_ar":"الأجواد","name_en":"Al-Ajwad","city":"jeddah","source_codes":["70030076563163819"]}},{"type":"Feature","id":"jeddah-al-anam-central-market","geometry":{"type":"Polygon","coordinates":[[[39.22832,21.38183],[39.22556,21.385],[39.22059,21.38412],[39.2225,21.37482],[39.22618,21.3755],[39.22665,21.37581],[39.22691,21.37615],[39.22713,21.37683],[39.22832,21.38183]]]},"properties":{"district_id":"jeddah-al-anam-central-market","name_ar":"سوق الأنعام المركزي","name_en":"Al-Anam Central Market","city":"jeddah","source_codes":["70030076563107993"]}},{"type":"Feature","id":"jeddah-al-andalus","geometry":{"type":"Polygon","coordinates":[[[39.1748,21.55109],[39.17389,21.55495],[39.17394,21.55513],[39.17372,21.55585],[39.15524,21.55058],[39.15491,21.5504],[39.15207,21.54959],[39.1297,21.54677],[39.12723,21.54658],[39.1239,21.54615],[39.11932,21.54576],[39.11672,21.54583],[39.11669,21.54573],[39.11508,21.5458],[39.11478,21.54572],[39.11476,21.54559],[39.11458,21.54555],[39.11473,21.54537],[39.11457,21.5445],[39.11477,21.54434],[39.11537,21.54411],[39.11548,21.54395],[39.11547,21.54382],[39.11515,21.5434],[39.11428,21.54314],[39.1139,21.54316],[39.1135,21.54301],[39.11329,21.54283],[39.11196,21.54239],[39.11192,21.54223],[39.11238,21.54155],[39.1122,21.54084],[39.11238,21.54053],[39.1128,21.54063],[39.11315,21.54033],[39.11358,21.53946],[39.1137,21.53938],[39.11425,21.53963],[39.11445,21.53986],[39.11524,21.54028],[39.11536,21.54027],[39.11585,21.53964],[39.11613,21.53909],[39.11656,21.53719],[39.11656,21.53687],[39.11626,21.53626],[39.11366,21.53507],[39.11247,21.53462],[39.11182,21.53461],[39.11171,21.53449],[39.11167,21.53418],[39.11154,21.53402],[39.11161,21.53391],[39.11185,21.53391],[39.11175,21.53375],[39.11178,21.53368],[39.11208,21.53379],[39.11244,21.53359],[39.11267,21.53359],[39.11304,21.53389],[39.11311,21.53422],[39.11324,21.53433],[39.11325,21.53451],[39.11343,21.53475],[39.11641,21.53614],[39.11658,21.5361],[39.11676,21.53587],[39.11674,21.53574],[39.11603,21.5353],[39.11565,21.53529],[39.11557,21.5351],[39.11562,21.53492],[39.11577,21.53484],[39.11594,21.53487],[39.11614,21.53519],[39.11689,21.53564],[39.11707,21.53559],[39.11753,21.53512],[39.11829,21.53387],[39.11832,21.53363],[39.1193,21.53216],[39.12158,21.53038],[39.12172,21.53006],[39.12142,21.52953],[39.12143,21.52934],[39.12153,21.52923],[39.12176,21.52915],[39.12195,21.52919],[39.1225,21.52973],[39.1227,21.52975],[39.12482,21.52835],[39.12634,21.52753],[39.12653,21.52735],[39.12659,21.52698],[39.12582,21.52551],[39.1256,21.52528],[39.12545,21.52476],[39.12512,21.52437],[39.12501,21.52402],[39.12512,21.52385],[39.12552,21.52396],[39.12658,21.52599],[39.12705,21.52633],[39.12736,21.52737],[39.1277,21.52794],[39.12819,21.52787],[39.12885,21.52745],[39.12921,21.52741],[39.13007,21.52713],[39.13036,21.52715],[39.13099,21.52687],[39.13174,21.52621],[39.13178,21.52584],[39.13161,21.52549],[39.13088,21.52472],[39.13025,21.52421],[39.12935,21.52428],[39.12935,21.52447],[39.12906,21.52453],[39.12901,21.52442],[39.12912,21.52426],[39.12876,21.52392],[39.12841,21.52372],[39.12827,21.52338],[39.12836,21.52319],[39.12834,21.52293],[39.12814,21.52287],[39.1283,21.52281],[39.12844,21.52256],[39.12939,21.52232],[39.12984,21.522],[39.12996,21.52205],[39.12997,21.52229],[39.13024,21.52249],[39.13039,21.52298],[39.13082,21.5235],[39.13092,21.52397],[39.1313,21.52422],[39.13197,21.52486],[39.13234,21.52526],[39.13254,21.5256],[39.13284,21.52578],[39.13339,21.52583],[39.13363,21.52617],[39.13404,21.52607],[39.13406,21.52589],[39.1327,21.52357],[39.13235,21.52341],[39.13198,21.52266],[39.13179,21.52263],[39.13089,21.52108],[39.13082,21.52052],[39.13039,21.5198],[39.13032,21.51954],[39.1283,21.51608],[39.12815,21.51597],[39.1277,21.51595],[39.12757,21.51576],[39.13012,21.51122],[39.13107,21.50927],[39.1313,21.50918],[39.13143,21.50928],[39.13145,21.50952],[39.13155,21.50959],[39.13149,21.50972],[39.13163,21.50979],[39.13138,21.5103],[39.13113,21.51019],[39.13104,21.51023],[39.13094,21.51053],[39.12855,21.51481],[39.12855,21.51496],[39.12885,21.51526],[39.12913,21.51534],[39.12948,21.5146],[39.12924,21.51525],[39.12938,21.51529],[39.12943,21.51512],[39.12957,21.51516],[39.12951,21.51534],[39.12956,21.51551],[39.12993,21.5156],[39.13015,21.51548],[39.13019,21.51534],[39.13005,21.5153],[39.13013,21.51507],[39.13023,21.51509],[39.1306,21.51404],[39.1308,21.5141],[39.13026,21.51554],[39.13042,21.51574],[39.13188,21.51606],[39.13214,21.51592],[39.13253,21.51466],[39.13263,21.51469],[39.13278,21.51419],[39.13283,21.51421],[39.13264,21.5147],[39.13274,21.51473],[39.13226,21.51596],[39.13242,21.51618],[39.13307,21.51629],[39.13335,21.51624],[39.13355,21.51611],[39.13441,21.51466],[39.13472,21.51451],[39.13502,21.51465],[39.13506,21.51483],[39.13483,21.51555],[39.13571,21.51722],[39.13582,21.51755],[39.13642,21.51841],[39.137,21.51837],[39.13711,21.51937],[39.13691,21.51951],[39.13682,21.51996],[39.13697,21.5202],[39.13684,21.52028],[39.137,21.52033],[39.13701,21.5204],[39.1369,21.52045],[39.13715,21.52177],[39.1373,21.52171],[39.13726,21.52156],[39.13734,21.52155],[39.13739,21.52186],[39.13717,21.52186],[39.13723,21.52223],[39.13746,21.52218],[39.13748,21.5223],[39.13724,21.52232],[39.13731,21.52264],[39.13752,21.52256],[39.13755,21.52273],[39.13732,21.52272],[39.13745,21.52353],[39.13762,21.52363],[39.13767,21.52345],[39.1379,21.52351],[39.13786,21.52369],[39.1383,21.52373],[39.13848,21.52387],[39.13869,21.52515],[39.13894,21.52557],[39.13906,21.52616],[39.13955,21.52699],[39.14019,21.52678],[39.13998,21.52583],[39.13968,21.5253],[39.13946,21.52456],[39.1392,21.52296],[39.13906,21.52255],[39.1393,21.52157],[39.13908,21.52151],[39.13939,21.52048],[39.13961,21.52054],[39.13978,21.52004],[39.14035,21.51994],[39.14031,21.51976],[39.1411,21.51964],[39.14112,21.51975],[39.14158,21.51969],[39.14265,21.51951],[39.1427,21.51938],[39.14299,21.51933],[39.1427,21.51943],[39.14267,21.51951],[39.14274,21.51959],[39.143,21.51954],[39.14304,21.51942],[39.14347,21.5193],[39.14383,21.51904],[39.14414,21.51809],[39.14378,21.51791],[39.14388,21.51754],[39.14433,21.51759],[39.14448,21.51754],[39.14497,21.51587],[39.14496,21.5156],[39.14504,21.51556],[39.14511,21.51533],[39.14517,21.51535],[39.14513,21.51572],[39.14503,21.51577],[39.14451,21.51754],[39.14469,21.51771],[39.14505,21.51781],[39.14492,21.51825],[39.14449,21.5182],[39.14414,21.51953],[39.14457,21.52047],[39.14499,21.52115],[39.14616,21.52195],[39.14666,21.52218],[39.14676,21.52233],[39.1467,21.52341],[39.1465,21.5244],[39.14609,21.52497],[39.14621,21.52506],[39.14607,21.52501],[39.14563,21.52544],[39.14538,21.52576],[39.14524,21.5261],[39.14555,21.52678],[39.14543,21.52712],[39.14618,21.52881],[39.1464,21.52905],[39.14637,21.52932],[39.14663,21.52953],[39.14611,21.52998],[39.14594,21.53044],[39.14593,21.53074],[39.14615,21.53101],[39.14608,21.53118],[39.14441,21.53223],[39.14376,21.5325],[39.1428,21.53248],[39.14216,21.53219],[39.14143,21.53202],[39.14122,21.53164],[39.14087,21.53],[39.14061,21.52991],[39.14009,21.53012],[39.1401,21.5302],[39.13988,21.53035],[39.14001,21.53184],[39.1402,21.53256],[39.14044,21.53445],[39.14074,21.53501],[39.14151,21.5352],[39.14171,21.53513],[39.14205,21.53477],[39.14269,21.53375],[39.14283,21.53367],[39.14415,21.53395],[39.14438,21.53416],[39.14446,21.53485],[39.14457,21.53494],[39.145,21.53494],[39.14635,21.53465],[39.14651,21.53435],[39.14651,21.53409],[39.14661,21.53396],[39.14687,21.5339],[39.14713,21.53361],[39.14751,21.53366],[39.14766,21.5339],[39.14823,21.53422],[39.14884,21.53435],[39.14931,21.53456],[39.15023,21.53466],[39.15084,21.53464],[39.15121,21.53453],[39.15126,21.53459],[39.15135,21.53449],[39.15273,21.53406],[39.15341,21.53426],[39.15447,21.53442],[39.15548,21.53416],[39.15575,21.53418],[39.15579,21.53435],[39.15596,21.53451],[39.15595,21.53444],[39.15617,21.53439],[39.15628,21.53471],[39.15633,21.53468],[39.15621,21.53438],[39.15712,21.53497],[39.16846,21.53962],[39.16987,21.54037],[39.1768,21.54177],[39.1748,21.55109]],[[39.14006,21.53003],[39.14059,21.52982],[39.14058,21.52974],[39.14085,21.52955],[39.14069,21.52838],[39.14048,21.52751],[39.14023,21.52693],[39.13961,21.52715],[39.13963,21.52764],[39.13944,21.5284],[39.13946,21.52882],[39.13978,21.52996],[39.14006,21.53003]]]},"properties":{"district_id":"jeddah-al-andalus","name_ar":"الاندلس","name_en":"Al Andalus","city":"jeddah","source_codes":["70030076563163814"]}},{"type":"Feature","id":"jeddah-al-aqiq","geometry":{"type":"Polygon","coordinates":[[[39.07356,21.96103],[39.07007,21.93837],[39.07383,21.93781],[39.07909,21.93654],[39.08089,21.93567],[39.0821,21.93479],[39.0878,21.92894],[39.08889,21.928],[39.09008,21.92719],[39.09118,21.92671],[39.09211,21.92643],[39.10075,21.92457],[39.10268,21.9378],[39.10147,21.94074],[39.10022,21.94169],[39.09723,21.94301],[39.09629,21.94358],[39.09541,21.94423],[39.08826,21.95302],[39.08511,21.95719],[39.08359,21.95878],[39.08238,21.95952],[39.08105,21.96004],[39.07356,21.96103]]]},"properties":{"district_id":"jeddah-al-aqiq","name_ar":"العقيق","name_en":"Al Aqiq","city":"jeddah","source_codes":["70030076563163740"]}},{"type":"Feature","id":"jeddah-al-asla","geometry":{"type":"Polygon","coordinates":[[[39.33575,21.58923],[39.33274,21.59531],[39.33064,21.598],[39.3317,21.60054],[39.3311,21.60336],[39.32975,21.60661],[39.3278,21.61255],[39.32584,21.61326],[39.3159,21.62711],[39.3096,21.63442],[39.30723,21.63343],[39.30312,21.63077],[39.28599,21.62012],[39.2867,21.61673],[39.28748,21.61367],[39.28842,21.61063],[39.28951,21.60765],[39.30202,21.57913],[39.30504,21.57993],[39.30971,21.58146],[39.31812,21.58513],[39.31972,21.58557],[39.32191,21.5858],[39.3243,21.58588],[39.32715,21.5854],[39.33063,21.58447],[39.33575,21.58923]]]},"properties":{"district_id":"jeddah-al-asla","name_ar":"العسلاء","name_en":"Al Asla","city":"jeddah","source_codes":["70030076563164338"]}},{"type":"Feature","id":"jeddah-al-athir","geometry":{"type":"Polygon","coordinates":[[[39.4114,21.39411],[39.40486,21.40153],[39.40423,21.40212],[39.40201,21.40351],[39.39978,21.4042],[39.39817,21.4044],[39.39642,21.40425],[39.39457,21.40386],[39.38272,21.39993],[39.38024,21.39943],[39.37839,21.39941],[39.37598,21.39977],[39.37335,21.4007],[39.37273,21.40103],[39.37372,21.39377],[39.37487,21.38846],[39.3744,21.38098],[39.37454,21.3774],[39.37498,21.3755],[39.37579,21.37456],[39.37735,21.37356],[39.37773,21.37312],[39.37746,21.37208],[39.37693,21.37126],[39.37639,21.36958],[39.37588,21.36854],[39.37592,21.36553],[39.37695,21.36137],[39.38431,21.36337],[39.39162,21.36562],[39.40234,21.36921],[39.40494,21.37067],[39.40606,21.37144],[39.40695,21.37257],[39.40731,21.37445],[39.40793,21.37613],[39.40876,21.37792],[39.40882,21.37903],[39.40897,21.37986],[39.40933,21.3811],[39.40985,21.38368],[39.40983,21.38491],[39.41069,21.39226],[39.41083,21.39279],[39.4114,21.39411]]]},"properties":{"district_id":"jeddah-al-athir","name_ar":"الأثير","name_en":"Al Athir","city":"jeddah","source_codes":["70030076563163767"]}},{"type":"Feature","id":"jeddah-al-aziziyah","geometry":{"type":"MultiPolygon","coordinates":[[[[39.43487,21.41057],[39.43427,21.40963],[39.43213,21.40717],[39.4309,21.40545],[39.4302,21.40482],[39.42948,21.40435],[39.42987,21.40371],[39.4331,21.3999],[39.43385,21.39936],[39.43475,21.39903],[39.43589,21.39897],[39.45654,21.40203],[39.45859,21.40213],[39.46268,21.4016],[39.46282,21.40364],[39.46326,21.40507],[39.46398,21.40605],[39.46408,21.4071],[39.46274,21.41152],[39.46239,21.41313],[39.46163,21.41442],[39.45909,21.4177],[39.45562,21.42284],[39.45282,21.42108],[39.45231,21.42221],[39.45104,21.42251],[39.45046,21.42231],[39.44769,21.421],[39.44518,21.42085],[39.44482,21.42092],[39.44241,21.42086],[39.43982,21.42131],[39.43861,21.42167],[39.43809,21.4217],[39.43776,21.42186],[39.43705,21.42264],[39.43682,21.42353],[39.43629,21.42363],[39.43356,21.42225],[39.43507,21.41869],[39.43537,21.41782],[39.43585,21.41575],[39.43594,21.4149],[39.43588,21.41333],[39.43566,21.41229],[39.43487,21.41057]]],[[[39.21194,21.56413],[39.19087,21.56016],[39.18863,21.55962],[39.18812,21.5596],[39.18627,21.55921],[39.17372,21.55585],[39.17394,21.55513],[39.17389,21.55495],[39.1748,21.55109],[39.17684,21.54161],[39.17917,21.54217],[39.18539,21.54336],[39.19141,21.54468],[39.19225,21.54471],[39.19549,21.5452],[39.20506,21.547],[39.20574,21.54693],[39.21527,21.54871],[39.21194,21.56413]]]]},"properties":{"district_id":"jeddah-al-aziziyah","name_ar":"العزيزية","name_en":"Al Aziziyah","city":"jeddah","source_codes":["70030076563137570","70030076563164384"]}},{"type":"Feature","id":"jeddah-al-baghdadiyah-al-gharbiyah","geometry":{"type":"Polygon","coordinates":[[[39.18281,21.50345],[39.18267,21.50393],[39.18213,21.51059],[39.17755,21.51039],[39.17572,21.51022],[39.17471,21.51],[39.17305,21.50946],[39.17134,21.50857],[39.16934,21.50777],[39.17065,21.50432],[39.16855,21.50256],[39.16635,21.50084],[39.16594,21.50063],[39.16364,21.49877],[39.16392,21.49848],[39.16363,21.49824],[39.16395,21.49844],[39.16402,21.49838],[39.16372,21.49814],[39.16376,21.4981],[39.16404,21.49835],[39.16408,21.49831],[39.16389,21.49808],[39.16422,21.49836],[39.16519,21.49733],[39.1656,21.4977],[39.16546,21.49755],[39.16558,21.49748],[39.16584,21.49768],[39.16579,21.49781],[39.16562,21.49772],[39.16575,21.49782],[39.16602,21.49783],[39.16638,21.49805],[39.1665,21.49803],[39.16663,21.49815],[39.16661,21.49822],[39.16779,21.49915],[39.16808,21.49945],[39.16811,21.49968],[39.16837,21.49988],[39.17015,21.50061],[39.17115,21.50094],[39.17144,21.50099],[39.17165,21.50092],[39.17207,21.50114],[39.17224,21.50141],[39.17214,21.50182],[39.17253,21.50185],[39.17295,21.50204],[39.17338,21.50281],[39.17356,21.50289],[39.17353,21.50307],[39.17375,21.50347],[39.1741,21.50331],[39.17428,21.50278],[39.17442,21.50282],[39.17445,21.50276],[39.17449,21.50286],[39.17482,21.50297],[39.1754,21.50264],[39.17559,21.50234],[39.17564,21.50173],[39.1757,21.50166],[39.17534,21.50102],[39.17494,21.50069],[39.17458,21.50055],[39.17422,21.50063],[39.17391,21.50039],[39.17109,21.4998],[39.17085,21.49981],[39.17068,21.49968],[39.17024,21.49955],[39.16989,21.49956],[39.16898,21.49885],[39.16871,21.4981],[39.16854,21.49782],[39.16873,21.49737],[39.16872,21.49703],[39.1686,21.49671],[39.16925,21.49561],[39.17023,21.49513],[39.17013,21.49471],[39.17054,21.49422],[39.17109,21.49382],[39.17117,21.49349],[39.17143,21.49347],[39.17166,21.49326],[39.17166,21.4931],[39.17018,21.49204],[39.17104,21.49092],[39.17188,21.49147],[39.17221,21.49073],[39.17308,21.49089],[39.17356,21.49063],[39.17367,21.49048],[39.1738,21.49001],[39.17377,21.4899],[39.17356,21.48976],[39.1739,21.4899],[39.17425,21.48926],[39.17342,21.48884],[39.17355,21.48864],[39.17337,21.48826],[39.1731,21.48829],[39.17297,21.48801],[39.17284,21.48806],[39.17308,21.48792],[39.17369,21.48797],[39.17523,21.48772],[39.17543,21.48759],[39.1762,21.48756],[39.17632,21.48747],[39.17644,21.48705],[39.17718,21.48691],[39.17791,21.48688],[39.17816,21.48661],[39.1784,21.48656],[39.17866,21.48673],[39.17876,21.48699],[39.17921,21.48713],[39.18017,21.48772],[39.1807,21.48806],[39.18103,21.48843],[39.18098,21.48918],[39.18112,21.49057],[39.18134,21.49151],[39.18178,21.49246],[39.18259,21.49362],[39.18275,21.49375],[39.18351,21.49401],[39.18414,21.49369],[39.18452,21.49398],[39.18479,21.49402],[39.1848,21.49386],[39.18462,21.49382],[39.18438,21.49353],[39.18513,21.49297],[39.18521,21.49195],[39.1851,21.49123],[39.18486,21.49093],[39.18389,21.49041],[39.18357,21.49044],[39.18328,21.49022],[39.18255,21.49005],[39.18315,21.49],[39.18371,21.4898],[39.18379,21.48985],[39.18457,21.48978],[39.18494,21.48983],[39.18613,21.4908],[39.1865,21.49093],[39.18613,21.49396],[39.18557,21.49595],[39.18486,21.4995],[39.18281,21.50345]]]},"properties":{"district_id":"jeddah-al-baghdadiyah-al-gharbiyah","name_ar":"البغدادية الغربية","name_en":"Al Baghdadiyah Al Gharbiyah","city":"jeddah","source_codes":["70030076563164388"]}},{"type":"Feature","id":"jeddah-al-balad","geometry":{"type":"Polygon","coordinates":[[[39.18947,21.49183],[39.18937,21.49247],[39.18705,21.49084],[39.18654,21.49095],[39.18613,21.4908],[39.185,21.48985],[39.18463,21.48978],[39.18379,21.48985],[39.18371,21.4898],[39.18315,21.49],[39.18255,21.49005],[39.18236,21.48989],[39.18154,21.48878],[39.18152,21.48869],[39.18162,21.48862],[39.18059,21.48707],[39.17942,21.48618],[39.17905,21.48573],[39.17863,21.48423],[39.17831,21.48395],[39.17831,21.48325],[39.17849,21.48256],[39.17845,21.48237],[39.17784,21.48198],[39.17718,21.48079],[39.17686,21.48064],[39.17681,21.48095],[39.1763,21.48041],[39.17659,21.47668],[39.1866,21.47723],[39.19027,21.47752],[39.19364,21.47831],[39.19498,21.47872],[39.19672,21.47961],[39.19762,21.48021],[39.19836,21.48084],[39.19907,21.48177],[39.1996,21.48293],[39.19981,21.4842],[39.19971,21.48544],[39.19786,21.48475],[39.19743,21.48467],[39.19508,21.48482],[39.19237,21.4856],[39.19064,21.4871],[39.18941,21.48962],[39.18947,21.49183]]]},"properties":{"district_id":"jeddah-al-balad","name_ar":"البلد","name_en":"Al Balad","city":"jeddah","source_codes":["70030076563163748"]}},{"type":"Feature","id":"jeddah-al-baraka","geometry":{"type":"Polygon","coordinates":[[[39.27217,21.28684],[39.27189,21.28685],[39.26203,21.28667],[39.26235,21.27074],[39.26275,21.26002],[39.26329,21.25131],[39.26393,21.24327],[39.29684,21.24316],[39.29635,21.28673],[39.27218,21.28647],[39.27217,21.28684]]]},"properties":{"district_id":"jeddah-al-baraka","name_ar":"البركة","name_en":"Al Baraka","city":"jeddah","source_codes":["70030076563163777"]}},{"type":"Feature","id":"jeddah-al-basatin","geometry":{"type":"Polygon","coordinates":[[[39.12885,21.67094],[39.11507,21.70572],[39.11463,21.70736],[39.11451,21.70905],[39.11098,21.70783],[39.1107,21.70763],[39.11015,21.70575],[39.1098,21.70503],[39.10674,21.69973],[39.10905,21.69383],[39.10937,21.6928],[39.10968,21.69111],[39.1099,21.68626],[39.11001,21.68531],[39.11003,21.68308],[39.11017,21.68257],[39.1102,21.67987],[39.11077,21.66476],[39.11954,21.66784],[39.12067,21.66823],[39.12142,21.66838],[39.12885,21.67094]]]},"properties":{"district_id":"jeddah-al-basatin","name_ar":"البساتين","name_en":"Al Basatin","city":"jeddah","source_codes":["70030076563163835"]}},{"type":"Feature","id":"jeddah-al-bashayer","geometry":{"type":"MultiPolygon","coordinates":[[[[39.16863,21.78406],[39.16691,21.7873],[39.16611,21.78928],[39.16561,21.7909],[39.16515,21.79323],[39.165,21.79464],[39.16494,21.79635],[39.16508,21.79867],[39.16563,21.80164],[39.16637,21.80392],[39.17164,21.818],[39.17311,21.82101],[39.16329,21.81503],[39.16123,21.81352],[39.15918,21.81171],[39.1569,21.8092],[39.15579,21.80748],[39.15523,21.8063],[39.15479,21.8051],[39.1545,21.804],[39.15429,21.8027],[39.15418,21.80081],[39.1542,21.79953],[39.15471,21.78773],[39.15846,21.78693],[39.16066,21.78623],[39.16344,21.78504],[39.16486,21.78426],[39.16627,21.78336],[39.16863,21.78406]]],[[[39.19378,21.81022],[39.193,21.81178],[39.19276,21.81278],[39.18633,21.82906],[39.17311,21.82101],[39.17164,21.818],[39.16637,21.80392],[39.16563,21.80164],[39.16508,21.79867],[39.16494,21.79635],[39.165,21.79464],[39.16515,21.79323],[39.16561,21.7909],[39.16611,21.78928],[39.16691,21.7873],[39.16863,21.78406],[39.17393,21.78555],[39.17408,21.78578],[39.1738,21.78654],[39.17389,21.78666],[39.18295,21.78985],[39.182,21.79243],[39.1984,21.79802],[39.19378,21.81022]]]]},"properties":{"district_id":"jeddah-al-bashayer","name_ar":"البشائر","name_en":"Al Bashayer","city":"jeddah","source_codes":["70030076563163815","70030076563163824"]}},{"type":"Feature","id":"jeddah-al-budur","geometry":{"type":"Polygon","coordinates":[[[39.26921,21.85748],[39.29132,21.86747],[39.29298,21.86845],[39.2942,21.87043],[39.29422,21.87071],[39.29326,21.87454],[39.28198,21.86914],[39.27744,21.86618],[39.26376,21.8561],[39.26201,21.85831],[39.26174,21.85819],[39.24935,21.85569],[39.2532,21.8389],[39.25485,21.83219],[39.25598,21.82721],[39.25987,21.82797],[39.26146,21.82851],[39.26281,21.82929],[39.26428,21.8305],[39.26557,21.83141],[39.26684,21.83215],[39.26817,21.8328],[39.26766,21.8332],[39.26751,21.83475],[39.26963,21.83602],[39.26963,21.83701],[39.26449,21.83998],[39.25559,21.85313],[39.25575,21.85397],[39.26921,21.85748]]]},"properties":{"district_id":"jeddah-al-budur","name_ar":"البدور","name_en":"Al Budur","city":"jeddah","source_codes":["70030076563163776"]}},{"type":"Feature","id":"jeddah-al-buhayrat","geometry":{"type":"Polygon","coordinates":[[[39.05248,21.86027],[39.05131,21.8603],[39.05087,21.86076],[39.03187,21.84738],[39.03238,21.84663],[39.03333,21.84616],[39.03377,21.84574],[39.03432,21.84477],[39.03433,21.84446],[39.03417,21.84418],[39.03365,21.84404],[39.03342,21.84385],[39.03317,21.84346],[39.03264,21.84326],[39.03231,21.84298],[39.03189,21.84282],[39.03165,21.84264],[39.03154,21.84243],[39.03113,21.84222],[39.03077,21.8421],[39.03047,21.8421],[39.03002,21.84261],[39.02944,21.84227],[39.02934,21.84213],[39.02769,21.84099],[39.02816,21.84032],[39.02824,21.8401],[39.02672,21.83916],[39.02639,21.8391],[39.02615,21.83889],[39.02505,21.83905],[39.0245,21.83888],[39.02309,21.83705],[39.02294,21.83639],[39.02306,21.83588],[39.01151,21.82786],[39.00645,21.82466],[39.00597,21.82451],[39.00611,21.8244],[39.00613,21.8242],[39.00636,21.82428],[39.00651,21.82425],[39.00708,21.82371],[39.00758,21.8231],[39.0089,21.82184],[39.00901,21.82185],[39.00901,21.82207],[39.00813,21.82311],[39.00842,21.82357],[39.00835,21.82374],[39.00843,21.82404],[39.0082,21.82463],[39.00836,21.82481],[39.00836,21.82496],[39.00813,21.82536],[39.0082,21.82549],[39.00913,21.82602],[39.01082,21.8239],[39.01102,21.8234],[39.01102,21.8231],[39.01089,21.82292],[39.01085,21.82262],[39.01095,21.82214],[39.01083,21.82142],[39.01057,21.82121],[39.01012,21.82121],[39.00974,21.82135],[39.00968,21.82126],[39.00988,21.821],[39.01037,21.82062],[39.0111,21.82114],[39.01142,21.82118],[39.01175,21.82109],[39.01167,21.82172],[39.01208,21.82211],[39.0116,21.82225],[39.01127,21.82249],[39.01115,21.82283],[39.01109,21.82343],[39.01092,21.82385],[39.0092,21.82612],[39.00971,21.82647],[39.00989,21.82646],[39.00996,21.82635],[39.01001,21.82581],[39.01022,21.82553],[39.01027,21.82531],[39.01055,21.82534],[39.01073,21.8251],[39.01092,21.82515],[39.01107,21.82509],[39.01116,21.82492],[39.01109,21.82471],[39.01136,21.82468],[39.01151,21.82452],[39.01151,21.82435],[39.01141,21.82415],[39.01172,21.82408],[39.01193,21.82389],[39.01199,21.82362],[39.01185,21.82323],[39.01243,21.82307],[39.01277,21.82288],[39.01309,21.82252],[39.01323,21.82218],[39.01326,21.8218],[39.01316,21.82142],[39.01273,21.82081],[39.0127,21.82043],[39.01195,21.81938],[39.012,21.81933],[39.01258,21.81975],[39.01348,21.82067],[39.01414,21.82147],[39.01443,21.82197],[39.01544,21.82293],[39.01585,21.82349],[39.01638,21.82449],[39.01546,21.82493],[39.01435,21.82365],[39.01397,21.82395],[39.01367,21.82427],[39.01511,21.82528],[39.01488,21.82564],[39.01334,21.82511],[39.01295,21.82594],[39.01474,21.82611],[39.01478,21.82654],[39.01316,21.82678],[39.01318,21.82734],[39.01306,21.82746],[39.01314,21.82769],[39.01489,21.827],[39.01499,21.82704],[39.01514,21.82744],[39.01401,21.82831],[39.01423,21.82858],[39.01458,21.82879],[39.01544,21.82774],[39.01561,21.82777],[39.01561,21.82766],[39.01578,21.82778],[39.01565,21.8278],[39.01589,21.82798],[39.01529,21.82939],[39.01609,21.82965],[39.01617,21.8296],[39.01637,21.82814],[39.01684,21.82816],[39.01721,21.83039],[39.01726,21.8302],[39.01752,21.83008],[39.01771,21.82979],[39.01758,21.8297],[39.01733,21.82804],[39.01768,21.82789],[39.01817,21.82755],[39.0187,21.82853],[39.01775,21.83016],[39.01726,21.83048],[39.01734,21.831],[39.01749,21.83105],[39.01762,21.83098],[39.01882,21.82902],[39.01893,21.82896],[39.0193,21.82963],[39.01818,21.83147],[39.0185,21.83163],[39.0195,21.83014],[39.01961,21.83012],[39.02001,21.83064],[39.01918,21.83193],[39.01921,21.83212],[39.01945,21.83211],[39.02021,21.83103],[39.02035,21.83099],[39.02083,21.83141],[39.02002,21.83254],[39.02025,21.83272],[39.02118,21.83161],[39.02179,21.83195],[39.02092,21.83307],[39.02097,21.83331],[39.02122,21.83329],[39.02218,21.83218],[39.02286,21.83246],[39.02178,21.83374],[39.02177,21.83388],[39.02186,21.83397],[39.0222,21.83397],[39.02297,21.83313],[39.0233,21.83308],[39.024,21.83406],[39.02455,21.83374],[39.02471,21.83392],[39.02424,21.83436],[39.02447,21.83467],[39.02468,21.83471],[39.02573,21.83538],[39.02593,21.83536],[39.02919,21.83709],[39.0342,21.84041],[39.03458,21.84079],[39.03518,21.8416],[39.03563,21.84177],[39.03608,21.84174],[39.03633,21.84216],[39.03711,21.84168],[39.03644,21.84034],[39.03598,21.83978],[39.0296,21.83553],[39.02954,21.83534],[39.0307,21.83441],[39.03082,21.83441],[39.03658,21.8382],[39.03753,21.8386],[39.03811,21.83867],[39.0387,21.83848],[39.03919,21.83869],[39.03929,21.83839],[39.03896,21.83823],[39.03896,21.83763],[39.03874,21.83726],[39.03839,21.83705],[39.03753,21.83686],[39.03674,21.83647],[39.03136,21.83287],[39.03144,21.8326],[39.03221,21.83148],[39.03207,21.83147],[39.03159,21.83197],[39.03122,21.83194],[39.03065,21.8321],[39.03012,21.83211],[39.02992,21.83207],[39.02957,21.83171],[39.0293,21.83134],[39.02934,21.8312],[39.02893,21.83068],[39.02813,21.83122],[39.02793,21.83099],[39.02854,21.8305],[39.02856,21.83041],[39.02818,21.8303],[39.02765,21.82996],[39.02663,21.82913],[39.02664,21.82888],[39.02695,21.82843],[39.02686,21.82822],[39.02697,21.82799],[39.02691,21.82786],[39.02679,21.82781],[39.02664,21.82786],[39.02582,21.82898],[39.02525,21.82865],[39.02602,21.82749],[39.02594,21.82728],[39.02573,21.82728],[39.02486,21.8284],[39.02429,21.82801],[39.02516,21.82683],[39.02487,21.82662],[39.02394,21.82775],[39.02336,21.82741],[39.02422,21.82628],[39.02416,21.82606],[39.02394,21.82606],[39.02301,21.8271],[39.02273,21.82697],[39.02244,21.82669],[39.02334,21.82562],[39.02332,21.82544],[39.0231,21.82539],[39.02205,21.82643],[39.02156,21.82598],[39.02257,21.8249],[39.02231,21.82467],[39.02167,21.82537],[39.02133,21.82563],[39.02083,21.82527],[39.02153,21.82424],[39.02144,21.82402],[39.02121,21.82405],[39.02051,21.82503],[39.01992,21.82468],[39.02059,21.82366],[39.02051,21.82347],[39.02029,21.82348],[39.01958,21.82444],[39.01898,21.82413],[39.01897,21.82405],[39.01971,21.823],[39.01942,21.82283],[39.01871,21.82368],[39.01815,21.82333],[39.01871,21.82257],[39.01813,21.82318],[39.01871,21.82245],[39.01873,21.82255],[39.01878,21.82248],[39.01876,21.82231],[39.01868,21.82225],[39.01864,21.82236],[39.01855,21.82226],[39.01865,21.82222],[39.01856,21.82219],[39.01793,21.82295],[39.01736,21.82256],[39.01733,21.82244],[39.01787,21.82187],[39.01788,21.82168],[39.01716,21.82111],[39.01712,21.82127],[39.01746,21.82154],[39.01708,21.8219],[39.01737,21.82154],[39.01721,21.82141],[39.01695,21.82165],[39.01674,21.82155],[39.01646,21.82111],[39.01594,21.82062],[39.01591,21.8204],[39.01546,21.81997],[39.01535,21.81963],[39.01527,21.81958],[39.01519,21.81968],[39.01499,21.81939],[39.01504,21.81927],[39.01499,21.8189],[39.01353,21.81788],[39.01344,21.81792],[39.01324,21.81777],[39.01335,21.8175],[39.0132,21.81739],[39.01325,21.81734],[39.01341,21.81745],[39.01346,21.81738],[39.01358,21.81742],[39.01403,21.817],[39.01423,21.81696],[39.01433,21.81671],[39.01533,21.81565],[39.01607,21.81528],[39.01659,21.81426],[39.01649,21.81416],[39.01655,21.81407],[39.01703,21.81355],[39.01718,21.81359],[39.01752,21.81326],[39.01988,21.81089],[39.02025,21.8104],[39.02355,21.80774],[39.02434,21.80772],[39.02499,21.80734],[39.02545,21.80684],[39.02578,21.80623],[39.02745,21.80469],[39.03657,21.81081],[39.03756,21.80932],[39.03788,21.8091],[39.03824,21.80901],[39.05845,21.80964],[39.06048,21.85027],[39.06013,21.85029],[39.05806,21.85327],[39.05248,21.86027]]]},"properties":{"district_id":"jeddah-al-buhayrat","name_ar":"البحيرات","name_en":"Al Buhayrat","city":"jeddah","source_codes":["70030076563164317"]}},{"type":"Feature","id":"jeddah-al-dahiya","geometry":{"type":"Polygon","coordinates":[[[39.19169,21.33115],[39.19161,21.33029],[39.19192,21.31737],[39.19252,21.28488],[39.23246,21.28623],[39.23178,21.31951],[39.23153,21.31992],[39.23138,21.32724],[39.22838,21.3272],[39.22678,21.32742],[39.22517,21.32751],[39.2233,21.32774],[39.22329,21.32759],[39.19169,21.33115]]]},"properties":{"district_id":"jeddah-al-dahiya","name_ar":"الضاحية","name_en":"Al Dahiya","city":"jeddah","source_codes":["70030076567183838"]}},{"type":"Feature","id":"jeddah-al-durrah","geometry":{"type":"Polygon","coordinates":[[[39.00929,21.97023],[39.00811,21.96892],[39.00621,21.95655],[39.00589,21.95661],[39.0042,21.94703],[39.05087,21.94078],[39.05444,21.96357],[39.03385,21.96641],[39.0153,21.9688],[39.01249,21.96934],[39.00929,21.97023]]]},"properties":{"district_id":"jeddah-al-durrah","name_ar":"الدرة","name_en":"Al Durrah","city":"jeddah","source_codes":["70030076563163743"]}},{"type":"Feature","id":"jeddah-al-fadel","geometry":{"type":"Polygon","coordinates":[[[39.34483,21.43823],[39.34098,21.43968],[39.34,21.44022],[39.32842,21.44902],[39.32785,21.44931],[39.32715,21.44954],[39.32634,21.44968],[39.3255,21.44968],[39.314,21.44823],[39.30758,21.44686],[39.30642,21.44676],[39.30515,21.44678],[39.30494,21.44414],[39.30501,21.44397],[39.30487,21.44174],[39.30426,21.43986],[39.30385,21.439],[39.30372,21.43615],[39.30435,21.43584],[39.30511,21.43526],[39.30592,21.43508],[39.30771,21.43507],[39.3098,21.43532],[39.31041,21.43548],[39.31194,21.43273],[39.31214,21.43256],[39.31194,21.43252],[39.31181,21.43239],[39.31147,21.43191],[39.31145,21.43174],[39.31154,21.43136],[39.31162,21.42994],[39.3119,21.42918],[39.31151,21.42823],[39.31158,21.42765],[39.31106,21.42615],[39.31047,21.42589],[39.30983,21.42604],[39.30946,21.42584],[39.31092,21.42453],[39.31123,21.42433],[39.31262,21.42374],[39.31317,21.4236],[39.31847,21.42314],[39.324,21.42292],[39.32555,21.42263],[39.3271,21.42217],[39.32921,21.42125],[39.33098,21.42014],[39.33223,21.41912],[39.33403,21.41721],[39.33505,21.41651],[39.33562,21.41618],[39.33894,21.41495],[39.3393,21.41464],[39.34046,21.41503],[39.34686,21.41602],[39.34882,21.4164],[39.34609,21.42604],[39.34545,21.42883],[39.34515,21.43079],[39.34496,21.43275],[39.34483,21.43823]]]},"properties":{"district_id":"jeddah-al-fadel","name_ar":"الفضل","name_en":"Al Fadel","city":"jeddah","source_codes":["70030076563163756"]}},{"type":"Feature","id":"jeddah-al-fadila","geometry":{"type":"Polygon","coordinates":[[[39.29641,21.32326],[39.27905,21.32812],[39.26131,21.32761],[39.26131,21.32775],[39.26109,21.32777],[39.26203,21.28667],[39.2719,21.28685],[39.27217,21.28684],[39.27218,21.28647],[39.29635,21.28673],[39.29641,21.32326]]]},"properties":{"district_id":"jeddah-al-fadila","name_ar":"الفضيلة","name_en":"Al Fadila","city":"jeddah","source_codes":["70030076563164345"]}},{"type":"Feature","id":"jeddah-al-faisaliyah","geometry":{"type":"Polygon","coordinates":[[[39.19868,21.57897],[39.1976,21.57953],[39.1875,21.58687],[39.18666,21.5873],[39.18551,21.58707],[39.17806,21.58491],[39.17699,21.58442],[39.17607,21.58411],[39.16534,21.58096],[39.16824,21.57242],[39.16877,21.57054],[39.16923,21.56938],[39.17066,21.56508],[39.17092,21.56399],[39.17204,21.5608],[39.17216,21.56062],[39.17372,21.55585],[39.18627,21.55921],[39.18812,21.5596],[39.18863,21.55962],[39.19087,21.56016],[39.20206,21.56224],[39.20145,21.56472],[39.20107,21.56685],[39.19981,21.57227],[39.19903,21.5777],[39.19868,21.57897]]]},"properties":{"district_id":"jeddah-al-faisaliyah","name_ar":"الفيصلية","name_en":"Al Faisaliyah","city":"jeddah","source_codes":["70030076563164381"]}},{"type":"Feature","id":"jeddah-al-falah","geometry":{"type":"Polygon","coordinates":[[[39.2072,21.77548],[39.19836,21.79801],[39.182,21.79243],[39.18295,21.78985],[39.17389,21.78666],[39.1738,21.78654],[39.17408,21.78578],[39.17393,21.78555],[39.16627,21.78336],[39.16752,21.78243],[39.16876,21.78137],[39.16991,21.78024],[39.17089,21.77913],[39.17255,21.77689],[39.1735,21.77523],[39.17403,21.77412],[39.17794,21.77543],[39.18196,21.76531],[39.2076,21.77413],[39.2072,21.77548]]]},"properties":{"district_id":"jeddah-al-falah","name_ar":"الفلاح","name_en":"Al Falah","city":"jeddah","source_codes":["70030076563163822"]}},{"type":"Feature","id":"jeddah-al-fanar","geometry":{"type":"MultiPolygon","coordinates":[[[[39.49359,21.4107],[39.4984,21.4152],[39.51006,21.42639],[39.51408,21.42999],[39.51307,21.43294],[39.51293,21.4331],[39.51197,21.43326],[39.51173,21.43351],[39.51147,21.43426],[39.51142,21.43492],[39.51133,21.4351],[39.51106,21.4353],[39.51078,21.43618],[39.51006,21.43732],[39.50977,21.4382],[39.50936,21.43873],[39.50901,21.43959],[39.50888,21.44026],[39.5073,21.44004],[39.50585,21.43963],[39.50508,21.43932],[39.5005,21.43657],[39.49092,21.43274],[39.48796,21.4318],[39.4806,21.42978],[39.48242,21.42517],[39.48413,21.42151],[39.48576,21.41835],[39.48904,21.41307],[39.49175,21.40959],[39.49359,21.4107]]],[[[39.0807,21.84923],[39.06048,21.85027],[39.05845,21.80964],[39.07859,21.81032],[39.07909,21.8179],[39.0807,21.84923]]]]},"properties":{"district_id":"jeddah-al-fanar","name_ar":"الفنار","name_en":"Al Fanar","city":"jeddah","source_codes":["70030076563137567","70030076563163823"]}},{"type":"Feature","id":"jeddah-al-farouq","geometry":{"type":"Polygon","coordinates":[[[39.26058,21.4605],[39.26048,21.46034],[39.25929,21.45771],[39.25733,21.45307],[39.25552,21.44924],[39.26282,21.44879],[39.26502,21.44839],[39.26594,21.44811],[39.26732,21.44751],[39.26814,21.44707],[39.27151,21.44484],[39.2729,21.44417],[39.27589,21.44317],[39.283,21.44109],[39.28589,21.44034],[39.28457,21.44104],[39.2831,21.44287],[39.28181,21.44488],[39.281,21.44694],[39.27928,21.45253],[39.27709,21.4532],[39.27565,21.45374],[39.26058,21.4605]]]},"properties":{"district_id":"jeddah-al-farouq","name_ar":"الفاروق","name_en":"Al Farouq","city":"jeddah","source_codes":["70030076563164335"]}},{"type":"Feature","id":"jeddah-al-fayha","geometry":{"type":"Polygon","coordinates":[[[39.20132,21.5112],[39.19883,21.51173],[39.19795,21.51178],[39.19688,21.51161],[39.19531,21.51104],[39.1932,21.51106],[39.19348,21.50846],[39.19353,21.50279],[39.1956,21.50358],[39.19634,21.50377],[39.19979,21.50408],[39.20056,21.50413],[39.20079,21.50397],[39.20178,21.50382],[39.20232,21.50342],[39.20385,21.5011],[39.20799,21.48891],[39.20811,21.48803],[39.20805,21.48707],[39.21579,21.4856],[39.21633,21.48563],[39.22496,21.48381],[39.23257,21.4821],[39.23311,21.48355],[39.23329,21.48569],[39.23319,21.48718],[39.23298,21.48821],[39.23266,21.48917],[39.23006,21.49412],[39.22508,21.50088],[39.23938,21.49974],[39.23945,21.49984],[39.23961,21.50924],[39.23907,21.50952],[39.21886,21.51127],[39.21378,21.51134],[39.2061,21.51118],[39.20132,21.5112]]]},"properties":{"district_id":"jeddah-al-fayha","name_ar":"الفيحاء","name_en":"Al Fayha","city":"jeddah","source_codes":["70030076563164346"]}},{"type":"Feature","id":"jeddah-al-ferdaws","geometry":{"type":"Polygon","coordinates":[[[39.1302,21.78859],[39.12827,21.79014],[39.12577,21.79244],[39.12492,21.79333],[39.12313,21.79538],[39.12229,21.79646],[39.11686,21.79244],[39.11494,21.79134],[39.1004,21.78065],[39.1126,21.76598],[39.13735,21.78372],[39.1302,21.78859]]]},"properties":{"district_id":"jeddah-al-ferdaws","name_ar":"الفردوس","name_en":"Al Ferdaws","city":"jeddah","source_codes":["70030076563164336"]}},{"type":"Feature","id":"jeddah-al-fourousiya","geometry":{"type":"Polygon","coordinates":[[[39.22459,21.81248],[39.22251,21.81775],[39.22086,21.82282],[39.21386,21.8498],[39.21296,21.85276],[39.21097,21.85157],[39.20928,21.85037],[39.20776,21.84912],[39.20635,21.84779],[39.20456,21.84581],[39.19696,21.83699],[39.19493,21.83493],[39.1931,21.83339],[39.19183,21.83245],[39.18633,21.82906],[39.19276,21.81278],[39.193,21.81178],[39.19378,21.81022],[39.19645,21.80304],[39.21064,21.808],[39.21251,21.80855],[39.21372,21.80856],[39.22459,21.81248]]]},"properties":{"district_id":"jeddah-al-fourousiya","name_ar":"الفروسية","name_en":"Al Fourousiya","city":"jeddah","source_codes":["70030076563164380"]}},{"type":"Feature","id":"jeddah-al-furqan","geometry":{"type":"Polygon","coordinates":[[[39.12078,21.99414],[39.10111,21.99288],[39.09002,21.9923],[39.07859,21.99158],[39.07811,21.98843],[39.0796,21.98821],[39.07526,21.9608],[39.08105,21.96004],[39.08238,21.95952],[39.08359,21.95878],[39.08427,21.95812],[39.0853,21.95694],[39.08634,21.9555],[39.09726,21.96304],[39.10183,21.9663],[39.10724,21.96998],[39.1078,21.97028],[39.10865,21.97054],[39.10949,21.97066],[39.12276,21.97131],[39.12361,21.97127],[39.12078,21.99414]]]},"properties":{"district_id":"jeddah-al-furqan","name_ar":"الفرقان","name_en":"Al Furqan","city":"jeddah","source_codes":["70030076563164337"]}},{"type":"Feature","id":"jeddah-al-ghadir","geometry":{"type":"Polygon","coordinates":[[[39.03172,21.94334],[39.03034,21.93444],[39.03017,21.93038],[39.03034,21.92896],[39.03061,21.92769],[39.03099,21.92644],[39.03154,21.92508],[39.03297,21.92257],[39.03444,21.9204],[39.04319,21.90919],[39.04785,21.91079],[39.04852,21.91094],[39.0492,21.91099],[39.0655,21.90888],[39.07007,21.93837],[39.06594,21.93897],[39.05453,21.94027],[39.03172,21.94334]]]},"properties":{"district_id":"jeddah-al-ghadir","name_ar":"الغدير","name_en":"Al Ghadir","city":"jeddah","source_codes":["70030076563163821"]}},{"type":"Feature","id":"jeddah-al-gharbiyyah","geometry":{"type":"Polygon","coordinates":[[[39.11303,21.92221],[39.11158,21.92228],[39.10458,21.92373],[39.10286,21.92393],[39.1017,21.92423],[39.10075,21.92457],[39.09859,21.91057],[39.09804,21.9095],[39.09477,21.90498],[39.11408,21.90235],[39.1227,21.90127],[39.12126,21.91536],[39.12198,21.9178],[39.12456,21.92251],[39.1222,21.92407],[39.12137,21.92418],[39.12078,21.92408],[39.11986,21.92369],[39.11303,21.92221]]]},"properties":{"district_id":"jeddah-al-gharbiyyah","name_ar":"الغربية","name_en":"Al Gharbiyyah","city":"jeddah","source_codes":["70030076563164340"]}},{"type":"Feature","id":"jeddah-al-ghawlaa","geometry":{"type":"Polygon","coordinates":[[[39.28525,21.93681],[39.28208,21.94105],[39.28133,21.94401],[39.28013,21.94599],[39.27755,21.946],[39.2765,21.94755],[39.27438,21.94826],[39.2715,21.94812],[39.26863,21.94742],[39.26726,21.94502],[39.26756,21.9422],[39.26937,21.94022],[39.27512,21.93809],[39.27723,21.93597],[39.27692,21.93174],[39.27161,21.92412],[39.26767,21.9206],[39.26343,21.91891],[39.26161,21.91934],[39.26753,21.92554],[39.26647,21.92724],[39.26299,21.9271],[39.25936,21.92682],[39.2589,21.92541],[39.25678,21.92217],[39.25571,21.91963],[39.25117,21.91978],[39.24451,21.91823],[39.24164,21.91683],[39.2374,21.91966],[39.23467,21.91627],[39.23457,21.91631],[39.2355,21.90898],[39.23658,21.90928],[39.23655,21.90945],[39.27166,21.91919],[39.27551,21.90728],[39.27762,21.90817],[39.28122,21.91307],[39.28164,21.91379],[39.28253,21.91558],[39.28326,21.91727],[39.28355,21.91847],[39.28379,21.92094],[39.28456,21.92174],[39.28526,21.92319],[39.28561,21.92372],[39.28813,21.92648],[39.29427,21.93069],[39.29282,21.93693],[39.28767,21.93581],[39.28525,21.93681]]]},"properties":{"district_id":"jeddah-al-ghawlaa","name_ar":"الغولاء","name_en":"Al Ghawlaa","city":"jeddah","source_codes":["70030076563164334"]}},{"type":"Feature","id":"jeddah-al-hamadaniyah","geometry":{"type":"Polygon","coordinates":[[[39.20065,21.77174],[39.18196,21.76531],[39.17794,21.77543],[39.17403,21.77412],[39.18904,21.73629],[39.19178,21.73714],[39.19199,21.73697],[39.19304,21.73729],[39.19291,21.73761],[39.19555,21.73852],[39.19549,21.73868],[39.19641,21.739],[39.19638,21.73908],[39.1985,21.7398],[39.19882,21.73899],[39.19893,21.73903],[39.19975,21.73931],[39.19963,21.73961],[39.20174,21.74033],[39.20164,21.74059],[39.20512,21.74173],[39.20512,21.7418],[39.2118,21.74396],[39.21087,21.74617],[39.21077,21.74619],[39.20995,21.74822],[39.20065,21.77174]]]},"properties":{"district_id":"jeddah-al-hamadaniyah","name_ar":"الحمدانية","name_en":"Al Hamadaniyah","city":"jeddah","source_codes":["70030076563164379"]}},{"type":"Feature","id":"jeddah-al-hamra","geometry":{"type":"Polygon","coordinates":[[[39.1768,21.54177],[39.16987,21.54037],[39.16846,21.53962],[39.15712,21.53497],[39.15621,21.53438],[39.15608,21.53403],[39.15616,21.53378],[39.15667,21.53324],[39.1571,21.53261],[39.15724,21.532],[39.15723,21.5315],[39.15706,21.53093],[39.15658,21.53061],[39.15653,21.53036],[39.15796,21.53025],[39.15795,21.53018],[39.15763,21.53013],[39.15637,21.53019],[39.15566,21.52904],[39.15369,21.5274],[39.15258,21.52635],[39.15164,21.52577],[39.15153,21.52543],[39.15111,21.52513],[39.15104,21.52494],[39.1505,21.52433],[39.15049,21.52382],[39.15015,21.52319],[39.14955,21.52273],[39.15015,21.52194],[39.15135,21.52123],[39.15223,21.519],[39.15283,21.51818],[39.15264,21.51782],[39.15311,21.51676],[39.15328,21.51654],[39.15328,21.5156],[39.15341,21.5152],[39.15409,21.51342],[39.15531,21.51164],[39.15529,21.51113],[39.15508,21.51045],[39.15533,21.51003],[39.15567,21.51001],[39.15651,21.51048],[39.15681,21.5104],[39.1569,21.51018],[39.15669,21.50967],[39.15677,21.50938],[39.15725,21.50899],[39.15756,21.50885],[39.15785,21.50883],[39.15808,21.50923],[39.15808,21.51004],[39.15702,21.5115],[39.15713,21.51149],[39.15797,21.51205],[39.15847,21.51138],[39.15797,21.51115],[39.15802,21.51104],[39.15854,21.51129],[39.15872,21.51105],[39.1583,21.51076],[39.15839,21.51063],[39.15882,21.51092],[39.15897,21.51072],[39.15854,21.51044],[39.15864,21.51032],[39.15954,21.51099],[39.15944,21.5111],[39.159,21.51074],[39.15884,21.51094],[39.15946,21.51136],[39.15935,21.51149],[39.15875,21.51107],[39.15857,21.51131],[39.15902,21.51163],[39.15893,21.51173],[39.1585,21.5114],[39.158,21.51207],[39.15852,21.5124],[39.15866,21.51221],[39.15899,21.51241],[39.15924,21.51207],[39.15951,21.51208],[39.16014,21.5117],[39.16139,21.51379],[39.1618,21.51401],[39.16651,21.51566],[39.16543,21.51984],[39.16403,21.52319],[39.17943,21.5294],[39.17885,21.53242],[39.1768,21.54177]]]},"properties":{"district_id":"jeddah-al-hamra","name_ar":"الحمراء","name_en":"Al Hamra","city":"jeddah","source_codes":["70030076563163798"]}},{"type":"Feature","id":"jeddah-al-harazat","geometry":{"type":"Polygon","coordinates":[[[39.37968,21.52977],[39.37739,21.52829],[39.37275,21.52564],[39.36755,21.52236],[39.36338,21.51928],[39.35971,21.51616],[39.34466,21.50276],[39.34355,21.50183],[39.34032,21.49943],[39.33747,21.49768],[39.33495,21.4966],[39.32999,21.49409],[39.3269,21.49335],[39.3301,21.47174],[39.33308,21.46456],[39.33517,21.4613],[39.3437,21.46467],[39.36228,21.47064],[39.36329,21.47058],[39.37002,21.46813],[39.37302,21.46767],[39.37531,21.46752],[39.37953,21.4678],[39.38216,21.46822],[39.38391,21.46876],[39.38449,21.46879],[39.38605,21.46818],[39.38791,21.46726],[39.38831,21.46655],[39.38862,21.46546],[39.39319,21.46763],[39.39674,21.4701],[39.40275,21.4725],[39.41085,21.47385],[39.4126,21.47293],[39.40883,21.48402],[39.40794,21.48896],[39.40689,21.4932],[39.40586,21.50182],[39.39802,21.50424],[39.40167,21.51326],[39.40182,21.51609],[39.3979,21.51709],[39.39081,21.51527],[39.38839,21.51315],[39.38446,21.51288],[39.38235,21.51402],[39.38251,21.51811],[39.38148,21.52729],[39.37968,21.52977]]]},"properties":{"district_id":"jeddah-al-harazat","name_ar":"الحرازات","name_en":"Al Harazat","city":"jeddah","source_codes":["70030076563164312"]}},{"type":"Feature","id":"jeddah-al-hazaiyah","geometry":{"type":"Polygon","coordinates":[[[39.12904,21.89244],[39.12877,21.89262],[39.12821,21.89263],[39.12764,21.89245],[39.12406,21.89057],[39.12461,21.8863],[39.12549,21.88056],[39.12571,21.87392],[39.12444,21.86299],[39.12282,21.85457],[39.15872,21.86038],[39.15796,21.86568],[39.15749,21.87113],[39.15863,21.87838],[39.16089,21.88235],[39.14711,21.88901],[39.14065,21.88944],[39.13299,21.8897],[39.133,21.89131],[39.1294,21.89092],[39.12904,21.89244]]]},"properties":{"district_id":"jeddah-al-hazaiyah","name_ar":"الهزاعية","name_en":"Al Hazaiyah","city":"jeddah","source_codes":["70030076563164366"]}},{"type":"Feature","id":"jeddah-al-hijaz","geometry":{"type":"Polygon","coordinates":[[[39.26063,21.7941],[39.26064,21.79805],[39.26306,21.79819],[39.26336,21.80017],[39.2608,21.80243],[39.2611,21.80539],[39.26156,21.80822],[39.26187,21.8109],[39.26414,21.81316],[39.26415,21.81485],[39.26566,21.81584],[39.26597,21.81824],[39.26582,21.82219],[39.26734,21.8243],[39.27037,21.82769],[39.27083,21.82966],[39.26947,21.83178],[39.26817,21.8328],[39.26577,21.83153],[39.26438,21.83058],[39.26265,21.82918],[39.26185,21.8287],[39.26095,21.8283],[39.25964,21.82792],[39.25081,21.82621],[39.24896,21.8255],[39.24765,21.8248],[39.2464,21.82395],[39.24529,21.823],[39.24395,21.82154],[39.24265,21.82037],[39.24111,21.81923],[39.23951,21.81827],[39.23796,21.81752],[39.22459,21.81248],[39.24751,21.75656],[39.25045,21.75775],[39.254,21.75943],[39.25605,21.76109],[39.25808,21.76259],[39.26437,21.76918],[39.26829,21.77191],[39.27019,21.77243],[39.27182,21.77346],[39.27342,21.7746],[39.27326,21.77548],[39.27718,21.77826],[39.26849,21.79211],[39.26562,21.7931],[39.26229,21.79297],[39.26063,21.7941]]]},"properties":{"district_id":"jeddah-al-hijaz","name_ar":"الحجاز","name_en":"Al Hijaz","city":"jeddah","source_codes":["70030076563163773"]}},{"type":"Feature","id":"jeddah-al-hindawiyah","geometry":{"type":"Polygon","coordinates":[[[39.18923,21.46915],[39.19543,21.47137],[39.19679,21.47218],[39.19856,21.47363],[39.19704,21.47581],[39.19614,21.47738],[39.19509,21.47877],[39.19364,21.47831],[39.18991,21.47746],[39.17659,21.47668],[39.177,21.47443],[39.17747,21.47094],[39.17806,21.46818],[39.18042,21.46906],[39.18079,21.46913],[39.18694,21.46861],[39.18768,21.46868],[39.18923,21.46915]]]},"properties":{"district_id":"jeddah-al-hindawiyah","name_ar":"الهنداوية","name_en":"Al Hindawiyah","city":"jeddah","source_codes":["70030076563164361"]}},{"type":"Feature","id":"jeddah-al-hofna","geometry":{"type":"MultiPolygon","coordinates":[[[[39.35996,21.54922],[39.3601,21.54696],[39.35934,21.54499],[39.35663,21.54485],[39.35677,21.54347],[39.37117,21.54632],[39.36766,21.55132],[39.36344,21.55246],[39.36222,21.54978],[39.35996,21.54922]]],[[[39.3243,21.58588],[39.32191,21.5858],[39.31972,21.58557],[39.31812,21.58513],[39.30971,21.58146],[39.30504,21.57993],[39.30202,21.57913],[39.30484,21.57275],[39.30713,21.56684],[39.30857,21.56229],[39.30883,21.56137],[39.30875,21.56135],[39.30992,21.55692],[39.31066,21.55311],[39.31124,21.5491],[39.31293,21.53226],[39.32502,21.53615],[39.33446,21.53983],[39.33666,21.54057],[39.33883,21.54118],[39.34224,21.54206],[39.35053,21.54272],[39.3531,21.54274],[39.35451,21.54302],[39.35361,21.54514],[39.3524,21.54373],[39.34817,21.54388],[39.34336,21.55208],[39.34261,21.55576],[39.34217,21.56013],[39.34218,21.56423],[39.33992,21.56564],[39.33781,21.56875],[39.33798,21.57327],[39.33859,21.57779],[39.33914,21.57881],[39.33083,21.58142],[39.33063,21.58447],[39.32753,21.58531],[39.3243,21.58588]]]]},"properties":{"district_id":"jeddah-al-hofna","name_ar":"الحفنة","name_en":"Al Hofna","city":"jeddah","source_codes":["70030076563163774"]}},{"type":"Feature","id":"jeddah-al-huda","geometry":{"type":"Polygon","coordinates":[[[39.32172,21.37558],[39.29614,21.39329],[39.28545,21.37535],[39.28599,21.37489],[39.28699,21.37371],[39.28756,21.37236],[39.28821,21.36996],[39.29004,21.36671],[39.29029,21.36645],[39.29072,21.36615],[39.29205,21.36558],[39.29249,21.36519],[39.29301,21.36407],[39.2931,21.36357],[39.29311,21.36261],[39.29344,21.36147],[39.2936,21.36124],[39.29615,21.35958],[39.29669,21.35883],[39.29724,21.35852],[39.30029,21.35732],[39.30227,21.35664],[39.30379,21.35621],[39.3047,21.35578],[39.30609,21.35533],[39.30799,21.35434],[39.31067,21.35341],[39.31218,21.35268],[39.32172,21.37558]]]},"properties":{"district_id":"jeddah-al-huda","name_ar":"الهدا","name_en":"Al-Huda","city":"jeddah","source_codes":["70030076563163762"]}},{"type":"Feature","id":"jeddah-al-jamiah","geometry":{"type":"Polygon","coordinates":[[[39.26077,21.46042],[39.26255,21.46381],[39.26277,21.4643],[39.26285,21.46485],[39.2627,21.46617],[39.26166,21.47209],[39.26149,21.47386],[39.26033,21.48028],[39.26045,21.48098],[39.26122,21.48301],[39.26253,21.48718],[39.26256,21.48746],[39.26162,21.48731],[39.26055,21.48699],[39.24336,21.48416],[39.24344,21.48323],[39.24321,21.4825],[39.23724,21.47091],[39.26077,21.46042]]]},"properties":{"district_id":"jeddah-al-jamiah","name_ar":"الجامعة","name_en":"Al Jamiah","city":"jeddah","source_codes":["70030076563163802"]}},{"type":"Feature","id":"jeddah-al-jawhara","geometry":{"type":"MultiPolygon","coordinates":[[[[39.26914,21.4464],[39.26732,21.44751],[39.26594,21.44811],[39.26502,21.44839],[39.26282,21.44879],[39.25892,21.44902],[39.25498,21.44011],[39.25048,21.43045],[39.2504,21.42968],[39.25037,21.42742],[39.25098,21.4244],[39.25096,21.42386],[39.25223,21.4198],[39.25378,21.41446],[39.25485,21.41014],[39.25491,21.41012],[39.25484,21.4104],[39.25508,21.41031],[39.25628,21.42145],[39.25627,21.42215],[39.26637,21.44132],[39.26914,21.4464]]],[[[39.25892,21.44902],[39.25552,21.44924],[39.25371,21.44521],[39.25327,21.44464],[39.24607,21.43981],[39.24526,21.43938],[39.23246,21.42905],[39.23614,21.4259],[39.25447,21.40875],[39.25509,21.40935],[39.25505,21.40954],[39.25491,21.41012],[39.25485,21.41014],[39.25378,21.41446],[39.25223,21.4198],[39.25096,21.42386],[39.25098,21.4244],[39.25037,21.42742],[39.2504,21.42968],[39.25048,21.43045],[39.25498,21.44011],[39.25892,21.44902]]]]},"properties":{"district_id":"jeddah-al-jawhara","name_ar":"الجوهرة","name_en":"Al Jawhara","city":"jeddah","source_codes":["70030076563163796","70030076563163797"]}},{"type":"Feature","id":"jeddah-al-jazeera","geometry":{"type":"Polygon","coordinates":[[[39.06031,21.99062],[39.02827,21.98873],[39.01392,21.98777],[39.01346,21.986],[39.00413,21.98452],[39.00405,21.98392],[39.00389,21.97782],[39.0102,21.96999],[39.01111,21.96971],[39.01295,21.96923],[39.0153,21.9688],[39.03385,21.96641],[39.05603,21.96336],[39.06031,21.99062]]]},"properties":{"district_id":"jeddah-al-jazeera","name_ar":"الجزيرة","name_en":"Al Jazeera","city":"jeddah","source_codes":["70030076563163803"]}},{"type":"Feature","id":"jeddah-al-kandarah","geometry":{"type":"Polygon","coordinates":[[[39.20811,21.48785],[39.20799,21.48891],[39.20385,21.5011],[39.20341,21.50182],[39.20092,21.50059],[39.19536,21.4963],[39.19646,21.49492],[39.19705,21.49386],[39.19876,21.48877],[39.19971,21.48544],[39.20115,21.48602],[39.20269,21.48618],[39.20356,21.48595],[39.20765,21.48417],[39.20811,21.48785]]]},"properties":{"district_id":"jeddah-al-kandarah","name_ar":"الكندرة","name_en":"Al Kandarah","city":"jeddah","source_codes":["70030076563164342"]}},{"type":"Feature","id":"jeddah-al-karamah","geometry":{"type":"Polygon","coordinates":[[[39.30724,21.3197],[39.29641,21.32326],[39.29635,21.28673],[39.32476,21.28703],[39.32077,21.29684],[39.3271,21.30092],[39.33097,21.3198],[39.30724,21.3197]]]},"properties":{"district_id":"jeddah-al-karamah","name_ar":"الكرامة","name_en":"Al Karamah","city":"jeddah","source_codes":["70030076563164341"]}},{"type":"Feature","id":"jeddah-al-kawthar","geometry":{"type":"Polygon","coordinates":[[[39.2142,21.74478],[39.20164,21.74059],[39.20174,21.74033],[39.19963,21.73961],[39.19975,21.73931],[39.19893,21.73903],[39.19882,21.73899],[39.1985,21.7398],[39.19638,21.73908],[39.19641,21.739],[39.19549,21.73868],[39.19555,21.73852],[39.19291,21.73761],[39.19304,21.73729],[39.19199,21.73697],[39.19178,21.73714],[39.18904,21.73629],[39.19993,21.70874],[39.20161,21.70922],[39.21305,21.71193],[39.21441,21.71217],[39.22183,21.71391],[39.22194,21.71401],[39.21946,21.73243],[39.22103,21.73287],[39.2142,21.74478]]]},"properties":{"district_id":"jeddah-al-kawthar","name_ar":"الكوثر","name_en":"Al Kawthar","city":"jeddah","source_codes":["70030076563163831"]}},{"type":"Feature","id":"jeddah-al-khaleej","geometry":{"type":"Polygon","coordinates":[[[39.05619,21.89264],[39.04894,21.90197],[39.04319,21.90919],[39.03677,21.90691],[39.01957,21.90103],[39.01366,21.89921],[39.01376,21.89847],[39.01358,21.89764],[39.01275,21.8961],[39.01257,21.89587],[39.01243,21.89581],[39.01237,21.89567],[39.01211,21.89551],[39.01207,21.89506],[39.01221,21.8947],[39.01264,21.89428],[39.01412,21.89352],[39.01512,21.89266],[39.01618,21.89191],[39.01654,21.89126],[39.01647,21.89052],[39.01626,21.89018],[39.01631,21.89005],[39.0164,21.89002],[39.01681,21.89028],[39.01712,21.89036],[39.01859,21.89016],[39.01917,21.88966],[39.0193,21.88946],[39.01961,21.88936],[39.0202,21.88898],[39.02111,21.88805],[39.02164,21.88784],[39.02254,21.88681],[39.0228,21.88635],[39.0229,21.88583],[39.02281,21.88533],[39.02224,21.88434],[39.02194,21.88407],[39.02105,21.88193],[39.02082,21.88175],[39.02053,21.88167],[39.01877,21.88169],[39.01861,21.88155],[39.01859,21.88139],[39.01909,21.88056],[39.01994,21.88011],[39.0207,21.87934],[39.02137,21.87819],[39.02169,21.87735],[39.02198,21.87686],[39.02239,21.87567],[39.02268,21.87536],[39.02301,21.87477],[39.02362,21.87413],[39.02491,21.87246],[39.02538,21.87194],[39.02578,21.87164],[39.02649,21.87132],[39.02716,21.8712],[39.02732,21.87107],[39.02739,21.87085],[39.02766,21.87076],[39.02783,21.87057],[39.02808,21.86956],[39.02775,21.86909],[39.02771,21.86836],[39.02778,21.8682],[39.02757,21.86771],[39.02768,21.86728],[39.02801,21.86651],[39.03094,21.86107],[39.03131,21.86008],[39.0313,21.85947],[39.03088,21.85866],[39.03059,21.85721],[39.03067,21.85496],[39.03058,21.85382],[39.03044,21.85321],[39.03099,21.85085],[39.03113,21.84918],[39.03142,21.84832],[39.03187,21.84738],[39.0691,21.87361],[39.07054,21.87444],[39.06296,21.88415],[39.05619,21.89264]]]},"properties":{"district_id":"jeddah-al-khaleej","name_ar":"الخليج","name_en":"Al Khaleej","city":"jeddah","source_codes":["70030076563163775"]}},{"type":"Feature","id":"jeddah-al-khalidiyah","geometry":{"type":"Polygon","coordinates":[[[39.14332,21.54848],[39.14319,21.54949],[39.14273,21.55588],[39.14267,21.55768],[39.14326,21.57472],[39.1355,21.57249],[39.13384,21.57214],[39.13098,21.57213],[39.12643,21.57227],[39.1253,21.55254],[39.12536,21.5517],[39.12551,21.55099],[39.12576,21.55034],[39.12638,21.54931],[39.12892,21.54671],[39.14332,21.54848]]]},"properties":{"district_id":"jeddah-al-khalidiyah","name_ar":"الخالدية","name_en":"Al Khalidiyah","city":"jeddah","source_codes":["70030076563164313"]}},{"type":"Feature","id":"jeddah-al-khomrah","geometry":{"type":"Polygon","coordinates":[[[39.25982,21.37369],[39.25859,21.37391],[39.23411,21.37667],[39.23404,21.37674],[39.23391,21.37674],[39.23366,21.3765],[39.2269,21.37552],[39.23435,21.33347],[39.23464,21.33279],[39.23599,21.33118],[39.23631,21.33071],[39.23645,21.33033],[39.23629,21.32785],[39.23618,21.32738],[39.26109,21.32777],[39.26112,21.3289],[39.26049,21.35836],[39.26028,21.36449],[39.25982,21.37369]]]},"properties":{"district_id":"jeddah-al-khomrah","name_ar":"الخمرة","name_en":"Al Khomrah","city":"jeddah","source_codes":["70030076563163784"]}},{"type":"Feature","id":"jeddah-al-loaloa","geometry":{"type":"MultiPolygon","coordinates":[[[[39.06788,21.77504],[39.06238,21.78166],[39.06226,21.78171],[39.05934,21.78518],[39.05295,21.7806],[39.05294,21.78062],[39.05115,21.77943],[39.05132,21.77922],[39.05132,21.77913],[39.05111,21.779],[39.051,21.77908],[39.05083,21.77897],[39.05095,21.77882],[39.05143,21.77916],[39.05139,21.779],[39.05218,21.77945],[39.05237,21.77921],[39.0517,21.77872],[39.05165,21.77876],[39.05149,21.77865],[39.05182,21.77839],[39.05193,21.77841],[39.05199,21.77852],[39.05211,21.77848],[39.05203,21.77825],[39.05177,21.77823],[39.05184,21.7781],[39.05289,21.77864],[39.053,21.77844],[39.05197,21.77795],[39.05207,21.77781],[39.05218,21.77786],[39.05214,21.77794],[39.05269,21.77823],[39.05282,21.77821],[39.05278,21.77828],[39.0529,21.77834],[39.053,21.77815],[39.05218,21.77771],[39.05234,21.77773],[39.05244,21.77755],[39.05232,21.77751],[39.05234,21.77745],[39.05218,21.77733],[39.05229,21.77728],[39.05272,21.77748],[39.05284,21.77735],[39.05283,21.77722],[39.05258,21.77713],[39.05254,21.77722],[39.0523,21.77712],[39.05229,21.77696],[39.05235,21.77699],[39.05239,21.7769],[39.05256,21.77696],[39.05254,21.77703],[39.05319,21.7772],[39.05326,21.77682],[39.05242,21.77671],[39.05244,21.77661],[39.05254,21.77663],[39.05257,21.77649],[39.05263,21.77649],[39.05267,21.7762],[39.05261,21.77619],[39.05263,21.77611],[39.05277,21.77605],[39.05275,21.77584],[39.05373,21.77599],[39.0538,21.77577],[39.05373,21.77561],[39.05296,21.77562],[39.05286,21.77553],[39.0529,21.77541],[39.05377,21.77551],[39.05389,21.77522],[39.05385,21.7749],[39.05372,21.77477],[39.05338,21.77478],[39.05325,21.77469],[39.05285,21.77487],[39.05285,21.7748],[39.05325,21.77467],[39.05346,21.77474],[39.05353,21.7746],[39.05322,21.77435],[39.0528,21.77455],[39.05265,21.77454],[39.05264,21.77432],[39.05275,21.77426],[39.05265,21.77423],[39.05295,21.77399],[39.05262,21.77361],[39.05225,21.77338],[39.05133,21.77349],[39.05125,21.77353],[39.05131,21.77371],[39.05111,21.77376],[39.05102,21.77362],[39.05088,21.77358],[39.05047,21.77365],[39.05041,21.77358],[39.05026,21.77359],[39.05021,21.77373],[39.05003,21.77358],[39.04979,21.77361],[39.04973,21.77348],[39.05037,21.77333],[39.05036,21.77309],[39.05064,21.77305],[39.05062,21.77286],[39.05036,21.77293],[39.04999,21.77283],[39.04991,21.77295],[39.04994,21.77321],[39.04982,21.77332],[39.04937,21.7734],[39.04918,21.7732],[39.04907,21.77322],[39.0492,21.77304],[39.04928,21.7731],[39.04974,21.773],[39.04974,21.77292],[39.04988,21.77291],[39.04994,21.77282],[39.04965,21.77267],[39.0492,21.77276],[39.04914,21.77286],[39.04896,21.77268],[39.04909,21.77253],[39.052,21.77185],[39.05187,21.77142],[39.05067,21.77168],[39.05083,21.77161],[39.05078,21.77142],[39.05157,21.77125],[39.05162,21.771],[39.05149,21.77082],[39.04762,21.77132],[39.04755,21.77121],[39.04783,21.77107],[39.04802,21.77119],[39.04889,21.77108],[39.04909,21.77093],[39.04933,21.77102],[39.05025,21.7709],[39.05038,21.77074],[39.05057,21.77085],[39.05167,21.7707],[39.05196,21.7706],[39.05205,21.77049],[39.05194,21.769],[39.0518,21.7685],[39.05156,21.76839],[39.05114,21.76838],[39.05093,21.76848],[39.05078,21.76836],[39.05032,21.76835],[39.05013,21.76849],[39.0499,21.76829],[39.05013,21.76816],[39.05022,21.76824],[39.05085,21.76825],[39.05092,21.76802],[39.05087,21.76784],[39.05033,21.76781],[39.05008,21.76793],[39.04997,21.76787],[39.04997,21.76776],[39.05036,21.76764],[39.05069,21.76769],[39.05094,21.76749],[39.05117,21.76765],[39.05154,21.76767],[39.0516,21.76753],[39.05149,21.7674],[39.05159,21.76729],[39.05156,21.76718],[39.05122,21.76716],[39.05091,21.76738],[39.05059,21.76722],[39.05023,21.76736],[39.04998,21.7672],[39.04952,21.76729],[39.04964,21.7672],[39.04954,21.76705],[39.0496,21.7667],[39.04982,21.76664],[39.04966,21.76627],[39.04971,21.76613],[39.05001,21.76597],[39.05034,21.76599],[39.05114,21.76581],[39.05121,21.7656],[39.05132,21.76552],[39.05131,21.76505],[39.05056,21.76483],[39.04995,21.76484],[39.04981,21.76468],[39.04995,21.76453],[39.05017,21.76462],[39.05076,21.76458],[39.05099,21.7644],[39.05126,21.76378],[39.05123,21.76337],[39.05017,21.76334],[39.05018,21.76313],[39.05033,21.76314],[39.0502,21.76318],[39.0502,21.7633],[39.05043,21.7633],[39.05048,21.76323],[39.05053,21.7633],[39.05123,21.76329],[39.05138,21.76278],[39.0513,21.76224],[39.04977,21.7619],[39.04959,21.76197],[39.04953,21.76192],[39.04952,21.76202],[39.0492,21.76195],[39.04922,21.76186],[39.04951,21.76199],[39.04952,21.76187],[39.04963,21.76184],[39.05127,21.76216],[39.05132,21.76186],[39.05115,21.76174],[39.0513,21.76168],[39.05133,21.76155],[39.0499,21.76119],[39.04981,21.76125],[39.04984,21.76117],[39.04965,21.76112],[39.04956,21.76116],[39.0496,21.76103],[39.04966,21.76104],[39.04966,21.76109],[39.04985,21.76109],[39.04984,21.76114],[39.05138,21.76152],[39.05141,21.76125],[39.05151,21.76115],[39.0497,21.76051],[39.04972,21.76046],[39.04989,21.76051],[39.04997,21.76031],[39.05011,21.76036],[39.05016,21.7606],[39.05158,21.76111],[39.05175,21.76089],[39.05185,21.76057],[39.05005,21.75991],[39.0501,21.75978],[39.05024,21.75984],[39.0502,21.75993],[39.051,21.76022],[39.05102,21.76016],[39.05118,21.76022],[39.05116,21.76028],[39.05187,21.76053],[39.05192,21.76043],[39.05183,21.76026],[39.05194,21.76038],[39.05206,21.76016],[39.05181,21.75994],[39.05143,21.75983],[39.05139,21.7599],[39.05097,21.75967],[39.05139,21.75986],[39.05138,21.7597],[39.05155,21.75975],[39.05165,21.75962],[39.05116,21.75935],[39.05102,21.75952],[39.05112,21.75929],[39.05236,21.75994],[39.05275,21.75936],[39.05294,21.75922],[39.05258,21.75896],[39.05246,21.75902],[39.05238,21.75898],[39.05246,21.75887],[39.05119,21.75806],[39.05108,21.75819],[39.05097,21.75813],[39.05116,21.75785],[39.05154,21.75812],[39.05151,21.7582],[39.05248,21.75885],[39.05256,21.75876],[39.05263,21.7588],[39.05261,21.75894],[39.05298,21.75915],[39.053,21.75883],[39.05148,21.75782],[39.05135,21.75754],[39.05148,21.75757],[39.05143,21.75767],[39.0515,21.75778],[39.05309,21.75885],[39.05332,21.75863],[39.05347,21.75828],[39.05321,21.75808],[39.05355,21.75821],[39.05363,21.75817],[39.05328,21.7579],[39.05257,21.75758],[39.05234,21.75739],[39.05263,21.75747],[39.05322,21.75786],[39.05335,21.75779],[39.0534,21.75762],[39.05216,21.75691],[39.0521,21.75699],[39.05192,21.75688],[39.05198,21.75676],[39.05335,21.75755],[39.05349,21.75743],[39.05351,21.75721],[39.05321,21.75697],[39.05327,21.75685],[39.05279,21.75652],[39.0527,21.75663],[39.05244,21.75645],[39.05232,21.75624],[39.05243,21.75615],[39.05238,21.756],[39.05244,21.75593],[39.05259,21.75596],[39.05357,21.75666],[39.0537,21.75649],[39.053,21.75606],[39.05269,21.75581],[39.0527,21.75573],[39.05289,21.7556],[39.05311,21.75566],[39.05365,21.75628],[39.05389,21.75633],[39.05432,21.75664],[39.0546,21.75637],[39.05398,21.75603],[39.05385,21.75581],[39.05324,21.75544],[39.0533,21.75537],[39.05406,21.75588],[39.05425,21.75555],[39.05523,21.75602],[39.05407,21.75535],[39.0543,21.7554],[39.05427,21.75522],[39.05436,21.75513],[39.05462,21.75522],[39.05452,21.75495],[39.05434,21.75487],[39.05382,21.755],[39.05329,21.75478],[39.05335,21.75466],[39.05384,21.75487],[39.05436,21.75484],[39.05566,21.75539],[39.05576,21.75534],[39.05583,21.75479],[39.05495,21.75431],[39.05503,21.75409],[39.05481,21.75387],[39.05512,21.75387],[39.05525,21.75399],[39.05527,21.75415],[39.0556,21.75431],[39.05576,21.75425],[39.05571,21.7541],[39.0559,21.75409],[39.05591,21.75393],[39.05495,21.75344],[39.05452,21.75341],[39.05442,21.75318],[39.05447,21.7531],[39.05474,21.75304],[39.05505,21.75338],[39.05617,21.75396],[39.05644,21.7535],[39.05551,21.75297],[39.05533,21.75302],[39.05512,21.75296],[39.05504,21.75282],[39.05511,21.75266],[39.05493,21.75256],[39.05516,21.75264],[39.0552,21.75259],[39.05495,21.75241],[39.05543,21.75267],[39.05541,21.75275],[39.05673,21.75352],[39.05685,21.75343],[39.05668,21.75329],[39.05671,21.75322],[39.05706,21.75338],[39.05713,21.75333],[39.05714,21.75321],[39.05675,21.75303],[39.05672,21.75293],[39.05648,21.75295],[39.05644,21.75277],[39.05631,21.75286],[39.05598,21.75268],[39.0563,21.75282],[39.05631,21.75269],[39.05609,21.75263],[39.05554,21.75226],[39.05543,21.75234],[39.05531,21.7523],[39.05522,21.75219],[39.05525,21.75208],[39.05538,21.75203],[39.05731,21.75318],[39.0575,21.75291],[39.05555,21.7517],[39.0557,21.75157],[39.05584,21.75166],[39.0558,21.75182],[39.05646,21.75223],[39.05658,21.75208],[39.0567,21.75209],[39.05674,21.7522],[39.05662,21.75225],[39.05662,21.75233],[39.05752,21.75288],[39.05758,21.75277],[39.05745,21.75265],[39.05759,21.75254],[39.05745,21.75247],[39.05744,21.75224],[39.0578,21.75201],[39.05782,21.75174],[39.05625,21.75066],[39.0564,21.75045],[39.05632,21.75041],[39.05642,21.75043],[39.05649,21.75034],[39.05672,21.7505],[39.05675,21.75061],[39.05666,21.75071],[39.05786,21.75161],[39.05825,21.751],[39.05777,21.75065],[39.05759,21.75064],[39.05756,21.75043],[39.05779,21.7504],[39.05782,21.7506],[39.05823,21.7509],[39.05853,21.75069],[39.05868,21.75045],[39.05719,21.74944],[39.05979,21.75114],[39.06004,21.7512],[39.06092,21.75177],[39.06101,21.75167],[39.07735,21.76369],[39.07139,21.77077],[39.07135,21.77106],[39.06838,21.77456],[39.06788,21.77504]]],[[[39.05086,21.77922],[39.05114,21.77942],[39.05085,21.77923],[39.05086,21.77922]]]]},"properties":{"district_id":"jeddah-al-loaloa","name_ar":"اللؤلؤ","name_en":"Al Loaloa","city":"jeddah","source_codes":["70030076563163832"]}},{"type":"Feature","id":"jeddah-al-mahamid","geometry":{"type":"Polygon","coordinates":[[[39.4126,21.47293],[39.41085,21.47385],[39.40275,21.4725],[39.39674,21.4701],[39.39319,21.46763],[39.38862,21.46546],[39.38537,21.46299],[39.3813,21.46028],[39.38095,21.45999],[39.3807,21.45964],[39.37988,21.45754],[39.37923,21.45459],[39.37828,21.44797],[39.37742,21.44374],[39.37711,21.44058],[39.37733,21.43771],[39.37817,21.43535],[39.37982,21.4318],[39.38197,21.42601],[39.38295,21.42381],[39.38682,21.42419],[39.38781,21.42439],[39.39705,21.42768],[39.39679,21.42931],[39.39936,21.42983],[39.40001,21.43446],[39.40084,21.43516],[39.40193,21.4358],[39.40305,21.43661],[39.40372,21.43758],[39.40342,21.43913],[39.40147,21.44097],[39.40328,21.4421],[39.40615,21.44195],[39.40705,21.44251],[39.40811,21.4442],[39.41008,21.4449],[39.41626,21.44658],[39.42231,21.44967],[39.42592,21.4491],[39.42548,21.45136],[39.42715,21.45432],[39.42625,21.45743],[39.42385,21.46068],[39.42308,21.45829],[39.42127,21.45716],[39.41524,21.45718],[39.41343,21.45803],[39.41464,21.45958],[39.41615,21.46014],[39.41751,21.46169],[39.41812,21.46409],[39.4136,21.46565],[39.41272,21.47257],[39.4126,21.47293]]]},"properties":{"district_id":"jeddah-al-mahamid","name_ar":"المحاميد","name_en":"Al Mahamid","city":"jeddah","source_codes":["70030076563164351"]}},{"type":"Feature","id":"jeddah-al-mahjar","geometry":{"type":"Polygon","coordinates":[[[39.21056,21.45014],[39.20433,21.44435],[39.196,21.43642],[39.19375,21.43851],[39.19122,21.44006],[39.18992,21.44033],[39.18582,21.4407],[39.1852,21.43456],[39.1739,21.43374],[39.17291,21.43373],[39.17143,21.43351],[39.17147,21.43329],[39.17191,21.43335],[39.17193,21.43319],[39.17149,21.43313],[39.17152,21.4329],[39.17298,21.4331],[39.17311,21.43221],[39.17166,21.43201],[39.1717,21.43178],[39.17315,21.43198],[39.17342,21.43009],[39.17151,21.42983],[39.17155,21.4296],[39.17346,21.42986],[39.1736,21.42897],[39.17226,21.42879],[39.17229,21.42856],[39.17363,21.42874],[39.17376,21.42785],[39.17242,21.42767],[39.17246,21.42744],[39.1738,21.42762],[39.17399,21.42628],[39.17208,21.42602],[39.17211,21.4258],[39.17403,21.42605],[39.17422,21.42471],[39.17232,21.42446],[39.17235,21.42423],[39.17426,21.42448],[39.17446,21.42314],[39.17255,21.42289],[39.17258,21.42267],[39.17449,21.42291],[39.17468,21.42157],[39.17278,21.42133],[39.17281,21.42111],[39.17475,21.42134],[39.17478,21.42113],[39.17529,21.42119],[39.1746,21.42585],[39.1769,21.42617],[39.17702,21.42542],[39.17583,21.42525],[39.17585,21.4251],[39.17703,21.42527],[39.17709,21.42486],[39.17591,21.42469],[39.17595,21.42443],[39.17713,21.42459],[39.17719,21.42417],[39.17601,21.42402],[39.17605,21.42375],[39.17723,21.42392],[39.17729,21.4235],[39.17611,21.42334],[39.17614,21.42307],[39.17734,21.42324],[39.17739,21.42283],[39.17779,21.42252],[39.17813,21.42002],[39.17664,21.41974],[39.17686,21.41981],[39.17681,21.42015],[39.17648,21.4201],[39.17653,21.41977],[39.17659,21.41973],[39.17608,21.41957],[39.17549,21.41955],[39.17333,21.41914],[39.17349,21.41854],[39.17399,21.41853],[39.174,21.41834],[39.17378,21.41819],[39.17386,21.41808],[39.17384,21.41785],[39.17396,21.41775],[39.17406,21.41641],[39.17393,21.41607],[39.17458,21.41525],[39.17469,21.41455],[39.17484,21.41451],[39.17496,21.41466],[39.17507,21.41467],[39.17557,21.41428],[39.17683,21.41395],[39.17735,21.41368],[39.17742,21.41356],[39.17727,21.41339],[39.17666,21.41337],[39.17652,21.41349],[39.17626,21.41335],[39.17548,21.41333],[39.17534,21.41346],[39.17506,21.4133],[39.17416,21.41329],[39.17413,21.41322],[39.17498,21.41316],[39.17729,21.41322],[39.17748,21.41302],[39.17735,21.41294],[39.1774,21.41284],[39.18,21.41282],[39.18102,21.41273],[39.18199,21.41281],[39.18299,21.41283],[39.1839,21.41274],[39.18628,21.4128],[39.18739,21.41291],[39.18783,21.41287],[39.18786,21.41277],[39.18774,21.41243],[39.18781,21.41223],[39.18815,21.41211],[39.18984,21.41191],[39.18967,21.41023],[39.18888,21.41011],[39.18845,21.40985],[39.18836,21.40959],[39.18838,21.40868],[39.18809,21.40814],[39.18963,21.40809],[39.19951,21.40719],[39.19985,21.41045],[39.20653,21.40983],[39.2098,21.40957],[39.21002,21.40962],[39.21013,21.40982],[39.2101,21.41085],[39.21049,21.41219],[39.21117,21.4125],[39.21382,21.41441],[39.21898,21.41855],[39.2193,21.41824],[39.22071,21.41955],[39.23506,21.43117],[39.22814,21.43408],[39.22737,21.43454],[39.21056,21.45014]]]},"properties":{"district_id":"jeddah-al-mahjar","name_ar":"المحجر","name_en":"Al Mahjar","city":"jeddah","source_codes":["70030076563163834"]}},{"type":"Feature","id":"jeddah-al-majameh","geometry":{"type":"Polygon","coordinates":[[[39.12361,21.97127],[39.12276,21.97131],[39.10949,21.97066],[39.10865,21.97054],[39.1078,21.97028],[39.10724,21.96998],[39.10183,21.9663],[39.09726,21.96304],[39.08634,21.9555],[39.08826,21.95302],[39.09541,21.94423],[39.09699,21.94314],[39.09797,21.94264],[39.09987,21.94188],[39.10118,21.941],[39.10283,21.94222],[39.11511,21.95066],[39.11577,21.95083],[39.12474,21.95102],[39.12434,21.95343],[39.12371,21.97049],[39.12361,21.97127]]]},"properties":{"district_id":"jeddah-al-majameh","name_ar":"المجامع","name_en":"Al Majameh","city":"jeddah","source_codes":["70030076563164343"]}},{"type":"Feature","id":"jeddah-al-manar","geometry":{"type":"Polygon","coordinates":[[[39.24441,21.61438],[39.24024,21.61335],[39.24014,21.61316],[39.22757,21.60979],[39.22672,21.60978],[39.2261,21.60986],[39.22115,21.60823],[39.22148,21.60736],[39.22217,21.60593],[39.22313,21.60302],[39.22442,21.59952],[39.22675,21.59227],[39.2272,21.59038],[39.24988,21.59647],[39.24441,21.61438]]]},"properties":{"district_id":"jeddah-al-manar","name_ar":"المنار","name_en":"Al Manar","city":"jeddah","source_codes":["70030076563164314"]}},{"type":"Feature","id":"jeddah-al-manarat","geometry":{"type":"Polygon","coordinates":[[[39.12164,21.84962],[39.10501,21.85199],[39.08109,21.85576],[39.0807,21.84943],[39.07909,21.8179],[39.07859,21.81032],[39.09256,21.81084],[39.10354,21.81114],[39.11572,21.81157],[39.1151,21.81581],[39.11581,21.82443],[39.12102,21.84742],[39.12124,21.84793],[39.12164,21.84962]]]},"properties":{"district_id":"jeddah-al-manarat","name_ar":"المنارات","name_en":"Al Manarat","city":"jeddah","source_codes":["70030076563164365"]}},{"type":"Feature","id":"jeddah-al-marwah","geometry":{"type":"Polygon","coordinates":[[[39.21094,21.63532],[39.20839,21.63501],[39.20258,21.6341],[39.2015,21.63403],[39.19375,21.63281],[39.19356,21.63287],[39.18447,21.63154],[39.18212,21.63131],[39.18468,21.62369],[39.18506,21.6221],[39.19226,21.59983],[39.20137,21.60237],[39.20245,21.60255],[39.21178,21.60519],[39.21588,21.60651],[39.21767,21.60719],[39.21837,21.60732],[39.22115,21.60823],[39.22034,21.61039],[39.21955,21.61194],[39.21701,21.6186],[39.21474,21.62468],[39.21421,21.62663],[39.21306,21.62941],[39.21094,21.63532]]]},"properties":{"district_id":"jeddah-al-marwah","name_ar":"المروة","name_en":"Al Marwah","city":"jeddah","source_codes":["70030076563163828"]}},{"type":"Feature","id":"jeddah-al-masarah","geometry":{"type":"Polygon","coordinates":[[[39.26203,21.28636],[39.24388,21.28614],[39.24385,21.2863],[39.23298,21.28609],[39.23279,21.28572],[39.23282,21.28476],[39.23273,21.28466],[39.23223,21.28463],[39.2328,21.24336],[39.26393,21.24328],[39.26329,21.25131],[39.26275,21.26002],[39.26235,21.27074],[39.26203,21.28636]]]},"properties":{"district_id":"jeddah-al-masarah","name_ar":"المسرة","name_en":"Al Masarah","city":"jeddah","source_codes":["70030076563163830"]}},{"type":"Feature","id":"jeddah-al-moulysaa","geometry":{"type":"Polygon","coordinates":[[[39.23246,21.28623],[39.19252,21.28488],[39.19288,21.26819],[39.19282,21.26741],[39.19322,21.24347],[39.2328,21.24336],[39.23223,21.28463],[39.23273,21.28466],[39.23282,21.28476],[39.23279,21.28572],[39.23298,21.28609],[39.23258,21.28608],[39.23246,21.28623]]]},"properties":{"district_id":"jeddah-al-moulysaa","name_ar":"المليساء","name_en":"Al Moulysaa","city":"jeddah","source_codes":["70030076563164364"]}},{"type":"Feature","id":"jeddah-al-muhammadiyah","geometry":{"type":"Polygon","coordinates":[[[39.14415,21.64464],[39.1361,21.65517],[39.13455,21.65751],[39.13347,21.65949],[39.13287,21.66077],[39.12885,21.67094],[39.12142,21.66838],[39.12067,21.66823],[39.11954,21.66784],[39.11077,21.66476],[39.11185,21.63587],[39.11202,21.63338],[39.11233,21.63155],[39.11329,21.62871],[39.12732,21.63193],[39.12752,21.63077],[39.13362,21.63204],[39.13049,21.63994],[39.14415,21.64464]]]},"properties":{"district_id":"jeddah-al-muhammadiyah","name_ar":"المحمدية","name_en":"Al Muhammadiyah","city":"jeddah","source_codes":["70030076563164360"]}},{"type":"Feature","id":"jeddah-al-mujamar","geometry":{"type":"Polygon","coordinates":[[[39.30797,21.92361],[39.30717,21.92561],[39.304,21.9283],[39.30204,21.92859],[39.29462,21.92916],[39.29427,21.93069],[39.28813,21.92648],[39.28561,21.92372],[39.28526,21.92319],[39.28456,21.92174],[39.28379,21.92094],[39.28355,21.91847],[39.28326,21.91727],[39.28253,21.91558],[39.28122,21.91307],[39.27762,21.90817],[39.27577,21.9074],[39.27583,21.90723],[39.29235,21.91422],[39.30106,21.91898],[39.30175,21.91945],[39.30397,21.92141],[39.30502,21.92221],[39.3058,21.92268],[39.30797,21.92361]]]},"properties":{"district_id":"jeddah-al-mujamar","name_ar":"المجمر","name_en":"Al Mujamar","city":"jeddah","source_codes":["70030076563163833"]}},{"type":"Feature","id":"jeddah-al-muntazah","geometry":{"type":"Polygon","coordinates":[[[39.28698,21.61553],[39.286,21.62008],[39.28368,21.61887],[39.28157,21.61802],[39.27575,21.61652],[39.27353,21.61609],[39.27105,21.61572],[39.26749,21.61541],[39.26535,21.61535],[39.26621,21.60903],[39.26953,21.59801],[39.26991,21.59592],[39.26983,21.59508],[39.26954,21.59442],[39.2687,21.59332],[39.26771,21.59261],[39.26727,21.59244],[39.26571,21.59201],[39.26486,21.59201],[39.26428,21.59217],[39.26288,21.59303],[39.26236,21.59316],[39.2618,21.59317],[39.26126,21.59305],[39.26077,21.59282],[39.26014,21.59222],[39.25977,21.59169],[39.26025,21.59127],[39.26057,21.59066],[39.26118,21.58791],[39.2623,21.58587],[39.26363,21.58419],[39.26429,21.5832],[39.26437,21.58297],[39.26439,21.58236],[39.26527,21.58221],[39.26639,21.58242],[39.26657,21.57645],[39.26686,21.57521],[39.28237,21.57762],[39.29518,21.57814],[39.29819,21.57846],[39.30202,21.57913],[39.28995,21.60656],[39.28828,21.61106],[39.28698,21.61553]]]},"properties":{"district_id":"jeddah-al-muntazah","name_ar":"المنتزه","name_en":"Al Muntazah","city":"jeddah","source_codes":["70030076563164353"]}},{"type":"Feature","id":"jeddah-al-muntazahat","geometry":{"type":"Polygon","coordinates":[[[39.29015,21.48566],[39.26826,21.48859],[39.27296,21.47324],[39.27399,21.47082],[39.27452,21.4683],[39.27518,21.46618],[39.278,21.45612],[39.27929,21.45253],[39.28542,21.45062],[39.2949,21.44784],[39.29621,21.44761],[39.29839,21.44739],[39.30493,21.44679],[39.30611,21.44675],[39.30649,21.44773],[39.30707,21.44855],[39.30715,21.44877],[39.30645,21.45078],[39.30594,21.45424],[39.30699,21.45561],[39.30787,21.45849],[39.30818,21.45924],[39.30818,21.45947],[39.30724,21.46304],[39.30733,21.46346],[39.30751,21.46374],[39.30776,21.46393],[39.3071,21.46456],[39.30942,21.46827],[39.30961,21.46838],[39.30625,21.48053],[39.30576,21.48041],[39.30525,21.4823],[39.29015,21.48566]]]},"properties":{"district_id":"jeddah-al-muntazahat","name_ar":"المنتزهات","name_en":"Al Muntazahat","city":"jeddah","source_codes":["70030076563164373"]}},{"type":"Feature","id":"jeddah-al-murjan","geometry":{"type":"Polygon","coordinates":[[[39.09665,21.71081],[39.09656,21.71096],[39.09661,21.71082],[39.09652,21.71043],[39.09635,21.71051],[39.09639,21.71072],[39.09633,21.71073],[39.09631,21.71049],[39.09651,21.7104],[39.09639,21.71041],[39.09637,21.71033],[39.09651,21.71026],[39.09639,21.7101],[39.09641,21.70962],[39.09619,21.70966],[39.09609,21.70947],[39.09622,21.70963],[39.09638,21.70955],[39.09644,21.70942],[39.09634,21.70918],[39.09607,21.7093],[39.09606,21.70938],[39.09598,21.70922],[39.09605,21.70926],[39.09631,21.70913],[39.09642,21.7089],[39.0964,21.70875],[39.09616,21.70833],[39.09583,21.7081],[39.09581,21.70791],[39.09543,21.708],[39.09551,21.70776],[39.09548,21.70756],[39.09443,21.70599],[39.0942,21.70601],[39.09372,21.70566],[39.09367,21.70577],[39.09376,21.70583],[39.09366,21.70579],[39.09373,21.70585],[39.09368,21.70594],[39.09363,21.70584],[39.09357,21.70596],[39.09361,21.70583],[39.09345,21.70582],[39.09348,21.70573],[39.09362,21.70581],[39.09365,21.70565],[39.09323,21.70552],[39.09315,21.70567],[39.09335,21.70577],[39.09329,21.70585],[39.09294,21.7056],[39.09305,21.70544],[39.09283,21.7054],[39.09277,21.70554],[39.09288,21.70558],[39.09284,21.70567],[39.0927,21.7056],[39.09275,21.70532],[39.09228,21.70522],[39.09207,21.70528],[39.09199,21.70554],[39.09184,21.70549],[39.09197,21.70503],[39.09174,21.70495],[39.0915,21.70545],[39.09139,21.70541],[39.09154,21.70511],[39.09144,21.70518],[39.09142,21.70508],[39.09122,21.70513],[39.09135,21.70538],[39.09123,21.70534],[39.09112,21.70518],[39.09104,21.70527],[39.09104,21.70485],[39.09047,21.70481],[39.09029,21.70493],[39.0903,21.70523],[39.09045,21.70523],[39.09044,21.70536],[39.0901,21.70537],[39.09009,21.70523],[39.09023,21.70523],[39.09021,21.7049],[39.08985,21.70501],[39.08984,21.70484],[39.08946,21.7051],[39.08942,21.70531],[39.08949,21.70519],[39.0896,21.7052],[39.08956,21.70546],[39.08945,21.70544],[39.08942,21.70533],[39.08939,21.7055],[39.08963,21.70557],[39.08884,21.70546],[39.08881,21.70524],[39.08869,21.70537],[39.08858,21.70537],[39.08848,21.70522],[39.08775,21.70489],[39.08795,21.70412],[39.0879,21.70403],[39.08685,21.7037],[39.08666,21.70435],[39.08674,21.70473],[39.08707,21.7051],[39.08709,21.70521],[39.08762,21.70539],[39.08775,21.70564],[39.08775,21.70593],[39.08766,21.70602],[39.08696,21.70605],[39.08645,21.70585],[39.08612,21.70553],[39.08594,21.70511],[39.08588,21.70454],[39.08596,21.70262],[39.08614,21.70244],[39.08671,21.70249],[39.08612,21.70217],[39.08634,21.70226],[39.08658,21.70208],[39.08788,21.70237],[39.08796,21.70232],[39.0879,21.70225],[39.08612,21.7019],[39.08616,21.70181],[39.0864,21.7017],[39.08658,21.70186],[39.08826,21.70224],[39.08837,21.70213],[39.08833,21.70201],[39.0866,21.70157],[39.0866,21.70151],[39.08676,21.70152],[39.08756,21.7017],[39.08767,21.70161],[39.08761,21.70152],[39.0868,21.70127],[39.08641,21.70128],[39.08628,21.70112],[39.0863,21.7009],[39.08649,21.70099],[39.08749,21.70104],[39.08822,21.70127],[39.08827,21.70139],[39.08837,21.70121],[39.0885,21.70116],[39.08857,21.70124],[39.08851,21.70153],[39.08874,21.70164],[39.089,21.70132],[39.08875,21.70096],[39.08902,21.70071],[39.08895,21.70041],[39.08865,21.70051],[39.08827,21.7002],[39.08773,21.70025],[39.08718,21.70008],[39.08716,21.70015],[39.08652,21.69986],[39.08667,21.69894],[39.08684,21.69849],[39.08698,21.69839],[39.08716,21.69849],[39.08697,21.69923],[39.08717,21.69953],[39.08807,21.6998],[39.08831,21.69976],[39.08843,21.69958],[39.08821,21.69909],[39.08829,21.69882],[39.08826,21.69852],[39.08842,21.6983],[39.08836,21.69815],[39.0881,21.69814],[39.08783,21.69802],[39.08739,21.69809],[39.08701,21.69776],[39.08723,21.69738],[39.08732,21.69696],[39.08757,21.6968],[39.08851,21.69668],[39.08859,21.69679],[39.08853,21.69688],[39.08795,21.69697],[39.08766,21.69711],[39.08768,21.69732],[39.08781,21.69737],[39.08768,21.69747],[39.08854,21.69761],[39.08868,21.69751],[39.08891,21.69754],[39.08901,21.69767],[39.08984,21.69783],[39.09024,21.69779],[39.09034,21.69725],[39.09055,21.69727],[39.09056,21.69721],[39.09044,21.69717],[39.09043,21.69699],[39.09063,21.69685],[39.0907,21.69646],[39.09068,21.69633],[39.09056,21.69624],[39.08879,21.6961],[39.08772,21.69613],[39.08758,21.69599],[39.08794,21.69507],[39.08816,21.69511],[39.08824,21.69522],[39.08807,21.69565],[39.08888,21.69574],[39.08899,21.69558],[39.08918,21.69556],[39.08925,21.6954],[39.08902,21.69527],[39.08898,21.69514],[39.08939,21.69492],[39.08949,21.69478],[39.08944,21.6945],[39.08906,21.69439],[39.08844,21.69403],[39.088,21.69394],[39.08815,21.69291],[39.08837,21.69288],[39.08847,21.69308],[39.08826,21.6936],[39.08839,21.69383],[39.08885,21.69383],[39.08886,21.69375],[39.0886,21.69373],[39.08867,21.69356],[39.08869,21.69372],[39.0888,21.69372],[39.08883,21.69357],[39.08888,21.69383],[39.08909,21.69385],[39.08913,21.69401],[39.08927,21.69406],[39.08947,21.69394],[39.08945,21.69353],[39.08963,21.69339],[39.08972,21.6932],[39.09016,21.69323],[39.09034,21.69303],[39.09034,21.69284],[39.09022,21.69266],[39.08886,21.69224],[39.08856,21.69228],[39.08847,21.69214],[39.08865,21.69187],[39.08886,21.69114],[39.08902,21.69106],[39.08916,21.69121],[39.08897,21.69184],[39.08891,21.69187],[39.08899,21.69208],[39.09016,21.69239],[39.09039,21.69224],[39.0902,21.69179],[39.09044,21.69123],[39.09041,21.69111],[39.08899,21.69067],[39.08908,21.69056],[39.08917,21.69007],[39.08947,21.68935],[39.09013,21.68945],[39.09023,21.68916],[39.08989,21.68904],[39.08987,21.68892],[39.08996,21.68887],[39.09033,21.68895],[39.0905,21.68882],[39.09052,21.68832],[39.09006,21.68808],[39.09017,21.68768],[39.09017,21.68803],[39.09105,21.68827],[39.09118,21.68817],[39.09116,21.68801],[39.09095,21.68788],[39.09119,21.6879],[39.09127,21.68781],[39.09125,21.68763],[39.09104,21.6875],[39.09137,21.68741],[39.09136,21.68726],[39.09118,21.68713],[39.09153,21.68707],[39.0916,21.68689],[39.09157,21.68655],[39.09145,21.68641],[39.09067,21.68618],[39.09053,21.68649],[39.0906,21.68611],[39.09235,21.68651],[39.09233,21.68639],[39.09261,21.6864],[39.09278,21.686],[39.0928,21.68574],[39.09263,21.68571],[39.0926,21.68583],[39.09249,21.68581],[39.09254,21.68567],[39.09266,21.68568],[39.09276,21.6855],[39.09306,21.68556],[39.09315,21.68551],[39.09318,21.68537],[39.09299,21.68528],[39.09298,21.68515],[39.0938,21.68534],[39.09402,21.68499],[39.09398,21.68461],[39.09323,21.68434],[39.09309,21.68405],[39.09315,21.68378],[39.09309,21.68369],[39.09181,21.68361],[39.09161,21.68373],[39.09152,21.68399],[39.09132,21.68395],[39.09137,21.68357],[39.09121,21.68329],[39.09133,21.68317],[39.09152,21.68333],[39.09186,21.68344],[39.09298,21.68355],[39.09332,21.68348],[39.094,21.68177],[39.09391,21.68163],[39.09319,21.68142],[39.09325,21.68112],[39.09319,21.68103],[39.09304,21.68097],[39.09302,21.68105],[39.09251,21.68091],[39.09253,21.68082],[39.09233,21.68078],[39.09223,21.68084],[39.09223,21.68102],[39.09201,21.6815],[39.09155,21.68143],[39.09149,21.68128],[39.09195,21.67991],[39.09185,21.6799],[39.09183,21.67997],[39.09167,21.67991],[39.0916,21.67973],[39.09176,21.67961],[39.09193,21.67966],[39.09189,21.67975],[39.09197,21.67978],[39.09255,21.67823],[39.09278,21.67802],[39.09325,21.67788],[39.09334,21.67811],[39.09308,21.67879],[39.09323,21.67884],[39.09305,21.67939],[39.09287,21.67935],[39.09267,21.67999],[39.0927,21.68007],[39.09264,21.68006],[39.0926,21.68024],[39.09296,21.68034],[39.093,21.68022],[39.09347,21.68036],[39.09344,21.68048],[39.09445,21.68078],[39.09467,21.68077],[39.0948,21.68065],[39.09498,21.68011],[39.09487,21.68018],[39.0949,21.68009],[39.09481,21.68007],[39.09509,21.6792],[39.09525,21.67916],[39.09526,21.67925],[39.09556,21.67843],[39.09535,21.67824],[39.09553,21.67822],[39.09538,21.67813],[39.09544,21.67799],[39.09553,21.67804],[39.09546,21.67815],[39.09556,21.67821],[39.09551,21.67815],[39.09561,21.67799],[39.09581,21.67799],[39.09589,21.67789],[39.0959,21.67768],[39.0958,21.67761],[39.09585,21.67755],[39.09561,21.67743],[39.09614,21.67753],[39.09626,21.67743],[39.09616,21.67726],[39.09567,21.67708],[39.09606,21.67712],[39.09582,21.67701],[39.09585,21.6769],[39.09608,21.67704],[39.09612,21.67667],[39.09599,21.67619],[39.09606,21.67611],[39.09601,21.67594],[39.0941,21.67543],[39.09379,21.6755],[39.09282,21.67667],[39.09278,21.67681],[39.09266,21.67685],[39.0926,21.67678],[39.09301,21.67629],[39.0932,21.67551],[39.09317,21.67528],[39.09295,21.67514],[39.09295,21.67498],[39.09358,21.67498],[39.0939,21.67518],[39.09565,21.67568],[39.09597,21.67565],[39.09625,21.67545],[39.09621,21.67533],[39.09633,21.67535],[39.09643,21.6752],[39.0969,21.67405],[39.0969,21.6739],[39.09676,21.67363],[39.09663,21.67359],[39.09664,21.67349],[39.09686,21.6735],[39.09696,21.67323],[39.09726,21.6719],[39.09768,21.67072],[39.0977,21.67047],[39.09759,21.67034],[39.09784,21.6702],[39.09812,21.66944],[39.09824,21.66836],[39.09815,21.66778],[39.09796,21.66721],[39.09801,21.66716],[39.09818,21.66719],[39.09819,21.66694],[39.09787,21.66685],[39.09753,21.66797],[39.09657,21.66784],[39.09639,21.66773],[39.09609,21.66728],[39.09589,21.66717],[39.09592,21.66688],[39.09605,21.66688],[39.0966,21.66765],[39.0974,21.66779],[39.0975,21.66771],[39.09764,21.66708],[39.09751,21.66708],[39.09749,21.66679],[39.09765,21.66675],[39.09605,21.66638],[39.09536,21.6664],[39.09527,21.6663],[39.09526,21.66599],[39.09532,21.66587],[39.09564,21.66581],[39.09605,21.66598],[39.0964,21.66594],[39.09647,21.66607],[39.09676,21.66597],[39.09719,21.6662],[39.09733,21.66618],[39.09738,21.66604],[39.0972,21.66592],[39.09722,21.66578],[39.09771,21.66561],[39.09783,21.6654],[39.0981,21.66547],[39.09823,21.66537],[39.0982,21.66523],[39.09787,21.66501],[39.0979,21.66455],[39.09806,21.66446],[39.09801,21.66428],[39.09791,21.66422],[39.09765,21.66429],[39.09738,21.66395],[39.09685,21.66376],[39.09639,21.6639],[39.09622,21.66387],[39.09582,21.66366],[39.0957,21.66348],[39.09582,21.66326],[39.09594,21.66321],[39.098,21.66392],[39.09826,21.66331],[39.09823,21.66324],[39.09767,21.66311],[39.09694,21.66278],[39.09665,21.66319],[39.09657,21.6632],[39.09618,21.66246],[39.09624,21.66231],[39.09607,21.6622],[39.09619,21.662],[39.09638,21.6621],[39.09641,21.66204],[39.09672,21.66228],[39.09922,21.66313],[39.09942,21.66288],[39.09939,21.66261],[39.09622,21.66167],[39.09628,21.66113],[39.09644,21.66073],[39.0969,21.66089],[39.09739,21.66128],[39.09853,21.66165],[39.09855,21.6616],[39.09858,21.66167],[39.09974,21.66207],[39.09987,21.66179],[39.09973,21.66167],[39.09969,21.66151],[39.09649,21.66038],[39.09649,21.66029],[39.09668,21.66023],[39.09684,21.65977],[39.09673,21.65973],[39.09681,21.65949],[39.09698,21.65949],[39.09767,21.65959],[39.09933,21.6603],[39.09957,21.66053],[39.10182,21.66126],[39.102,21.66137],[39.1025,21.66194],[39.10358,21.66233],[39.10365,21.66224],[39.10441,21.66261],[39.11077,21.66476],[39.1102,21.67987],[39.11017,21.68257],[39.11003,21.68308],[39.11001,21.68531],[39.1099,21.68626],[39.10968,21.69111],[39.10928,21.69313],[39.10704,21.69898],[39.10358,21.70758],[39.10359,21.70781],[39.10209,21.70795],[39.09845,21.7098],[39.09665,21.71081]]]},"properties":{"district_id":"jeddah-al-murjan","name_ar":"المرجان","name_en":"Al Murjan","city":"jeddah","source_codes":["70030076563164344"]}},{"type":"Feature","id":"jeddah-al-mursalat","geometry":{"type":"Polygon","coordinates":[[[39.42937,21.40436],[39.42905,21.40476],[39.42567,21.40876],[39.42288,21.41112],[39.42165,21.41184],[39.41981,21.41242],[39.41897,21.41279],[39.40858,21.41898],[39.40643,21.4207],[39.39976,21.4272],[39.3991,21.42764],[39.39823,21.42786],[39.39729,21.42776],[39.38914,21.42481],[39.38742,21.4243],[39.38358,21.42384],[39.38181,21.42383],[39.3798,21.42422],[39.37817,21.42485],[39.37221,21.42808],[39.37163,21.42833],[39.36826,21.4294],[39.36745,21.4298],[39.37235,21.42305],[39.37451,21.41938],[39.37493,21.41806],[39.3748,21.41653],[39.37273,21.40103],[39.37335,21.4007],[39.37598,21.39977],[39.37839,21.39941],[39.38024,21.39943],[39.38272,21.39993],[39.39457,21.40386],[39.39642,21.40425],[39.39817,21.4044],[39.39978,21.4042],[39.40201,21.40351],[39.40423,21.40212],[39.40486,21.40153],[39.41254,21.3928],[39.4145,21.39123],[39.41585,21.39049],[39.4178,21.38969],[39.4203,21.38908],[39.42697,21.38895],[39.42702,21.38974],[39.42696,21.38987],[39.42688,21.40302],[39.42694,21.40368],[39.42736,21.4045],[39.42796,21.40503],[39.42826,21.4052],[39.4285,21.40515],[39.42926,21.40422],[39.42937,21.40436]]]},"properties":{"district_id":"jeddah-al-mursalat","name_ar":"المرسلات","name_en":"Al Mursalat","city":"jeddah","source_codes":["70030076563164368"]}},{"type":"Feature","id":"jeddah-al-muruj","geometry":{"type":"Polygon","coordinates":[[[38.95157,21.92402],[38.95078,21.92413],[38.94775,21.924],[38.94749,21.92408],[38.94751,21.9238],[38.94697,21.92378],[38.94673,21.92366],[38.94679,21.92341],[38.94723,21.92348],[38.94723,21.92325],[38.9473,21.92322],[38.94741,21.92324],[38.94749,21.92339],[38.94775,21.92341],[38.9479,21.92355],[38.948,21.92348],[38.94801,21.92336],[38.94818,21.92335],[38.94832,21.92316],[38.94816,21.92288],[38.94834,21.92263],[38.94815,21.92233],[38.94791,21.92237],[38.94773,21.92217],[38.9476,21.92215],[38.94759,21.9224],[38.94741,21.92243],[38.94725,21.92222],[38.94689,21.92214],[38.94689,21.92196],[38.9474,21.92166],[38.94764,21.9217],[38.9478,21.92184],[38.94805,21.92185],[38.9481,21.92197],[38.94821,21.92195],[38.94829,21.92186],[38.94818,21.92171],[38.94831,21.92154],[38.94849,21.92157],[38.94858,21.92174],[38.9487,21.92176],[38.94891,21.92164],[38.94887,21.92128],[38.94908,21.92104],[38.94877,21.92069],[38.94852,21.92078],[38.94825,21.92071],[38.9481,21.92077],[38.9482,21.92106],[38.94802,21.9211],[38.94789,21.92068],[38.94768,21.92062],[38.94748,21.92074],[38.9473,21.92069],[38.94723,21.92055],[38.94727,21.92043],[38.94746,21.92042],[38.94759,21.92017],[38.9477,21.92012],[38.94787,21.92013],[38.94807,21.92029],[38.94834,21.92031],[38.94846,21.92043],[38.94856,21.92036],[38.94849,21.92022],[38.94858,21.91999],[38.94876,21.92001],[38.94881,21.92023],[38.94893,21.9203],[38.94918,21.9202],[38.94929,21.92006],[38.94915,21.91975],[38.94935,21.91951],[38.94903,21.91917],[38.94849,21.91927],[38.9485,21.91954],[38.94835,21.9196],[38.94825,21.91953],[38.94809,21.91912],[38.94788,21.91912],[38.94771,21.91922],[38.9476,21.91909],[38.94759,21.91897],[38.94775,21.91876],[38.94803,21.91891],[38.94815,21.91884],[38.94861,21.91893],[38.94909,21.91882],[38.94931,21.91891],[38.94941,21.91873],[38.94934,21.91859],[38.94912,21.91867],[38.94893,21.91855],[38.9488,21.91861],[38.94859,21.91852],[38.94781,21.91852],[38.94781,21.91822],[38.94796,21.9181],[38.94809,21.91812],[38.94816,21.91824],[38.94866,21.91831],[38.94877,21.9184],[38.94916,21.91825],[38.94935,21.91835],[38.94952,21.91817],[38.94951,21.91781],[38.9497,21.91773],[38.94967,21.91749],[38.94949,21.91733],[38.94917,21.9173],[38.94914,21.91759],[38.94883,21.91762],[38.94873,21.91753],[38.9488,21.91735],[38.94905,21.91735],[38.94907,21.91723],[38.94874,21.91721],[38.94841,21.91708],[38.94819,21.91712],[38.94812,21.91701],[38.94816,21.91683],[38.9483,21.91675],[38.94847,21.91686],[38.94927,21.91697],[38.94972,21.91714],[38.94988,21.91692],[38.94983,21.91673],[38.94953,21.91679],[38.9494,21.91666],[38.94818,21.91641],[38.94821,21.9163],[38.9485,21.91626],[38.94861,21.91558],[38.94826,21.91537],[38.94881,21.91552],[38.9488,21.91563],[38.9489,21.91574],[38.94878,21.91599],[38.95028,21.91645],[38.95036,21.91642],[38.95055,21.91589],[38.95057,21.91561],[38.94865,21.91506],[38.94826,21.91487],[38.94824,21.91477],[38.94853,21.91456],[38.9485,21.91472],[38.94921,21.91494],[38.94959,21.91451],[38.95003,21.91453],[38.95029,21.91476],[38.95055,21.91478],[38.9506,21.91498],[38.95103,21.91481],[38.95135,21.91498],[38.95127,21.91527],[38.95108,21.91541],[38.95134,21.91544],[38.9515,21.91559],[38.95226,21.91574],[38.95253,21.91572],[38.9527,21.91563],[38.95269,21.91553],[38.95292,21.91553],[38.95329,21.91532],[38.95335,21.91501],[38.95311,21.91492],[38.95333,21.91491],[38.95351,21.91447],[38.95337,21.91436],[38.95045,21.91351],[38.95346,21.91425],[38.95387,21.91388],[38.95363,21.9138],[38.95345,21.9135],[38.95345,21.91332],[38.95385,21.913],[38.95397,21.91267],[38.9541,21.91251],[38.95427,21.91246],[38.9545,21.91215],[38.95457,21.9119],[38.9549,21.91172],[38.95474,21.91163],[38.95486,21.91142],[38.95473,21.91134],[38.9526,21.91083],[38.9489,21.90969],[38.94902,21.90951],[38.949,21.9093],[38.94926,21.90821],[38.94962,21.90717],[38.9496,21.90705],[38.94937,21.90692],[38.94937,21.90677],[38.9495,21.9067],[38.94977,21.90675],[38.94992,21.907],[38.95026,21.90721],[38.95059,21.90717],[38.95068,21.9074],[38.95099,21.9074],[38.95107,21.90721],[38.95126,21.90708],[38.95123,21.90685],[38.9509,21.9068],[38.95063,21.9065],[38.95051,21.9065],[38.95055,21.90667],[38.95049,21.90676],[38.9501,21.9066],[38.95006,21.90651],[38.95013,21.90643],[38.95039,21.90655],[38.95047,21.90648],[38.95042,21.90636],[38.9502,21.9063],[38.95017,21.9062],[38.9506,21.90617],[38.9512,21.90599],[38.9517,21.90597],[38.95287,21.90556],[38.95295,21.90545],[38.95376,21.9062],[38.9542,21.90629],[38.95418,21.90659],[38.95431,21.90675],[38.9549,21.90684],[38.95514,21.90728],[38.95509,21.9074],[38.95518,21.9076],[38.95544,21.90785],[38.95571,21.90782],[38.95584,21.90767],[38.9558,21.90747],[38.95547,21.90718],[38.95516,21.90715],[38.95516,21.90687],[38.955,21.90665],[38.95465,21.90666],[38.95441,21.90658],[38.95423,21.90618],[38.95429,21.906],[38.95423,21.90584],[38.95401,21.90563],[38.95368,21.90567],[38.95351,21.90547],[38.95393,21.90532],[38.95408,21.90538],[38.95464,21.90504],[38.95561,21.90425],[38.956,21.90365],[38.95611,21.90328],[38.95626,21.90348],[38.95635,21.90344],[38.95621,21.9032],[38.95624,21.90308],[38.95688,21.90216],[38.95937,21.89888],[38.96061,21.89747],[38.96132,21.8961],[38.96246,21.89482],[38.96295,21.89398],[38.9635,21.89272],[38.96397,21.89151],[38.96424,21.89033],[38.9647,21.88928],[38.96479,21.88925],[38.96819,21.89071],[38.9685,21.89031],[38.96853,21.89011],[38.96846,21.88999],[38.96492,21.8887],[38.96521,21.88801],[38.96562,21.88818],[38.96575,21.88798],[38.96584,21.8877],[38.9654,21.88749],[38.96553,21.88707],[38.96592,21.8872],[38.96598,21.88736],[38.96654,21.88759],[38.9667,21.88752],[38.96677,21.88732],[38.96676,21.8872],[38.96618,21.88695],[38.96604,21.88701],[38.9656,21.88687],[38.96597,21.88558],[38.96619,21.88565],[38.96647,21.88479],[38.96607,21.88465],[38.96608,21.88447],[38.96683,21.88482],[38.96726,21.88435],[38.96726,21.88423],[38.96711,21.88412],[38.9664,21.88385],[38.96631,21.88392],[38.96622,21.88389],[38.96625,21.88372],[38.96988,21.88509],[38.97004,21.88501],[38.97037,21.88432],[38.97055,21.88342],[38.96732,21.88231],[38.96749,21.88214],[38.96752,21.88197],[38.9707,21.88307],[38.9713,21.88213],[38.97163,21.88134],[38.97296,21.87732],[38.97336,21.87555],[38.97453,21.87217],[38.97457,21.87193],[38.97452,21.87181],[38.97372,21.87149],[38.97427,21.86989],[38.97516,21.87021],[38.97534,21.8701],[38.97549,21.86984],[38.97573,21.86899],[38.97582,21.86819],[38.97594,21.86796],[38.976,21.86698],[38.97617,21.86621],[38.97696,21.86461],[38.97763,21.86234],[38.97884,21.86023],[38.97957,21.8584],[38.97949,21.85812],[38.97782,21.85613],[38.97742,21.8558],[38.97742,21.85566],[38.97765,21.8554],[38.97798,21.85538],[38.97823,21.85551],[38.97839,21.85607],[38.97865,21.85632],[38.97897,21.85638],[38.97961,21.85622],[38.98002,21.85626],[38.98028,21.85658],[38.98028,21.85669],[38.98043,21.85674],[38.9805,21.85712],[38.98061,21.85727],[38.98111,21.85721],[38.9815,21.85703],[38.98156,21.85656],[38.98171,21.85631],[38.98192,21.85615],[38.98221,21.85607],[38.98188,21.85572],[38.98231,21.85605],[38.9826,21.85603],[38.98287,21.85553],[38.98296,21.85514],[38.98286,21.85477],[38.98268,21.85464],[38.98248,21.85468],[38.98239,21.85461],[38.98242,21.85448],[38.98197,21.85469],[38.98171,21.85447],[38.98172,21.85399],[38.98217,21.85338],[38.98211,21.85297],[38.98188,21.85279],[38.9819,21.85249],[38.98306,21.85174],[38.98331,21.85172],[38.9836,21.85157],[38.98343,21.85202],[38.9829,21.85247],[38.98289,21.85271],[38.98382,21.85368],[38.98434,21.85392],[38.98446,21.85421],[38.98497,21.85406],[38.98538,21.85363],[38.98505,21.85329],[38.98506,21.85321],[38.98515,21.8532],[38.98548,21.85343],[38.98579,21.85306],[38.98553,21.85284],[38.9855,21.85251],[38.98471,21.85162],[38.98453,21.85152],[38.9842,21.85149],[38.9841,21.85139],[38.98411,21.85124],[38.98429,21.85103],[38.98498,21.8508],[38.98508,21.85087],[38.98512,21.85102],[38.98487,21.85125],[38.98573,21.85214],[38.98607,21.85213],[38.98662,21.85189],[38.98706,21.8515],[38.98737,21.85101],[38.98694,21.85057],[38.98677,21.85069],[38.98692,21.85054],[38.9866,21.85014],[38.98635,21.85017],[38.98624,21.8501],[38.98623,21.84993],[38.98637,21.84981],[38.98656,21.84983],[38.98859,21.85214],[38.98882,21.85209],[38.98898,21.85189],[38.98701,21.84953],[38.98775,21.84908],[38.98787,21.84914],[38.9883,21.84888],[38.98834,21.84905],[38.98826,21.84902],[38.98789,21.84923],[38.98794,21.84935],[38.98754,21.84962],[38.98755,21.84973],[38.98784,21.8501],[38.98782,21.8502],[38.98803,21.85045],[38.98804,21.85035],[38.98812,21.85035],[38.98812,21.85056],[38.98832,21.85081],[38.98882,21.85065],[38.98935,21.85035],[38.99001,21.8497],[38.9894,21.84898],[38.98889,21.84885],[38.98881,21.84869],[38.98882,21.84854],[38.98909,21.84831],[38.98972,21.84906],[38.98986,21.84907],[38.9898,21.84916],[38.99008,21.84948],[38.99042,21.84934],[38.99054,21.84919],[38.98985,21.84833],[38.99005,21.84827],[38.99005,21.8484],[38.99036,21.8488],[38.99061,21.84862],[38.99021,21.8482],[38.98983,21.84759],[38.98996,21.84742],[38.99011,21.84757],[38.99004,21.84764],[38.99019,21.84782],[38.99032,21.84783],[38.99049,21.84822],[38.99073,21.84802],[38.99047,21.84785],[38.99039,21.84756],[38.9902,21.84751],[38.99001,21.84732],[38.9902,21.84719],[38.99034,21.84723],[38.99052,21.84745],[38.99067,21.84744],[38.99074,21.84731],[38.99057,21.84708],[38.99061,21.847],[38.99199,21.84861],[38.99216,21.84852],[38.99162,21.84786],[38.99167,21.84777],[38.99201,21.84811],[38.99227,21.84853],[38.99234,21.84853],[38.99121,21.84706],[38.9909,21.84681],[38.99111,21.84662],[38.99138,21.84702],[38.9916,21.84701],[38.99164,21.84685],[38.99143,21.84657],[38.99125,21.84651],[38.99133,21.8464],[38.99197,21.84712],[38.99215,21.84705],[38.99182,21.84656],[38.99172,21.84619],[38.99175,21.84603],[38.9919,21.84622],[38.99199,21.84616],[38.9921,21.8463],[38.99202,21.84636],[38.9923,21.84672],[38.99265,21.84658],[38.99271,21.84649],[38.99215,21.84576],[38.99186,21.84583],[38.99208,21.84563],[38.99231,21.84583],[38.99267,21.84581],[38.99289,21.84594],[38.99325,21.84678],[38.9938,21.8472],[38.99391,21.84754],[38.99406,21.84773],[38.99458,21.84785],[38.99497,21.84767],[38.99519,21.84742],[38.99509,21.84714],[38.99486,21.84695],[38.99387,21.84658],[38.99356,21.84611],[38.99358,21.84581],[38.99375,21.84557],[38.99399,21.84548],[38.99444,21.84569],[38.99498,21.84576],[38.9952,21.84598],[38.99496,21.84657],[38.99516,21.84689],[38.99538,21.84701],[38.9956,21.84702],[38.99608,21.84676],[38.99622,21.84651],[38.99613,21.84626],[38.99533,21.84537],[38.99502,21.84487],[38.9946,21.84465],[38.99472,21.84447],[38.99517,21.8445],[38.9955,21.84426],[38.99704,21.8461],[38.99737,21.84591],[38.99596,21.84414],[38.99592,21.84399],[38.99618,21.84399],[38.99628,21.84369],[38.9964,21.84373],[38.99701,21.84324],[38.99699,21.84314],[38.99745,21.84291],[38.99834,21.84227],[38.99738,21.84114],[38.99742,21.84101],[38.99753,21.84103],[38.99835,21.84213],[38.9985,21.84201],[38.99867,21.84221],[38.99874,21.84216],[38.99863,21.84202],[38.99869,21.84195],[38.99819,21.8414],[38.99831,21.84129],[38.99878,21.84189],[38.99887,21.84185],[38.999,21.84199],[38.99907,21.84195],[38.9989,21.84175],[38.99908,21.84162],[38.99846,21.84091],[38.99855,21.84085],[38.99911,21.8416],[38.99929,21.84148],[39.00023,21.84262],[39.00095,21.84218],[39.00151,21.84283],[39.00167,21.84284],[39.00199,21.84258],[39.00241,21.84192],[38.99964,21.84001],[38.9991,21.83974],[38.99893,21.83949],[38.99889,21.83914],[38.99904,21.83891],[38.99924,21.83881],[38.99975,21.83889],[39.00019,21.83914],[39.00039,21.83937],[39.00295,21.841],[39.00352,21.84028],[39.00359,21.84004],[39.00237,21.83918],[39.00126,21.83815],[39.00055,21.83797],[39.0001,21.83733],[39.00025,21.83678],[39.00043,21.83666],[39.00074,21.83667],[39.00093,21.83687],[39.00128,21.83699],[39.00252,21.83788],[39.00439,21.83901],[39.00476,21.83874],[39.00515,21.83821],[39.00514,21.83812],[39.00254,21.83621],[39.0015,21.83557],[39.00112,21.8352],[39.00104,21.83509],[39.00107,21.83486],[39.0014,21.83455],[39.00174,21.83462],[39.0024,21.83502],[39.00276,21.83507],[39.00307,21.83545],[39.0057,21.83729],[39.00578,21.83729],[39.00608,21.83688],[39.00571,21.83639],[39.00556,21.83633],[39.00547,21.83658],[39.00537,21.83661],[39.00482,21.83619],[39.00477,21.83599],[39.005,21.8358],[39.00501,21.83568],[39.00467,21.83544],[39.00454,21.83502],[39.00402,21.83482],[39.00376,21.83452],[39.00236,21.83363],[39.00235,21.83375],[39.00227,21.83377],[39.00201,21.83335],[39.00225,21.83283],[39.00239,21.8328],[39.00548,21.83498],[39.00574,21.83483],[39.0061,21.8343],[39.00673,21.83265],[39.00696,21.83113],[39.00746,21.82883],[39.00768,21.82851],[39.00836,21.82793],[39.00871,21.82735],[39.00897,21.82668],[39.00887,21.82648],[39.00789,21.82588],[39.00788,21.82559],[39.00624,21.82456],[39.00631,21.82458],[39.01151,21.82786],[39.02306,21.83588],[39.02294,21.83639],[39.023,21.83642],[39.02306,21.83697],[39.02375,21.83797],[39.0233,21.83787],[39.02316,21.83807],[39.02291,21.83874],[39.02291,21.83944],[39.0241,21.8432],[39.0252,21.8458],[39.02534,21.84661],[39.02529,21.84742],[39.02473,21.85006],[39.02412,21.85182],[39.02394,21.85262],[39.02387,21.85385],[39.0236,21.85502],[39.02371,21.85617],[39.02347,21.85854],[39.02313,21.85922],[39.02275,21.85954],[39.02259,21.8598],[39.02238,21.86097],[39.02153,21.86306],[39.021,21.8641],[39.01998,21.86557],[39.01942,21.8673],[39.0189,21.86841],[39.0182,21.86922],[39.01774,21.86993],[39.01754,21.87055],[39.01683,21.87149],[39.01642,21.87188],[39.01579,21.87217],[39.01504,21.87281],[39.01444,21.87347],[39.01327,21.87444],[39.01188,21.87514],[39.01063,21.87609],[39.00923,21.87676],[39.00915,21.87685],[39.00915,21.87709],[39.00891,21.87727],[39.00805,21.87773],[39.00781,21.87769],[39.0075,21.87776],[39.00693,21.87815],[39.00615,21.87888],[39.00554,21.87925],[39.00454,21.87954],[39.00276,21.87964],[39.00236,21.87978],[39.00182,21.8801],[39.00173,21.88033],[39.00191,21.88108],[39.0014,21.88131],[39.0013,21.88157],[39.00189,21.88321],[39.00206,21.8833],[39.00198,21.88351],[39.00227,21.88437],[39.00236,21.88445],[39.00234,21.8846],[39.00217,21.88457],[39.0022,21.8844],[39.00192,21.88354],[39.00174,21.88346],[39.00183,21.88328],[39.00125,21.8817],[39.00094,21.88152],[39.0002,21.8818],[39.00013,21.8819],[39.00115,21.88451],[39.00134,21.88465],[39.00132,21.88483],[39.00117,21.88494],[39.00092,21.88485],[39.00096,21.88468],[38.99999,21.8821],[38.99986,21.882],[38.99954,21.88197],[38.99918,21.88218],[38.99998,21.88424],[38.99986,21.88431],[38.99902,21.88224],[38.99853,21.88233],[38.99837,21.88248],[38.99853,21.88304],[38.99869,21.88317],[38.99861,21.88333],[38.99838,21.88329],[38.9984,21.88312],[38.9982,21.88257],[38.998,21.88252],[38.9976,21.88267],[38.99772,21.88323],[38.99765,21.88322],[38.9975,21.88278],[38.99741,21.88275],[38.99736,21.88282],[38.9975,21.88328],[38.99635,21.8836],[38.99638,21.8838],[38.99629,21.88362],[38.996,21.88367],[38.9957,21.88344],[38.99519,21.88358],[38.99433,21.88167],[38.99397,21.88179],[38.99481,21.88374],[38.99415,21.88394],[38.99404,21.88368],[38.99377,21.88377],[38.99335,21.88298],[38.9931,21.88309],[38.99339,21.88383],[38.99309,21.88393],[38.9927,21.88303],[38.99257,21.88301],[38.99218,21.88301],[38.99134,21.88321],[38.99099,21.88367],[38.99107,21.88406],[38.99244,21.88598],[38.99293,21.88659],[38.99317,21.88655],[38.99319,21.88662],[38.99307,21.88673],[38.9931,21.8868],[38.99299,21.88677],[38.99275,21.88689],[38.99287,21.88666],[38.99083,21.88399],[38.99057,21.88393],[38.99024,21.884],[38.98967,21.88455],[38.98921,21.88544],[38.98892,21.88699],[38.98913,21.88718],[38.99002,21.88712],[38.99019,21.88845],[38.99049,21.88957],[38.99053,21.89],[38.99108,21.88988],[38.99108,21.88999],[38.99053,21.89003],[38.99058,21.89035],[38.99089,21.89029],[38.99084,21.89018],[38.99092,21.89017],[38.99092,21.89029],[38.99104,21.89025],[38.99106,21.89032],[38.99059,21.89038],[38.99062,21.89061],[38.9909,21.89053],[38.9909,21.89063],[38.99062,21.89062],[38.99059,21.89074],[38.98938,21.89097],[38.98925,21.89127],[38.98927,21.89163],[38.9894,21.89189],[38.9896,21.89209],[38.98967,21.89242],[38.99176,21.89193],[38.99187,21.89198],[38.99171,21.89211],[38.99167,21.89206],[38.98967,21.8925],[38.98971,21.89272],[38.99066,21.89258],[38.99067,21.89264],[38.9916,21.89245],[38.99161,21.89256],[38.9907,21.89267],[38.99071,21.8931],[38.99307,21.89314],[38.99323,21.89323],[38.99334,21.89351],[38.99314,21.89376],[38.99121,21.89385],[38.99078,21.89418],[38.99066,21.89462],[38.99081,21.89505],[38.99118,21.89533],[38.99309,21.89541],[38.99325,21.8955],[38.99332,21.89571],[38.99325,21.89587],[38.9931,21.89596],[38.99239,21.89598],[38.99207,21.89821],[38.99117,21.89824],[38.99107,21.89831],[38.99092,21.89849],[38.99078,21.89904],[38.99045,21.89969],[38.98898,21.9009],[38.9888,21.90119],[38.98857,21.90133],[38.98822,21.90173],[38.988,21.90246],[38.98807,21.90342],[38.98789,21.90343],[38.9878,21.90301],[38.98766,21.90296],[38.98713,21.90319],[38.98685,21.90352],[38.98679,21.90403],[38.98713,21.90535],[38.98727,21.90652],[38.98753,21.9074],[38.98758,21.90824],[38.98737,21.9083],[38.98724,21.90809],[38.98723,21.90837],[38.98686,21.90842],[38.9868,21.90836],[38.98602,21.90509],[38.98593,21.9049],[38.98575,21.9048],[38.98555,21.90481],[38.98413,21.90586],[38.98329,21.90637],[38.98271,21.90646],[38.98233,21.90619],[38.9822,21.90536],[38.98293,21.90362],[38.98252,21.90221],[38.98259,21.90167],[38.9827,21.90158],[38.9827,21.90123],[38.98258,21.9012],[38.98239,21.89847],[38.98292,21.89794],[38.98284,21.89767],[38.98266,21.89744],[38.98232,21.89728],[38.98159,21.898],[38.98225,21.89732],[38.98193,21.89708],[38.98137,21.89782],[38.98144,21.8979],[38.98135,21.89802],[38.98121,21.89792],[38.98173,21.89721],[38.9817,21.89714],[38.98138,21.89684],[38.98103,21.8967],[38.98084,21.89707],[38.98104,21.89653],[38.98085,21.8964],[38.98028,21.89627],[38.98,21.89634],[38.9796,21.89753],[38.97934,21.89746],[38.97944,21.89715],[38.97966,21.89715],[38.97993,21.89634],[38.97978,21.89617],[38.9791,21.89574],[38.97705,21.8952],[38.97547,21.89502],[38.97462,21.89501],[38.97363,21.89517],[38.97368,21.89539],[38.97359,21.89518],[38.973,21.89541],[38.9725,21.89568],[38.97225,21.89592],[38.9721,21.89623],[38.97196,21.89691],[38.97173,21.89734],[38.97059,21.8985],[38.97056,21.8988],[38.97074,21.8991],[38.9706,21.89932],[38.97066,21.89943],[38.97051,21.8994],[38.97013,21.89978],[38.97048,21.90018],[38.97042,21.9002],[38.97007,21.89982],[38.96992,21.89994],[38.96977,21.89991],[38.9695,21.89955],[38.9693,21.89959],[38.96914,21.89975],[38.9691,21.90021],[38.97032,21.90032],[38.97035,21.90043],[38.96909,21.9003],[38.96906,21.90038],[38.96918,21.9005],[38.97024,21.90058],[38.97026,21.90069],[38.96919,21.90059],[38.96878,21.90065],[38.96863,21.90078],[38.96864,21.90098],[38.96887,21.90125],[38.96888,21.90148],[38.96842,21.9028],[38.96853,21.90294],[38.96893,21.90297],[38.96885,21.90355],[38.96806,21.9035],[38.96803,21.90362],[38.96726,21.90355],[38.96696,21.90341],[38.96678,21.90343],[38.96678,21.90362],[38.96715,21.90357],[38.96836,21.90375],[38.96861,21.90371],[38.96861,21.90379],[38.96831,21.90385],[38.96829,21.90393],[38.96879,21.90412],[38.96881,21.90431],[38.96873,21.90447],[38.96783,21.90437],[38.96768,21.90453],[38.96773,21.90473],[38.96864,21.90479],[38.9686,21.9052],[38.96753,21.90517],[38.96742,21.90528],[38.96749,21.90544],[38.9677,21.90552],[38.96911,21.90531],[38.96916,21.9054],[38.96806,21.90557],[38.96777,21.90589],[38.96744,21.90708],[38.96736,21.90777],[38.96722,21.90797],[38.96705,21.90795],[38.96638,21.90952],[38.9654,21.911],[38.96546,21.91111],[38.96703,21.91131],[38.96702,21.91148],[38.96687,21.91156],[38.96533,21.91137],[38.96521,21.91167],[38.96519,21.91198],[38.96608,21.9121],[38.96618,21.91219],[38.96619,21.91236],[38.96608,21.91242],[38.96493,21.91226],[38.96484,21.91242],[38.96488,21.91263],[38.96582,21.91272],[38.96589,21.91289],[38.96574,21.91296],[38.96498,21.91285],[38.96483,21.91289],[38.96459,21.91331],[38.96443,21.91344],[38.9641,21.91423],[38.96418,21.91446],[38.96544,21.91453],[38.96553,21.9146],[38.96551,21.91469],[38.96519,21.9151],[38.9639,21.9154],[38.96304,21.91621],[38.9622,21.91639],[38.96205,21.91651],[38.96126,21.9166],[38.96114,21.91673],[38.96093,21.91663],[38.96024,21.91674],[38.96005,21.91665],[38.95973,21.91706],[38.95981,21.9167],[38.95953,21.91658],[38.95925,21.91667],[38.95919,21.91699],[38.95932,21.91699],[38.95946,21.91711],[38.9598,21.91713],[38.95983,21.91719],[38.95924,21.91978],[38.95937,21.92],[38.96014,21.91726],[38.96292,21.91664],[38.96326,21.91627],[38.96325,21.91613],[38.96387,21.9155],[38.96525,21.91519],[38.96596,21.91456],[38.96662,21.9146],[38.96678,21.91452],[38.96692,21.91478],[38.96764,21.91543],[38.96754,21.91566],[38.96767,21.91653],[38.96817,21.91621],[38.9676,21.91554],[38.96764,21.91547],[38.96806,21.91584],[38.9683,21.91618],[38.96841,21.91617],[38.96829,21.91573],[38.96765,21.91473],[38.96728,21.91424],[38.96685,21.91384],[38.967,21.91341],[38.96715,21.91329],[38.96737,21.91332],[38.96765,21.91368],[38.96824,21.9149],[38.96883,21.91553],[38.9692,21.91612],[38.96945,21.91634],[38.96943,21.91659],[38.96908,21.91683],[38.9688,21.91686],[38.96854,21.91631],[38.9684,21.91628],[38.96782,21.91661],[38.96747,21.91693],[38.96794,21.91703],[38.9683,21.91742],[38.96286,21.92045],[38.96025,21.92152],[38.96004,21.92154],[38.95982,21.92144],[38.95979,21.92118],[38.95952,21.92099],[38.95938,21.92063],[38.95908,21.92062],[38.95919,21.92027],[38.95883,21.91999],[38.95869,21.92014],[38.95865,21.92033],[38.95868,21.92048],[38.95886,21.92059],[38.95877,21.92072],[38.95856,21.92065],[38.95866,21.92085],[38.95856,21.92093],[38.95848,21.92083],[38.95844,21.92099],[38.95831,21.92102],[38.9584,21.91965],[38.9573,21.91888],[38.95676,21.91872],[38.95643,21.91877],[38.9561,21.91895],[38.95561,21.91944],[38.95479,21.91991],[38.95402,21.92079],[38.95313,21.92136],[38.95272,21.92192],[38.952,21.92209],[38.95165,21.92228],[38.95163,21.92244],[38.95178,21.92252],[38.95257,21.92217],[38.95353,21.92218],[38.95438,21.92197],[38.95458,21.92179],[38.9547,21.92186],[38.95446,21.92238],[38.95398,21.92284],[38.95251,21.92362],[38.95157,21.92402]]]},"properties":{"district_id":"jeddah-al-muruj","name_ar":"المروج","name_en":"Al Muruj","city":"jeddah","source_codes":["70030076563163829"]}},{"type":"Feature","id":"jeddah-al-mustaqbal","geometry":{"type":"Polygon","coordinates":[[[39.38655,21.3505],[39.37695,21.36137],[39.3624,21.35701],[39.35844,21.35623],[39.35255,21.35608],[39.34235,21.35798],[39.33622,21.33232],[39.33742,21.33239],[39.34315,21.33238],[39.34767,21.33406],[39.35174,21.33349],[39.35565,21.3308],[39.357,21.32825],[39.36002,21.32811],[39.36333,21.32513],[39.36844,21.3223],[39.37161,21.32215],[39.37401,21.32059],[39.37748,21.31903],[39.38139,21.3186],[39.3826,21.31761],[39.38455,21.31661],[39.39013,21.31632],[39.39428,21.3152],[39.39788,21.32406],[39.39998,21.32806],[39.40007,21.32841],[39.40005,21.32877],[39.39683,21.33473],[39.39541,21.33764],[39.39296,21.34218],[39.38655,21.3505]]]},"properties":{"district_id":"jeddah-al-mustaqbal","name_ar":"المستقبل","name_en":"Al Mustaqbal","city":"jeddah","source_codes":["70030076563164370"]}},{"type":"Feature","id":"jeddah-al-muzairah","geometry":{"type":"Polygon","coordinates":[[[39.15636,21.97943],[39.15615,21.98418],[39.15611,21.98809],[39.15618,21.99199],[39.15645,21.99678],[39.12091,21.99332],[39.12361,21.97126],[39.15696,21.97281],[39.15636,21.97943]]]},"properties":{"district_id":"jeddah-al-muzairah","name_ar":"المزيرعة","name_en":"Al Muzairah","city":"jeddah","source_codes":["70030076563164369"]}},{"type":"Feature","id":"jeddah-al-naeem","geometry":{"type":"Polygon","coordinates":[[[39.15553,21.61391],[39.15436,21.62011],[39.15318,21.6285],[39.15228,21.63176],[39.15103,21.63474],[39.14952,21.63745],[39.14857,21.63886],[39.14415,21.64464],[39.13049,21.63994],[39.13763,21.62182],[39.13794,21.62076],[39.13829,21.61888],[39.13855,21.61791],[39.14091,21.6119],[39.14115,21.61089],[39.15553,21.61391]]]},"properties":{"district_id":"jeddah-al-naeem","name_ar":"النعيم","name_en":"Al Naeem","city":"jeddah","source_codes":["70030076563163791"]}},{"type":"Feature","id":"jeddah-al-nahdah","geometry":{"type":"Polygon","coordinates":[[[39.13362,21.63204],[39.12752,21.63077],[39.12732,21.63193],[39.11329,21.62871],[39.12045,21.6083],[39.12075,21.60725],[39.12094,21.60625],[39.14115,21.61089],[39.14091,21.6119],[39.13855,21.61791],[39.13829,21.61888],[39.13794,21.62076],[39.13763,21.62182],[39.13362,21.63204]]]},"properties":{"district_id":"jeddah-al-nahdah","name_ar":"النهضة","name_en":"Al Nahdah","city":"jeddah","source_codes":["70030076563163799"]}},{"type":"Feature","id":"jeddah-al-nakheel","geometry":{"type":"Polygon","coordinates":[[[39.2816,21.53649],[39.27968,21.53886],[39.27505,21.54274],[39.27004,21.54673],[39.26494,21.5445],[39.25956,21.54319],[39.24878,21.5415],[39.24416,21.54058],[39.24391,21.54164],[39.23836,21.54056],[39.23968,21.53672],[39.2422,21.52849],[39.24285,21.52682],[39.24425,21.52368],[39.24551,21.52138],[39.24669,21.51954],[39.25236,21.51226],[39.26267,21.51493],[39.2639,21.5154],[39.26471,21.51586],[39.26549,21.51644],[39.26873,21.51948],[39.27083,21.52088],[39.28222,21.52182],[39.28331,21.52184],[39.28467,21.52173],[39.28498,21.52531],[39.28493,21.52997],[39.28479,21.52991],[39.28409,21.53231],[39.28363,21.53333],[39.28307,21.53435],[39.2816,21.53649]],[[39.25604,21.52707],[39.25582,21.5296],[39.25769,21.52989],[39.25819,21.52778],[39.25604,21.52707]]]},"properties":{"district_id":"jeddah-al-nakheel","name_ar":"النخيل","name_en":"Al Nakheel","city":"jeddah","source_codes":["70030076563163788"]}},{"type":"Feature","id":"jeddah-al-naseem","geometry":{"type":"Polygon","coordinates":[[[39.24045,21.50923],[39.25236,21.51226],[39.24985,21.51548],[39.24964,21.51584],[39.24688,21.51929],[39.24551,21.52138],[39.24425,21.52368],[39.2425,21.52765],[39.24115,21.53199],[39.24024,21.53184],[39.24,21.53167],[39.23989,21.52832],[39.20981,21.52672],[39.21,21.52586],[39.21338,21.52023],[39.21423,21.51862],[39.21584,21.51486],[39.21651,21.51295],[39.21728,21.51131],[39.21886,21.51127],[39.23907,21.50952],[39.2396,21.50924],[39.24045,21.50923]]]},"properties":{"district_id":"jeddah-al-naseem","name_ar":"النسيم","name_en":"Al Naseem","city":"jeddah","source_codes":["70030076563163790"]}},{"type":"Feature","id":"jeddah-al-noor","geometry":{"type":"Polygon","coordinates":[[[39.07717,21.87457],[39.07475,21.8749],[39.07274,21.87494],[39.07167,21.87484],[39.07039,21.87437],[39.0691,21.87361],[39.05087,21.86076],[39.05131,21.8603],[39.05248,21.86027],[39.05806,21.85327],[39.06013,21.85029],[39.0807,21.84923],[39.08109,21.85576],[39.07534,21.85666],[39.07416,21.85681],[39.0734,21.85671],[39.07717,21.87457]]]},"properties":{"district_id":"jeddah-al-noor","name_ar":"النور","name_en":"Al Noor","city":"jeddah","source_codes":["70030076563163761"]}},{"type":"Feature","id":"jeddah-al-nuzha","geometry":{"type":"Polygon","coordinates":[[[39.1805,21.63129],[39.17774,21.63141],[39.17444,21.63179],[39.1659,21.63345],[39.15972,21.63438],[39.15833,21.63473],[39.15646,21.63557],[39.15113,21.63872],[39.14717,21.64069],[39.14857,21.63886],[39.15,21.63668],[39.15113,21.63453],[39.15228,21.63176],[39.15318,21.6285],[39.15436,21.62011],[39.15553,21.61391],[39.18584,21.61968],[39.18506,21.6221],[39.18468,21.62369],[39.18212,21.63131],[39.1805,21.63129]]]},"properties":{"district_id":"jeddah-al-nuzha","name_ar":"النزهة","name_en":"Al Nuzha","city":"jeddah","source_codes":["70030076563163789"]}},{"type":"Feature","id":"jeddah-al-olaya","geometry":{"type":"Polygon","coordinates":[[[39.36745,21.4298],[39.36414,21.43173],[39.36296,21.43227],[39.35474,21.43457],[39.34483,21.43823],[39.34496,21.43275],[39.34515,21.43079],[39.34545,21.42883],[39.34609,21.42604],[39.34882,21.4164],[39.35132,21.41664],[39.35344,21.41673],[39.35552,21.41628],[39.35812,21.41543],[39.36016,21.41416],[39.36284,21.41146],[39.36832,21.40488],[39.37036,21.40279],[39.37198,21.40142],[39.37273,21.40103],[39.3748,21.41653],[39.37493,21.41806],[39.37451,21.41938],[39.37235,21.42305],[39.36745,21.4298]]]},"properties":{"district_id":"jeddah-al-olaya","name_ar":"العليا","name_en":"Al Olaya","city":"jeddah","source_codes":["70030076563163820"]}},{"type":"Feature","id":"jeddah-al-qouzeen","geometry":{"type":"Polygon","coordinates":[[[39.19282,21.26741],[39.19288,21.26819],[39.19252,21.28488],[39.18903,21.28503],[39.153,21.28415],[39.15337,21.26657],[39.15346,21.26611],[39.15365,21.26569],[39.15462,21.26455],[39.15415,21.26399],[39.13885,21.25087],[39.13799,21.25016],[39.13718,21.24979],[39.13814,21.24872],[39.13827,21.2479],[39.13879,21.2463],[39.139,21.24501],[39.13923,21.24434],[39.13929,21.24361],[39.19322,21.24347],[39.19282,21.26741]]]},"properties":{"district_id":"jeddah-al-qouzeen","name_ar":"القوزين","name_en":"Al Qouzeen","city":"jeddah","source_codes":["70030076563164348"]}},{"type":"Feature","id":"jeddah-al-qryniah","geometry":{"type":"Polygon","coordinates":[[[39.26109,21.32777],[39.23139,21.32729],[39.23153,21.31992],[39.23178,21.31951],[39.23246,21.28623],[39.23258,21.28608],[39.24385,21.2863],[39.24388,21.28614],[39.26203,21.28636],[39.26109,21.32777]]]},"properties":{"district_id":"jeddah-al-qryniah","name_ar":"القرينية","name_en":"Al Qryniah","city":"jeddah","source_codes":["70030076567182359"]}},{"type":"Feature","id":"jeddah-al-quraiyat","geometry":{"type":"Polygon","coordinates":[[[39.2074,21.45873],[39.20735,21.45933],[39.20751,21.4644],[39.20742,21.46525],[39.20673,21.46513],[39.19885,21.46477],[39.19936,21.46559],[39.20008,21.46709],[39.20053,21.46805],[39.20065,21.46861],[39.20059,21.46897],[39.20031,21.46951],[39.20037,21.47104],[39.19865,21.47342],[39.19856,21.47363],[39.19679,21.47218],[39.19592,21.47163],[39.19537,21.47134],[39.19242,21.47025],[39.19355,21.46753],[39.19356,21.46736],[39.19231,21.46372],[39.19247,21.46273],[39.19294,21.46096],[39.19297,21.46025],[39.19325,21.45897],[39.20268,21.45885],[39.20493,21.4587],[39.2074,21.45873]]]},"properties":{"district_id":"jeddah-al-quraiyat","name_ar":"القريات","name_en":"Al Quraiyat","city":"jeddah","source_codes":["70030076563164347"]}},{"type":"Feature","id":"jeddah-al-qus","geometry":{"type":"Polygon","coordinates":[[[39.37172,21.54553],[39.37117,21.54632],[39.35677,21.54347],[39.35481,21.54232],[39.35451,21.54302],[39.3531,21.54274],[39.35053,21.54272],[39.34224,21.54206],[39.33811,21.54099],[39.33559,21.54022],[39.32502,21.53615],[39.31313,21.53232],[39.32205,21.51706],[39.32406,21.51225],[39.3269,21.49335],[39.32999,21.49409],[39.33495,21.4966],[39.33747,21.49768],[39.34032,21.49943],[39.34355,21.50183],[39.34466,21.50276],[39.35971,21.51616],[39.36338,21.51928],[39.36755,21.52236],[39.37275,21.52564],[39.37739,21.52829],[39.37968,21.52977],[39.37787,21.53224],[39.37728,21.53605],[39.37442,21.5386],[39.37172,21.54553]]]},"properties":{"district_id":"jeddah-al-qus","name_ar":"القوس","name_en":"Al Qus","city":"jeddah","source_codes":["70030076563163749"]}},{"type":"Feature","id":"jeddah-al-rabih","geometry":{"type":"Polygon","coordinates":[[[38.99803,21.94793],[38.99763,21.94738],[38.99858,21.94689],[38.99934,21.94663],[39.00046,21.94561],[39.00149,21.94541],[39.00166,21.94523],[39.00177,21.94487],[39.00208,21.9446],[39.00227,21.94425],[39.00248,21.94413],[39.0028,21.94339],[39.00292,21.94276],[39.00278,21.94181],[39.00196,21.93918],[39.00174,21.93804],[39.00185,21.93781],[39.00181,21.93752],[39.00197,21.93728],[39.00179,21.93701],[39.00173,21.93571],[39.00155,21.93522],[39.00149,21.93452],[39.00175,21.93429],[39.00226,21.93418],[39.0025,21.93337],[39.00337,21.93227],[39.00365,21.93202],[39.00373,21.93163],[39.00396,21.93127],[39.00392,21.93082],[39.00399,21.93051],[39.00548,21.92809],[39.00589,21.92776],[39.00707,21.92725],[39.01074,21.92609],[39.01092,21.92589],[39.01147,21.92555],[39.01179,21.9252],[39.01186,21.92494],[39.01213,21.92458],[39.01233,21.92455],[39.01247,21.92436],[39.01297,21.9227],[39.0136,21.92202],[39.01405,21.92168],[39.01426,21.9214],[39.01496,21.92106],[39.01547,21.92017],[39.01623,21.91948],[39.01645,21.91884],[39.01695,21.91824],[39.01704,21.91769],[39.01697,21.91725],[39.0167,21.91652],[39.01611,21.91531],[39.01559,21.91492],[39.01543,21.91487],[39.01523,21.91499],[39.01516,21.91495],[39.01531,21.91481],[39.01535,21.91461],[39.01509,21.91407],[39.01341,21.91228],[39.0126,21.91155],[39.01149,21.91074],[39.0087,21.9092],[39.00822,21.90904],[39.00723,21.90889],[39.00673,21.90889],[39.00654,21.90898],[39.00598,21.9097],[39.00572,21.9106],[39.0049,21.91134],[39.00444,21.91214],[39.00388,21.91278],[39.00363,21.91327],[39.00326,21.91362],[39.0029,21.91366],[39.00288,21.91359],[39.00305,21.91346],[39.00322,21.91316],[39.00345,21.91238],[39.00348,21.91183],[39.00387,21.91108],[39.00382,21.91076],[39.00346,21.91029],[39.00305,21.9095],[39.00292,21.90902],[39.00306,21.90849],[39.00356,21.90803],[39.00359,21.9079],[39.0034,21.9076],[39.00309,21.90733],[39.00218,21.90714],[39.00149,21.90678],[39.00208,21.90677],[39.00239,21.90666],[39.00268,21.90683],[39.00296,21.90687],[39.00325,21.90673],[39.0039,21.90695],[39.00463,21.90693],[39.00508,21.90681],[39.00575,21.90646],[39.0059,21.90631],[39.0064,21.90536],[39.00663,21.90516],[39.0067,21.90493],[39.00711,21.90442],[39.00746,21.90437],[39.00792,21.90407],[39.0084,21.90399],[39.00882,21.90355],[39.00941,21.90352],[39.00985,21.90333],[39.01031,21.90337],[39.01119,21.9033],[39.01237,21.90279],[39.01304,21.90215],[39.01334,21.90164],[39.01346,21.90114],[39.01351,21.90022],[39.01363,21.89998],[39.01353,21.89984],[39.01351,21.89963],[39.01366,21.89921],[39.01957,21.90103],[39.03677,21.90691],[39.04319,21.90919],[39.03413,21.92083],[39.03297,21.92257],[39.03191,21.92437],[39.03142,21.92534],[39.03088,21.92675],[39.03046,21.92832],[39.03019,21.93011],[39.03025,21.9332],[39.03034,21.93444],[39.03172,21.94334],[39.00689,21.9467],[39.0042,21.94703],[39.00418,21.94693],[38.99803,21.94793]]]},"properties":{"district_id":"jeddah-al-rabih","name_ar":"الربيع","name_en":"Al Rabih","city":"jeddah","source_codes":["70030076563163786"]}},{"type":"Feature","id":"jeddah-al-rabwa","geometry":{"type":"Polygon","coordinates":[[[39.18584,21.61968],[39.16687,21.61607],[39.16727,21.61492],[39.16864,21.61005],[39.17253,21.5983],[39.17304,21.59697],[39.17327,21.596],[39.17699,21.58442],[39.17806,21.58491],[39.18551,21.58707],[39.18666,21.5873],[39.1875,21.58687],[39.1976,21.57953],[39.19868,21.57897],[39.19834,21.58042],[39.19609,21.58798],[39.18584,21.61968]]]},"properties":{"district_id":"jeddah-al-rabwa","name_ar":"الربوه","name_en":"Al Rabwa","city":"jeddah","source_codes":["70030076563163785"]}},{"type":"Feature","id":"jeddah-al-raghama","geometry":{"type":"Polygon","coordinates":[[[39.28467,21.52173],[39.28331,21.52184],[39.28222,21.52182],[39.27083,21.52088],[39.26873,21.51948],[39.26549,21.51644],[39.26471,21.51586],[39.2639,21.5154],[39.26267,21.51493],[39.25236,21.51226],[39.26001,21.50278],[39.26256,21.50271],[39.27619,21.50386],[39.27818,21.50379],[39.28015,21.50346],[39.28236,21.50277],[39.28356,21.50223],[39.28471,21.50158],[39.286,21.50068],[39.291,21.49681],[39.29236,21.49591],[39.29367,21.49518],[39.29504,21.49455],[39.29682,21.49391],[39.29865,21.49343],[39.30028,21.49315],[39.31068,21.49198],[39.31318,21.49182],[39.31546,21.49179],[39.31832,21.49191],[39.32116,21.4922],[39.32397,21.49267],[39.3269,21.49335],[39.32432,21.5107],[39.31515,21.50975],[39.31447,21.50977],[39.31232,21.50925],[39.31165,21.50874],[39.31121,21.50861],[39.31084,21.50868],[39.31056,21.50887],[39.3104,21.5092],[39.31042,21.5096],[39.31033,21.5099],[39.31002,21.51033],[39.30977,21.51041],[39.30925,21.51036],[39.30873,21.51015],[39.30826,21.50974],[39.30794,21.50929],[39.30751,21.50908],[39.30709,21.50914],[39.30577,21.50967],[39.30442,21.50949],[39.30287,21.50951],[39.3027,21.51026],[39.30244,21.51071],[39.29952,21.51378],[39.29823,21.51483],[39.2877,21.52078],[39.28604,21.52144],[39.28467,21.52173]]]},"properties":{"district_id":"jeddah-al-raghama","name_ar":"الرغامة","name_en":"Al Raghama","city":"jeddah","source_codes":["70030076563131177"]}},{"type":"Feature","id":"jeddah-al-raghama-municipality-of-umm-al-salam","geometry":{"type":"Polygon","coordinates":[[[39.3269,21.49335],[39.32397,21.49267],[39.32116,21.4922],[39.31832,21.49191],[39.31546,21.49179],[39.31318,21.49182],[39.31068,21.49198],[39.30028,21.49315],[39.29865,21.49343],[39.29682,21.49391],[39.29504,21.49455],[39.29367,21.49518],[39.29236,21.49591],[39.291,21.49681],[39.286,21.50068],[39.28471,21.50158],[39.28356,21.50223],[39.28236,21.50277],[39.28015,21.50346],[39.27818,21.50379],[39.27619,21.50386],[39.26256,21.50271],[39.26001,21.50278],[39.26393,21.49785],[39.26509,21.4961],[39.26599,21.49454],[39.26704,21.49227],[39.26754,21.49094],[39.26826,21.48859],[39.29015,21.48566],[39.30525,21.4823],[39.30966,21.48301],[39.3099,21.48308],[39.30991,21.48342],[39.3132,21.48359],[39.32015,21.48267],[39.32618,21.4807],[39.32878,21.48038],[39.3269,21.49335]]]},"properties":{"district_id":"jeddah-al-raghama-municipality-of-umm-al-salam","name_ar":"الرغامة (بلدية ام السلم)","name_en":"Al-raghama (municipality of Umm Al-Salam)","city":"jeddah","source_codes":["70030076563164324"]}},{"type":"Feature","id":"jeddah-al-rahmaniyah","geometry":{"type":"Polygon","coordinates":[[[39.23735,21.78135],[39.22459,21.81248],[39.21372,21.80856],[39.21251,21.80855],[39.21064,21.808],[39.19645,21.80304],[39.19836,21.79801],[39.20602,21.77854],[39.20735,21.77507],[39.2076,21.77413],[39.21683,21.77738],[39.21726,21.77746],[39.21833,21.77475],[39.22368,21.77661],[39.22372,21.77677],[39.22976,21.77888],[39.23735,21.78135]]]},"properties":{"district_id":"jeddah-al-rahmaniyah","name_ar":"الرحمانية","name_en":"Al Rahmaniyah","city":"jeddah","source_codes":["70030076563164372"]}},{"type":"Feature","id":"jeddah-al-rawabi","geometry":{"type":"Polygon","coordinates":[[[39.27929,21.45253],[39.278,21.45612],[39.27518,21.46618],[39.27452,21.4683],[39.27399,21.47082],[39.27296,21.47324],[39.26826,21.48859],[39.26256,21.48746],[39.26253,21.48718],[39.26122,21.48301],[39.26045,21.48098],[39.26033,21.48028],[39.26149,21.47386],[39.26166,21.47209],[39.2627,21.46617],[39.26285,21.46485],[39.26277,21.4643],[39.26255,21.46381],[39.26077,21.46042],[39.27565,21.45374],[39.27709,21.4532],[39.27929,21.45253]]]},"properties":{"district_id":"jeddah-al-rawabi","name_ar":"الروابي","name_en":"Al Rawabi","city":"jeddah","source_codes":["70030076563164325"]}},{"type":"Feature","id":"jeddah-al-rawasee","geometry":{"type":"Polygon","coordinates":[[[39.27414,21.66469],[39.28484,21.66732],[39.28708,21.66828],[39.28735,21.66869],[39.28861,21.67006],[39.29175,21.67229],[39.29253,21.67293],[39.29574,21.67451],[39.2979,21.67526],[39.29592,21.67798],[39.29397,21.68377],[39.29216,21.68674],[39.29111,21.69197],[39.28372,21.69565],[39.28403,21.69861],[39.28283,21.70328],[39.27908,21.71331],[39.27641,21.71083],[39.26367,21.70353],[39.26892,21.69401],[39.27014,21.6912],[39.27107,21.68839],[39.27164,21.68613],[39.27223,21.68231],[39.27237,21.68011],[39.27245,21.67521],[39.27279,21.67137],[39.27347,21.66737],[39.27414,21.66469]]]},"properties":{"district_id":"jeddah-al-rawasee","name_ar":"الرواسي","name_en":"Al Rawasee","city":"jeddah","source_codes":["70030076563164318"]}},{"type":"Feature","id":"jeddah-al-rawdah","geometry":{"type":"Polygon","coordinates":[[[39.17372,21.55585],[39.17216,21.56062],[39.17204,21.5608],[39.17092,21.56399],[39.17066,21.56508],[39.16923,21.56938],[39.16877,21.57054],[39.16824,21.57242],[39.16534,21.58096],[39.1586,21.57915],[39.14326,21.57472],[39.14267,21.55768],[39.14273,21.55588],[39.14319,21.54949],[39.14332,21.54848],[39.15226,21.54963],[39.15491,21.5504],[39.15524,21.55058],[39.17372,21.55585]]]},"properties":{"district_id":"jeddah-al-rawdah","name_ar":"الروضة","name_en":"Al Rawdah","city":"jeddah","source_codes":["70030076563163782"]}},{"type":"Feature","id":"jeddah-al-rayan","geometry":{"type":"Polygon","coordinates":[[[39.22271,21.67338],[39.21551,21.69142],[39.2154,21.69193],[39.21503,21.69238],[39.21516,21.69244],[39.2144,21.6943],[39.21398,21.69718],[39.2135,21.70148],[39.2134,21.70172],[39.21311,21.70403],[39.2132,21.70427],[39.21265,21.70846],[39.21255,21.70876],[39.21227,21.71086],[39.2121,21.71117],[39.21222,21.71151],[39.21269,21.71184],[39.20161,21.70922],[39.19993,21.70874],[39.20157,21.70447],[39.20224,21.70233],[39.20302,21.69925],[39.20366,21.69562],[39.20401,21.69191],[39.20407,21.69063],[39.20387,21.68468],[39.20355,21.66111],[39.20383,21.65788],[39.20435,21.65465],[39.20605,21.65519],[39.20622,21.65591],[39.20827,21.65989],[39.21003,21.66751],[39.20949,21.66901],[39.22271,21.67338]]]},"properties":{"district_id":"jeddah-al-rayan","name_ar":"الريان","name_en":"Al Rayan","city":"jeddah","source_codes":["70030076563163166"]}},{"type":"Feature","id":"jeddah-al-rehab","geometry":{"type":"Polygon","coordinates":[[[39.23836,21.54057],[39.234,21.55467],[39.233,21.55851],[39.23209,21.56277],[39.23167,21.56541],[39.23112,21.56784],[39.22973,21.56734],[39.22573,21.56673],[39.21194,21.56413],[39.21786,21.53666],[39.23836,21.54057]]]},"properties":{"district_id":"jeddah-al-rehab","name_ar":"الرحاب","name_en":"Al Rehab","city":"jeddah","source_codes":["70030076563163787"]}},{"type":"Feature","id":"jeddah-al-ruwais","geometry":{"type":"Polygon","coordinates":[[[39.18116,21.52235],[39.1802,21.52686],[39.17942,21.5294],[39.16403,21.52319],[39.16543,21.51984],[39.16651,21.51566],[39.1618,21.51401],[39.16132,21.51369],[39.16014,21.5117],[39.16048,21.51107],[39.1609,21.50999],[39.16124,21.50795],[39.16129,21.50682],[39.16115,21.5055],[39.16035,21.50301],[39.16083,21.50248],[39.16084,21.50238],[39.15974,21.50158],[39.15778,21.50035],[39.15717,21.49997],[39.1567,21.49981],[39.15645,21.49952],[39.15602,21.49927],[39.15595,21.49904],[39.15642,21.49896],[39.15653,21.49853],[39.15713,21.49804],[39.15858,21.49767],[39.15968,21.49728],[39.16,21.49742],[39.16052,21.49789],[39.16065,21.49789],[39.16095,21.49809],[39.16138,21.49862],[39.1618,21.49891],[39.16184,21.49887],[39.16148,21.49858],[39.1616,21.49845],[39.16198,21.49875],[39.16194,21.4988],[39.16232,21.4991],[39.16223,21.49918],[39.16186,21.49889],[39.16181,21.49893],[39.16223,21.49931],[39.16231,21.49921],[39.16278,21.49958],[39.16267,21.49971],[39.1629,21.49989],[39.16329,21.49952],[39.16312,21.49932],[39.16364,21.49877],[39.16594,21.50063],[39.16635,21.50084],[39.16855,21.50256],[39.17065,21.50432],[39.16934,21.50777],[39.17134,21.50857],[39.17305,21.50946],[39.17527,21.51013],[39.17675,21.51034],[39.18213,21.51059],[39.18116,21.52235]]]},"properties":{"district_id":"jeddah-al-ruwais","name_ar":"الرويس","name_en":"Al Ruwais","city":"jeddah","source_codes":["70030076563163783"]}},{"type":"Feature","id":"jeddah-al-sabil","geometry":{"type":"Polygon","coordinates":[[[39.20697,21.48161],[39.20724,21.48198],[39.20737,21.48233],[39.20765,21.48417],[39.20356,21.48595],[39.20269,21.48618],[39.20115,21.48602],[39.19971,21.48544],[39.19982,21.48448],[39.19971,21.4834],[39.19932,21.48222],[39.19884,21.48142],[39.19836,21.48084],[39.19751,21.48012],[39.19641,21.47943],[39.19509,21.47877],[39.19614,21.47738],[39.19704,21.47581],[39.19856,21.47363],[39.20697,21.48161]]]},"properties":{"district_id":"jeddah-al-sabil","name_ar":"السبيل","name_en":"Al Sabil","city":"jeddah","source_codes":["70030076563163179"]}},{"type":"Feature","id":"jeddah-al-safa","geometry":{"type":"Polygon","coordinates":[[[39.2272,21.59038],[39.22675,21.59227],[39.22442,21.59952],[39.22313,21.60302],[39.22217,21.60593],[39.22148,21.60736],[39.22115,21.60823],[39.21837,21.60732],[39.21767,21.60719],[39.21588,21.60651],[39.21178,21.60519],[39.20245,21.60255],[39.20137,21.60237],[39.19226,21.59983],[39.19606,21.58808],[39.19834,21.58042],[39.19845,21.57974],[39.19903,21.5777],[39.19981,21.57227],[39.20107,21.56685],[39.20145,21.56472],[39.20206,21.56224],[39.22573,21.56673],[39.22973,21.56734],[39.23112,21.56784],[39.23051,21.57262],[39.2301,21.57508],[39.22931,21.57935],[39.22902,21.58031],[39.2272,21.59038]],[[39.22133,21.59313],[39.2222,21.59004],[39.22049,21.58975],[39.21975,21.59273],[39.22133,21.59313]]]},"properties":{"district_id":"jeddah-al-safa","name_ar":"الصفا","name_en":"Al Safa","city":"jeddah","source_codes":["70030076563163754"]}},{"type":"Feature","id":"jeddah-al-safhah","geometry":{"type":"Polygon","coordinates":[[[39.2835,21.88866],[39.27242,21.90599],[39.26941,21.90465],[39.26718,21.90327],[39.26485,21.90131],[39.2632,21.89946],[39.25963,21.89366],[39.25805,21.89086],[39.25678,21.88879],[39.25572,21.88742],[39.25385,21.88556],[39.25137,21.88357],[39.24411,21.87889],[39.24502,21.87537],[39.24715,21.86488],[39.24837,21.8601],[39.24935,21.85569],[39.26174,21.85819],[39.26201,21.85831],[39.26376,21.8561],[39.27744,21.86618],[39.28198,21.86914],[39.29326,21.87454],[39.2835,21.88866]]]},"properties":{"district_id":"jeddah-al-safhah","name_ar":"الصفحة","name_en":"Al Safhah","city":"jeddah","source_codes":["70030076563163184"]}},{"type":"Feature","id":"jeddah-al-safwa","geometry":{"type":"Polygon","coordinates":[[[39.23457,21.91631],[39.22944,21.91838],[39.22968,21.91412],[39.22487,21.91547],[39.22055,21.91525],[39.21958,21.91346],[39.21742,21.911],[39.21549,21.91033],[39.21309,21.91235],[39.21189,21.91482],[39.21021,21.91572],[39.20901,21.9146],[39.20828,21.91079],[39.20733,21.91437],[39.20492,21.91393],[39.20204,21.91281],[39.203,21.91146],[39.20203,21.90945],[39.19963,21.90766],[39.19698,21.90833],[39.19506,21.90721],[39.19338,21.90699],[39.19217,21.90363],[39.18953,21.90408],[39.18816,21.90281],[39.19122,21.90012],[39.19377,21.89751],[39.19507,21.89589],[39.19619,21.89394],[39.19431,21.89308],[39.19473,21.8921],[39.19497,21.89109],[39.1957,21.88281],[39.19584,21.88201],[39.19609,21.88122],[39.19645,21.88042],[39.19689,21.8797],[39.20102,21.87411],[39.20239,21.87319],[39.20267,21.87287],[39.20344,21.86986],[39.20312,21.86831],[39.2032,21.86771],[39.20741,21.86198],[39.20866,21.86051],[39.20917,21.8598],[39.20951,21.85913],[39.21126,21.85487],[39.21239,21.85244],[39.21997,21.85656],[39.22534,21.85998],[39.22765,21.86209],[39.22911,21.8637],[39.23656,21.87298],[39.2376,21.87414],[39.23847,21.87497],[39.23976,21.87604],[39.244,21.87883],[39.24197,21.88567],[39.23658,21.90928],[39.2355,21.90898],[39.23457,21.91631]]]},"properties":{"district_id":"jeddah-al-safwa","name_ar":"الصفوة","name_en":"Al Safwa","city":"jeddah","source_codes":["70030076563163738"]}},{"type":"Feature","id":"jeddah-al-sahefah","geometry":{"type":"Polygon","coordinates":[[[39.19971,21.48544],[39.1989,21.48831],[39.19795,21.49131],[39.19751,21.49119],[39.19552,21.49021],[39.19454,21.48982],[39.19299,21.48894],[39.19168,21.48829],[39.19173,21.48814],[39.19027,21.4878],[39.19065,21.4871],[39.19237,21.4856],[39.19472,21.48491],[39.1956,21.48475],[39.19759,21.48469],[39.19971,21.48544]]]},"properties":{"district_id":"jeddah-al-sahefah","name_ar":"الصحيفة","name_en":"Al Sahefah","city":"jeddah","source_codes":["70030076563164328"]}},{"type":"Feature","id":"jeddah-al-sahl","geometry":{"type":"Polygon","coordinates":[[[39.46552,21.37829],[39.46391,21.3785],[39.46109,21.37902],[39.4582,21.37973],[39.45548,21.38065],[39.4511,21.38234],[39.44045,21.38727],[39.43805,21.38814],[39.43643,21.38857],[39.43428,21.38898],[39.43185,21.38924],[39.42849,21.38946],[39.42702,21.38974],[39.42687,21.37475],[39.42667,21.36974],[39.42702,21.36831],[39.42709,21.36521],[39.42779,21.36394],[39.42843,21.36325],[39.42873,21.36154],[39.42838,21.3575],[39.4416,21.36334],[39.44452,21.36428],[39.44656,21.36367],[39.44793,21.35958],[39.45621,21.36356],[39.46533,21.36868],[39.46568,21.37159],[39.46552,21.37829]]]},"properties":{"district_id":"jeddah-al-sahl","name_ar":"السهل","name_en":"Al Sahl","city":"jeddah","source_codes":["70030076563163744"]}},{"type":"Feature","id":"jeddah-al-salam","geometry":{"type":"Polygon","coordinates":[[[39.4285,21.40515],[39.42833,21.40521],[39.42813,21.40515],[39.42736,21.4045],[39.42707,21.40401],[39.4269,21.40337],[39.42696,21.38987],[39.42703,21.38973],[39.42849,21.38946],[39.43185,21.38924],[39.43428,21.38898],[39.43643,21.38857],[39.43805,21.38814],[39.44045,21.38727],[39.44897,21.38333],[39.44942,21.38401],[39.44981,21.38483],[39.45024,21.38662],[39.45045,21.3872],[39.45134,21.38867],[39.45182,21.38934],[39.45231,21.38985],[39.45288,21.39027],[39.45359,21.39059],[39.45449,21.39122],[39.45579,21.3919],[39.45972,21.39308],[39.45978,21.39489],[39.45995,21.396],[39.46023,21.39681],[39.4622,21.3992],[39.46248,21.39973],[39.46268,21.40087],[39.46268,21.4016],[39.45948,21.40204],[39.45789,21.40214],[39.45654,21.40203],[39.43589,21.39897],[39.43529,21.39895],[39.43415,21.39922],[39.43362,21.3995],[39.4331,21.3999],[39.42987,21.40371],[39.42948,21.40435],[39.42926,21.40422],[39.4285,21.40515]]]},"properties":{"district_id":"jeddah-al-salam","name_ar":"السلام","name_en":"Al Salam","city":"jeddah","source_codes":["70030076563137564"]}},{"type":"Feature","id":"jeddah-al-salamah","geometry":{"type":"Polygon","coordinates":[[[39.16534,21.58096],[39.16,21.59709],[39.15988,21.59762],[39.15953,21.59849],[39.15785,21.60361],[39.15694,21.60719],[39.15553,21.61391],[39.14711,21.6122],[39.14115,21.61089],[39.14201,21.60553],[39.14246,21.60397],[39.14392,21.59969],[39.14429,21.59814],[39.14405,21.59496],[39.14326,21.57472],[39.1586,21.57915],[39.16534,21.58096]]]},"properties":{"district_id":"jeddah-al-salamah","name_ar":"السلامة","name_en":"Al Salamah","city":"jeddah","source_codes":["70030076563164321"]}},{"type":"Feature","id":"jeddah-al-salihiyah","geometry":{"type":"Polygon","coordinates":[[[39.2475,21.75659],[39.23735,21.78135],[39.22976,21.77888],[39.22372,21.77677],[39.22368,21.77661],[39.21833,21.77475],[39.21726,21.77746],[39.21683,21.77738],[39.20065,21.77174],[39.20995,21.74822],[39.21077,21.74619],[39.21087,21.74617],[39.2118,21.74396],[39.23303,21.75126],[39.2475,21.75659]]]},"properties":{"district_id":"jeddah-al-salihiyah","name_ar":"الصالحية","name_en":"Al Salihiyah","city":"jeddah","source_codes":["70030076563164374"]}},{"type":"Feature","id":"jeddah-al-samer","geometry":{"type":"Polygon","coordinates":[[[39.24988,21.59647],[39.2272,21.59038],[39.22902,21.58031],[39.22931,21.57935],[39.2301,21.57508],[39.23051,21.57262],[39.23112,21.56786],[39.25182,21.57288],[39.26686,21.57521],[39.26657,21.57645],[39.26639,21.58242],[39.26527,21.58221],[39.26439,21.58236],[39.26437,21.58297],[39.26429,21.5832],[39.26363,21.58419],[39.2623,21.58587],[39.26118,21.58791],[39.26084,21.58925],[39.26062,21.59051],[39.26039,21.59105],[39.2601,21.59143],[39.25977,21.59169],[39.2589,21.5905],[39.25812,21.58995],[39.2575,21.58964],[39.25359,21.58835],[39.2531,21.58841],[39.25272,21.5887],[39.25242,21.58945],[39.25241,21.5898],[39.25255,21.59014],[39.25211,21.59019],[39.25176,21.59015],[39.24988,21.59647]]]},"properties":{"district_id":"jeddah-al-samer","name_ar":"السامر","name_en":"Al Samer","city":"jeddah","source_codes":["70030076563163178"]}},{"type":"Feature","id":"jeddah-al-sanabel","geometry":{"type":"Polygon","coordinates":[[[39.25484,21.4104],[39.25697,21.40098],[39.25822,21.39334],[39.25876,21.38886],[39.25918,21.38442],[39.25982,21.37369],[39.27913,21.37349],[39.28545,21.37535],[39.29614,21.39329],[39.29144,21.39656],[39.2908,21.39684],[39.29049,21.39683],[39.25484,21.4104]]]},"properties":{"district_id":"jeddah-al-sanabel","name_ar":"السنابل","name_en":"Al Sanabel","city":"jeddah","source_codes":["70030076563164330"]}},{"type":"Feature","id":"jeddah-al-sarwat","geometry":{"type":"Polygon","coordinates":[[[39.19647,21.37702],[39.19169,21.33115],[39.22329,21.32759],[39.2233,21.32774],[39.22517,21.32751],[39.22678,21.32742],[39.22838,21.3272],[39.23618,21.32738],[39.23629,21.32785],[39.23645,21.33033],[39.23631,21.33071],[39.23599,21.33118],[39.23464,21.33279],[39.23435,21.33348],[39.22701,21.37482],[39.22684,21.37605],[39.22652,21.37567],[39.22616,21.3755],[39.22268,21.37484],[39.22124,21.37476],[39.19647,21.37702]]]},"properties":{"district_id":"jeddah-al-sarwat","name_ar":"السروات","name_en":"Al Sarwat","city":"jeddah","source_codes":["70030076563164320"]}},{"type":"Feature","id":"jeddah-al-sharafiyah","geometry":{"type":"Polygon","coordinates":[[[39.19238,21.53192],[39.18082,21.52982],[39.17942,21.5294],[39.1802,21.52686],[39.18124,21.52188],[39.18267,21.50393],[39.18281,21.50345],[39.18386,21.50147],[39.18623,21.50247],[39.18868,21.50265],[39.19216,21.50245],[39.1929,21.50255],[39.19353,21.50277],[39.19348,21.50846],[39.19335,21.51009],[39.19305,21.51165],[39.19304,21.51285],[39.19277,21.51597],[39.19238,21.53192]]]},"properties":{"district_id":"jeddah-al-sharafiyah","name_ar":"الشرفية","name_en":"Al Sharafiyah","city":"jeddah","source_codes":["70030076563164332"]}},{"type":"Feature","id":"jeddah-al-sharqiyyah","geometry":{"type":"Polygon","coordinates":[[[39.1608,21.95333],[39.15771,21.95323],[39.15613,21.95344],[39.14537,21.9533],[39.14255,21.95263],[39.13338,21.94941],[39.13029,21.94825],[39.12477,21.95082],[39.12751,21.945],[39.12873,21.94153],[39.12932,21.93822],[39.12953,21.9346],[39.12914,21.93106],[39.12821,21.92814],[39.12627,21.92499],[39.12461,21.92258],[39.12693,21.92077],[39.1277,21.92008],[39.12817,21.91988],[39.13009,21.91993],[39.13174,21.91939],[39.13559,21.91737],[39.13682,21.91707],[39.13846,21.91283],[39.14288,21.913],[39.14588,21.91328],[39.14667,21.91358],[39.16806,21.89188],[39.17187,21.8959],[39.17955,21.90492],[39.17919,21.90521],[39.17655,21.90477],[39.17559,21.9023],[39.17415,21.90567],[39.17271,21.90589],[39.17222,21.90298],[39.17054,21.9032],[39.17127,21.91374],[39.17059,21.92492],[39.16314,21.94584],[39.16192,21.94957],[39.1608,21.95333]]]},"properties":{"district_id":"jeddah-al-sharqiyyah","name_ar":"الشرقية","name_en":"Al Sharqiyyah","city":"jeddah","source_codes":["70030076563164333"]}},{"type":"Feature","id":"jeddah-al-shate","geometry":{"type":"MultiPolygon","coordinates":[[[[39.11233,21.63155],[39.11202,21.63338],[39.11185,21.63587],[39.11077,21.66476],[39.10441,21.66261],[39.10365,21.66224],[39.10358,21.66233],[39.1025,21.66194],[39.102,21.66137],[39.10182,21.66126],[39.09957,21.66053],[39.09933,21.6603],[39.09767,21.65959],[39.09682,21.65949],[39.09662,21.66003],[39.09651,21.66009],[39.09683,21.65945],[39.09704,21.6588],[39.09717,21.65872],[39.09722,21.65846],[39.09745,21.65817],[39.09772,21.65828],[39.09779,21.65859],[39.09936,21.65922],[39.09951,21.65909],[39.0983,21.65658],[39.09837,21.65645],[39.09849,21.6565],[39.09969,21.65895],[39.10016,21.6591],[39.10025,21.65905],[39.09886,21.65622],[39.09833,21.65603],[39.0984,21.65574],[39.0983,21.65571],[39.09844,21.65557],[39.09876,21.65546],[39.09893,21.65567],[39.0992,21.65578],[39.0986,21.65482],[39.09907,21.65339],[39.09938,21.65158],[39.09934,21.65139],[39.09968,21.65129],[39.0998,21.65103],[39.10007,21.65074],[39.10053,21.64977],[39.10054,21.64952],[39.10092,21.64935],[39.10088,21.64918],[39.10067,21.64924],[39.10042,21.64858],[39.10061,21.64852],[39.10068,21.64879],[39.10068,21.6486],[39.10084,21.64849],[39.10102,21.6486],[39.10099,21.64882],[39.10115,21.64877],[39.10119,21.64885],[39.10146,21.64876],[39.10176,21.64811],[39.10154,21.64781],[39.10167,21.64699],[39.10157,21.64637],[39.10151,21.64623],[39.10142,21.64624],[39.1013,21.64611],[39.10123,21.6459],[39.10133,21.64581],[39.10116,21.64568],[39.10069,21.64493],[39.10042,21.64367],[39.1005,21.64283],[39.10093,21.64174],[39.10107,21.64079],[39.10111,21.64013],[39.10105,21.63916],[39.10117,21.63822],[39.10161,21.63713],[39.10208,21.63655],[39.10251,21.63577],[39.10247,21.63555],[39.10198,21.63499],[39.10191,21.63468],[39.102,21.63443],[39.10198,21.63405],[39.10222,21.63362],[39.10287,21.6334],[39.10297,21.63327],[39.10288,21.63267],[39.1028,21.63264],[39.10282,21.63254],[39.10261,21.63216],[39.10249,21.63209],[39.10249,21.63195],[39.1021,21.63126],[39.10201,21.63086],[39.10204,21.63055],[39.10254,21.62853],[39.10331,21.62715],[39.10393,21.62649],[39.1039,21.62631],[39.10371,21.62624],[39.10363,21.62611],[39.10375,21.62571],[39.10374,21.62535],[39.10401,21.625],[39.10379,21.62471],[39.10378,21.62427],[39.10388,21.6242],[39.10405,21.62425],[39.10419,21.62442],[39.10443,21.62428],[39.10474,21.6243],[39.10485,21.62399],[39.10515,21.62378],[39.10514,21.62345],[39.10478,21.62332],[39.10467,21.62303],[39.1048,21.62274],[39.10505,21.62263],[39.10491,21.62217],[39.10485,21.62149],[39.10499,21.62013],[39.10539,21.61905],[39.10579,21.61847],[39.10544,21.61835],[39.10536,21.61794],[39.10578,21.61669],[39.10661,21.61611],[39.10665,21.61601],[39.10652,21.6156],[39.10628,21.61558],[39.10627,21.61566],[39.1062,21.61566],[39.1062,21.61557],[39.10613,21.61557],[39.10613,21.61566],[39.10605,21.61565],[39.10605,21.61557],[39.10567,21.61555],[39.10566,21.61561],[39.10542,21.61559],[39.10536,21.61571],[39.10525,21.6157],[39.10528,21.61525],[39.10568,21.61545],[39.10606,21.61546],[39.10607,21.61537],[39.10615,21.61537],[39.1062,21.61548],[39.10621,21.61537],[39.10629,21.61537],[39.10629,21.61547],[39.10652,21.61548],[39.10685,21.61509],[39.10688,21.61481],[39.10666,21.61467],[39.10672,21.61457],[39.10646,21.61457],[39.10624,21.61478],[39.10591,21.61476],[39.10559,21.6145],[39.10546,21.61414],[39.10548,21.61382],[39.10562,21.61351],[39.10588,21.6134],[39.10612,21.6135],[39.10625,21.61334],[39.10613,21.61322],[39.10615,21.61313],[39.10652,21.61306],[39.10669,21.61295],[39.1067,21.61272],[39.10683,21.61258],[39.10684,21.61235],[39.10699,21.61214],[39.10697,21.61188],[39.10705,21.61163],[39.10698,21.61098],[39.10657,21.61118],[39.10623,21.61096],[39.10629,21.61089],[39.10665,21.61096],[39.10697,21.61087],[39.10693,21.61053],[39.10679,21.6104],[39.10639,21.61067],[39.10629,21.61064],[39.10638,21.61039],[39.1067,21.6103],[39.10669,21.60968],[39.10659,21.60945],[39.10669,21.60918],[39.10657,21.60857],[39.10626,21.60851],[39.10618,21.60838],[39.10631,21.60824],[39.1064,21.60794],[39.10643,21.60696],[39.10633,21.60656],[39.10644,21.60652],[39.10633,21.6062],[39.10623,21.60613],[39.10629,21.60599],[39.1061,21.60558],[39.10648,21.60543],[39.1064,21.6051],[39.10621,21.60497],[39.10623,21.6037],[39.10627,21.60358],[39.10642,21.60351],[39.10643,21.60339],[39.10629,21.60322],[39.10643,21.60312],[39.10643,21.60277],[39.10662,21.60243],[39.10642,21.60227],[39.10626,21.60234],[39.10617,21.60222],[39.10614,21.60089],[39.10621,21.60081],[39.10636,21.60084],[39.10643,21.60067],[39.10623,21.60048],[39.10636,21.60027],[39.10607,21.59923],[39.10609,21.59893],[39.10596,21.59875],[39.10552,21.59839],[39.10542,21.59796],[39.10945,21.59751],[39.1096,21.59988],[39.10975,21.60085],[39.11011,21.60151],[39.11088,21.60234],[39.11108,21.60274],[39.11129,21.60365],[39.12094,21.60625],[39.12075,21.60725],[39.12045,21.6083],[39.11233,21.63155]]],[[[39.12685,21.58016],[39.12685,21.58106],[39.12668,21.58265],[39.1262,21.58465],[39.12161,21.59846],[39.12128,21.59965],[39.12103,21.60183],[39.12103,21.60466],[39.12094,21.60625],[39.11129,21.60365],[39.11108,21.60274],[39.11088,21.60234],[39.11011,21.60151],[39.10975,21.60085],[39.1096,21.59988],[39.10945,21.59751],[39.10542,21.59796],[39.10539,21.59757],[39.10518,21.59732],[39.10512,21.59708],[39.10518,21.59687],[39.10567,21.59665],[39.10584,21.59634],[39.10574,21.59588],[39.10529,21.59541],[39.10537,21.59526],[39.10562,21.59518],[39.10584,21.59438],[39.10561,21.59416],[39.10565,21.5939],[39.10585,21.59376],[39.10566,21.59292],[39.10547,21.59281],[39.10541,21.59265],[39.10547,21.59249],[39.10561,21.59239],[39.10586,21.5913],[39.10586,21.59089],[39.10567,21.59017],[39.10565,21.5896],[39.1054,21.58951],[39.10556,21.5891],[39.10563,21.58912],[39.10598,21.58868],[39.10629,21.58816],[39.10619,21.58813],[39.10604,21.5884],[39.10576,21.58853],[39.10518,21.58844],[39.10536,21.58839],[39.10533,21.58818],[39.10591,21.58664],[39.10637,21.58585],[39.10668,21.58575],[39.10652,21.58546],[39.10678,21.58458],[39.1066,21.58434],[39.10684,21.58414],[39.10697,21.58325],[39.10706,21.58325],[39.10722,21.58306],[39.10699,21.58279],[39.10705,21.58185],[39.10678,21.58182],[39.10679,21.58174],[39.10708,21.5818],[39.10716,21.5817],[39.10736,21.58026],[39.10725,21.57965],[39.10767,21.57826],[39.10767,21.57773],[39.1078,21.57751],[39.10819,21.57747],[39.10825,21.57805],[39.10779,21.58125],[39.1078,21.5818],[39.10757,21.58242],[39.10759,21.5831],[39.10743,21.58387],[39.10742,21.58461],[39.10736,21.58461],[39.10704,21.58588],[39.10637,21.58709],[39.10622,21.58803],[39.10636,21.58809],[39.10664,21.58787],[39.10707,21.58794],[39.10739,21.58777],[39.10746,21.58695],[39.10792,21.58609],[39.10813,21.58541],[39.10844,21.58378],[39.10836,21.58351],[39.10842,21.58327],[39.1084,21.58234],[39.10863,21.5818],[39.10895,21.57935],[39.1089,21.579],[39.10871,21.57866],[39.10897,21.57774],[39.1088,21.57689],[39.10924,21.57615],[39.10919,21.57585],[39.10932,21.57549],[39.10919,21.57478],[39.10914,21.57383],[39.10854,21.57364],[39.10862,21.57318],[39.10872,21.57321],[39.10861,21.57358],[39.10865,21.57364],[39.1088,21.57367],[39.10885,21.57348],[39.109,21.57342],[39.10903,21.57325],[39.10868,21.57304],[39.10875,21.57252],[39.10893,21.57205],[39.10876,21.57137],[39.10887,21.57102],[39.10918,21.57058],[39.10937,21.56982],[39.10937,21.56947],[39.10952,21.56916],[39.11054,21.56575],[39.11063,21.56492],[39.11055,21.56462],[39.11035,21.56452],[39.1106,21.56444],[39.11067,21.56434],[39.11056,21.56399],[39.11056,21.56197],[39.11102,21.55925],[39.11117,21.55895],[39.11113,21.55861],[39.11123,21.55848],[39.11139,21.55773],[39.11206,21.5576],[39.11267,21.55764],[39.1128,21.55758],[39.11292,21.55696],[39.11251,21.55659],[39.11212,21.55637],[39.11236,21.55568],[39.11249,21.55563],[39.11258,21.55571],[39.11252,21.55592],[39.11259,21.55593],[39.11254,21.55614],[39.11246,21.55613],[39.11244,21.55632],[39.11289,21.55641],[39.11356,21.55567],[39.11406,21.55577],[39.11422,21.55552],[39.11415,21.55531],[39.11404,21.55523],[39.11316,21.55518],[39.11279,21.55529],[39.11257,21.55516],[39.11268,21.55492],[39.11299,21.55484],[39.11316,21.55491],[39.11324,21.55481],[39.11321,21.55438],[39.11253,21.55395],[39.11258,21.55378],[39.1132,21.55399],[39.11252,21.5536],[39.11261,21.55343],[39.113,21.55339],[39.1131,21.55328],[39.11323,21.55208],[39.11304,21.55129],[39.11296,21.55124],[39.11311,21.55111],[39.11317,21.55119],[39.11361,21.55106],[39.1137,21.55086],[39.11353,21.5503],[39.11322,21.55009],[39.11275,21.54887],[39.11283,21.54844],[39.11271,21.5481],[39.11256,21.54809],[39.11266,21.54802],[39.1126,21.54784],[39.11228,21.54789],[39.11188,21.54709],[39.11166,21.54696],[39.1113,21.54589],[39.11131,21.54545],[39.11142,21.54514],[39.11131,21.54499],[39.11105,21.54499],[39.11113,21.54492],[39.11112,21.5447],[39.1112,21.54459],[39.11157,21.54451],[39.11283,21.54458],[39.11303,21.5448],[39.1133,21.54489],[39.11366,21.54577],[39.11379,21.54546],[39.11404,21.54537],[39.11476,21.54559],[39.11478,21.54572],[39.11508,21.5458],[39.11669,21.54573],[39.11672,21.54583],[39.11877,21.54575],[39.12117,21.54587],[39.12649,21.54644],[39.12723,21.54658],[39.12892,21.54671],[39.12684,21.54877],[39.1263,21.54942],[39.12563,21.55066],[39.12532,21.552],[39.12541,21.55513],[39.12685,21.58016]]]]},"properties":{"district_id":"jeddah-al-shate","name_ar":"الشاطئ","name_en":"Al Shate","city":"jeddah","source_codes":["70030076563163172","70030076563163173"]}},{"type":"Feature","id":"jeddah-al-shifa","geometry":{"type":"Polygon","coordinates":[[[39.33894,21.41495],[39.33562,21.41618],[39.33505,21.41651],[39.33403,21.41721],[39.33223,21.41912],[39.33173,21.41956],[39.32967,21.421],[39.32765,21.42197],[39.32549,21.42264],[39.32471,21.42016],[39.32434,21.41972],[39.32391,21.41891],[39.32342,21.41699],[39.32273,21.41532],[39.32318,21.41472],[39.32517,21.41289],[39.32566,21.41222],[39.32602,21.4114],[39.32587,21.41062],[39.32614,21.41011],[39.32635,21.40939],[39.32658,21.40911],[39.32711,21.40878],[39.32745,21.40798],[39.32779,21.4074],[39.3281,21.40704],[39.32848,21.40633],[39.32865,21.40614],[39.32896,21.406],[39.33024,21.40594],[39.33021,21.40571],[39.33082,21.40483],[39.33159,21.40419],[39.33196,21.40398],[39.33266,21.40373],[39.3317,21.40319],[39.3315,21.40293],[39.33118,21.40278],[39.33109,21.40244],[39.33136,21.40225],[39.33151,21.40194],[39.33167,21.40122],[39.33188,21.40077],[39.33187,21.40051],[39.332,21.40031],[39.31218,21.35268],[39.31317,21.35217],[39.31455,21.35173],[39.31678,21.35136],[39.31874,21.35127],[39.32071,21.35081],[39.32238,21.35024],[39.32461,21.35002],[39.32563,21.34982],[39.32789,21.34918],[39.32966,21.34886],[39.33089,21.34878],[39.33195,21.34851],[39.33638,21.34482],[39.33866,21.34258],[39.34667,21.37598],[39.34786,21.38135],[39.34904,21.38781],[39.35074,21.39886],[39.351,21.40125],[39.35109,21.40361],[39.35096,21.40665],[39.35056,21.40963],[39.35002,21.41215],[39.34882,21.4164],[39.34686,21.41602],[39.34046,21.41503],[39.3393,21.41464],[39.33894,21.41495]]]},"properties":{"district_id":"jeddah-al-shifa","name_ar":"الشفا","name_en":"Al Shifa","city":"jeddah","source_codes":["70030076563163753"]}},{"type":"Feature","id":"jeddah-al-shorouq","geometry":{"type":"Polygon","coordinates":[[[39.30202,21.57913],[39.29819,21.57846],[39.29518,21.57814],[39.28237,21.57762],[39.25182,21.57288],[39.25263,21.57154],[39.25294,21.57029],[39.25286,21.56953],[39.25333,21.56894],[39.25328,21.56873],[39.25272,21.56837],[39.25265,21.56817],[39.25295,21.5673],[39.25309,21.566],[39.25334,21.56461],[39.2536,21.56385],[39.25365,21.56305],[39.25389,21.56179],[39.25422,21.56078],[39.25439,21.55985],[39.25444,21.55943],[39.25433,21.55928],[39.25772,21.5429],[39.25956,21.54319],[39.26494,21.5445],[39.27781,21.55018],[39.28229,21.552],[39.28285,21.55193],[39.28323,21.5523],[39.29076,21.55798],[39.29098,21.558],[39.29119,21.55788],[39.29195,21.55647],[39.29294,21.55801],[39.29534,21.56093],[39.29649,21.56029],[39.29671,21.55998],[39.29735,21.56018],[39.29951,21.56024],[39.30408,21.56058],[39.30636,21.5609],[39.30883,21.56137],[39.30798,21.56428],[39.30656,21.56845],[39.3047,21.57307],[39.30202,21.57913]]]},"properties":{"district_id":"jeddah-al-shorouq","name_ar":"الشروق","name_en":"Al Shorouq","city":"jeddah","source_codes":["70030076563163175"]}},{"type":"Feature","id":"jeddah-al-shuwaidhi","geometry":{"type":"Polygon","coordinates":[[[39.10075,21.92457],[39.09211,21.92643],[39.09118,21.92671],[39.09008,21.92719],[39.08889,21.928],[39.0878,21.92894],[39.0821,21.93479],[39.08089,21.93567],[39.07909,21.93654],[39.07383,21.93781],[39.07007,21.93837],[39.0655,21.90888],[39.09477,21.90498],[39.09804,21.9095],[39.09859,21.91057],[39.10075,21.92457]]]},"properties":{"district_id":"jeddah-al-shuwaidhi","name_ar":"الشويضي","name_en":"Al Shuwaidhi","city":"jeddah","source_codes":["70030076563164327"]}},{"type":"Feature","id":"jeddah-al-sulaimaniyah","geometry":{"type":"Polygon","coordinates":[[[39.25236,21.51226],[39.24107,21.50935],[39.24008,21.50919],[39.23961,21.50924],[39.23948,21.50175],[39.24655,21.50184],[39.24686,21.50197],[39.24748,21.50205],[39.26,21.5028],[39.25236,21.51226]]]},"properties":{"district_id":"jeddah-al-sulaimaniyah","name_ar":"السليمانية","name_en":"Al Sulaimaniyah","city":"jeddah","source_codes":["70030076563164363"]}},{"type":"Feature","id":"jeddah-al-taawon","geometry":{"type":"Polygon","coordinates":[[[39.27913,21.37349],[39.25982,21.37369],[39.26028,21.36449],[39.26049,21.35836],[39.26112,21.3289],[39.26109,21.32777],[39.26131,21.32775],[39.26131,21.32761],[39.27905,21.32812],[39.27913,21.37349]]]},"properties":{"district_id":"jeddah-al-taawon","name_ar":"التعاون","name_en":"Al Taawon","city":"jeddah","source_codes":["70030076563163800"]}},{"type":"Feature","id":"jeddah-al-tadamon","geometry":{"type":"Polygon","coordinates":[[[39.31067,21.35341],[39.30799,21.35434],[39.30609,21.35533],[39.3047,21.35578],[39.30379,21.35621],[39.30227,21.35664],[39.30029,21.35732],[39.29724,21.35852],[39.29669,21.35883],[39.29615,21.35958],[39.2936,21.36124],[39.29344,21.36147],[39.29311,21.36261],[39.2931,21.36357],[39.29301,21.36407],[39.29249,21.36519],[39.29205,21.36558],[39.29072,21.36615],[39.29029,21.36645],[39.29004,21.36671],[39.28821,21.36996],[39.28756,21.37236],[39.28699,21.37371],[39.28599,21.37489],[39.28545,21.37535],[39.27913,21.37349],[39.27905,21.32812],[39.29641,21.32326],[39.30724,21.3197],[39.33097,21.3198],[39.33274,21.32844],[39.33501,21.33225],[39.33622,21.33232],[39.33866,21.34258],[39.33638,21.34482],[39.33195,21.34851],[39.33089,21.34878],[39.32966,21.34886],[39.32789,21.34918],[39.32563,21.34982],[39.32461,21.35002],[39.32238,21.35024],[39.32071,21.35081],[39.31874,21.35127],[39.31678,21.35136],[39.31455,21.35173],[39.31317,21.35217],[39.31067,21.35341]]]},"properties":{"district_id":"jeddah-al-tadamon","name_ar":"التضامن","name_en":"Al Tadamon","city":"jeddah","source_codes":["70030076563163827"]}},{"type":"Feature","id":"jeddah-al-thaghr","geometry":{"type":"Polygon","coordinates":[[[39.20805,21.48707],[39.20765,21.48417],[39.23724,21.47091],[39.24321,21.4825],[39.24344,21.48323],[39.24336,21.48416],[39.23946,21.48349],[39.23814,21.48371],[39.23317,21.48419],[39.23311,21.48355],[39.23257,21.4821],[39.22496,21.48381],[39.21633,21.48563],[39.21579,21.4856],[39.20805,21.48707]]]},"properties":{"district_id":"jeddah-al-thaghr","name_ar":"الثغر","name_en":"Al Thaghr","city":"jeddah","source_codes":["70030076563163741"]}},{"type":"Feature","id":"jeddah-al-tilal","geometry":{"type":"Polygon","coordinates":[[[39.3096,21.63442],[39.30566,21.63899],[39.30159,21.64352],[39.30008,21.64592],[39.30009,21.6486],[39.29934,21.65058],[39.30055,21.65213],[39.30298,21.65608],[39.30359,21.65947],[39.30164,21.66794],[39.30014,21.67218],[39.2979,21.67526],[39.29574,21.67451],[39.29253,21.67293],[39.29175,21.67229],[39.28861,21.67006],[39.28735,21.66869],[39.28708,21.66828],[39.28484,21.66732],[39.27412,21.66468],[39.27484,21.66224],[39.27567,21.65984],[39.27796,21.65442],[39.27898,21.65176],[39.27982,21.64926],[39.28058,21.64664],[39.28144,21.64297],[39.28599,21.62012],[39.30312,21.63077],[39.30723,21.63343],[39.3096,21.63442]]]},"properties":{"district_id":"jeddah-al-tilal","name_ar":"التلال","name_en":"Al Tilal","city":"jeddah","source_codes":["70030076563163772"]}},{"type":"Feature","id":"jeddah-al-ushayriyyah","geometry":{"type":"Polygon","coordinates":[[[39.12817,21.91988],[39.1277,21.92008],[39.12693,21.92077],[39.12461,21.92258],[39.12198,21.9178],[39.12126,21.91536],[39.12276,21.9007],[39.12406,21.89057],[39.12764,21.89245],[39.12821,21.89263],[39.12877,21.89262],[39.12904,21.89244],[39.1294,21.89092],[39.133,21.89131],[39.13299,21.8897],[39.14065,21.88944],[39.14711,21.88901],[39.16089,21.88235],[39.16139,21.88321],[39.16641,21.89016],[39.16806,21.89188],[39.14667,21.91358],[39.14588,21.91328],[39.14288,21.913],[39.13846,21.91283],[39.13682,21.91707],[39.13559,21.91737],[39.13174,21.91939],[39.13009,21.91993],[39.12817,21.91988]]]},"properties":{"district_id":"jeddah-al-ushayriyyah","name_ar":"العشيرية","name_en":"Al Ushayriyyah","city":"jeddah","source_codes":["70030076563164385"]}},{"type":"Feature","id":"jeddah-al-wadi","geometry":{"type":"Polygon","coordinates":[[[39.15274,21.33347],[39.1527,21.33337],[39.15235,21.32147],[39.15222,21.3215],[39.15279,21.29477],[39.15298,21.28954],[39.153,21.28415],[39.18903,21.28503],[39.19252,21.28488],[39.19192,21.31737],[39.19162,21.32976],[39.18258,21.33058],[39.1826,21.33069],[39.15274,21.33347]]]},"properties":{"district_id":"jeddah-al-wadi","name_ar":"الوادي","name_en":"Al Wadi","city":"jeddah","source_codes":["70030076563163811"]}},{"type":"Feature","id":"jeddah-al-wafa","geometry":{"type":"Polygon","coordinates":[[[39.24837,21.8601],[39.24715,21.86488],[39.24502,21.87537],[39.24411,21.87889],[39.23976,21.87604],[39.23847,21.87497],[39.2376,21.87414],[39.23656,21.87298],[39.22911,21.8637],[39.22765,21.86209],[39.22534,21.85998],[39.21997,21.85656],[39.21296,21.85276],[39.21386,21.8498],[39.22086,21.82282],[39.22251,21.81775],[39.22459,21.81248],[39.23796,21.81752],[39.23951,21.81827],[39.24111,21.81923],[39.24265,21.82037],[39.24395,21.82154],[39.24529,21.823],[39.2464,21.82395],[39.24761,21.82478],[39.24894,21.82549],[39.25081,21.82621],[39.25598,21.82721],[39.25485,21.83219],[39.2532,21.8389],[39.24837,21.8601]]]},"properties":{"district_id":"jeddah-al-wafa","name_ar":"الوفاء","name_en":"Al Wafa","city":"jeddah","source_codes":["70030076563163807"]}},{"type":"Feature","id":"jeddah-al-wahah","geometry":{"type":"Polygon","coordinates":[[[39.25772,21.5429],[39.25433,21.55928],[39.25444,21.55943],[39.25439,21.55985],[39.25422,21.56078],[39.25389,21.56179],[39.25365,21.56305],[39.2536,21.56385],[39.25334,21.56461],[39.25309,21.566],[39.25295,21.5673],[39.25265,21.56817],[39.25272,21.56837],[39.25328,21.56873],[39.25333,21.56894],[39.25286,21.56953],[39.25294,21.57029],[39.25263,21.57154],[39.25183,21.57287],[39.23112,21.56786],[39.23167,21.56541],[39.23229,21.56177],[39.2331,21.55804],[39.23439,21.5533],[39.23836,21.54056],[39.24391,21.54164],[39.24416,21.54058],[39.24878,21.5415],[39.25772,21.5429]]]},"properties":{"district_id":"jeddah-al-wahah","name_ar":"الواحة","name_en":"Al Wahah","city":"jeddah","source_codes":["70030076563163810"]}},{"type":"Feature","id":"jeddah-al-waziriyah","geometry":{"type":"Polygon","coordinates":[[[39.21668,21.45592],[39.21608,21.45521],[39.21056,21.45014],[39.22716,21.43469],[39.22814,21.43408],[39.23506,21.43117],[39.24526,21.43938],[39.24607,21.43981],[39.25328,21.44465],[39.25371,21.44521],[39.25552,21.44924],[39.22976,21.45078],[39.22788,21.45098],[39.22651,21.45134],[39.22548,21.45175],[39.21668,21.45592]]]},"properties":{"district_id":"jeddah-al-waziriyah","name_ar":"الوزيرية","name_en":"Al Waziriyah","city":"jeddah","source_codes":["70030076563164367"]}},{"type":"Feature","id":"jeddah-al-woroud","geometry":{"type":"Polygon","coordinates":[[[39.21651,21.51295],[39.21584,21.51486],[39.21399,21.51911],[39.21,21.52586],[39.20981,21.52672],[39.19916,21.52616],[39.19252,21.52608],[39.19275,21.51632],[39.19304,21.51285],[39.19305,21.51165],[39.1932,21.51106],[39.19531,21.51104],[39.19701,21.51164],[39.19807,21.51178],[39.19883,21.51173],[39.20069,21.5113],[39.20162,21.51117],[39.2061,21.51118],[39.21378,21.51134],[39.21728,21.51131],[39.21651,21.51295]]]},"properties":{"district_id":"jeddah-al-woroud","name_ar":"الورود","name_en":"Al Woroud","city":"jeddah","source_codes":["70030076563163806"]}},{"type":"Feature","id":"jeddah-al-yaqut","geometry":{"type":"Polygon","coordinates":[[[39.1004,21.78065],[39.08238,21.80202],[39.08094,21.8011],[39.07458,21.79642],[39.07449,21.79627],[39.05934,21.78518],[39.06226,21.78171],[39.06238,21.78166],[39.06788,21.77504],[39.06838,21.77456],[39.07135,21.77106],[39.07139,21.77077],[39.07735,21.76369],[39.1004,21.78065]]]},"properties":{"district_id":"jeddah-al-yaqut","name_ar":"الياقوت","name_en":"Al Yaqut","city":"jeddah","source_codes":["70030076563164355"]}},{"type":"Feature","id":"jeddah-al-yarmuk","geometry":{"type":"Polygon","coordinates":[[[39.51457,21.37725],[39.50818,21.35612],[39.50811,21.35615],[39.50732,21.35422],[39.50632,21.35206],[39.50493,21.34942],[39.50336,21.34686],[39.50128,21.34392],[39.49823,21.34015],[39.49638,21.33836],[39.4949,21.33724],[39.49363,21.33645],[39.49196,21.3356],[39.49057,21.33503],[39.48921,21.33459],[39.46926,21.33206],[39.47042,21.31892],[39.50899,21.31802],[39.51079,21.33954],[39.51462,21.34471],[39.51822,21.34752],[39.52025,21.35011],[39.52149,21.35473],[39.52295,21.36126],[39.52595,21.3678],[39.52524,21.36882],[39.51457,21.37725]]]},"properties":{"district_id":"jeddah-al-yarmuk","name_ar":"اليرموك","name_en":"Al Yarmuk","city":"jeddah","source_codes":["70030076563135601"]}},{"type":"Feature","id":"jeddah-al-yesr","geometry":{"type":"Polygon","coordinates":[[[39.0796,21.98821],[39.07811,21.98843],[39.07859,21.99158],[39.06031,21.99062],[39.05603,21.96336],[39.07526,21.9608],[39.0796,21.98821]]]},"properties":{"district_id":"jeddah-al-yesr","name_ar":"اليسر","name_en":"Al Yesr","city":"jeddah","source_codes":["70030076563163763"]}},{"type":"Feature","id":"jeddah-al-zahra","geometry":{"type":"Polygon","coordinates":[[[39.14326,21.57472],[39.14405,21.59496],[39.14429,21.59814],[39.14392,21.59969],[39.14246,21.60397],[39.14201,21.60553],[39.14115,21.61089],[39.12094,21.60625],[39.12103,21.60466],[39.12103,21.60183],[39.12128,21.59965],[39.12161,21.59846],[39.1262,21.58465],[39.12668,21.58265],[39.12685,21.58106],[39.12685,21.58016],[39.12643,21.57227],[39.13098,21.57213],[39.13384,21.57214],[39.1355,21.57249],[39.14326,21.57472]]]},"properties":{"district_id":"jeddah-al-zahra","name_ar":"الزهراء","name_en":"Al Zahra","city":"jeddah","source_codes":["70030076563164319"]}},{"type":"Feature","id":"jeddah-al-zmurrod","geometry":{"type":"Polygon","coordinates":[[[39.03829,21.80901],[39.03789,21.80909],[39.03757,21.80931],[39.03657,21.81081],[39.02745,21.80469],[39.02815,21.80401],[39.0285,21.8036],[39.02849,21.80351],[39.02884,21.80318],[39.02909,21.80314],[39.02957,21.80339],[39.03,21.80304],[39.03004,21.80277],[39.02958,21.80224],[39.02987,21.80184],[39.03011,21.80198],[39.03167,21.80371],[39.03191,21.80388],[39.03209,21.80422],[39.0319,21.80439],[39.03182,21.80522],[39.03215,21.80543],[39.03255,21.80544],[39.03298,21.80522],[39.03272,21.80499],[39.03285,21.80501],[39.03317,21.80533],[39.03345,21.80512],[39.03424,21.80482],[39.03423,21.80468],[39.03476,21.80433],[39.03443,21.80395],[39.03447,21.80391],[39.03476,21.8041],[39.03505,21.80388],[39.03454,21.80322],[39.03458,21.80312],[39.03486,21.80297],[39.03506,21.8027],[39.03514,21.8027],[39.03576,21.80362],[39.03664,21.80421],[39.03716,21.80497],[39.03734,21.80496],[39.03746,21.80476],[39.03754,21.80428],[39.03754,21.80404],[39.03741,21.80379],[39.03715,21.80359],[39.03627,21.80323],[39.03598,21.80274],[39.03595,21.80232],[39.03508,21.80196],[39.03498,21.80213],[39.03491,21.80207],[39.03509,21.80187],[39.03609,21.80227],[39.03615,21.80216],[39.03676,21.80236],[39.03685,21.80208],[39.03661,21.80187],[39.03649,21.8016],[39.03654,21.80143],[39.03669,21.80132],[39.03739,21.80156],[39.0379,21.80187],[39.038,21.8019],[39.03812,21.8018],[39.03812,21.80153],[39.03693,21.80119],[39.0368,21.80102],[39.03686,21.80081],[39.03701,21.80081],[39.03703,21.80072],[39.03729,21.80091],[39.0375,21.80086],[39.03749,21.80073],[39.0371,21.80057],[39.03715,21.80044],[39.03726,21.80048],[39.03727,21.80059],[39.03748,21.80066],[39.03749,21.80056],[39.03775,21.80048],[39.03784,21.80033],[39.03735,21.80017],[39.03738,21.80009],[39.03785,21.80029],[39.03799,21.80024],[39.03817,21.80038],[39.03834,21.80035],[39.03846,21.80015],[39.03846,21.80005],[39.03806,21.79995],[39.03804,21.79987],[39.03798,21.79996],[39.03791,21.79991],[39.03789,21.80008],[39.03767,21.80005],[39.03768,21.79994],[39.03787,21.7999],[39.03778,21.79985],[39.03783,21.79973],[39.03761,21.79962],[39.03726,21.79969],[39.03758,21.79957],[39.03786,21.7997],[39.03802,21.79958],[39.03815,21.79965],[39.03818,21.79977],[39.03825,21.79965],[39.03841,21.79974],[39.03838,21.79982],[39.03858,21.7999],[39.0387,21.79979],[39.03872,21.79972],[39.03763,21.7991],[39.03775,21.79899],[39.03778,21.79912],[39.03865,21.79956],[39.0388,21.79946],[39.03878,21.79933],[39.03779,21.7987],[39.03777,21.7986],[39.03793,21.79855],[39.03811,21.79884],[39.03875,21.79921],[39.03884,21.79916],[39.03885,21.79898],[39.03821,21.7985],[39.03806,21.7983],[39.03808,21.79818],[39.0384,21.79801],[39.03867,21.79759],[39.03889,21.79773],[39.03909,21.7975],[39.03905,21.79729],[39.03922,21.79719],[39.03923,21.79697],[39.03949,21.79676],[39.03938,21.79668],[39.03927,21.79675],[39.03958,21.79636],[39.03954,21.79664],[39.03986,21.79651],[39.04014,21.79667],[39.04028,21.79653],[39.04044,21.79613],[39.04032,21.79602],[39.04022,21.79608],[39.0403,21.796],[39.0402,21.79591],[39.04004,21.79607],[39.03989,21.79592],[39.04003,21.79603],[39.04018,21.79589],[39.04003,21.79574],[39.03986,21.79588],[39.04004,21.79571],[39.04031,21.79597],[39.04038,21.7959],[39.04029,21.79582],[39.04032,21.7957],[39.04033,21.7958],[39.04067,21.79611],[39.04066,21.79596],[39.04074,21.79587],[39.04039,21.79563],[39.04071,21.79536],[39.04101,21.79556],[39.04115,21.7954],[39.04088,21.79521],[39.04093,21.79514],[39.04144,21.79554],[39.04157,21.79537],[39.04159,21.79531],[39.04107,21.79501],[39.04111,21.79494],[39.04173,21.79532],[39.04183,21.79524],[39.04189,21.79503],[39.04108,21.79471],[39.04117,21.7945],[39.04131,21.79456],[39.04127,21.79471],[39.04176,21.79492],[39.04188,21.79483],[39.04196,21.79463],[39.04185,21.79457],[39.04193,21.79443],[39.04171,21.79434],[39.04179,21.79414],[39.04205,21.79424],[39.04207,21.79418],[39.04183,21.79408],[39.04207,21.79347],[39.0422,21.7935],[39.04215,21.79374],[39.0428,21.79396],[39.04275,21.79385],[39.04299,21.79393],[39.04329,21.79371],[39.04301,21.7936],[39.0431,21.7934],[39.04204,21.79301],[39.04212,21.7928],[39.04222,21.79284],[39.04215,21.79301],[39.04302,21.79333],[39.04317,21.79306],[39.04323,21.79273],[39.04282,21.79252],[39.04333,21.7926],[39.04346,21.79235],[39.04344,21.79227],[39.04302,21.79211],[39.04286,21.79212],[39.04284,21.79194],[39.04298,21.79191],[39.04346,21.79217],[39.04356,21.79186],[39.04335,21.79181],[39.04338,21.79172],[39.04415,21.79187],[39.04419,21.79174],[39.04294,21.79137],[39.043,21.79122],[39.04412,21.79164],[39.0442,21.79143],[39.04405,21.79137],[39.04409,21.79125],[39.04334,21.79103],[39.04331,21.7911],[39.04321,21.79107],[39.04323,21.79099],[39.04311,21.7909],[39.04326,21.79092],[39.04328,21.79085],[39.0434,21.79088],[39.04338,21.79096],[39.04346,21.79098],[39.0435,21.79092],[39.04352,21.791],[39.04412,21.79118],[39.04424,21.7909],[39.04408,21.79084],[39.04439,21.79013],[39.04341,21.78982],[39.04344,21.78976],[39.04441,21.7901],[39.04454,21.78982],[39.04407,21.78966],[39.044,21.7897],[39.04403,21.78962],[39.04455,21.7898],[39.04461,21.78965],[39.04429,21.78961],[39.04399,21.78944],[39.04406,21.78941],[39.04434,21.7896],[39.04463,21.78963],[39.04459,21.7894],[39.04381,21.7892],[39.04386,21.78907],[39.04394,21.78911],[39.04397,21.78894],[39.0441,21.78896],[39.04408,21.78912],[39.04415,21.78898],[39.04425,21.78901],[39.04421,21.78916],[39.04429,21.78902],[39.04438,21.78905],[39.04432,21.78919],[39.04441,21.78906],[39.04452,21.7891],[39.04469,21.78879],[39.04474,21.7884],[39.04403,21.78813],[39.04406,21.78805],[39.04468,21.78827],[39.04473,21.78821],[39.04494,21.78824],[39.04545,21.78718],[39.04438,21.78667],[39.04552,21.78713],[39.04564,21.78704],[39.04581,21.78664],[39.0453,21.78642],[39.04544,21.78639],[39.04584,21.7866],[39.04589,21.78638],[39.04552,21.78628],[39.04542,21.78612],[39.04508,21.78596],[39.04512,21.78587],[39.04523,21.78592],[39.0452,21.78599],[39.04594,21.7863],[39.04605,21.78604],[39.04525,21.78562],[39.0453,21.78552],[39.04536,21.78554],[39.04532,21.78562],[39.04609,21.78601],[39.04615,21.78599],[39.04619,21.78581],[39.04575,21.78558],[39.04607,21.78573],[39.04615,21.78554],[39.04577,21.78544],[39.04585,21.78528],[39.04619,21.7855],[39.0463,21.78524],[39.04588,21.78498],[39.04582,21.78481],[39.0459,21.78479],[39.04593,21.78495],[39.04625,21.78515],[39.04644,21.78496],[39.04645,21.78479],[39.04624,21.78474],[39.0461,21.78456],[39.04596,21.78459],[39.04591,21.78446],[39.046,21.78439],[39.04645,21.78469],[39.04664,21.78455],[39.04583,21.78402],[39.04548,21.78397],[39.04536,21.78384],[39.04535,21.7837],[39.04551,21.78348],[39.04566,21.78344],[39.04634,21.78393],[39.04654,21.78395],[39.04731,21.78305],[39.0472,21.78285],[39.04659,21.78246],[39.04653,21.78258],[39.04672,21.78289],[39.04669,21.78318],[39.04646,21.78343],[39.04614,21.78349],[39.04593,21.78341],[39.04577,21.78324],[39.04571,21.78301],[39.04577,21.78277],[39.04605,21.78253],[39.04646,21.78252],[39.04653,21.78242],[39.04644,21.78234],[39.04642,21.78211],[39.04655,21.78201],[39.04748,21.78269],[39.04786,21.7827],[39.04807,21.7824],[39.04877,21.782],[39.04853,21.78162],[39.04839,21.78169],[39.04833,21.78159],[39.04844,21.78165],[39.04862,21.78154],[39.04856,21.78147],[39.04873,21.78137],[39.04861,21.78149],[39.04865,21.78155],[39.04855,21.78161],[39.04879,21.78198],[39.04935,21.78165],[39.04931,21.78159],[39.0494,21.78157],[39.04919,21.78138],[39.04926,21.78137],[39.04941,21.78155],[39.04949,21.78151],[39.04971,21.78176],[39.04989,21.78168],[39.05004,21.78176],[39.04961,21.78125],[39.04966,21.78121],[39.04993,21.78136],[39.05008,21.78117],[39.04986,21.78093],[39.05006,21.78111],[39.05023,21.78096],[39.04997,21.78071],[39.04988,21.78071],[39.04999,21.7806],[39.04999,21.78069],[39.05025,21.78095],[39.05047,21.78067],[39.05042,21.78043],[39.05015,21.78036],[39.05022,21.78031],[39.05052,21.78042],[39.05012,21.78002],[39.05035,21.78008],[39.05087,21.7806],[39.05126,21.78021],[39.05056,21.77971],[39.0506,21.77958],[39.05073,21.77955],[39.05078,21.77978],[39.05108,21.77998],[39.05136,21.77973],[39.05139,21.77965],[39.05077,21.77929],[39.05084,21.77921],[39.05295,21.7806],[39.05559,21.78253],[39.05563,21.78248],[39.07449,21.79627],[39.07458,21.79642],[39.08094,21.8011],[39.08238,21.80202],[39.07547,21.81023],[39.03829,21.80901]]]},"properties":{"district_id":"jeddah-al-zmurrod","name_ar":"الزمرد","name_en":"Al Zmurrod","city":"jeddah","source_codes":["70030076563163167"]}},{"type":"Feature","id":"jeddah-al-zohour","geometry":{"type":"Polygon","coordinates":[[[39.1227,21.90127],[39.11408,21.90235],[39.09477,21.90498],[39.09428,21.90429],[39.08501,21.89802],[39.08343,21.89672],[39.08284,21.89605],[39.0818,21.89448],[39.08138,21.89349],[39.0811,21.89239],[39.12461,21.8863],[39.1227,21.90127]]]},"properties":{"district_id":"jeddah-al-zohour","name_ar":"الزهور","name_en":"Al Zohour","city":"jeddah","source_codes":["70030076563163176"]}},{"type":"Feature","id":"jeddah-amwaj","geometry":{"type":"Polygon","coordinates":[[[39.0772,21.76357],[39.06101,21.75167],[39.06092,21.75177],[39.06004,21.7512],[39.05979,21.75114],[39.05719,21.74944],[39.05725,21.74935],[39.05761,21.74952],[39.05777,21.74974],[39.05874,21.75035],[39.05895,21.7501],[39.05935,21.75032],[39.05947,21.75022],[39.05864,21.74975],[39.0587,21.74965],[39.0595,21.7502],[39.05975,21.74987],[39.05778,21.74852],[39.05807,21.74866],[39.05815,21.7486],[39.05839,21.74874],[39.05847,21.74891],[39.05952,21.74963],[39.05977,21.74937],[39.05974,21.74911],[39.05847,21.74821],[39.05821,21.74826],[39.05822,21.74813],[39.0584,21.74809],[39.05909,21.74857],[39.05916,21.74841],[39.05914,21.7486],[39.05962,21.74893],[39.05971,21.74885],[39.05995,21.74896],[39.06008,21.74886],[39.06006,21.74874],[39.06027,21.74838],[39.06038,21.74851],[39.06038,21.7483],[39.06052,21.74811],[39.06024,21.7479],[39.06065,21.74815],[39.06076,21.74791],[39.05993,21.74738],[39.06006,21.74716],[39.05933,21.74673],[39.05899,21.7471],[39.05892,21.74706],[39.0592,21.74667],[39.05912,21.74661],[39.05974,21.74581],[39.06039,21.74583],[39.06042,21.7459],[39.06027,21.74611],[39.06037,21.74618],[39.06009,21.74657],[39.05999,21.74651],[39.05985,21.74678],[39.0612,21.74759],[39.06136,21.7475],[39.06177,21.74687],[39.06206,21.74674],[39.06242,21.74635],[39.06248,21.74592],[39.06125,21.74507],[39.0611,21.74517],[39.06077,21.74495],[39.06038,21.74483],[39.06116,21.74388],[39.06155,21.74324],[39.06166,21.74334],[39.06125,21.74414],[39.06217,21.7447],[39.06233,21.74488],[39.06244,21.74472],[39.06254,21.74478],[39.06241,21.74493],[39.06266,21.74508],[39.06303,21.74488],[39.06312,21.74476],[39.063,21.74464],[39.06316,21.74475],[39.06344,21.74422],[39.06385,21.74392],[39.0639,21.74373],[39.06383,21.74355],[39.06247,21.74266],[39.06225,21.74274],[39.0619,21.74272],[39.06177,21.74256],[39.06181,21.74236],[39.06165,21.74225],[39.06185,21.74235],[39.06205,21.74227],[39.06309,21.74294],[39.06329,21.7429],[39.0633,21.74271],[39.06206,21.742],[39.06203,21.7418],[39.06222,21.74159],[39.06236,21.74196],[39.06389,21.74294],[39.06401,21.74291],[39.06429,21.74249],[39.06425,21.74232],[39.06362,21.7419],[39.06358,21.74196],[39.06272,21.74135],[39.06239,21.74138],[39.06232,21.74124],[39.06271,21.74089],[39.06294,21.74052],[39.06313,21.74058],[39.06317,21.74067],[39.06289,21.7412],[39.06305,21.74132],[39.06314,21.74119],[39.06324,21.74125],[39.06314,21.74137],[39.06342,21.74153],[39.06409,21.74126],[39.06422,21.74092],[39.06436,21.74094],[39.0646,21.74113],[39.06477,21.74096],[39.06487,21.74069],[39.06463,21.74059],[39.06455,21.74066],[39.06456,21.74059],[39.06421,21.74039],[39.0641,21.74056],[39.0642,21.74035],[39.06372,21.74009],[39.0635,21.74027],[39.06335,21.74026],[39.06328,21.74014],[39.06337,21.73999],[39.06322,21.73983],[39.06327,21.7398],[39.06341,21.73998],[39.06349,21.73977],[39.06364,21.73969],[39.06558,21.74087],[39.06576,21.74079],[39.0656,21.74059],[39.06573,21.74075],[39.06583,21.74072],[39.06607,21.74012],[39.06569,21.73991],[39.06549,21.73988],[39.06541,21.74004],[39.06537,21.73991],[39.06474,21.73954],[39.06461,21.73969],[39.06472,21.73951],[39.06454,21.73941],[39.06431,21.7396],[39.06449,21.73928],[39.06425,21.73909],[39.06578,21.73989],[39.06593,21.73981],[39.06594,21.73962],[39.06422,21.73863],[39.06432,21.73847],[39.06449,21.73845],[39.06469,21.7387],[39.06606,21.73947],[39.06641,21.73918],[39.06653,21.73892],[39.06655,21.73863],[39.06522,21.73787],[39.06498,21.73784],[39.06489,21.73759],[39.06492,21.73751],[39.06506,21.73754],[39.06509,21.73762],[39.06665,21.73848],[39.06681,21.73845],[39.06683,21.73836],[39.06537,21.73751],[39.06533,21.73742],[39.06593,21.7358],[39.06601,21.73581],[39.06615,21.73605],[39.06684,21.73643],[39.06692,21.73631],[39.06705,21.7363],[39.06721,21.73608],[39.06665,21.73574],[39.06648,21.73582],[39.06605,21.73555],[39.06609,21.7355],[39.06618,21.73555],[39.06628,21.73542],[39.06642,21.73551],[39.06657,21.73546],[39.06633,21.73527],[39.06651,21.73516],[39.06699,21.73546],[39.06717,21.73535],[39.06722,21.7351],[39.06678,21.73469],[39.06687,21.73446],[39.06677,21.73438],[39.06681,21.73435],[39.0669,21.73443],[39.06706,21.73434],[39.0672,21.73439],[39.06724,21.73456],[39.06712,21.73473],[39.06747,21.73498],[39.06774,21.73492],[39.06795,21.73475],[39.06809,21.73446],[39.06776,21.73416],[39.06752,21.73415],[39.06738,21.73403],[39.06738,21.73391],[39.06757,21.73373],[39.069,21.73497],[39.06924,21.7348],[39.06921,21.73469],[39.08919,21.7492],[39.08205,21.75785],[39.08052,21.75968],[39.08047,21.75965],[39.0772,21.76357]]]},"properties":{"district_id":"jeddah-amwaj","name_ar":"الأمواج","name_en":"Amwaj","city":"jeddah","source_codes":["70030076563163813"]}},{"type":"Feature","id":"jeddah-an-najmah","geometry":{"type":"Polygon","coordinates":[[[39.07752,21.87669],[39.07842,21.88042],[39.08125,21.89308],[39.08153,21.8939],[39.08201,21.89486],[39.08318,21.89646],[39.08471,21.89779],[39.09428,21.90429],[39.09477,21.90498],[39.04955,21.91097],[39.04869,21.91097],[39.04801,21.91084],[39.04319,21.90919],[39.04894,21.90197],[39.05619,21.89264],[39.06296,21.88415],[39.07054,21.87444],[39.07181,21.87487],[39.07307,21.87495],[39.07508,21.87487],[39.07717,21.87457],[39.07752,21.87669]]]},"properties":{"district_id":"jeddah-an-najmah","name_ar":"النجمة","name_en":"An Najmah","city":"jeddah","source_codes":["70030076563163795"]}},{"type":"Feature","id":"jeddah-an-nazlah-al-yamaniyah","geometry":{"type":"Polygon","coordinates":[[[39.21296,21.48177],[39.20765,21.48417],[39.20737,21.48233],[39.20724,21.48198],[39.20697,21.48161],[39.19856,21.47363],[39.19865,21.47342],[39.20037,21.47104],[39.20031,21.46951],[39.20059,21.46897],[39.20065,21.46861],[39.20053,21.46805],[39.20008,21.46709],[39.19936,21.46559],[39.19885,21.46477],[39.20673,21.46513],[39.20742,21.46525],[39.20751,21.4644],[39.20735,21.45933],[39.2074,21.45873],[39.21012,21.45853],[39.2117,21.45813],[39.2129,21.4577],[39.21668,21.45592],[39.22138,21.46028],[39.22219,21.46094],[39.22222,21.46105],[39.2184,21.46929],[39.21898,21.46951],[39.21875,21.46986],[39.21921,21.47078],[39.21261,21.47373],[39.21296,21.48177]]]},"properties":{"district_id":"jeddah-an-nazlah-al-yamaniyah","name_ar":"النزلة اليمانية","name_en":"An Nazlah Al Yamaniyah","city":"jeddah","source_codes":["70030076563164383"]}},{"type":"Feature","id":"jeddah-an-nazlah-ash-sharqiyah","geometry":{"type":"Polygon","coordinates":[[[39.22929,21.47446],[39.21296,21.48177],[39.21261,21.47373],[39.21921,21.47078],[39.21875,21.46986],[39.21898,21.46951],[39.2184,21.46929],[39.22222,21.46105],[39.22302,21.46226],[39.22929,21.47446]]]},"properties":{"district_id":"jeddah-an-nazlah-ash-sharqiyah","name_ar":"النزلة الشرقية","name_en":"An Nazlah Ash Sharqiyah","city":"jeddah","source_codes":["70030076563164382"]}},{"type":"Feature","id":"jeddah-ar-rahmah","geometry":{"type":"Polygon","coordinates":[[[39.31484,21.2431],[39.32513,21.28613],[39.32476,21.28703],[39.29635,21.28673],[39.29684,21.24316],[39.31484,21.2431]]]},"properties":{"district_id":"jeddah-ar-rahmah","name_ar":"الرحمة","name_en":"Ar Rahmah","city":"jeddah","source_codes":["70030076563163780"]}},{"type":"Feature","id":"jeddah-as-sahil","geometry":{"type":"Polygon","coordinates":[[[39.11418,21.34839],[39.11346,21.34893],[39.11261,21.34922],[39.11214,21.34917],[39.11104,21.34871],[39.11069,21.34823],[39.10829,21.34622],[39.10763,21.34537],[39.10705,21.34423],[39.10667,21.34295],[39.10636,21.34224],[39.1062,21.34136],[39.10621,21.34103],[39.1064,21.34075],[39.10649,21.3402],[39.10662,21.33998],[39.10696,21.33983],[39.10722,21.33936],[39.10738,21.33903],[39.10746,21.33843],[39.10742,21.33804],[39.10702,21.33674],[39.1066,21.33564],[39.1063,21.33427],[39.10634,21.33396],[39.1065,21.3338],[39.10675,21.33374],[39.10755,21.33414],[39.10786,21.33377],[39.1077,21.33426],[39.10731,21.33465],[39.10743,21.33542],[39.1074,21.33618],[39.10756,21.33661],[39.10811,21.33699],[39.11102,21.33794],[39.11263,21.33815],[39.11452,21.33819],[39.11657,21.33796],[39.11749,21.33755],[39.11968,21.33553],[39.12044,21.33456],[39.1205,21.33422],[39.12085,21.33401],[39.12119,21.33357],[39.12115,21.33335],[39.12076,21.33295],[39.12009,21.3326],[39.11923,21.33238],[39.11796,21.33228],[39.11763,21.33208],[39.11722,21.33197],[39.1152,21.33181],[39.11459,21.33189],[39.11376,21.33188],[39.11335,21.33204],[39.11285,21.33198],[39.11184,21.33168],[39.11022,21.33083],[39.10999,21.33027],[39.11008,21.33011],[39.11026,21.33032],[39.11036,21.3303],[39.11039,21.33019],[39.10973,21.32938],[39.10859,21.32855],[39.10682,21.32762],[39.10624,21.32686],[39.10532,21.32619],[39.0988,21.3236],[39.0986,21.32362],[39.09843,21.3235],[39.09842,21.32341],[39.09852,21.32329],[39.09872,21.32328],[39.10556,21.32617],[39.10574,21.32616],[39.10586,21.32606],[39.10596,21.32544],[39.10618,21.32479],[39.10626,21.32414],[39.10617,21.32306],[39.10597,21.32234],[39.10503,21.32076],[39.1048,21.32005],[39.1047,21.31933],[39.10479,21.31841],[39.10476,21.31754],[39.10488,21.31725],[39.10518,21.31694],[39.10539,21.31619],[39.10542,21.31557],[39.10501,21.31423],[39.10407,21.31231],[39.1037,21.31182],[39.10365,21.3115],[39.10335,21.31079],[39.1032,21.30969],[39.10321,21.30946],[39.10341,21.30903],[39.10372,21.30741],[39.1041,21.30675],[39.10446,21.30517],[39.10441,21.30346],[39.10426,21.30197],[39.1041,21.30131],[39.10419,21.30045],[39.10439,21.2998],[39.1047,21.29933],[39.1047,21.2992],[39.10481,21.29913],[39.10492,21.29881],[39.10553,21.29813],[39.10599,21.29794],[39.10705,21.29714],[39.10824,21.29644],[39.10923,21.29564],[39.11047,21.29488],[39.1109,21.29453],[39.11163,21.29369],[39.11219,21.29292],[39.11253,21.29211],[39.11289,21.29022],[39.11333,21.28871],[39.11371,21.28786],[39.11432,21.28692],[39.11649,21.2848],[39.1171,21.28394],[39.11754,21.28254],[39.11742,21.2819],[39.11743,21.28144],[39.11797,21.28042],[39.118,21.27966],[39.119,21.27771],[39.12011,21.27678],[39.1203,21.27652],[39.12046,21.27606],[39.12052,21.27511],[39.1208,21.27429],[39.12205,21.27303],[39.12244,21.27286],[39.12255,21.27264],[39.12258,21.27202],[39.12229,21.27153],[39.12184,21.27124],[39.12092,21.27107],[39.12087,21.271],[39.12095,21.27094],[39.12191,21.2711],[39.12213,21.271],[39.12221,21.27079],[39.12211,21.27051],[39.12246,21.27032],[39.12282,21.2697],[39.12282,21.26941],[39.12301,21.269],[39.12136,21.26819],[39.1207,21.26825],[39.12059,21.26789],[39.12079,21.26785],[39.12087,21.26815],[39.12139,21.26812],[39.12371,21.2693],[39.12413,21.26934],[39.12449,21.26962],[39.12476,21.26965],[39.12515,21.26992],[39.12579,21.27001],[39.12603,21.26994],[39.12624,21.26976],[39.12691,21.26877],[39.12711,21.26823],[39.12754,21.2677],[39.12852,21.26597],[39.12884,21.26523],[39.12901,21.26405],[39.1292,21.26355],[39.12919,21.26248],[39.1293,21.26223],[39.12957,21.25985],[39.13006,21.25874],[39.13135,21.25662],[39.13228,21.25552],[39.13257,21.25499],[39.13337,21.25449],[39.13513,21.25289],[39.13551,21.25234],[39.13569,21.25176],[39.13582,21.25161],[39.13635,21.25142],[39.13666,21.25119],[39.13705,21.25062],[39.13705,21.25016],[39.13718,21.24979],[39.13799,21.25016],[39.13885,21.25087],[39.15415,21.26399],[39.15462,21.26455],[39.15359,21.2658],[39.15341,21.26629],[39.15335,21.26687],[39.15298,21.2851],[39.15298,21.28954],[39.15279,21.29477],[39.15222,21.3215],[39.15235,21.32147],[39.15274,21.33347],[39.13799,21.33483],[39.13574,21.33491],[39.13208,21.33525],[39.13112,21.33582],[39.12993,21.33595],[39.12962,21.33613],[39.12903,21.33593],[39.12869,21.33599],[39.1273,21.33724],[39.12688,21.33772],[39.12677,21.33758],[39.12715,21.33698],[39.12777,21.3365],[39.1279,21.33617],[39.12781,21.33609],[39.12749,21.33592],[39.12712,21.33585],[39.1256,21.33598],[39.12527,21.33592],[39.1252,21.3358],[39.12535,21.33558],[39.12483,21.33509],[39.12353,21.33447],[39.1224,21.33407],[39.12212,21.33421],[39.12215,21.33395],[39.12177,21.3337],[39.12151,21.33367],[39.12031,21.33514],[39.11999,21.33572],[39.11952,21.33603],[39.11875,21.33685],[39.11714,21.33814],[39.11628,21.33922],[39.11631,21.33981],[39.11638,21.33988],[39.11657,21.33986],[39.11673,21.33996],[39.11685,21.34076],[39.11697,21.34102],[39.11733,21.34138],[39.1174,21.34175],[39.11729,21.34195],[39.11657,21.3425],[39.11622,21.34287],[39.11599,21.34344],[39.11556,21.34405],[39.11515,21.34504],[39.11455,21.34549],[39.1143,21.34583],[39.11419,21.34628],[39.11431,21.34723],[39.11441,21.34742],[39.11465,21.34738],[39.11418,21.34839]]]},"properties":{"district_id":"jeddah-as-sahil","name_ar":"الساحل","name_en":"As Sahil","city":"jeddah","source_codes":["70030076563163177"]}},{"type":"Feature","id":"jeddah-as-sororyah","geometry":{"type":"Polygon","coordinates":[[[39.2105,21.41219],[39.21008,21.41072],[39.21012,21.40978],[39.2099,21.40958],[39.19985,21.41045],[39.19932,21.40585],[39.19921,21.40218],[39.19895,21.39969],[39.19905,21.39899],[39.19892,21.3975],[39.1981,21.39295],[39.19647,21.37702],[39.22054,21.3748],[39.22152,21.37476],[39.22196,21.37477],[39.22261,21.37483],[39.2225,21.37482],[39.22059,21.38412],[39.22556,21.385],[39.22832,21.38183],[39.2306,21.39148],[39.23068,21.39248],[39.23051,21.39338],[39.23008,21.39429],[39.22932,21.39519],[39.21675,21.40726],[39.21574,21.40807],[39.21299,21.41002],[39.21167,21.41111],[39.21105,21.4118],[39.2105,21.41219]]]},"properties":{"district_id":"jeddah-as-sororyah","name_ar":"السرورية","name_en":"As Sororyah","city":"jeddah","source_codes":["70030076563164322"]}},{"type":"Feature","id":"jeddah-as-swaryee","geometry":{"type":"Polygon","coordinates":[[[39.12229,21.79646],[39.12154,21.79749],[39.11946,21.80071],[39.11802,21.80353],[39.11676,21.80718],[39.11607,21.80982],[39.11572,21.81157],[39.07547,21.81023],[39.1004,21.78065],[39.11494,21.79134],[39.11686,21.79244],[39.12229,21.79646]]]},"properties":{"district_id":"jeddah-as-swaryee","name_ar":"الصوارى","name_en":"As Swaryee","city":"jeddah","source_codes":["70030076563164329"]}},{"type":"Feature","id":"jeddah-asala","geometry":{"type":"MultiPolygon","coordinates":[[[[39.47003,21.40081],[39.47171,21.40111],[39.48351,21.40446],[39.48416,21.40478],[39.49018,21.40874],[39.49175,21.40959],[39.48904,21.41307],[39.48576,21.41835],[39.48413,21.42151],[39.48242,21.42517],[39.4806,21.42978],[39.47707,21.42872],[39.47561,21.42815],[39.474,21.42737],[39.47288,21.42672],[39.47188,21.42601],[39.46845,21.42337],[39.46604,21.42203],[39.45909,21.4177],[39.46163,21.41442],[39.46239,21.41313],[39.46274,21.41152],[39.46408,21.4071],[39.46398,21.40605],[39.46326,21.40507],[39.46282,21.40364],[39.46268,21.4016],[39.46786,21.40087],[39.4686,21.4008],[39.47003,21.40081]]],[[[39.15106,21.78777],[39.1478,21.78747],[39.13832,21.78593],[39.1368,21.78584],[39.1355,21.78591],[39.13318,21.78658],[39.13828,21.78308],[39.13979,21.78182],[39.14319,21.77857],[39.14522,21.7763],[39.14676,21.77412],[39.14798,21.77192],[39.14897,21.76954],[39.14962,21.76722],[39.14991,21.76573],[39.15049,21.76601],[39.15356,21.76712],[39.17401,21.77418],[39.17325,21.7757],[39.17255,21.77689],[39.17089,21.77913],[39.16991,21.78024],[39.16876,21.78137],[39.16752,21.78243],[39.16629,21.78335],[39.16486,21.78426],[39.16344,21.78504],[39.16066,21.78623],[39.15846,21.78693],[39.15471,21.78773],[39.15106,21.78777]]]]},"properties":{"district_id":"jeddah-asala","name_ar":"الأصالة","name_en":"Asala","city":"jeddah","source_codes":["70030076563137571","70030076563163812"]}},{"type":"Feature","id":"jeddah-ash-sheraa","geometry":{"type":"Polygon","coordinates":[[[39.1004,21.78065],[39.0772,21.76357],[39.08205,21.75785],[39.08919,21.7492],[39.08939,21.74911],[39.10173,21.75804],[39.10255,21.75851],[39.1127,21.76585],[39.1004,21.78065]]]},"properties":{"district_id":"jeddah-ash-sheraa","name_ar":"الشراع","name_en":"Ash Sheraa","city":"jeddah","source_codes":["70030076563163174"]}},{"type":"Feature","id":"jeddah-bani-malik","geometry":{"type":"Polygon","coordinates":[[[39.23836,21.54056],[39.21806,21.5367],[39.19357,21.5322],[39.19238,21.53192],[39.19252,21.52608],[39.19916,21.52616],[39.23989,21.52832],[39.24,21.53167],[39.24024,21.53184],[39.24115,21.53199],[39.23968,21.53672],[39.23836,21.54056]]]},"properties":{"district_id":"jeddah-bani-malik","name_ar":"بني مالك","name_en":"Bani Malik","city":"jeddah","source_codes":["70030076563164377"]}},{"type":"Feature","id":"jeddah-bawada","geometry":{"type":"Polygon","coordinates":[[[39.17699,21.58442],[39.17327,21.596],[39.17304,21.59697],[39.17253,21.5983],[39.16864,21.61005],[39.16727,21.61492],[39.16687,21.61607],[39.15553,21.61391],[39.15694,21.60719],[39.15785,21.60361],[39.15953,21.59849],[39.15988,21.59762],[39.16,21.59709],[39.16534,21.58096],[39.17699,21.58442]]]},"properties":{"district_id":"jeddah-bawada","name_ar":"البوادى","name_en":"Bawada","city":"jeddah","source_codes":["70030076563163826"]}},{"type":"Feature","id":"jeddah-bayan","geometry":{"type":"Polygon","coordinates":[[[39.17189,21.98108],[39.17206,22.00414],[39.15718,22.00394],[39.15653,21.99783],[39.15615,21.99101],[39.15615,21.98418],[39.15631,21.98028],[39.15636,21.97943],[39.17189,21.98108]]]},"properties":{"district_id":"jeddah-bayan","name_ar":"البيان","name_en":"Bayan","city":"jeddah","source_codes":["70030076563163779"]}},{"type":"Feature","id":"jeddah-bryman","geometry":{"type":"Polygon","coordinates":[[[39.28151,21.64263],[39.28066,21.64632],[39.27956,21.65006],[39.27824,21.65373],[39.27625,21.65839],[39.27535,21.66072],[39.27441,21.66363],[39.27356,21.66696],[39.27301,21.66986],[39.27263,21.67277],[39.27241,21.67589],[39.27229,21.6816],[39.27163,21.68612],[39.22285,21.67342],[39.20952,21.66904],[39.21003,21.66751],[39.20827,21.65989],[39.20622,21.65591],[39.20605,21.65519],[39.20434,21.65464],[39.20502,21.65166],[39.20585,21.64875],[39.21114,21.63483],[39.21306,21.62941],[39.21421,21.62663],[39.21474,21.62468],[39.21701,21.6186],[39.21955,21.61194],[39.22034,21.61039],[39.22115,21.60823],[39.2261,21.60986],[39.22672,21.60978],[39.22757,21.60979],[39.24014,21.61316],[39.24024,21.61335],[39.24547,21.6146],[39.24907,21.61517],[39.25286,21.61548],[39.2563,21.61553],[39.2658,21.61535],[39.26949,21.61555],[39.27222,21.61588],[39.27575,21.61652],[39.28127,21.61792],[39.28357,21.61882],[39.28568,21.61989],[39.286,21.62008],[39.28151,21.64263]]]},"properties":{"district_id":"jeddah-bryman","name_ar":"بريمان","name_en":"Bryman","city":"jeddah","source_codes":["70030076563163816"]}},{"type":"Feature","id":"jeddah-central-fish-market","geometry":{"type":"Polygon","coordinates":[[[39.17323,21.48984],[39.17282,21.49025],[39.1723,21.49021],[39.17182,21.49002],[39.17203,21.48931],[39.17131,21.48933],[39.1713,21.48921],[39.17214,21.48916],[39.1723,21.48863],[39.17163,21.48818],[39.1717,21.48809],[39.17228,21.48849],[39.17255,21.48815],[39.17297,21.48801],[39.1731,21.48829],[39.17337,21.48826],[39.17355,21.48864],[39.17342,21.48884],[39.17425,21.48926],[39.1739,21.4899],[39.17348,21.48974],[39.17323,21.48984]]]},"properties":{"district_id":"jeddah-central-fish-market","name_ar":"سوق السمك المركزي","name_en":"Central Fish Market","city":"jeddah","source_codes":["70030076563107985"]}},{"type":"Feature","id":"jeddah-central-slaughterhouse","geometry":{"type":"Polygon","coordinates":[[[39.25819,21.52778],[39.25769,21.52989],[39.25582,21.5296],[39.25604,21.52707],[39.25819,21.52778]]]},"properties":{"district_id":"jeddah-central-slaughterhouse","name_ar":"المسلخ المركزي","name_en":"central slaughterhouse","city":"jeddah","source_codes":["70030076563111896"]}},{"type":"Feature","id":"jeddah-central-vegetable-and-fruit-market","geometry":{"type":"Polygon","coordinates":[[[39.2222,21.59004],[39.22133,21.59315],[39.21975,21.59273],[39.22049,21.58975],[39.2222,21.59004]]]},"properties":{"district_id":"jeddah-central-vegetable-and-fruit-market","name_ar":"سوق الخضار والفواكه المركزي","name_en":"Central vegetable and fruit market","city":"jeddah","source_codes":["70030076563111860"]}},{"type":"Feature","id":"jeddah-dhahban-town","geometry":{"type":"Polygon","coordinates":[[[39.12477,21.95082],[39.12474,21.95102],[39.11577,21.95083],[39.11511,21.95066],[39.10283,21.94222],[39.10118,21.941],[39.10147,21.94074],[39.10268,21.9378],[39.10075,21.92457],[39.1017,21.92423],[39.10286,21.92393],[39.10458,21.92373],[39.11158,21.92228],[39.11248,21.92219],[39.11303,21.92221],[39.11986,21.92369],[39.12101,21.92414],[39.12173,21.92417],[39.1222,21.92407],[39.12456,21.92251],[39.12627,21.92499],[39.12821,21.92814],[39.12914,21.93106],[39.12953,21.9346],[39.12932,21.93822],[39.12873,21.94153],[39.12751,21.945],[39.12477,21.95082]]]},"properties":{"district_id":"jeddah-dhahban-town","name_ar":"بلدة ذهبان","name_en":"Dhahban Town","city":"jeddah","source_codes":["70030076563164356"]}},{"type":"Feature","id":"jeddah-eastern-baghdadism","geometry":{"type":"Polygon","coordinates":[[[39.20264,21.503],[39.20219,21.50355],[39.20178,21.50382],[39.20079,21.50397],[39.20056,21.50413],[39.19703,21.50386],[39.1956,21.50358],[39.19334,21.50269],[39.19266,21.5025],[39.19162,21.50245],[39.18868,21.50265],[39.18623,21.50247],[39.18386,21.50147],[39.18486,21.4995],[39.18557,21.49595],[39.18613,21.49396],[39.1865,21.49094],[39.18705,21.49084],[39.18976,21.49275],[39.19232,21.49402],[39.20092,21.50059],[39.20341,21.50182],[39.20264,21.503]]]},"properties":{"district_id":"jeddah-eastern-baghdadism","name_ar":"البغددية الشرقية","name_en":"Eastern baghdadism","city":"jeddah","source_codes":["70030076563164391"]}},{"type":"Feature","id":"jeddah-ghulail","geometry":{"type":"Polygon","coordinates":[[[39.2074,21.45873],[39.20493,21.4587],[39.20268,21.45885],[39.19819,21.45889],[39.19782,21.44825],[39.19788,21.44791],[39.19798,21.44776],[39.19863,21.44744],[39.20506,21.44503],[39.21608,21.45521],[39.21668,21.45592],[39.2129,21.4577],[39.2117,21.45813],[39.21012,21.45853],[39.2074,21.45873]]]},"properties":{"district_id":"jeddah-ghulail","name_ar":"غليل","name_en":"Ghulail","city":"jeddah","source_codes":["70030076563163745"]}},{"type":"Feature","id":"jeddah-hukoomi","geometry":{"type":"MultiPolygon","coordinates":[[[[39.12461,21.8863],[39.0811,21.89239],[39.07842,21.88042],[39.07752,21.87669],[39.07717,21.87457],[39.0734,21.85671],[39.07416,21.85681],[39.07534,21.85666],[39.10501,21.85199],[39.12164,21.84962],[39.12282,21.85457],[39.12444,21.86299],[39.12571,21.87392],[39.12549,21.88056],[39.12461,21.8863]]],[[[39.44984,21.32123],[39.44739,21.32683],[39.4335,21.35731],[39.43249,21.35931],[39.42039,21.35396],[39.41859,21.35162],[39.41644,21.35122],[39.38655,21.3505],[39.39296,21.34218],[39.39541,21.33764],[39.39683,21.33473],[39.40005,21.32877],[39.40007,21.32841],[39.39998,21.32806],[39.39788,21.32406],[39.39428,21.3152],[39.3954,21.3149],[39.42548,21.2959],[39.42674,21.29572],[39.43005,21.29818],[39.44721,21.31163],[39.44995,21.31758],[39.44984,21.32123]]],[[[39.15667,21.82652],[39.15712,21.83183],[39.15777,21.8344],[39.16004,21.83878],[39.1607,21.84558],[39.16005,21.85193],[39.15872,21.86038],[39.12282,21.85457],[39.12124,21.84793],[39.12102,21.84742],[39.11915,21.83915],[39.13714,21.84123],[39.14213,21.81974],[39.14419,21.82069],[39.14459,21.82109],[39.15429,21.82595],[39.15667,21.82652]]]]},"properties":{"district_id":"jeddah-hukoomi","name_ar":"حكومي","name_en":"Hukoomi","city":"jeddah","source_codes":["70030076563131176","70030076563163758","70030076563163768"]}},{"type":"Feature","id":"jeddah-industrial","geometry":{"type":"MultiPolygon","coordinates":[[[[39.51304,21.37819],[39.50952,21.37961],[39.50587,21.38065],[39.50406,21.3808],[39.50148,21.38071],[39.48652,21.37916],[39.48131,21.37873],[39.47871,21.37872],[39.47779,21.37863],[39.47578,21.37823],[39.47437,21.37803],[39.47079,21.37791],[39.46709,21.37808],[39.46552,21.37828],[39.46568,21.37159],[39.46533,21.36868],[39.45621,21.36356],[39.44793,21.35958],[39.44656,21.36367],[39.44452,21.36428],[39.4416,21.36334],[39.43249,21.35931],[39.4335,21.35731],[39.44739,21.32683],[39.44984,21.32123],[39.4499,21.3194],[39.47042,21.31892],[39.46926,21.33206],[39.48921,21.33459],[39.49162,21.33545],[39.49363,21.33645],[39.49551,21.33767],[39.49721,21.3391],[39.49847,21.34043],[39.50054,21.34296],[39.502,21.34488],[39.50336,21.34686],[39.50463,21.3489],[39.50579,21.35099],[39.50708,21.35368],[39.50811,21.35615],[39.50818,21.35612],[39.51457,21.37725],[39.51304,21.37819]]],[[[39.27577,21.9074],[39.27242,21.90599],[39.2835,21.88866],[39.28899,21.88073],[39.3124,21.89426],[39.31319,21.8949],[39.31356,21.89546],[39.31243,21.90527],[39.31048,21.91276],[39.31049,21.91728],[39.30799,21.92357],[39.30681,21.92315],[39.30502,21.92221],[39.30397,21.92141],[39.30175,21.91945],[39.30106,21.91898],[39.29235,21.91422],[39.27583,21.90723],[39.27577,21.9074]]]]},"properties":{"district_id":"jeddah-industrial","name_ar":"صناعي","name_en":"Industrial","city":"jeddah","source_codes":["70030076563135602","70030076563163764"]}},{"type":"Feature","id":"jeddah-industrial-2","geometry":{"type":"Polygon","coordinates":[[[39.52732,21.40766],[39.52671,21.41099],[39.52603,21.41342],[39.52471,21.41613],[39.52224,21.41992],[39.51994,21.41837],[39.51852,21.41769],[39.51568,21.41682],[39.5133,21.41642],[39.51225,21.41609],[39.50956,21.4147],[39.50743,21.41343],[39.50624,21.41286],[39.5032,21.41165],[39.50037,21.41083],[39.49656,21.409],[39.4938,21.40714],[39.50596,21.39309],[39.50918,21.38951],[39.51571,21.38188],[39.51714,21.38424],[39.51778,21.3858],[39.52043,21.38772],[39.52599,21.39318],[39.5298,21.39659],[39.52792,21.4044],[39.52797,21.40537],[39.52745,21.40766],[39.52732,21.40766]]]},"properties":{"district_id":"jeddah-industrial-2","name_ar":"الصناعية","name_en":"Industrial","city":"jeddah","source_codes":["70030076563137572"]}},{"type":"Feature","id":"jeddah-industrial-area","geometry":{"type":"Polygon","coordinates":[[[39.23614,21.4259],[39.23246,21.42905],[39.22071,21.41955],[39.2193,21.41824],[39.21898,21.41855],[39.21382,21.41441],[39.21117,21.4125],[39.2105,21.41219],[39.21105,21.4118],[39.21167,21.41111],[39.21299,21.41002],[39.21667,21.40733],[39.22932,21.39519],[39.22993,21.39451],[39.23035,21.3938],[39.23056,21.39323],[39.23067,21.39264],[39.2306,21.39148],[39.22725,21.37729],[39.22684,21.37605],[39.2269,21.37552],[39.23366,21.3765],[39.23391,21.37674],[39.23404,21.37674],[39.23411,21.37667],[39.25859,21.37391],[39.25982,21.37369],[39.25918,21.38442],[39.25876,21.38886],[39.25819,21.39357],[39.25697,21.40098],[39.25509,21.40935],[39.25447,21.40875],[39.23614,21.4259]]]},"properties":{"district_id":"jeddah-industrial-area","name_ar":"المنطقة الصناعية","name_en":"Industrial Area","city":"jeddah","source_codes":["70030076563164375"]}},{"type":"Feature","id":"jeddah-jeddah-islamic-port","geometry":{"type":"Polygon","coordinates":[[[39.16755,21.49204],[39.1673,21.49245],[39.16685,21.49287],[39.16635,21.49311],[39.16575,21.49321],[39.16217,21.49268],[39.1619,21.49254],[39.15417,21.49127],[39.15406,21.49196],[39.15497,21.4921],[39.15482,21.49212],[39.15476,21.49248],[39.15478,21.49211],[39.15448,21.49207],[39.15442,21.49242],[39.15443,21.49206],[39.15405,21.492],[39.15401,21.49229],[39.15331,21.49218],[39.15328,21.49235],[39.15317,21.49234],[39.15455,21.48464],[39.14988,21.4839],[39.1499,21.4838],[39.15014,21.48383],[39.15028,21.48315],[39.1507,21.48319],[39.15115,21.48088],[39.15082,21.48084],[39.15056,21.48063],[39.15061,21.48059],[39.15104,21.48078],[39.15136,21.47915],[39.15112,21.4791],[39.15107,21.47937],[39.15097,21.47939],[39.1491,21.47906],[39.14919,21.47865],[39.1497,21.47874],[39.14978,21.4782],[39.15113,21.47843],[39.15121,21.4786],[39.15114,21.4787],[39.15143,21.47875],[39.1515,21.47783],[39.15064,21.47769],[39.15066,21.47751],[39.15153,21.47766],[39.15171,21.47676],[39.15089,21.47663],[39.15092,21.47647],[39.15169,21.4766],[39.152,21.47503],[39.15189,21.47492],[39.14791,21.47426],[39.14902,21.46837],[39.14923,21.46809],[39.14962,21.46794],[39.15003,21.46801],[39.15032,21.46827],[39.15058,21.46832],[39.15056,21.46844],[39.15134,21.46857],[39.15132,21.46868],[39.15054,21.46856],[39.15037,21.46944],[39.15113,21.46957],[39.15111,21.46968],[39.15035,21.46956],[39.15001,21.47142],[39.15074,21.47155],[39.15093,21.4705],[39.15105,21.47052],[39.15084,21.47168],[39.14998,21.47154],[39.1495,21.47414],[39.15189,21.47454],[39.15289,21.46938],[39.15313,21.4693],[39.15297,21.4692],[39.153,21.46901],[39.15362,21.46914],[39.15858,21.47485],[39.15861,21.47519],[39.15741,21.48157],[39.16216,21.48235],[39.164,21.47252],[39.1641,21.47254],[39.16413,21.47246],[39.16413,21.47228],[39.16402,21.47225],[39.16404,21.47216],[39.16422,21.47204],[39.16468,21.47206],[39.16402,21.4719],[39.16493,21.47209],[39.16504,21.4714],[39.16414,21.47128],[39.16419,21.47124],[39.16481,21.47136],[39.16443,21.47124],[39.16433,21.47113],[39.16441,21.47075],[39.16418,21.47071],[39.16429,21.47013],[39.16287,21.46989],[39.16275,21.47056],[39.15803,21.46979],[39.15838,21.46799],[39.16507,21.46633],[39.1685,21.44805],[39.16374,21.44727],[39.16086,21.46267],[39.15748,21.46351],[39.15694,21.46159],[39.15944,21.44824],[39.15469,21.44743],[39.15466,21.44764],[39.15428,21.44762],[39.15476,21.44506],[39.15858,21.44565],[39.15896,21.44592],[39.16012,21.4457],[39.18012,21.449],[39.1797,21.44909],[39.17942,21.44942],[39.17983,21.45464],[39.17958,21.45914],[39.17963,21.46017],[39.17982,21.46112],[39.17937,21.46186],[39.17906,21.46276],[39.17774,21.46982],[39.17747,21.47094],[39.177,21.47443],[39.17659,21.47668],[39.1763,21.48041],[39.17681,21.48095],[39.1768,21.48178],[39.17731,21.48241],[39.17728,21.4826],[39.17698,21.48313],[39.17695,21.48338],[39.17768,21.48454],[39.17778,21.48499],[39.17775,21.48541],[39.17759,21.48574],[39.17727,21.486],[39.17615,21.48623],[39.17513,21.48619],[39.17477,21.48595],[39.17405,21.48572],[39.17227,21.48552],[39.17199,21.48565],[39.17172,21.48608],[39.17154,21.48658],[39.1713,21.48676],[39.1706,21.48687],[39.16957,21.48675],[39.16967,21.48683],[39.16961,21.48696],[39.16927,21.48692],[39.16924,21.48682],[39.16954,21.48682],[39.16955,21.48675],[39.16893,21.48668],[39.16867,21.48762],[39.16875,21.48789],[39.16755,21.49204]]]},"properties":{"district_id":"jeddah-jeddah-islamic-port","name_ar":"ميناء جدة الاسلامى","name_en":"Jeddah Islamic Port","city":"jeddah","source_codes":["70030076563164398"]}},{"type":"Feature","id":"jeddah-king-abdulaziz-airport","geometry":{"type":"Polygon","coordinates":[[[39.17401,21.77418],[39.15356,21.76712],[39.15049,21.76601],[39.14991,21.76573],[39.15017,21.76332],[39.15015,21.7609],[39.14792,21.73361],[39.14759,21.73098],[39.14711,21.72955],[39.14661,21.72855],[39.14571,21.7273],[39.1445,21.72612],[39.14361,21.72547],[39.14243,21.72484],[39.14036,21.72405],[39.12119,21.71743],[39.11975,21.71685],[39.11855,21.71616],[39.11759,21.71543],[39.11647,21.71427],[39.11566,21.71309],[39.11502,21.71174],[39.11462,21.71022],[39.11451,21.70897],[39.11457,21.70775],[39.11483,21.70644],[39.13047,21.66677],[39.13287,21.66077],[39.13347,21.65949],[39.13462,21.65739],[39.1361,21.65517],[39.14717,21.64069],[39.15113,21.63872],[39.15646,21.63557],[39.15833,21.63473],[39.15972,21.63438],[39.1659,21.63345],[39.17444,21.63179],[39.17774,21.63141],[39.18078,21.63129],[39.18195,21.6313],[39.18398,21.63147],[39.19356,21.63287],[39.19375,21.63281],[39.2015,21.63403],[39.20258,21.6341],[39.20839,21.63501],[39.21093,21.63532],[39.20585,21.64875],[39.2047,21.65294],[39.20434,21.65464],[39.20383,21.65788],[39.20355,21.66111],[39.20355,21.66256],[39.20387,21.68468],[39.20407,21.69063],[39.20366,21.69562],[39.20302,21.69925],[39.20224,21.70233],[39.20157,21.70447],[39.20074,21.70668],[39.19304,21.7263],[39.18964,21.73469],[39.17401,21.77418]]]},"properties":{"district_id":"jeddah-king-abdulaziz-airport","name_ar":"مطار الملك عبد العزيز","name_en":"King Abdulaziz Airport","city":"jeddah","source_codes":["70030076563164395"]}},{"type":"Feature","id":"jeddah-king-abdulaziz-university","geometry":{"type":"Polygon","coordinates":[[[39.26001,21.50278],[39.24748,21.50205],[39.24686,21.50197],[39.24655,21.50184],[39.23948,21.50175],[39.23944,21.49984],[39.23931,21.49972],[39.22508,21.50088],[39.23,21.49423],[39.23243,21.48971],[39.23285,21.48864],[39.23319,21.48718],[39.23329,21.48569],[39.23317,21.48419],[39.23814,21.48371],[39.23946,21.48349],[39.26055,21.48699],[39.26162,21.48731],[39.26469,21.48784],[39.26826,21.48859],[39.26754,21.49094],[39.26704,21.49227],[39.26599,21.49454],[39.26509,21.4961],[39.26393,21.49785],[39.26001,21.50278]]]},"properties":{"district_id":"jeddah-king-abdulaziz-university","name_ar":"جامعة الملك عبد العزيز","name_en":"King Abdulaziz University","city":"jeddah","source_codes":["70030076563164396"]}},{"type":"Feature","id":"jeddah-king-faisal-naval-base","geometry":{"type":"Polygon","coordinates":[[[39.18529,21.40535],[39.18552,21.40637],[39.18528,21.40781],[39.18524,21.40852],[39.18531,21.4091],[39.18518,21.40976],[39.18494,21.41002],[39.18452,21.41023],[39.18413,21.41068],[39.18394,21.41078],[39.1835,21.41074],[39.18311,21.41048],[39.1823,21.40894],[39.18209,21.40831],[39.18202,21.40757],[39.18229,21.40575],[39.18216,21.40552],[39.18195,21.40537],[39.18159,21.40536],[39.17966,21.40625],[39.17952,21.40622],[39.17878,21.40651],[39.17843,21.40682],[39.17762,21.40711],[39.17688,21.40721],[39.17673,21.40732],[39.17667,21.40727],[39.17687,21.40699],[39.17741,21.40679],[39.17762,21.4066],[39.17717,21.4048],[39.17746,21.40386],[39.17754,21.40391],[39.17732,21.40453],[39.17731,21.40495],[39.17745,21.40543],[39.17767,21.40537],[39.17761,21.40523],[39.17768,21.40522],[39.17785,21.40584],[39.17787,21.40569],[39.17795,21.40567],[39.17799,21.40578],[39.17849,21.40569],[39.17836,21.40506],[39.17869,21.405],[39.17881,21.40563],[39.17912,21.40558],[39.17889,21.40452],[39.1793,21.40445],[39.17945,21.40552],[39.18029,21.40537],[39.18064,21.40509],[39.18111,21.40487],[39.18192,21.40502],[39.18222,21.40485],[39.18241,21.40464],[39.1826,21.40425],[39.18272,21.40324],[39.18295,21.40283],[39.18325,21.40254],[39.18353,21.40243],[39.18406,21.40243],[39.1849,21.40295],[39.18529,21.40299],[39.18584,21.40323],[39.18644,21.40324],[39.18676,21.40289],[39.18688,21.40197],[39.18725,21.40142],[39.18703,21.40097],[39.18673,21.40095],[39.1865,21.40083],[39.18574,21.40078],[39.18419,21.40099],[39.18335,21.40094],[39.18313,21.40057],[39.18294,21.39852],[39.18285,21.39829],[39.18229,21.39787],[39.1808,21.39721],[39.18069,21.39612],[39.18258,21.39481],[39.1825,21.39395],[39.18266,21.39368],[39.18317,21.39331],[39.18318,21.39314],[39.18304,21.39287],[39.18333,21.39232],[39.18334,21.39194],[39.18317,21.39147],[39.18167,21.38898],[39.1815,21.38904],[39.18121,21.38937],[39.18071,21.38884],[39.18073,21.38873],[39.18124,21.38849],[39.18133,21.38836],[39.18042,21.38676],[39.18008,21.387],[39.18,21.38715],[39.17978,21.38703],[39.17998,21.38679],[39.18032,21.38658],[39.17972,21.38552],[39.17928,21.38567],[39.17919,21.38545],[39.17949,21.38537],[39.17944,21.38531],[39.17918,21.38511],[39.17857,21.38485],[39.1784,21.38467],[39.17838,21.38424],[39.17882,21.38351],[39.1788,21.3834],[39.17869,21.38339],[39.1779,21.38373],[39.17518,21.38501],[39.1752,21.38518],[39.17546,21.38531],[39.17564,21.38556],[39.17598,21.38567],[39.17664,21.38626],[39.17671,21.38649],[39.17666,21.38667],[39.17631,21.38702],[39.17588,21.38717],[39.1756,21.38694],[39.17503,21.38599],[39.17496,21.38529],[39.17476,21.38516],[39.17141,21.38667],[39.17135,21.3868],[39.17138,21.38717],[39.17125,21.38742],[39.1714,21.38751],[39.1718,21.38801],[39.17188,21.38872],[39.17206,21.38881],[39.17209,21.38923],[39.17194,21.38937],[39.17145,21.38939],[39.17106,21.38965],[39.17028,21.38989],[39.17001,21.39007],[39.17008,21.39013],[39.17006,21.39032],[39.16988,21.39012],[39.16943,21.39011],[39.16915,21.38989],[39.16862,21.38917],[39.16852,21.38852],[39.1683,21.38832],[39.16769,21.38859],[39.16748,21.38847],[39.16574,21.38924],[39.16568,21.38914],[39.1689,21.38761],[39.1786,21.38322],[39.17864,21.38302],[39.17844,21.38266],[39.17788,21.38198],[39.17769,21.38148],[39.17729,21.38094],[39.17717,21.38059],[39.1762,21.37978],[39.17607,21.37954],[39.176,21.37914],[39.17566,21.37872],[39.17567,21.37827],[39.17612,21.37756],[39.17615,21.37727],[39.17635,21.37705],[39.17647,21.37672],[39.17629,21.37571],[39.17565,21.37509],[39.17444,21.3744],[39.1731,21.3733],[39.17298,21.37286],[39.17309,21.3716],[39.17266,21.37044],[39.17275,21.36983],[39.17264,21.36918],[39.17184,21.36802],[39.17103,21.36748],[39.16949,21.36612],[39.16916,21.36575],[39.16904,21.36548],[39.16909,21.36521],[39.16929,21.365],[39.16971,21.36496],[39.16985,21.36476],[39.16975,21.36443],[39.16928,21.36374],[39.16893,21.36338],[39.16821,21.36291],[39.16607,21.36221],[39.16554,21.36185],[39.16544,21.36155],[39.16445,21.36104],[39.16389,21.36059],[39.16248,21.35925],[39.16179,21.35848],[39.16098,21.35703],[39.16052,21.35638],[39.15988,21.35581],[39.15906,21.3553],[39.1585,21.3546],[39.15811,21.35425],[39.15745,21.35389],[39.15616,21.35357],[39.15512,21.35305],[39.15424,21.35277],[39.15311,21.3519],[39.15204,21.35143],[39.15079,21.35103],[39.14982,21.35062],[39.14829,21.35037],[39.14716,21.34991],[39.14664,21.34951],[39.14578,21.34839],[39.14485,21.34786],[39.14398,21.34768],[39.14347,21.34737],[39.14306,21.34724],[39.14227,21.34716],[39.14155,21.34677],[39.1399,21.34618],[39.13738,21.34591],[39.1361,21.34548],[39.13506,21.3454],[39.13435,21.3451],[39.13364,21.34491],[39.13283,21.34481],[39.13213,21.34484],[39.13134,21.34509],[39.129,21.3454],[39.12869,21.34547],[39.12851,21.34561],[39.12723,21.34578],[39.12674,21.34602],[39.12664,21.34684],[39.12646,21.34741],[39.1266,21.34779],[39.12695,21.34827],[39.12703,21.34852],[39.12748,21.3488],[39.12818,21.3489],[39.12928,21.34863],[39.12944,21.34844],[39.12926,21.34958],[39.12907,21.3501],[39.12921,21.35054],[39.12918,21.35075],[39.12854,21.35174],[39.12778,21.35221],[39.12699,21.35288],[39.12686,21.35315],[39.12687,21.35346],[39.12694,21.35371],[39.12756,21.35479],[39.12792,21.35523],[39.12849,21.35564],[39.12876,21.35597],[39.12874,21.35722],[39.12892,21.35751],[39.12908,21.35828],[39.12921,21.35854],[39.12999,21.35913],[39.13042,21.35999],[39.13106,21.36075],[39.13181,21.36118],[39.13353,21.36174],[39.13468,21.36196],[39.13573,21.36205],[39.13542,21.36226],[39.13533,21.36243],[39.13541,21.36248],[39.13528,21.36245],[39.13525,21.36254],[39.1353,21.36265],[39.13551,21.36256],[39.13591,21.36279],[39.13607,21.36329],[39.13604,21.3636],[39.13558,21.36426],[39.13565,21.36485],[39.13549,21.36554],[39.13531,21.36568],[39.13471,21.36563],[39.13438,21.36571],[39.13382,21.36621],[39.13354,21.3662],[39.13326,21.36638],[39.13317,21.36654],[39.13276,21.36636],[39.13247,21.3661],[39.13259,21.36594],[39.13245,21.36573],[39.1309,21.36426],[39.13061,21.36362],[39.13057,21.36293],[39.13038,21.36232],[39.12993,21.36162],[39.12905,21.36083],[39.1283,21.36045],[39.12717,21.36016],[39.12606,21.35999],[39.12487,21.36],[39.12351,21.3597],[39.12358,21.35941],[39.12382,21.35919],[39.12396,21.35924],[39.1241,21.35953],[39.1243,21.35964],[39.12591,21.35973],[39.1263,21.3597],[39.12685,21.35945],[39.12714,21.35953],[39.12705,21.3596],[39.12687,21.35957],[39.12691,21.35971],[39.12724,21.35975],[39.12752,21.35957],[39.12765,21.35934],[39.12766,21.35902],[39.12752,21.35875],[39.1264,21.3576],[39.12601,21.35697],[39.12508,21.35435],[39.12472,21.3529],[39.12488,21.35199],[39.12522,21.35107],[39.12502,21.3504],[39.12497,21.34947],[39.12437,21.34875],[39.12432,21.34856],[39.12468,21.34729],[39.12519,21.3465],[39.12549,21.34618],[39.12547,21.3464],[39.12574,21.34658],[39.12525,21.34681],[39.12486,21.34729],[39.12458,21.34803],[39.12465,21.34805],[39.12496,21.34784],[39.12514,21.34797],[39.1249,21.34814],[39.12481,21.34835],[39.12456,21.34844],[39.12449,21.34862],[39.12502,21.34907],[39.12537,21.34922],[39.12597,21.34915],[39.12618,21.34904],[39.12626,21.34888],[39.12616,21.34863],[39.12622,21.34825],[39.12606,21.34777],[39.12596,21.34687],[39.12598,21.34623],[39.12538,21.34473],[39.1254,21.34373],[39.12464,21.3428],[39.12458,21.34263],[39.12634,21.34053],[39.12614,21.34089],[39.12616,21.34112],[39.12594,21.3411],[39.12558,21.34162],[39.12559,21.34173],[39.12505,21.34217],[39.12491,21.34245],[39.12545,21.34229],[39.12584,21.34204],[39.126,21.34181],[39.12611,21.34127],[39.12666,21.3415],[39.12713,21.34159],[39.12903,21.34158],[39.13084,21.34105],[39.13185,21.34019],[39.13202,21.33988],[39.13206,21.33944],[39.13181,21.33847],[39.13044,21.33665],[39.13015,21.33641],[39.12962,21.33613],[39.12993,21.33595],[39.13112,21.33582],[39.13208,21.33525],[39.14206,21.33447],[39.1826,21.33069],[39.18258,21.33058],[39.19162,21.32976],[39.19163,21.3306],[39.19812,21.3926],[39.1981,21.39295],[39.19892,21.3975],[39.19905,21.39899],[39.19895,21.39969],[39.19921,21.40218],[39.19924,21.40467],[39.19951,21.40719],[39.18963,21.40809],[39.18809,21.40814],[39.18774,21.40544],[39.18752,21.40503],[39.18713,21.40476],[39.18699,21.40452],[39.18708,21.4041],[39.1875,21.40401],[39.18754,21.40382],[39.18737,21.40343],[39.18661,21.40343],[39.18583,21.40378],[39.18535,21.40459],[39.18529,21.40535]]]},"properties":{"district_id":"jeddah-king-faisal-naval-base","name_ar":"قاعدة الملك فيصل البحرية","name_en":"King Faisal Naval Base","city":"jeddah","source_codes":["70030076563164403"]}},{"type":"Feature","id":"jeddah-kittanah","geometry":{"type":"Polygon","coordinates":[[[39.40114,21.43194],[39.40205,21.43518],[39.40305,21.43661],[39.40193,21.4358],[39.40084,21.43516],[39.40001,21.43446],[39.39936,21.42983],[39.39679,21.42931],[39.39705,21.42768],[39.39771,21.42785],[39.39845,21.42784],[39.3991,21.42764],[39.39954,21.42739],[39.40643,21.4207],[39.40744,21.41984],[39.40896,21.41872],[39.41897,21.41279],[39.41981,21.41242],[39.42165,21.41184],[39.42288,21.41112],[39.42567,21.40876],[39.42905,21.40476],[39.42937,21.40436],[39.42934,21.40427],[39.4302,21.40482],[39.4309,21.40545],[39.43213,21.40717],[39.43427,21.40963],[39.435,21.41078],[39.43566,21.41229],[39.43588,21.41333],[39.43595,21.41428],[39.43585,21.41575],[39.43537,21.41782],[39.43423,21.42074],[39.43323,21.42141],[39.43097,21.42099],[39.43067,21.42339],[39.42917,21.42325],[39.42736,21.42382],[39.42661,21.42623],[39.42525,21.42496],[39.42223,21.42412],[39.42073,21.42666],[39.41848,21.42893],[39.41742,21.43034],[39.41651,21.42837],[39.41349,21.42725],[39.41319,21.42555],[39.41078,21.42598],[39.40686,21.42938],[39.40461,21.43207],[39.404,21.43094],[39.40234,21.43094],[39.40114,21.43194]]]},"properties":{"district_id":"jeddah-kittanah","name_ar":"كتانة","name_en":"Kittanah","city":"jeddah","source_codes":["70030076563163765"]}},{"type":"Feature","id":"jeddah-madain-al-fahd","geometry":{"type":"Polygon","coordinates":[[[39.22929,21.47446],[39.22302,21.46226],[39.2223,21.46125],[39.22219,21.46094],[39.22138,21.46028],[39.21668,21.45592],[39.22548,21.45175],[39.22651,21.45134],[39.22788,21.45098],[39.22976,21.45078],[39.25552,21.44924],[39.25733,21.45307],[39.25929,21.45771],[39.26058,21.4605],[39.22929,21.47446]]]},"properties":{"district_id":"jeddah-madain-al-fahd","name_ar":"مدائن الفهد","name_en":"Madain Al Fahd","city":"jeddah","source_codes":["70030076563164357"]}},{"type":"Feature","id":"jeddah-mashrafa","geometry":{"type":"Polygon","coordinates":[[[39.21527,21.54871],[39.20574,21.54693],[39.20506,21.547],[39.19549,21.5452],[39.19225,21.54471],[39.19141,21.54468],[39.18539,21.54336],[39.17917,21.54217],[39.17684,21.54161],[39.17885,21.53242],[39.17943,21.5294],[39.18082,21.52982],[39.19182,21.5318],[39.19357,21.5322],[39.21786,21.53666],[39.21527,21.54871]]]},"properties":{"district_id":"jeddah-mashrafa","name_ar":"مشرفة","name_en":"Mashrafa","city":"jeddah","source_codes":["70030076563163766"]}},{"type":"Feature","id":"jeddah-mostaqbal","geometry":{"type":"Polygon","coordinates":[[[39.45782,21.42421],[39.45562,21.42284],[39.45909,21.4177],[39.46604,21.42203],[39.46845,21.42337],[39.47288,21.42672],[39.47561,21.42815],[39.47707,21.42872],[39.4806,21.42978],[39.48796,21.4318],[39.49092,21.43274],[39.4957,21.4347],[39.49924,21.43603],[39.49681,21.44094],[39.49071,21.43808],[39.48703,21.43938],[39.48333,21.44199],[39.47977,21.4451],[39.47604,21.44214],[39.47474,21.44154],[39.47382,21.43998],[39.46906,21.43533],[39.46805,21.4357],[39.46732,21.43638],[39.4661,21.4373],[39.46585,21.43681],[39.46447,21.43306],[39.46464,21.43145],[39.46483,21.4308],[39.46439,21.42955],[39.46159,21.42814],[39.4615,21.42792],[39.46166,21.42733],[39.46167,21.42691],[39.45782,21.42421]]]},"properties":{"district_id":"jeddah-mostaqbal","name_ar":"المستقبل","name_en":"Mostaqbal","city":"jeddah","source_codes":["70030076563137559"]}},{"type":"Feature","id":"jeddah-mraykh","geometry":{"type":"Polygon","coordinates":[[[39.30875,21.56135],[39.30636,21.5609],[39.30408,21.56058],[39.29951,21.56024],[39.29735,21.56018],[39.29671,21.55998],[39.29649,21.56029],[39.29534,21.56093],[39.29294,21.55801],[39.29195,21.55647],[39.29119,21.55788],[39.29098,21.558],[39.29076,21.55798],[39.28323,21.5523],[39.28285,21.55193],[39.28246,21.55202],[39.28221,21.55197],[39.27781,21.55018],[39.27004,21.54673],[39.27505,21.54274],[39.27968,21.53886],[39.2816,21.53649],[39.28307,21.53435],[39.28409,21.53231],[39.28479,21.52991],[39.28494,21.52992],[39.28498,21.52531],[39.28467,21.52173],[39.28604,21.52144],[39.2877,21.52078],[39.29823,21.51483],[39.29952,21.51378],[39.30244,21.51071],[39.3027,21.51026],[39.30287,21.50951],[39.30442,21.50949],[39.30577,21.50967],[39.30709,21.50914],[39.30751,21.50908],[39.30794,21.50929],[39.30826,21.50974],[39.30873,21.51015],[39.30925,21.51036],[39.30977,21.51041],[39.31002,21.51033],[39.31033,21.5099],[39.31042,21.5096],[39.3104,21.5092],[39.31056,21.50887],[39.31084,21.50868],[39.31121,21.50861],[39.31165,21.50874],[39.31232,21.50925],[39.31447,21.50977],[39.31515,21.50975],[39.32432,21.5107],[39.32406,21.51225],[39.32205,21.51706],[39.31313,21.53232],[39.31293,21.53226],[39.31141,21.54759],[39.31102,21.55078],[39.31002,21.55649],[39.30875,21.56135]]]},"properties":{"district_id":"jeddah-mraykh","name_ar":"مريخ","name_en":"Mraykh","city":"jeddah","source_codes":["70030076563163747"]}},{"type":"Feature","id":"jeddah-obhor-janoubia","geometry":{"type":"Polygon","coordinates":[[[39.14744,21.77294],[39.14633,21.77223],[39.14638,21.77218],[39.14621,21.77204],[39.14584,21.77223],[39.14558,21.77221],[39.14528,21.77213],[39.14548,21.77217],[39.1455,21.77205],[39.14538,21.77196],[39.14527,21.77198],[39.14519,21.7721],[39.14499,21.77201],[39.14512,21.77205],[39.14516,21.77198],[39.1451,21.77183],[39.145,21.77183],[39.14492,21.77196],[39.14475,21.77185],[39.14485,21.7719],[39.14492,21.7718],[39.14485,21.77167],[39.14475,21.77166],[39.14467,21.77179],[39.14451,21.77166],[39.14462,21.77172],[39.14469,21.77159],[39.14462,21.7715],[39.14451,21.77148],[39.14444,21.77161],[39.14428,21.77148],[39.14438,21.77154],[39.14444,21.77144],[39.14437,21.7713],[39.14429,21.7713],[39.14421,21.77143],[39.14404,21.77129],[39.14417,21.77137],[39.14426,21.77115],[39.14408,21.77109],[39.14399,21.77125],[39.14381,21.77113],[39.14394,21.77115],[39.14381,21.77103],[39.14374,21.77108],[39.14356,21.77098],[39.14369,21.77103],[39.14375,21.77086],[39.14357,21.77079],[39.14349,21.77094],[39.14331,21.77085],[39.14343,21.77089],[39.14347,21.77081],[39.14338,21.77068],[39.14323,21.77081],[39.14311,21.77075],[39.14318,21.77061],[39.143,21.77053],[39.1429,21.77067],[39.14275,21.77062],[39.14279,21.77052],[39.14266,21.77046],[39.14262,21.77055],[39.14219,21.77038],[39.14232,21.77041],[39.14237,21.77028],[39.14225,21.77018],[39.14216,21.77018],[39.14211,21.77035],[39.14194,21.77026],[39.14175,21.77003],[39.14172,21.76974],[39.14156,21.76971],[39.14141,21.76993],[39.141,21.76996],[39.13983,21.76966],[39.13967,21.7696],[39.13976,21.76956],[39.13966,21.76947],[39.1396,21.76957],[39.13939,21.76946],[39.13956,21.76953],[39.13963,21.7694],[39.13955,21.76931],[39.1394,21.7693],[39.1393,21.76942],[39.13909,21.7693],[39.13924,21.76937],[39.13931,21.76925],[39.13926,21.76916],[39.13913,21.76914],[39.13902,21.76926],[39.13884,21.76911],[39.13896,21.76919],[39.13904,21.76909],[39.13901,21.76898],[39.13889,21.76894],[39.13878,21.76905],[39.13862,21.76889],[39.13874,21.76898],[39.13883,21.76888],[39.1388,21.76878],[39.13868,21.76874],[39.13856,21.76883],[39.13841,21.76865],[39.13853,21.76875],[39.13864,21.76867],[39.13862,21.76858],[39.1385,21.7685],[39.13836,21.76859],[39.13823,21.7684],[39.13833,21.76851],[39.13844,21.76844],[39.13841,21.76829],[39.13833,21.76824],[39.13818,21.76833],[39.13807,21.76814],[39.13816,21.76826],[39.13828,21.76819],[39.13829,21.7681],[39.13819,21.76799],[39.13803,21.76807],[39.13794,21.76789],[39.13801,21.76798],[39.13815,21.76785],[39.13807,21.76776],[39.13791,21.76782],[39.13784,21.76763],[39.1379,21.76773],[39.13805,21.7676],[39.13797,21.76751],[39.13781,21.76756],[39.13776,21.76736],[39.1378,21.76746],[39.13796,21.76742],[39.13796,21.76732],[39.13788,21.76725],[39.13773,21.76729],[39.13768,21.76709],[39.13773,21.7672],[39.13783,21.76718],[39.13788,21.76704],[39.13766,21.76702],[39.13762,21.76681],[39.13776,21.76686],[39.13777,21.76675],[39.13762,21.76675],[39.13758,21.76655],[39.13762,21.76666],[39.13777,21.76662],[39.13779,21.76652],[39.1377,21.76643],[39.13756,21.76647],[39.1375,21.76628],[39.13757,21.76622],[39.13752,21.76617],[39.13749,21.76621],[39.13739,21.76599],[39.13748,21.76613],[39.13758,21.76605],[39.13759,21.76592],[39.13751,21.76585],[39.13736,21.76592],[39.13725,21.76572],[39.13734,21.76584],[39.13748,21.76577],[39.13746,21.76565],[39.13736,21.76558],[39.13722,21.76566],[39.13709,21.76546],[39.13719,21.76558],[39.13732,21.76551],[39.13729,21.76539],[39.13718,21.76533],[39.13704,21.7654],[39.13699,21.76532],[39.13714,21.76528],[39.13709,21.76506],[39.13687,21.76514],[39.13675,21.76496],[39.13685,21.76507],[39.13697,21.765],[39.13698,21.76489],[39.13686,21.76481],[39.13671,21.76489],[39.13661,21.76472],[39.13672,21.76466],[39.13666,21.76456],[39.13657,21.76463],[39.1365,21.76451],[39.13649,21.76433],[39.13661,21.76402],[39.13694,21.76377],[39.13729,21.76376],[39.13758,21.76391],[39.1376,21.76401],[39.13774,21.76409],[39.13758,21.76416],[39.1376,21.76428],[39.1377,21.76436],[39.13784,21.76429],[39.13779,21.76416],[39.1379,21.76435],[39.13775,21.76442],[39.13776,21.76453],[39.13788,21.7646],[39.138,21.76455],[39.13795,21.76442],[39.13807,21.76462],[39.13791,21.76469],[39.13794,21.76483],[39.13816,21.76482],[39.13813,21.76471],[39.13823,21.76488],[39.13806,21.76501],[39.13821,21.76514],[39.13833,21.76509],[39.1383,21.76498],[39.13839,21.76514],[39.13823,21.76529],[39.13837,21.76537],[39.13846,21.76533],[39.13844,21.76525],[39.13864,21.76569],[39.13848,21.76573],[39.13847,21.76583],[39.13853,21.7659],[39.13868,21.76587],[39.13866,21.76576],[39.13872,21.76595],[39.13854,21.76598],[39.13867,21.76615],[39.13875,21.76603],[39.13879,21.76622],[39.13861,21.76625],[39.13859,21.76636],[39.1388,21.76642],[39.13881,21.7663],[39.13883,21.7665],[39.13867,21.76664],[39.13883,21.76666],[39.13884,21.76657],[39.13894,21.76704],[39.13877,21.76705],[39.13879,21.76715],[39.13894,21.76725],[39.13897,21.76713],[39.13903,21.76732],[39.13893,21.76733],[39.13894,21.76746],[39.13901,21.76755],[39.13909,21.76751],[39.13906,21.76739],[39.13915,21.76757],[39.13898,21.76764],[39.13915,21.76781],[39.13924,21.76776],[39.13919,21.76765],[39.1393,21.76783],[39.13918,21.76788],[39.13924,21.76803],[39.1394,21.768],[39.13935,21.76789],[39.13948,21.76806],[39.13931,21.76821],[39.1395,21.76829],[39.1396,21.76822],[39.13954,21.76812],[39.13968,21.76827],[39.13954,21.76837],[39.13961,21.76848],[39.13976,21.7685],[39.13983,21.76841],[39.13975,21.76833],[39.13991,21.76845],[39.13978,21.76857],[39.13999,21.76871],[39.14007,21.76858],[39.13999,21.7685],[39.14016,21.76861],[39.14006,21.76874],[39.14014,21.76884],[39.14033,21.76878],[39.14025,21.76866],[39.14043,21.76875],[39.14034,21.76892],[39.14061,21.76893],[39.14052,21.76879],[39.14072,21.76887],[39.14064,21.76902],[39.14069,21.76908],[39.14088,21.76904],[39.14091,21.76896],[39.1408,21.7689],[39.14098,21.76896],[39.14094,21.76912],[39.14101,21.76919],[39.14118,21.76911],[39.14109,21.76901],[39.14129,21.76908],[39.14161,21.76935],[39.14159,21.7696],[39.14174,21.76962],[39.14183,21.76947],[39.1421,21.76937],[39.14294,21.76949],[39.14406,21.76997],[39.14398,21.77023],[39.14405,21.77027],[39.14419,21.77003],[39.14425,21.77005],[39.14417,21.77019],[39.14435,21.77028],[39.14451,21.77017],[39.14433,21.77009],[39.14461,21.77018],[39.14453,21.77033],[39.14463,21.7704],[39.14476,21.7704],[39.14484,21.77028],[39.14468,21.77021],[39.14495,21.77029],[39.14484,21.77045],[39.1449,21.77052],[39.14509,21.77051],[39.1452,21.77039],[39.14503,21.77032],[39.14529,21.7704],[39.14519,21.77054],[39.14526,21.77062],[39.1454,21.77061],[39.14547,21.77052],[39.14536,21.77044],[39.14557,21.77054],[39.14546,21.77068],[39.1455,21.77075],[39.14567,21.77079],[39.14574,21.77068],[39.14563,21.77059],[39.14583,21.77072],[39.14572,21.77084],[39.14575,21.77092],[39.14592,21.77096],[39.14598,21.77088],[39.14588,21.77077],[39.14605,21.77093],[39.14595,21.77105],[39.14598,21.77117],[39.14609,21.77121],[39.14618,21.77113],[39.14611,21.771],[39.14634,21.77133],[39.14643,21.77172],[39.1463,21.77195],[39.14646,21.77209],[39.14666,21.772],[39.14704,21.77213],[39.14715,21.77182],[39.14666,21.77173],[39.14663,21.77153],[39.14723,21.77172],[39.14738,21.7714],[39.14719,21.77116],[39.14712,21.77089],[39.14726,21.77094],[39.14729,21.77081],[39.14709,21.77082],[39.14701,21.77063],[39.14708,21.77073],[39.14717,21.7707],[39.14719,21.77053],[39.14713,21.77046],[39.14698,21.77055],[39.14687,21.77038],[39.14695,21.77046],[39.14706,21.77041],[39.14702,21.77024],[39.14694,21.7702],[39.14681,21.7703],[39.14668,21.77015],[39.14678,21.77023],[39.14685,21.77016],[39.14679,21.76999],[39.14671,21.76998],[39.14663,21.77009],[39.14646,21.76997],[39.14657,21.77002],[39.14663,21.76995],[39.14656,21.7698],[39.14648,21.76978],[39.14638,21.7699],[39.14621,21.7698],[39.14632,21.76984],[39.14637,21.76975],[39.1463,21.76962],[39.14622,21.76961],[39.14613,21.76974],[39.14596,21.76965],[39.14609,21.76965],[39.14604,21.76948],[39.14587,21.7696],[39.14568,21.76953],[39.14581,21.76949],[39.14569,21.76935],[39.14559,21.76948],[39.14537,21.76941],[39.14553,21.76945],[39.14557,21.76939],[39.1453,21.76919],[39.14528,21.76938],[39.14507,21.76933],[39.1451,21.76921],[39.14496,21.76918],[39.14493,21.7693],[39.14473,21.76926],[39.1449,21.76927],[39.1449,21.76918],[39.14469,21.76905],[39.14464,21.76925],[39.14436,21.76916],[39.14457,21.76916],[39.14446,21.76898],[39.14428,21.76895],[39.14423,21.76911],[39.14324,21.76868],[39.1416,21.76837],[39.14019,21.76768],[39.13991,21.76623],[39.13966,21.76627],[39.13952,21.76559],[39.13912,21.7647],[39.13752,21.76225],[39.13443,21.75785],[39.13439,21.75757],[39.13404,21.75694],[39.13353,21.75625],[39.1332,21.75595],[39.13324,21.75591],[39.13318,21.75581],[39.13339,21.75576],[39.1334,21.75564],[39.13314,21.75494],[39.13299,21.75475],[39.13272,21.75468],[39.13244,21.75438],[39.13237,21.75403],[39.13242,21.75384],[39.13262,21.75363],[39.13281,21.75355],[39.13292,21.7536],[39.13316,21.75341],[39.13335,21.75308],[39.1334,21.75275],[39.13336,21.75266],[39.13311,21.75263],[39.13322,21.75254],[39.13318,21.75203],[39.13311,21.75181],[39.13283,21.75155],[39.13275,21.7513],[39.13277,21.75114],[39.13308,21.75104],[39.13316,21.75085],[39.13272,21.75018],[39.13216,21.74752],[39.13138,21.74671],[39.13109,21.74653],[39.13048,21.74582],[39.12888,21.74285],[39.12794,21.74144],[39.12736,21.74082],[39.12668,21.74058],[39.12643,21.74042],[39.1261,21.73966],[39.12539,21.73907],[39.12518,21.73912],[39.12516,21.73887],[39.12462,21.73836],[39.12414,21.73767],[39.12367,21.7373],[39.12327,21.73706],[39.12319,21.73714],[39.12311,21.7371],[39.12306,21.73722],[39.12336,21.73733],[39.12387,21.73769],[39.12304,21.73724],[39.12278,21.73782],[39.12316,21.73799],[39.12274,21.73783],[39.12305,21.73709],[39.12279,21.73698],[39.12233,21.73782],[39.12263,21.73796],[39.12259,21.73803],[39.12174,21.73761],[39.12177,21.73754],[39.12229,21.73779],[39.12276,21.73696],[39.12241,21.73679],[39.12204,21.73747],[39.1224,21.7367],[39.12208,21.73654],[39.12192,21.73665],[39.12138,21.73648],[39.12087,21.73613],[39.12075,21.73591],[39.1204,21.73599],[39.12035,21.73588],[39.12045,21.73558],[39.11998,21.7353],[39.11946,21.73481],[39.11918,21.73499],[39.11913,21.73493],[39.1193,21.73478],[39.11894,21.73439],[39.1184,21.73469],[39.1186,21.73499],[39.11813,21.73439],[39.11838,21.73466],[39.11885,21.73436],[39.11875,21.73424],[39.11862,21.73433],[39.11845,21.73415],[39.11873,21.73392],[39.11801,21.73307],[39.11735,21.73332],[39.11772,21.73312],[39.11748,21.7326],[39.11688,21.73269],[39.11698,21.7332],[39.11714,21.7332],[39.11695,21.73323],[39.11684,21.73267],[39.11745,21.73255],[39.11745,21.73236],[39.11719,21.73227],[39.11709,21.73217],[39.1171,21.73185],[39.11701,21.73166],[39.11724,21.73157],[39.11726,21.73138],[39.11714,21.73127],[39.11695,21.73136],[39.11688,21.73125],[39.11692,21.7309],[39.1172,21.7308],[39.11687,21.72989],[39.11653,21.72814],[39.1164,21.72811],[39.11657,21.72796],[39.11583,21.72563],[39.11555,21.72407],[39.11525,21.72342],[39.11423,21.72214],[39.11382,21.72124],[39.1134,21.72058],[39.11269,21.71994],[39.11096,21.71865],[39.11032,21.71832],[39.10962,21.71808],[39.10947,21.71815],[39.10928,21.71849],[39.10913,21.71853],[39.10901,21.71844],[39.10904,21.71819],[39.10782,21.71795],[39.10769,21.71808],[39.10744,21.71814],[39.10672,21.71784],[39.10663,21.71808],[39.10679,21.71814],[39.10664,21.71871],[39.1059,21.71859],[39.10662,21.71867],[39.10675,21.71817],[39.10649,21.71805],[39.10635,21.71832],[39.10646,21.71804],[39.10618,21.71793],[39.10598,21.71826],[39.1063,21.71758],[39.10624,21.71756],[39.10618,21.71768],[39.10577,21.71756],[39.10565,21.71791],[39.10591,21.71804],[39.1056,21.71792],[39.10575,21.71755],[39.10544,21.71745],[39.10515,21.71811],[39.10564,21.71832],[39.1051,21.71813],[39.1054,21.7174],[39.10526,21.71735],[39.10529,21.71727],[39.10518,21.71718],[39.1048,21.71716],[39.1048,21.71723],[39.10503,21.71727],[39.1048,21.71725],[39.10477,21.71754],[39.105,21.71758],[39.10477,21.71757],[39.10473,21.71782],[39.10496,21.71787],[39.10473,21.71784],[39.10468,21.71813],[39.1043,21.71808],[39.10465,21.7181],[39.10468,21.7179],[39.10445,21.71788],[39.10468,21.71788],[39.10473,21.71756],[39.1045,21.71752],[39.10473,21.71754],[39.10477,21.71725],[39.1045,21.71723],[39.10425,21.71741],[39.10413,21.71813],[39.10392,21.71817],[39.10374,21.71809],[39.10372,21.71798],[39.10386,21.71787],[39.10396,21.7174],[39.10359,21.71729],[39.10342,21.71734],[39.10321,21.71775],[39.10327,21.71809],[39.10307,21.71817],[39.10294,21.71811],[39.10289,21.71796],[39.10305,21.7178],[39.10322,21.71711],[39.1026,21.71693],[39.10254,21.71705],[39.10278,21.71712],[39.10253,21.71708],[39.10248,21.7172],[39.10259,21.71725],[39.10247,21.71722],[39.10244,21.71734],[39.10273,21.71745],[39.10249,21.71739],[39.10246,21.71751],[39.10269,21.71758],[39.10245,21.71754],[39.10242,21.71765],[39.10252,21.71768],[39.10241,21.71769],[39.10239,21.7178],[39.10261,21.71788],[39.10236,21.71782],[39.10228,21.7179],[39.1025,21.718],[39.10225,21.71793],[39.1022,21.71787],[39.10214,21.71804],[39.10236,21.71813],[39.10214,21.71806],[39.1021,21.71819],[39.1025,21.71835],[39.10207,21.71821],[39.10216,21.71794],[39.10209,21.71791],[39.10201,21.71819],[39.10205,21.71796],[39.10193,21.71793],[39.10179,21.7183],[39.10192,21.71792],[39.10167,21.71785],[39.10155,21.71833],[39.10159,21.71811],[39.10138,21.718],[39.10148,21.71763],[39.10111,21.71754],[39.1011,21.71737],[39.1009,21.71733],[39.10081,21.71765],[39.10118,21.71773],[39.10081,21.71768],[39.10074,21.71793],[39.1011,21.71804],[39.10073,21.71796],[39.10067,21.7182],[39.10119,21.71837],[39.10063,21.71822],[39.10087,21.71729],[39.10111,21.71732],[39.10118,21.71711],[39.10152,21.71683],[39.10182,21.71686],[39.1019,21.71661],[39.10158,21.71631],[39.10095,21.71677],[39.10056,21.71772],[39.10048,21.71771],[39.10027,21.71759],[39.10022,21.71739],[39.10026,21.71721],[39.10049,21.71694],[39.10056,21.71668],[39.10026,21.71658],[39.10011,21.71692],[39.10007,21.71725],[39.09994,21.71739],[39.09971,21.71743],[39.09951,21.71734],[39.09997,21.71618],[39.09954,21.71624],[39.09953,21.71632],[39.09916,21.71627],[39.0991,21.71633],[39.09909,21.71627],[39.09898,21.71643],[39.09894,21.71619],[39.09874,21.71655],[39.09834,21.71645],[39.09844,21.71604],[39.09768,21.71579],[39.0971,21.7153],[39.09694,21.71447],[39.09712,21.71359],[39.09711,21.71317],[39.09709,21.71309],[39.0969,21.71308],[39.09707,21.71302],[39.0967,21.71189],[39.09664,21.71107],[39.09657,21.71099],[39.09642,21.71108],[39.09639,21.71101],[39.09656,21.71097],[39.09665,21.71081],[39.09845,21.7098],[39.10209,21.70795],[39.10359,21.70781],[39.10358,21.70758],[39.10674,21.69973],[39.11007,21.70555],[39.1107,21.70763],[39.11098,21.70783],[39.11451,21.70905],[39.11458,21.70993],[39.11481,21.71108],[39.11508,21.71189],[39.1155,21.71279],[39.11589,21.71347],[39.11662,21.71445],[39.11723,21.7151],[39.11813,21.71586],[39.11925,21.71659],[39.12057,21.7172],[39.14036,21.72405],[39.14243,21.72484],[39.14361,21.72547],[39.1445,21.72612],[39.14571,21.7273],[39.14661,21.72855],[39.14711,21.72955],[39.14745,21.73048],[39.14767,21.73131],[39.14778,21.73215],[39.15017,21.76159],[39.15017,21.76332],[39.15002,21.76496],[39.14976,21.76661],[39.14897,21.76954],[39.14744,21.77294]]]},"properties":{"district_id":"jeddah-obhor-janoubia","name_ar":"أبحر الجنوبية","name_en":"Obhor Janoubia","city":"jeddah","source_codes":["70030076563164358"]}},{"type":"Feature","id":"jeddah-obhur-al-shamaliya","geometry":{"type":"Polygon","coordinates":[[[39.14631,21.77261],[39.14636,21.77244],[39.14625,21.77234],[39.14633,21.77223],[39.14744,21.77294],[39.14662,21.77435],[39.14544,21.77602],[39.1437,21.77804],[39.14024,21.78143],[39.13828,21.78308],[39.13735,21.78372],[39.1126,21.76598],[39.1127,21.76585],[39.10281,21.7587],[39.10173,21.75804],[39.08939,21.74911],[39.08919,21.7492],[39.06884,21.73444],[39.06816,21.73378],[39.06787,21.7337],[39.06766,21.73348],[39.06792,21.73323],[39.06813,21.73341],[39.06824,21.73341],[39.06814,21.73343],[39.06814,21.73356],[39.06847,21.73385],[39.06867,21.73388],[39.06883,21.73371],[39.06885,21.73362],[39.06872,21.73355],[39.0688,21.73347],[39.06837,21.73313],[39.06825,21.73327],[39.06805,21.73316],[39.06815,21.73317],[39.06822,21.73297],[39.06812,21.73283],[39.06857,21.73225],[39.06959,21.73281],[39.06962,21.73274],[39.06908,21.73228],[39.06935,21.73195],[39.06959,21.73214],[39.06975,21.73199],[39.06984,21.73206],[39.06976,21.73215],[39.07041,21.73273],[39.0705,21.73268],[39.07052,21.7326],[39.07042,21.73251],[39.07046,21.73245],[39.07022,21.73227],[39.0703,21.73221],[39.07049,21.73242],[39.07055,21.73238],[39.07016,21.73201],[39.07057,21.7323],[39.0707,21.73225],[39.07071,21.73215],[39.07046,21.73201],[39.07026,21.73177],[39.0701,21.73176],[39.07007,21.73165],[39.07035,21.73155],[39.07042,21.73173],[39.07081,21.73204],[39.07091,21.73197],[39.07084,21.73185],[39.07099,21.73173],[39.06987,21.73076],[39.06993,21.73056],[39.07005,21.73055],[39.07153,21.73181],[39.07183,21.73166],[39.07186,21.73142],[39.07036,21.7302],[39.07033,21.73009],[39.07042,21.72997],[39.07054,21.72998],[39.07213,21.73128],[39.07256,21.73096],[39.07257,21.73069],[39.07122,21.72959],[39.07105,21.72974],[39.07077,21.7295],[39.07135,21.7289],[39.07138,21.72896],[39.07111,21.72927],[39.07151,21.72951],[39.07147,21.72956],[39.0716,21.72967],[39.07209,21.72916],[39.0718,21.72884],[39.0716,21.72843],[39.07187,21.7286],[39.07269,21.72762],[39.07281,21.72763],[39.07444,21.72905],[39.07457,21.72902],[39.07508,21.72848],[39.07505,21.72823],[39.07344,21.72688],[39.0737,21.72656],[39.07376,21.72689],[39.07409,21.72716],[39.07441,21.72706],[39.07442,21.72727],[39.07454,21.72734],[39.07485,21.72722],[39.07482,21.72699],[39.07453,21.72691],[39.07449,21.72662],[39.07396,21.72629],[39.07392,21.72598],[39.07413,21.72592],[39.07427,21.72609],[39.07606,21.72704],[39.07617,21.72685],[39.07613,21.72674],[39.07438,21.7258],[39.07427,21.72581],[39.07425,21.72571],[39.07616,21.72666],[39.07619,21.72656],[39.07602,21.72641],[39.07506,21.72597],[39.07495,21.726],[39.07491,21.72591],[39.07435,21.72565],[39.07452,21.72563],[39.07556,21.72613],[39.07584,21.72555],[39.07477,21.7251],[39.07475,21.72501],[39.07664,21.72581],[39.07671,21.72571],[39.07663,21.72565],[39.07674,21.72569],[39.07708,21.72535],[39.07591,21.72481],[39.07599,21.72463],[39.07608,21.72468],[39.07602,21.72482],[39.07706,21.72529],[39.07718,21.72525],[39.07767,21.72443],[39.07806,21.72409],[39.07825,21.72337],[39.07587,21.72269],[39.0757,21.72263],[39.0757,21.72257],[39.07725,21.72303],[39.07727,21.72294],[39.07713,21.72289],[39.07728,21.72292],[39.07754,21.72299],[39.0773,21.72295],[39.07727,21.72304],[39.07853,21.72334],[39.07847,21.72313],[39.07789,21.72301],[39.07797,21.72284],[39.07807,21.72294],[39.07842,21.723],[39.07843,21.72268],[39.0761,21.72227],[39.07601,21.72218],[39.07614,21.72204],[39.07634,21.72217],[39.07826,21.72256],[39.07831,21.72249],[39.07824,21.72228],[39.07726,21.72202],[39.07728,21.72185],[39.07714,21.72182],[39.07714,21.72174],[39.07658,21.7216],[39.07644,21.72162],[39.07634,21.72174],[39.07629,21.72169],[39.07651,21.72147],[39.07716,21.72169],[39.07726,21.72162],[39.07743,21.72174],[39.07793,21.72187],[39.07795,21.7218],[39.0781,21.72184],[39.07812,21.72177],[39.07829,21.7218],[39.07833,21.72162],[39.07828,21.72161],[39.07824,21.72176],[39.07796,21.72169],[39.078,21.72154],[39.07795,21.72153],[39.07791,21.72168],[39.07763,21.72162],[39.07768,21.72147],[39.07762,21.72146],[39.07758,21.72161],[39.0772,21.72144],[39.07717,21.72154],[39.07697,21.72149],[39.07702,21.72127],[39.07722,21.72131],[39.07725,21.72118],[39.07694,21.7211],[39.07682,21.72143],[39.07657,21.72136],[39.07723,21.71967],[39.07751,21.71982],[39.07747,21.71997],[39.07733,21.71992],[39.07729,21.72001],[39.0782,21.72031],[39.07818,21.72013],[39.07833,21.72011],[39.07841,21.72024],[39.07826,21.72032],[39.07905,21.72058],[39.07918,21.72025],[39.07858,21.72004],[39.07864,21.71992],[39.07876,21.71995],[39.07885,21.71973],[39.07832,21.7195],[39.07819,21.71977],[39.07807,21.71973],[39.0792,21.71763],[39.07932,21.71751],[39.07958,21.71694],[39.07948,21.71688],[39.07956,21.71671],[39.07965,21.71675],[39.08013,21.71569],[39.08049,21.71578],[39.08065,21.71552],[39.07961,21.71491],[39.07953,21.71474],[39.07964,21.71451],[39.07958,21.71442],[39.07998,21.71453],[39.08008,21.71479],[39.08075,21.71518],[39.08099,21.71501],[39.08026,21.7146],[39.08161,21.71529],[39.08191,21.71474],[39.08014,21.71402],[39.08021,21.71384],[39.08039,21.71391],[39.08033,21.71405],[39.08192,21.7147],[39.08202,21.71452],[39.08215,21.71446],[39.08225,21.71407],[39.08039,21.71314],[39.08043,21.71308],[39.08052,21.71312],[39.0805,21.71318],[39.08226,21.71401],[39.08236,21.71385],[39.08249,21.7138],[39.08247,21.7137],[39.08066,21.71287],[39.08063,21.71294],[39.08054,21.7129],[39.08059,21.7128],[39.08259,21.71372],[39.08301,21.71324],[39.08307,21.71307],[39.0829,21.71292],[39.08302,21.71276],[39.08303,21.71258],[39.0824,21.71215],[39.08236,21.7122],[39.08239,21.71214],[39.08203,21.71189],[39.08181,21.71187],[39.08166,21.71165],[39.08138,21.71166],[39.0813,21.71139],[39.08112,21.71123],[39.08131,21.71134],[39.08149,21.71126],[39.08164,21.7113],[39.08176,21.71153],[39.08206,21.71163],[39.08213,21.71181],[39.08239,21.71194],[39.08235,21.71199],[39.08245,21.71206],[39.08257,21.71196],[39.08269,21.71205],[39.08263,21.71214],[39.08273,21.71209],[39.08267,21.71217],[39.08322,21.7125],[39.08374,21.71214],[39.08388,21.71195],[39.08204,21.71051],[39.08206,21.71033],[39.0824,21.71025],[39.08245,21.71032],[39.08234,21.71038],[39.08236,21.71069],[39.08381,21.71185],[39.08438,21.71138],[39.0844,21.71129],[39.08413,21.71104],[39.08454,21.71127],[39.08478,21.711],[39.08442,21.71075],[39.08425,21.71091],[39.08439,21.71073],[39.08273,21.70969],[39.08273,21.70959],[39.08282,21.70952],[39.08336,21.70993],[39.08347,21.70991],[39.08347,21.7098],[39.08299,21.70945],[39.08317,21.70921],[39.08336,21.70923],[39.08342,21.70938],[39.08463,21.71022],[39.08495,21.70997],[39.08509,21.70959],[39.08432,21.70912],[39.0841,21.70917],[39.08408,21.70899],[39.08417,21.70889],[39.08579,21.70994],[39.0866,21.70936],[39.08652,21.70901],[39.08612,21.70841],[39.08616,21.70819],[39.08631,21.70806],[39.08685,21.70811],[39.08688,21.70874],[39.08678,21.70877],[39.0868,21.70892],[39.08744,21.70891],[39.08754,21.70831],[39.08772,21.70805],[39.08778,21.70854],[39.08791,21.70861],[39.08812,21.70856],[39.08903,21.70808],[39.08882,21.70768],[39.08904,21.70758],[39.08895,21.70769],[39.08914,21.70796],[39.09006,21.70763],[39.09083,21.70756],[39.09087,21.70742],[39.09112,21.7075],[39.09125,21.70742],[39.09144,21.70745],[39.09145,21.70762],[39.09153,21.70711],[39.0917,21.70716],[39.09156,21.70731],[39.09164,21.70741],[39.09153,21.7074],[39.09151,21.70749],[39.09198,21.70749],[39.09221,21.70757],[39.09232,21.70741],[39.09239,21.70749],[39.09229,21.70751],[39.09213,21.7078],[39.09226,21.70781],[39.09245,21.70757],[39.09234,21.70777],[39.09246,21.7079],[39.0924,21.70804],[39.09257,21.70817],[39.09288,21.70794],[39.0929,21.70784],[39.093,21.70794],[39.0929,21.70796],[39.09261,21.70823],[39.093,21.70862],[39.09359,21.7097],[39.09383,21.70963],[39.09386,21.7097],[39.09369,21.70978],[39.09377,21.70994],[39.09409,21.70984],[39.09414,21.70994],[39.09387,21.71006],[39.09388,21.71018],[39.09371,21.71045],[39.0937,21.71065],[39.09381,21.71085],[39.09415,21.71072],[39.09407,21.71077],[39.0941,21.71086],[39.09419,21.71084],[39.09402,21.71091],[39.094,21.71085],[39.09383,21.7109],[39.09384,21.71122],[39.09414,21.71168],[39.09459,21.71149],[39.09464,21.71155],[39.09414,21.71171],[39.09421,21.71192],[39.09442,21.71199],[39.09447,21.71211],[39.09468,21.71198],[39.09474,21.71201],[39.09447,21.71216],[39.09452,21.71252],[39.09437,21.71323],[39.09467,21.71318],[39.09451,21.71326],[39.0946,21.71372],[39.0948,21.71364],[39.09475,21.7134],[39.09485,21.71369],[39.09477,21.71371],[39.09483,21.71378],[39.09463,21.71374],[39.09467,21.7139],[39.09475,21.71392],[39.09468,21.714],[39.09474,21.714],[39.09467,21.71401],[39.09461,21.71375],[39.09453,21.71376],[39.09455,21.71453],[39.09483,21.7145],[39.09486,21.71439],[39.09494,21.71459],[39.0949,21.71462],[39.09483,21.71453],[39.09455,21.71457],[39.0946,21.71503],[39.09482,21.71502],[39.0948,21.7149],[39.09488,21.7149],[39.09491,21.71506],[39.09457,21.71508],[39.09463,21.71555],[39.09456,21.71569],[39.09501,21.71565],[39.09502,21.71576],[39.09459,21.71574],[39.0946,21.71585],[39.09468,21.71586],[39.09467,21.71596],[39.09459,21.71597],[39.09457,21.71622],[39.09465,21.71619],[39.09473,21.71633],[39.09495,21.7162],[39.0949,21.71606],[39.09499,21.71603],[39.09512,21.71629],[39.095,21.71633],[39.09496,21.71622],[39.0947,21.71637],[39.09474,21.71646],[39.09526,21.7163],[39.09532,21.71646],[39.09526,21.71648],[39.09521,21.71636],[39.09472,21.7165],[39.09486,21.71674],[39.09491,21.7172],[39.0955,21.71698],[39.09546,21.71689],[39.09553,21.71688],[39.09557,21.71699],[39.09491,21.71724],[39.09514,21.71744],[39.09551,21.7173],[39.09511,21.71748],[39.0952,21.71765],[39.09553,21.71756],[39.09549,21.71744],[39.09556,21.71742],[39.09564,21.71752],[39.09565,21.71773],[39.0953,21.7179],[39.09528,21.71799],[39.09532,21.71824],[39.0955,21.71829],[39.09568,21.7186],[39.09589,21.7187],[39.09618,21.71851],[39.09633,21.7183],[39.09639,21.7184],[39.09624,21.71844],[39.0963,21.71852],[39.09589,21.71876],[39.09603,21.71906],[39.09644,21.71932],[39.09667,21.71968],[39.09679,21.71965],[39.09713,21.71917],[39.09709,21.71925],[39.09718,21.71921],[39.09727,21.71933],[39.09719,21.7194],[39.0971,21.71932],[39.09677,21.71974],[39.0971,21.72019],[39.09724,21.72025],[39.09723,21.72042],[39.09739,21.72064],[39.09788,21.72101],[39.09825,21.72038],[39.09833,21.72042],[39.09851,21.72057],[39.09828,21.72047],[39.0979,21.72103],[39.09851,21.7213],[39.09926,21.72078],[39.09932,21.72085],[39.09856,21.72133],[39.09891,21.72158],[39.09923,21.72167],[39.09935,21.72117],[39.09926,21.72109],[39.0994,21.721],[39.09945,21.72106],[39.09966,21.72104],[39.09939,21.7211],[39.09932,21.72139],[39.0996,21.72136],[39.0993,21.72147],[39.09926,21.7217],[39.09939,21.72174],[39.09975,21.72174],[39.09989,21.72149],[39.09982,21.72171],[39.09993,21.72173],[39.10021,21.72163],[39.1003,21.72143],[39.10042,21.72149],[39.10056,21.72141],[39.10075,21.72151],[39.10102,21.72104],[39.10113,21.72111],[39.10076,21.72153],[39.10136,21.72188],[39.10173,21.72141],[39.1014,21.72192],[39.10147,21.72192],[39.10143,21.72198],[39.10183,21.72219],[39.10187,21.72208],[39.10202,21.72213],[39.10214,21.72176],[39.1022,21.72178],[39.10201,21.72226],[39.10268,21.72247],[39.10351,21.72245],[39.10372,21.72175],[39.10389,21.72189],[39.10376,21.72187],[39.10357,21.72237],[39.10377,21.72242],[39.10425,21.72143],[39.10363,21.72275],[39.10394,21.72289],[39.104,21.72278],[39.10393,21.72257],[39.10449,21.72153],[39.10398,21.72251],[39.10404,21.72277],[39.10411,21.72279],[39.10377,21.72332],[39.10394,21.72345],[39.10492,21.72248],[39.10487,21.72243],[39.10494,21.72237],[39.10499,21.72242],[39.10396,21.72347],[39.10416,21.72378],[39.10428,21.72381],[39.10441,21.72373],[39.10462,21.72388],[39.10517,21.7231],[39.10559,21.72233],[39.10565,21.72233],[39.10533,21.72295],[39.10534,21.72309],[39.10521,21.72314],[39.10467,21.72389],[39.10465,21.72401],[39.1048,21.72407],[39.10481,21.72427],[39.10511,21.7245],[39.10525,21.72442],[39.10611,21.72168],[39.10609,21.7215],[39.10625,21.72144],[39.10643,21.7215],[39.10636,21.7217],[39.10623,21.72175],[39.1057,21.72331],[39.1059,21.72329],[39.10594,21.72318],[39.10593,21.7233],[39.10601,21.72332],[39.10607,21.72322],[39.10604,21.72333],[39.10613,21.72335],[39.10603,21.72363],[39.1061,21.72365],[39.10665,21.72213],[39.1066,21.7221],[39.10674,21.72214],[39.10667,21.72213],[39.10609,21.72381],[39.10642,21.72391],[39.10716,21.72169],[39.10669,21.72152],[39.1073,21.7217],[39.10719,21.7217],[39.10646,21.72392],[39.10649,21.72411],[39.10616,21.72472],[39.10631,21.72487],[39.10627,21.72509],[39.10642,21.72517],[39.10654,21.72517],[39.10658,21.72493],[39.10678,21.72483],[39.10677,21.72452],[39.10708,21.72444],[39.1071,21.72418],[39.10797,21.7241],[39.10819,21.72474],[39.10865,21.72486],[39.1113,21.72404],[39.11148,21.72367],[39.11176,21.7241],[39.11218,21.72547],[39.11218,21.72561],[39.11207,21.72574],[39.1122,21.72634],[39.11215,21.72679],[39.11291,21.72694],[39.11288,21.72704],[39.11214,21.72687],[39.11187,21.7276],[39.11117,21.72829],[39.11067,21.72902],[39.11057,21.72932],[39.11057,21.72967],[39.11067,21.72973],[39.11191,21.72959],[39.11183,21.72974],[39.1109,21.72985],[39.11088,21.73012],[39.111,21.73039],[39.11112,21.73031],[39.11147,21.73037],[39.11206,21.73033],[39.11206,21.73042],[39.11252,21.7304],[39.11269,21.73054],[39.11273,21.73041],[39.11282,21.73037],[39.11287,21.73048],[39.11272,21.73057],[39.11281,21.73082],[39.11275,21.73089],[39.11264,21.73085],[39.11265,21.73076],[39.11242,21.73079],[39.11262,21.73073],[39.1126,21.73063],[39.1125,21.73061],[39.11262,21.73062],[39.11269,21.73073],[39.11268,21.73059],[39.1125,21.73044],[39.11222,21.73046],[39.11245,21.73052],[39.11241,21.73059],[39.11231,21.73052],[39.11238,21.73062],[39.11232,21.73066],[39.11225,21.73055],[39.11227,21.73069],[39.1122,21.7307],[39.11219,21.73046],[39.11203,21.73046],[39.11215,21.73049],[39.11216,21.73064],[39.11209,21.73064],[39.11206,21.73052],[39.11207,21.73067],[39.11201,21.73067],[39.112,21.73052],[39.11198,21.73064],[39.11192,21.73064],[39.11191,21.73052],[39.11201,21.73046],[39.11183,21.73054],[39.11188,21.73069],[39.11181,21.73068],[39.11182,21.73057],[39.11176,21.73067],[39.1117,21.73063],[39.11184,21.73047],[39.11163,21.73048],[39.11166,21.73066],[39.11158,21.73066],[39.1116,21.73048],[39.1114,21.73049],[39.11155,21.73064],[39.11149,21.73069],[39.1114,21.73059],[39.11144,21.73071],[39.11136,21.73072],[39.11135,21.73049],[39.11125,21.7306],[39.11074,21.73068],[39.1108,21.73108],[39.11141,21.73101],[39.11165,21.73105],[39.11148,21.73132],[39.11103,21.73128],[39.11082,21.73137],[39.11079,21.73192],[39.11229,21.73205],[39.11233,21.7318],[39.11231,21.73206],[39.11261,21.73207],[39.11262,21.73188],[39.11264,21.73208],[39.11279,21.73209],[39.11285,21.73182],[39.11281,21.73228],[39.11279,21.73211],[39.11248,21.73209],[39.11249,21.73223],[39.11237,21.73221],[39.11239,21.73208],[39.11077,21.73199],[39.11072,21.73238],[39.11077,21.73274],[39.11064,21.73288],[39.11085,21.73344],[39.11252,21.7332],[39.11252,21.73334],[39.11227,21.73331],[39.11083,21.73348],[39.11223,21.73348],[39.11223,21.73359],[39.11213,21.7336],[39.11213,21.7335],[39.11078,21.73356],[39.11076,21.73384],[39.11086,21.73385],[39.11079,21.73415],[39.11092,21.73441],[39.11094,21.73477],[39.11084,21.73499],[39.11084,21.73522],[39.11095,21.73539],[39.11226,21.73534],[39.11241,21.73551],[39.11301,21.73529],[39.11304,21.73537],[39.1124,21.73555],[39.11277,21.73675],[39.11219,21.73725],[39.11236,21.73741],[39.11266,21.73725],[39.11271,21.73711],[39.11263,21.73697],[39.11295,21.73672],[39.11321,21.73698],[39.11378,21.73649],[39.11366,21.73637],[39.11377,21.73627],[39.11389,21.73638],[39.11401,21.73628],[39.11382,21.73602],[39.11407,21.73628],[39.1122,21.73789],[39.11247,21.73814],[39.11336,21.73708],[39.11342,21.73713],[39.1137,21.73682],[39.11383,21.73694],[39.11368,21.73687],[39.11249,21.73816],[39.11294,21.73845],[39.11359,21.73801],[39.11407,21.73799],[39.1147,21.73826],[39.11503,21.73858],[39.11519,21.7392],[39.11515,21.74039],[39.11474,21.74059],[39.11454,21.74087],[39.11454,21.74123],[39.115,21.74215],[39.11571,21.74212],[39.1157,21.74203],[39.11592,21.74196],[39.11604,21.74202],[39.11597,21.74222],[39.11583,21.74223],[39.11582,21.74215],[39.1151,21.74224],[39.11504,21.74255],[39.11515,21.74283],[39.11533,21.74285],[39.11536,21.74277],[39.11546,21.74286],[39.1161,21.74279],[39.11613,21.74287],[39.11566,21.74293],[39.11549,21.74314],[39.1154,21.74301],[39.11522,21.74306],[39.11528,21.74311],[39.11519,21.7434],[39.11524,21.74378],[39.11551,21.74376],[39.11572,21.74354],[39.11583,21.7436],[39.1159,21.74377],[39.11525,21.74388],[39.11519,21.74402],[39.11498,21.74408],[39.11495,21.74419],[39.11504,21.74421],[39.11494,21.74422],[39.11493,21.74436],[39.115,21.74519],[39.11558,21.74503],[39.11501,21.74522],[39.1151,21.7455],[39.11492,21.74557],[39.1151,21.74584],[39.11607,21.74533],[39.1162,21.74553],[39.11615,21.74555],[39.11606,21.74541],[39.11526,21.74583],[39.11524,21.74605],[39.11533,21.74613],[39.11561,21.74602],[39.11563,21.74611],[39.11551,21.74623],[39.11576,21.74641],[39.11625,21.74577],[39.11689,21.74627],[39.11621,21.74695],[39.11616,21.74714],[39.11603,21.74727],[39.11625,21.74755],[39.11709,21.74654],[39.11729,21.74678],[39.11703,21.74677],[39.11668,21.74719],[39.11688,21.74743],[39.11715,21.74755],[39.11741,21.7472],[39.11748,21.74724],[39.11769,21.74698],[39.11774,21.74702],[39.11662,21.74838],[39.11685,21.7486],[39.1169,21.74863],[39.11791,21.74734],[39.11798,21.7474],[39.11686,21.74873],[39.11693,21.74881],[39.11703,21.74884],[39.11804,21.74763],[39.11821,21.74774],[39.11831,21.74753],[39.11843,21.74762],[39.1183,21.74769],[39.11769,21.74842],[39.11801,21.74866],[39.1186,21.74775],[39.11873,21.74781],[39.11855,21.74811],[39.11864,21.74812],[39.11875,21.74792],[39.11878,21.74806],[39.1186,21.74817],[39.11836,21.74848],[39.1179,21.7493],[39.11788,21.74947],[39.1176,21.74974],[39.11761,21.74985],[39.11781,21.74985],[39.11873,21.74826],[39.11897,21.74833],[39.11926,21.74813],[39.11939,21.74828],[39.11919,21.74843],[39.11888,21.74912],[39.11908,21.74903],[39.11919,21.74914],[39.11903,21.74934],[39.11885,21.74915],[39.11865,21.7497],[39.11889,21.74989],[39.11927,21.75001],[39.11971,21.74908],[39.1194,21.75005],[39.11951,21.7502],[39.12015,21.75029],[39.12021,21.74936],[39.12029,21.74929],[39.12025,21.74925],[39.12039,21.74921],[39.12034,21.74917],[39.12047,21.74913],[39.12053,21.7492],[39.12044,21.74919],[39.1204,21.74931],[39.12036,21.74928],[39.12025,21.74937],[39.12028,21.7503],[39.12078,21.75036],[39.12082,21.74969],[39.12081,21.75039],[39.12109,21.75038],[39.12113,21.75009],[39.12116,21.75038],[39.12124,21.75039],[39.12126,21.74984],[39.12168,21.7497],[39.12161,21.74931],[39.12134,21.74932],[39.12129,21.74923],[39.1213,21.7491],[39.12146,21.74895],[39.12142,21.74822],[39.12166,21.74835],[39.12151,21.74857],[39.12174,21.74885],[39.12189,21.7504],[39.12207,21.75039],[39.12201,21.74865],[39.12194,21.74855],[39.12208,21.74847],[39.12214,21.74859],[39.12212,21.75006],[39.1222,21.75006],[39.12221,21.74958],[39.12235,21.74956],[39.12227,21.74903],[39.1224,21.749],[39.12247,21.7504],[39.12299,21.75042],[39.12307,21.74895],[39.12301,21.7504],[39.12331,21.75037],[39.12326,21.74837],[39.12332,21.74819],[39.12343,21.74814],[39.12379,21.74843],[39.12365,21.74905],[39.12348,21.7491],[39.12348,21.74941],[39.1244,21.74952],[39.12445,21.74968],[39.12429,21.75],[39.12441,21.75012],[39.12453,21.75014],[39.1247,21.75],[39.12479,21.74912],[39.1244,21.74886],[39.12458,21.74862],[39.12441,21.74831],[39.12465,21.74812],[39.12488,21.74808],[39.12525,21.7483],[39.12534,21.74845],[39.12497,21.75035],[39.12544,21.75067],[39.12549,21.75088],[39.12542,21.75116],[39.1257,21.75118],[39.12589,21.75103],[39.12573,21.75072],[39.12589,21.75054],[39.12601,21.75055],[39.12626,21.74869],[39.12638,21.7487],[39.12604,21.75059],[39.12612,21.75067],[39.12618,21.75048],[39.12628,21.75048],[39.12633,21.75035],[39.12625,21.75079],[39.1266,21.75078],[39.12656,21.75053],[39.1267,21.75046],[39.12675,21.75055],[39.12669,21.75093],[39.12708,21.75105],[39.12698,21.75008],[39.12686,21.75008],[39.12685,21.74995],[39.12702,21.75003],[39.12712,21.75104],[39.12731,21.75095],[39.12731,21.75088],[39.12719,21.75087],[39.12732,21.75062],[39.12775,21.7504],[39.1286,21.75072],[39.12873,21.75069],[39.12892,21.75039],[39.12913,21.75047],[39.12905,21.75066],[39.12888,21.75061],[39.12882,21.7508],[39.12893,21.75099],[39.12916,21.75114],[39.12909,21.75205],[39.12948,21.75203],[39.12948,21.75211],[39.12909,21.75207],[39.12912,21.75285],[39.12878,21.75292],[39.12875,21.75309],[39.12883,21.75316],[39.12997,21.75292],[39.12992,21.75298],[39.12997,21.75309],[39.13008,21.75307],[39.12976,21.75322],[39.12874,21.75348],[39.12791,21.75359],[39.1279,21.75383],[39.12802,21.75399],[39.13004,21.75337],[39.13013,21.75357],[39.12917,21.7539],[39.12922,21.75407],[39.12983,21.75385],[39.12981,21.75377],[39.12992,21.75373],[39.12998,21.7539],[39.12985,21.75394],[39.12983,21.75387],[39.12919,21.75412],[39.12925,21.75443],[39.1294,21.7545],[39.13001,21.75427],[39.13004,21.75438],[39.1293,21.75456],[39.12936,21.75484],[39.13009,21.7547],[39.13009,21.75461],[39.13018,21.75459],[39.13011,21.75468],[39.13021,21.75467],[39.13022,21.75476],[39.1301,21.75472],[39.12938,21.75488],[39.12942,21.75501],[39.13048,21.75473],[39.13025,21.75481],[39.13029,21.75495],[39.13054,21.75492],[39.13058,21.75509],[39.13043,21.75512],[39.1304,21.755],[39.13027,21.75502],[39.13019,21.75484],[39.12946,21.75503],[39.12952,21.75538],[39.12964,21.75542],[39.12952,21.7555],[39.12966,21.75578],[39.1303,21.75546],[39.13024,21.75537],[39.13037,21.75528],[39.13046,21.75539],[39.12996,21.75572],[39.12966,21.75583],[39.12967,21.75593],[39.12934,21.75616],[39.12955,21.75647],[39.12968,21.75651],[39.12983,21.75642],[39.12986,21.75627],[39.12973,21.75603],[39.12989,21.75627],[39.12985,21.75643],[39.12991,21.75644],[39.13054,21.75604],[39.13051,21.75596],[39.13068,21.75597],[39.13064,21.75613],[39.13057,21.75608],[39.12994,21.75648],[39.13023,21.75635],[39.13001,21.75651],[39.13005,21.75671],[39.13026,21.75683],[39.13043,21.75675],[39.13049,21.75684],[39.13046,21.75699],[39.13067,21.7571],[39.13053,21.75723],[39.13052,21.75751],[39.13072,21.75785],[39.13097,21.75805],[39.13063,21.75815],[39.1307,21.75862],[39.13105,21.75936],[39.13123,21.75959],[39.13134,21.75958],[39.13123,21.75962],[39.13132,21.75983],[39.1321,21.76026],[39.13324,21.76027],[39.13324,21.7602],[39.13335,21.76021],[39.13335,21.76033],[39.13301,21.76042],[39.13243,21.7608],[39.13183,21.76153],[39.13158,21.762],[39.13155,21.76235],[39.13174,21.76234],[39.13168,21.76272],[39.13187,21.76326],[39.13229,21.76328],[39.13228,21.76321],[39.1324,21.76318],[39.13244,21.76325],[39.13245,21.76331],[39.13204,21.76341],[39.13206,21.7638],[39.1325,21.76376],[39.13249,21.76378],[39.13228,21.7638],[39.13228,21.76386],[39.1325,21.76399],[39.13263,21.76384],[39.13265,21.76403],[39.13251,21.764],[39.13256,21.76427],[39.13221,21.7645],[39.13297,21.76425],[39.13308,21.76429],[39.13222,21.76453],[39.13226,21.76479],[39.1318,21.7649],[39.1319,21.76521],[39.13226,21.76515],[39.13238,21.76503],[39.13242,21.76518],[39.13205,21.76527],[39.13203,21.76533],[39.1323,21.76549],[39.1328,21.76532],[39.13301,21.7654],[39.13293,21.76557],[39.1331,21.76558],[39.13347,21.76455],[39.13332,21.76462],[39.13333,21.76452],[39.13348,21.76453],[39.13356,21.76434],[39.13372,21.76438],[39.13369,21.76449],[39.13384,21.76454],[39.13382,21.76459],[39.13351,21.76452],[39.13349,21.76458],[39.13362,21.76465],[39.13329,21.76552],[39.13338,21.76556],[39.13391,21.76488],[39.13405,21.76493],[39.1341,21.76508],[39.13346,21.76584],[39.13409,21.76537],[39.13424,21.7654],[39.13429,21.76549],[39.13331,21.7663],[39.13341,21.76642],[39.13381,21.76618],[39.13436,21.76564],[39.13458,21.76579],[39.13394,21.76642],[39.13417,21.76666],[39.13456,21.76678],[39.13472,21.76661],[39.13444,21.7665],[39.13438,21.7664],[39.13474,21.76596],[39.13491,21.76552],[39.13523,21.76563],[39.13523,21.76573],[39.13519,21.7658],[39.13491,21.76574],[39.13479,21.766],[39.13476,21.7663],[39.13462,21.7665],[39.13474,21.76658],[39.13507,21.76608],[39.13522,21.76606],[39.13508,21.76646],[39.13519,21.76652],[39.13531,21.76644],[39.13536,21.76665],[39.13581,21.76678],[39.13621,21.76607],[39.13616,21.7659],[39.13666,21.76603],[39.13675,21.76616],[39.1367,21.76633],[39.13636,21.76645],[39.13613,21.76672],[39.13607,21.76696],[39.13622,21.76695],[39.13623,21.76706],[39.13608,21.76707],[39.13611,21.76724],[39.13621,21.76738],[39.13658,21.76722],[39.13664,21.76708],[39.13673,21.76716],[39.13671,21.76771],[39.13667,21.76781],[39.13649,21.76788],[39.13659,21.76809],[39.13667,21.76806],[39.13669,21.76788],[39.1367,21.76813],[39.13655,21.76819],[39.13654,21.76831],[39.13671,21.76836],[39.13672,21.76821],[39.13677,21.76843],[39.13662,21.76849],[39.13662,21.76858],[39.13676,21.76866],[39.13682,21.76863],[39.1368,21.76851],[39.13688,21.7687],[39.13674,21.76884],[39.13689,21.76892],[39.13695,21.76888],[39.13691,21.76877],[39.13699,21.76892],[39.13682,21.76905],[39.137,21.76922],[39.13712,21.76912],[39.13706,21.76901],[39.13718,21.76917],[39.13707,21.76935],[39.13722,21.7694],[39.13729,21.76933],[39.13723,21.76923],[39.13738,21.76938],[39.13727,21.76948],[39.13731,21.76959],[39.13744,21.7696],[39.1375,21.76952],[39.13744,21.76943],[39.1376,21.76956],[39.1375,21.76967],[39.13755,21.76977],[39.13768,21.76977],[39.13774,21.76968],[39.13766,21.7696],[39.13783,21.76971],[39.13782,21.76981],[39.13791,21.76981],[39.1379,21.76975],[39.13809,21.76984],[39.138,21.76999],[39.13806,21.77006],[39.13819,21.77006],[39.13824,21.76995],[39.13815,21.76988],[39.13834,21.76997],[39.1383,21.77017],[39.13845,21.77018],[39.13851,21.77007],[39.13841,21.77001],[39.1386,21.7701],[39.13853,21.77022],[39.13859,21.7703],[39.13871,21.77029],[39.13877,21.7702],[39.13867,21.77013],[39.13887,21.77021],[39.1388,21.77034],[39.13885,21.77041],[39.139,21.77039],[39.13904,21.7703],[39.13894,21.77024],[39.13913,21.77032],[39.13906,21.77046],[39.13911,21.77052],[39.13928,21.77048],[39.13931,21.7704],[39.1392,21.77035],[39.13972,21.77052],[39.13968,21.77067],[39.14,21.7708],[39.14014,21.77075],[39.14007,21.77062],[39.14027,21.77069],[39.14021,21.77083],[39.14027,21.77089],[39.14042,21.77085],[39.14045,21.77076],[39.14034,21.77071],[39.14055,21.77077],[39.14049,21.77092],[39.14054,21.77098],[39.14071,21.77089],[39.14062,21.77079],[39.14082,21.77085],[39.14076,21.77101],[39.14082,21.77106],[39.14096,21.77102],[39.141,21.77093],[39.14089,21.77088],[39.14109,21.77093],[39.14104,21.77109],[39.1411,21.77115],[39.14125,21.77108],[39.14128,21.77101],[39.14113,21.77099],[39.14118,21.77096],[39.14137,21.77102],[39.14131,21.77117],[39.14138,21.77122],[39.14153,21.77118],[39.14156,21.77109],[39.14146,21.77104],[39.14167,21.77109],[39.14161,21.77125],[39.14166,21.7713],[39.14186,21.77123],[39.14176,21.77112],[39.14196,21.77119],[39.14192,21.77138],[39.14209,21.77135],[39.14212,21.77127],[39.14204,21.77121],[39.14223,21.77129],[39.14223,21.77141],[39.14234,21.77141],[39.14233,21.77133],[39.14252,21.77141],[39.14246,21.77157],[39.14265,21.77166],[39.14274,21.77153],[39.14261,21.77145],[39.14283,21.77155],[39.14276,21.77169],[39.14284,21.77179],[39.14303,21.77167],[39.14292,21.7716],[39.14313,21.7717],[39.14304,21.77185],[39.14312,21.77195],[39.14322,21.77196],[39.14332,21.77184],[39.14321,21.77175],[39.1434,21.77188],[39.14331,21.77199],[39.14336,21.7721],[39.14347,21.77211],[39.14356,21.77202],[39.14348,21.77194],[39.14365,21.77207],[39.14354,21.77218],[39.1436,21.7723],[39.14372,21.77233],[39.14381,21.77222],[39.14371,21.77212],[39.14389,21.77226],[39.14378,21.77239],[39.14383,21.77249],[39.14394,21.77251],[39.14404,21.7724],[39.14396,21.77232],[39.14412,21.77245],[39.144,21.77257],[39.14407,21.77265],[39.14427,21.77261],[39.1442,21.77251],[39.14436,21.77263],[39.14428,21.77273],[39.14439,21.77286],[39.14448,21.77284],[39.14444,21.77268],[39.14465,21.77281],[39.14455,21.77295],[39.14471,21.77305],[39.14488,21.77291],[39.14473,21.77284],[39.14496,21.77291],[39.14491,21.77307],[39.14501,21.77312],[39.1452,21.77306],[39.1452,21.77295],[39.14506,21.77292],[39.1453,21.77293],[39.14528,21.77309],[39.14537,21.77312],[39.14546,21.77311],[39.14545,21.77298],[39.14549,21.77309],[39.14554,21.77305],[39.14551,21.77293],[39.14539,21.77292],[39.1456,21.77288],[39.14562,21.77304],[39.14578,21.77303],[39.14577,21.77294],[39.14582,21.77299],[39.14585,21.77291],[39.14582,21.77281],[39.14568,21.77285],[39.14589,21.77275],[39.14597,21.7729],[39.14609,21.77281],[39.14612,21.77266],[39.14596,21.7727],[39.14613,21.77254],[39.14623,21.77266],[39.14631,21.77261]]]},"properties":{"district_id":"jeddah-obhur-al-shamaliya","name_ar":"أبحر الشمالية","name_en":"Obhur Al-Shamaliya","city":"jeddah","source_codes":["70030076563164359"]}},{"type":"Feature","id":"jeddah-othouba","geometry":{"type":"Polygon","coordinates":[[[39.49631,21.40884],[39.49705,21.40926],[39.50066,21.41095],[39.5032,21.41165],[39.50624,21.41286],[39.50743,21.41343],[39.50956,21.4147],[39.51225,21.41609],[39.5133,21.41642],[39.51568,21.41682],[39.51852,21.41769],[39.51994,21.41837],[39.52418,21.42113],[39.52372,21.42132],[39.52354,21.42152],[39.52318,21.42261],[39.52284,21.42426],[39.52201,21.42581],[39.52192,21.42668],[39.51818,21.43342],[39.51304,21.42912],[39.51006,21.42639],[39.4984,21.4152],[39.49359,21.4107],[39.49295,21.41023],[39.49175,21.40959],[39.4938,21.40714],[39.49631,21.40884]]]},"properties":{"district_id":"jeddah-othouba","name_ar":"العذوبة","name_en":"Othouba","city":"jeddah","source_codes":["70030076563137560"]}},{"type":"Feature","id":"jeddah-petromin","geometry":{"type":"Polygon","coordinates":[[[39.19819,21.44762],[39.19788,21.44791],[39.19786,21.44969],[39.19819,21.45889],[39.19242,21.45898],[39.18941,21.45911],[39.1827,21.45965],[39.18163,21.45989],[39.18101,21.46015],[39.18022,21.4607],[39.17982,21.46112],[39.17963,21.46017],[39.17958,21.45914],[39.17983,21.45464],[39.17942,21.44942],[39.1797,21.44909],[39.18012,21.449],[39.16012,21.4457],[39.15896,21.44592],[39.15858,21.44565],[39.15904,21.44523],[39.15938,21.44528],[39.15941,21.44471],[39.15924,21.44398],[39.15603,21.44345],[39.15529,21.44343],[39.1553,21.44436],[39.15444,21.44476],[39.15448,21.44457],[39.15488,21.4443],[39.15477,21.44147],[39.1547,21.44118],[39.15437,21.44119],[39.15438,21.44184],[39.15424,21.44183],[39.15423,21.4417],[39.15432,21.44169],[39.15432,21.44156],[39.15422,21.44161],[39.15422,21.44149],[39.15432,21.44153],[39.15431,21.44136],[39.15423,21.44135],[39.15422,21.44109],[39.15429,21.44102],[39.15419,21.44106],[39.15418,21.44079],[39.15426,21.44082],[39.15429,21.441],[39.15428,21.44074],[39.1542,21.44074],[39.1542,21.4406],[39.15433,21.4406],[39.15434,21.4411],[39.1547,21.4411],[39.15478,21.44097],[39.15471,21.43921],[39.15459,21.43901],[39.15469,21.43884],[39.15463,21.43775],[39.15469,21.43775],[39.15461,21.4367],[39.15415,21.43673],[39.15422,21.43723],[39.15407,21.43723],[39.15413,21.43672],[39.15407,21.43672],[39.15411,21.43627],[39.15404,21.43627],[39.15404,21.43614],[39.15418,21.43613],[39.15415,21.43663],[39.15455,21.43662],[39.15458,21.43529],[39.15447,21.43466],[39.15414,21.43381],[39.15385,21.43333],[39.15356,21.43302],[39.15377,21.43173],[39.1535,21.43172],[39.15352,21.43161],[39.15377,21.43169],[39.15387,21.43124],[39.15362,21.43123],[39.15364,21.43113],[39.15388,21.43121],[39.15396,21.43085],[39.15369,21.43085],[39.15372,21.43072],[39.15398,21.43082],[39.15452,21.42875],[39.15481,21.42885],[39.1552,21.42875],[39.15547,21.42878],[39.15613,21.42927],[39.15597,21.42958],[39.15558,21.43138],[39.15562,21.43148],[39.15582,21.43154],[39.1558,21.43166],[39.15565,21.43163],[39.15556,21.43171],[39.15519,21.43339],[39.15507,21.43458],[39.15531,21.4415],[39.15544,21.44203],[39.15552,21.44213],[39.15575,21.44217],[39.15564,21.44275],[39.15946,21.44336],[39.15956,21.44278],[39.1597,21.44281],[39.15983,21.44214],[39.15967,21.44212],[39.15971,21.44188],[39.16002,21.44175],[39.16008,21.44164],[39.1601,21.44096],[39.15995,21.44034],[39.16011,21.43932],[39.15982,21.43904],[39.15965,21.43832],[39.15996,21.43739],[39.15995,21.43673],[39.16016,21.43534],[39.16005,21.4351],[39.16014,21.4349],[39.16026,21.43391],[39.16042,21.43354],[39.16028,21.4331],[39.16067,21.43245],[39.1608,21.43205],[39.16168,21.43255],[39.16258,21.43324],[39.16349,21.4338],[39.1643,21.43449],[39.16423,21.43461],[39.16409,21.43461],[39.16406,21.43444],[39.16375,21.43418],[39.16331,21.43442],[39.16322,21.4348],[39.1631,21.43489],[39.1632,21.43512],[39.16342,21.4353],[39.16321,21.4354],[39.16314,21.43554],[39.16323,21.43599],[39.16318,21.43611],[39.16326,21.4363],[39.16317,21.43644],[39.16329,21.43682],[39.16302,21.43747],[39.16307,21.43784],[39.16298,21.43804],[39.16296,21.43853],[39.16308,21.43882],[39.16291,21.43888],[39.1628,21.43907],[39.16233,21.44064],[39.16233,21.44109],[39.16217,21.44181],[39.16224,21.44208],[39.16206,21.44319],[39.16204,21.44386],[39.16211,21.44393],[39.16433,21.44428],[39.16446,21.44367],[39.16493,21.44376],[39.16483,21.44435],[39.16868,21.44497],[39.16911,21.4428],[39.16942,21.44203],[39.16955,21.44134],[39.16997,21.4407],[39.17001,21.44041],[39.17035,21.44003],[39.17054,21.43999],[39.17056,21.43991],[39.17039,21.43979],[39.17043,21.43968],[39.17051,21.43969],[39.17073,21.43924],[39.17086,21.43923],[39.17079,21.43905],[39.17081,21.43877],[39.1707,21.43856],[39.17076,21.43847],[39.1711,21.43869],[39.1722,21.43768],[39.17235,21.43768],[39.17246,21.43757],[39.17252,21.43713],[39.17072,21.43688],[39.17086,21.43595],[39.17253,21.4362],[39.17288,21.43373],[39.1739,21.43374],[39.1852,21.43456],[39.18582,21.4407],[39.18992,21.44033],[39.19122,21.44006],[39.19375,21.43851],[39.196,21.43642],[39.20506,21.44503],[39.19819,21.44762]]]},"properties":{"district_id":"jeddah-petromin","name_ar":"بترومين","name_en":"Petromin","city":"jeddah","source_codes":["70030076563164349"]}},{"type":"Feature","id":"jeddah-prince-abdul-majid","geometry":{"type":"Polygon","coordinates":[[[39.27197,21.4446],[39.26914,21.4464],[39.26637,21.44132],[39.25627,21.42215],[39.25628,21.42145],[39.25508,21.41031],[39.28269,21.39981],[39.29329,21.41962],[39.29076,21.42075],[39.29454,21.42926],[39.2811,21.43451],[39.27887,21.43547],[39.27789,21.43606],[39.27675,21.437],[39.27644,21.43711],[39.27618,21.43767],[39.27483,21.43966],[39.27415,21.44032],[39.27287,21.44129],[39.27236,21.44187],[39.27202,21.4425],[39.27191,21.443],[39.27188,21.44346],[39.27197,21.4446]]]},"properties":{"district_id":"jeddah-prince-abdul-majid","name_ar":"الأمير عبد المجيد","name_en":"Prince Abdul Majid","city":"jeddah","source_codes":["70030076563164392"]}},{"type":"Feature","id":"jeddah-prince-fawaz-al-janoubi","geometry":{"type":"Polygon","coordinates":[[[39.28589,21.44034],[39.283,21.44109],[39.27589,21.44317],[39.2729,21.44417],[39.27197,21.4446],[39.27188,21.44346],[39.27191,21.443],[39.27202,21.4425],[39.27236,21.44187],[39.27287,21.44129],[39.27415,21.44032],[39.27483,21.43966],[39.27618,21.43767],[39.27644,21.43711],[39.27675,21.437],[39.27789,21.43606],[39.27887,21.43547],[39.2811,21.43451],[39.29454,21.42926],[39.29076,21.42075],[39.29329,21.41962],[39.29366,21.42033],[39.30164,21.41789],[39.30186,21.41768],[39.30374,21.41708],[39.30424,21.41846],[39.30406,21.41866],[39.30443,21.41945],[39.30464,21.42014],[39.30479,21.42127],[39.30477,21.42272],[39.30494,21.42307],[39.30625,21.4243],[39.30725,21.42394],[39.30945,21.42381],[39.30951,21.42389],[39.30946,21.42584],[39.30644,21.4285],[39.30578,21.42893],[39.30236,21.43213],[39.29811,21.43529],[39.29597,21.43642],[39.29341,21.43754],[39.28858,21.43893],[39.28589,21.44034]]]},"properties":{"district_id":"jeddah-prince-fawaz-al-janoubi","name_ar":"الأمير فواز الجنوبى","name_en":"Prince Fawaz al-Janoubi","city":"jeddah","source_codes":["70030076563164393"]}},{"type":"Feature","id":"jeddah-prince-fawaz-al-shamali","geometry":{"type":"Polygon","coordinates":[[[39.3028,21.43656],[39.3024,21.43652],[39.30071,21.43865],[39.29777,21.4404],[39.29618,21.44217],[39.29564,21.44264],[39.29512,21.44288],[39.28976,21.44437],[39.28835,21.44047],[39.28798,21.43924],[39.28858,21.43893],[39.29341,21.43754],[39.29597,21.43642],[39.29811,21.43529],[39.30236,21.43213],[39.30578,21.42893],[39.30644,21.4285],[39.30946,21.42584],[39.30983,21.42604],[39.31047,21.42589],[39.31106,21.42615],[39.31158,21.42765],[39.31151,21.42823],[39.3119,21.42918],[39.31162,21.42994],[39.31147,21.43191],[39.31194,21.43252],[39.31214,21.43256],[39.31194,21.43273],[39.31041,21.43548],[39.3098,21.43532],[39.30771,21.43507],[39.30592,21.43508],[39.30511,21.43526],[39.30435,21.43584],[39.3028,21.43656]]]},"properties":{"district_id":"jeddah-prince-fawaz-al-shamali","name_ar":"الأمير فواز الشمالى","name_en":"Prince Fawaz al-Shamali","city":"jeddah","source_codes":["70030076563164394"]}},{"type":"Feature","id":"jeddah-quba","geometry":{"type":"Polygon","coordinates":[[[39.14213,21.81975],[39.13714,21.84123],[39.11915,21.83915],[39.11581,21.82443],[39.1151,21.81581],[39.11572,21.81157],[39.11972,21.81178],[39.12485,21.81114],[39.13558,21.81336],[39.13077,21.81923],[39.14213,21.81975]]]},"properties":{"district_id":"jeddah-quba","name_ar":"قباء","name_en":"Quba","city":"jeddah","source_codes":["70030076563163746"]}},{"type":"Feature","id":"jeddah-rahnaa","geometry":{"type":"Polygon","coordinates":[[[39.43293,21.25733],[39.4534,21.26931],[39.44299,21.28599],[39.44368,21.28399],[39.4438,21.27552],[39.44137,21.26917],[39.43293,21.25733]]]},"properties":{"district_id":"jeddah-rahnaa","name_ar":"رهناء","name_en":"Rahnaa","city":"jeddah","source_codes":["70030076563163769"]}},{"type":"Feature","id":"jeddah-riyadh","geometry":{"type":"MultiPolygon","coordinates":[[[[39.17267,21.82075],[39.17522,21.82756],[39.17727,21.83365],[39.17817,21.83693],[39.17951,21.84323],[39.17994,21.84599],[39.18041,21.85001],[39.18189,21.8685],[39.18228,21.87452],[39.18232,21.87829],[39.18208,21.88369],[39.18155,21.88873],[39.18074,21.8936],[39.17927,21.89985],[39.17816,21.90323],[39.17187,21.8959],[39.16641,21.89016],[39.16139,21.88321],[39.15863,21.87838],[39.15749,21.87113],[39.15796,21.86568],[39.15893,21.85888],[39.16005,21.85193],[39.1607,21.84558],[39.16004,21.83878],[39.15777,21.8344],[39.15712,21.83183],[39.15667,21.82652],[39.15931,21.81184],[39.16123,21.81352],[39.16329,21.81503],[39.17267,21.82075]]],[[[39.18816,21.90281],[39.18808,21.90274],[39.18304,21.90543],[39.18135,21.90342],[39.17955,21.90492],[39.17816,21.90323],[39.17927,21.89985],[39.18074,21.8936],[39.18155,21.88873],[39.18208,21.88369],[39.18232,21.87829],[39.18228,21.87452],[39.18189,21.8685],[39.18041,21.85001],[39.17994,21.84599],[39.17951,21.84323],[39.17817,21.83693],[39.17727,21.83365],[39.17522,21.82756],[39.17267,21.82075],[39.18931,21.83087],[39.19183,21.83245],[39.1931,21.83339],[39.19493,21.83493],[39.19696,21.83699],[39.20456,21.84581],[39.20635,21.84779],[39.20776,21.84912],[39.2092,21.85031],[39.21097,21.85157],[39.21239,21.85244],[39.21126,21.85487],[39.20951,21.85913],[39.20917,21.8598],[39.20866,21.86051],[39.20741,21.86198],[39.2032,21.86771],[39.20312,21.86831],[39.20344,21.86986],[39.20267,21.87287],[39.20239,21.87319],[39.20102,21.87411],[39.19689,21.8797],[39.19645,21.88042],[39.19609,21.88122],[39.19584,21.88201],[39.1957,21.88281],[39.19497,21.89109],[39.19473,21.8921],[39.19431,21.89308],[39.19619,21.89394],[39.19507,21.89589],[39.19377,21.89751],[39.19122,21.90012],[39.18816,21.90281]]]]},"properties":{"district_id":"jeddah-riyadh","name_ar":"الرياض","name_en":"Riyadh","city":"jeddah","source_codes":["70030076563163792","70030076563163793"]}},{"type":"Feature","id":"jeddah-shaathaa","geometry":{"type":"Polygon","coordinates":[[[39.30041,21.9394],[39.29977,21.93686],[39.29985,21.93305],[39.30321,21.93304],[39.3063,21.93193],[39.30966,21.93159],[39.30967,21.93726],[39.30677,21.94015],[39.30377,21.941],[39.30041,21.9394]]]},"properties":{"district_id":"jeddah-shaathaa","name_ar":"شعثاء","name_en":"Shaathaa","city":"jeddah","source_codes":["70030076563163771"]}},{"type":"Feature","id":"jeddah-sharfa","geometry":{"type":"Polygon","coordinates":[[[39.49175,21.40959],[39.49018,21.40874],[39.48416,21.40478],[39.48351,21.40446],[39.47171,21.40111],[39.47003,21.40081],[39.4686,21.4008],[39.46268,21.4016],[39.46268,21.40087],[39.46248,21.39973],[39.4622,21.3992],[39.46023,21.39681],[39.45995,21.396],[39.45978,21.39489],[39.45972,21.39308],[39.45579,21.3919],[39.45449,21.39122],[39.45359,21.39059],[39.45288,21.39027],[39.45231,21.38985],[39.45182,21.38934],[39.45134,21.38867],[39.45045,21.3872],[39.45024,21.38662],[39.44981,21.38483],[39.44942,21.38401],[39.44897,21.38333],[39.4511,21.38234],[39.45548,21.38065],[39.4582,21.37973],[39.46109,21.37902],[39.46391,21.3785],[39.46705,21.37809],[39.47075,21.37793],[39.47433,21.37805],[39.47574,21.37824],[39.47775,21.37865],[39.47867,21.37874],[39.48127,21.37875],[39.48648,21.37917],[39.50144,21.38073],[39.50402,21.38082],[39.50542,21.38074],[39.50875,21.38016],[39.51137,21.3793],[39.51354,21.37828],[39.51571,21.38188],[39.50918,21.38951],[39.50596,21.39309],[39.49175,21.40959]]]},"properties":{"district_id":"jeddah-sharfa","name_ar":"الشرفة","name_en":"Sharfa","city":"jeddah","source_codes":["70030076563137558"]}},{"type":"Feature","id":"jeddah-taba","geometry":{"type":"Polygon","coordinates":[[[39.15935,21.95903],[39.15834,21.96382],[39.15752,21.96863],[39.15696,21.97281],[39.12361,21.97126],[39.12371,21.97049],[39.12434,21.95343],[39.12477,21.95082],[39.13029,21.94825],[39.13338,21.94941],[39.14255,21.95263],[39.14537,21.9533],[39.15613,21.95344],[39.15771,21.95323],[39.1608,21.95333],[39.15935,21.95903]]]},"properties":{"district_id":"jeddah-taba","name_ar":"طابة","name_en":"Taba","city":"jeddah","source_codes":["70030076563163182"]}},{"type":"Feature","id":"jeddah-thaalba","geometry":{"type":"Polygon","coordinates":[[[39.19325,21.45897],[39.19297,21.46025],[39.19294,21.46096],[39.19247,21.46273],[39.19231,21.46372],[39.19356,21.46736],[39.19355,21.46753],[39.19242,21.47025],[39.18827,21.46883],[39.18746,21.46864],[39.18612,21.46865],[39.18079,21.46913],[39.18042,21.46906],[39.17806,21.46818],[39.17871,21.46442],[39.17915,21.46244],[39.17972,21.46123],[39.18022,21.4607],[39.18075,21.46029],[39.18163,21.45989],[39.18296,21.45963],[39.18941,21.45911],[39.19325,21.45897]]]},"properties":{"district_id":"jeddah-thaalba","name_ar":"الثعالبة","name_en":"Thaalba","city":"jeddah","source_codes":["70030076563164311"]}},{"type":"Feature","id":"jeddah-tiba","geometry":{"type":"Polygon","coordinates":[[[39.15667,21.82652],[39.15429,21.82595],[39.14459,21.82109],[39.14419,21.82069],[39.14213,21.81974],[39.13077,21.81923],[39.13558,21.81336],[39.12485,21.81114],[39.11972,21.81178],[39.11572,21.81157],[39.11607,21.80982],[39.11676,21.80718],[39.11802,21.80353],[39.11946,21.80071],[39.12154,21.79749],[39.12313,21.79538],[39.12492,21.79333],[39.12577,21.79244],[39.12875,21.78973],[39.1302,21.78859],[39.13318,21.78658],[39.1355,21.78591],[39.1368,21.78584],[39.13832,21.78593],[39.1478,21.78747],[39.15008,21.78772],[39.15281,21.78781],[39.15471,21.78773],[39.15418,21.80081],[39.15426,21.80243],[39.15446,21.80376],[39.1547,21.80478],[39.15508,21.80593],[39.15603,21.80789],[39.1569,21.8092],[39.15932,21.81183],[39.15667,21.82652]]]},"properties":{"district_id":"jeddah-tiba","name_ar":"طيبة","name_en":"Tiba","city":"jeddah","source_codes":["70030076563163183"]}},{"type":"Feature","id":"jeddah-um-hableen-al-gharbiyyah","geometry":{"type":"Polygon","coordinates":[[[39.27164,21.68613],[39.27107,21.68839],[39.27052,21.69015],[39.26984,21.69196],[39.26892,21.69401],[39.26805,21.69569],[39.25884,21.71219],[39.25761,21.7148],[39.25665,21.71732],[39.25581,21.72028],[39.25527,21.72306],[39.255,21.72545],[39.25479,21.72996],[39.25448,21.73336],[39.25395,21.73697],[39.25323,21.7405],[39.25221,21.74429],[39.25118,21.74742],[39.2475,21.75659],[39.23303,21.75126],[39.2142,21.74478],[39.22103,21.73287],[39.21946,21.73243],[39.22194,21.71406],[39.22183,21.71391],[39.21441,21.71217],[39.21269,21.71184],[39.21222,21.71151],[39.2121,21.71117],[39.21227,21.71086],[39.21255,21.70876],[39.21265,21.70846],[39.2132,21.70427],[39.21311,21.70403],[39.2134,21.70172],[39.2135,21.70146],[39.21398,21.69718],[39.21443,21.69417],[39.21516,21.69244],[39.21503,21.69238],[39.2154,21.69193],[39.21551,21.69142],[39.22271,21.67338],[39.27164,21.68613]]]},"properties":{"district_id":"jeddah-um-hableen-al-gharbiyyah","name_ar":"أم حبلين الغربية","name_en":"Um Hableen Al Gharbiyyah","city":"jeddah","source_codes":["70030076563164390"]}},{"type":"Feature","id":"jeddah-um-hableen-al-sharqiyyah","geometry":{"type":"Polygon","coordinates":[[[39.27641,21.71083],[39.27908,21.71331],[39.27531,21.72291],[39.27124,21.72843],[39.27049,21.73266],[39.27337,21.73407],[39.2773,21.7383],[39.28155,21.74309],[39.28261,21.74832],[39.28202,21.75142],[39.28021,21.75496],[39.27644,21.75962],[39.26602,21.76811],[39.27798,21.77699],[39.27718,21.77826],[39.27326,21.77548],[39.27342,21.7746],[39.27182,21.77346],[39.27019,21.77243],[39.26829,21.77191],[39.26437,21.76918],[39.25808,21.76259],[39.25605,21.76109],[39.254,21.75943],[39.25045,21.75775],[39.24751,21.75656],[39.25118,21.74742],[39.25221,21.74429],[39.25323,21.7405],[39.25395,21.73697],[39.25448,21.73336],[39.25479,21.72996],[39.255,21.72545],[39.25527,21.72306],[39.25594,21.71976],[39.25695,21.71647],[39.25782,21.71431],[39.25884,21.71219],[39.26367,21.70353],[39.27641,21.71083]]]},"properties":{"district_id":"jeddah-um-hableen-al-sharqiyyah","name_ar":"أم حبلين الشرقية","name_en":"Um Hableen Al Sharqiyyah","city":"jeddah","source_codes":["70030076563164389"]}},{"type":"Feature","id":"jeddah-umm-solm","geometry":{"type":"Polygon","coordinates":[[[39.3132,21.48359],[39.31176,21.48356],[39.30991,21.48342],[39.3099,21.48308],[39.30965,21.48301],[39.30524,21.48233],[39.30576,21.48041],[39.30625,21.48053],[39.30961,21.46838],[39.30942,21.46827],[39.3071,21.46456],[39.30776,21.46393],[39.30751,21.46374],[39.30733,21.46346],[39.30724,21.46304],[39.30818,21.45947],[39.30818,21.45924],[39.30787,21.45849],[39.30699,21.45561],[39.30594,21.45424],[39.30645,21.45078],[39.30715,21.44877],[39.30707,21.44855],[39.30649,21.44773],[39.30611,21.44675],[39.30758,21.44686],[39.31303,21.44806],[39.31472,21.44834],[39.3255,21.44968],[39.32659,21.44965],[39.3275,21.44944],[39.32842,21.44902],[39.32896,21.44866],[39.34,21.44022],[39.34098,21.43968],[39.35474,21.43457],[39.36296,21.43227],[39.36414,21.43173],[39.36796,21.42953],[39.37163,21.42833],[39.37248,21.42795],[39.37817,21.42485],[39.37946,21.42432],[39.3806,21.42401],[39.38181,21.42383],[39.38295,21.42381],[39.38197,21.42601],[39.37982,21.4318],[39.37817,21.43535],[39.37733,21.43771],[39.37711,21.44058],[39.37742,21.44374],[39.37828,21.44797],[39.37923,21.45459],[39.37988,21.45754],[39.38067,21.45957],[39.38095,21.45999],[39.3813,21.46028],[39.38537,21.46299],[39.38862,21.46546],[39.38831,21.46655],[39.38791,21.46726],[39.38605,21.46818],[39.38449,21.46879],[39.38391,21.46876],[39.38216,21.46822],[39.37953,21.4678],[39.37531,21.46752],[39.37302,21.46767],[39.37002,21.46813],[39.36329,21.47058],[39.36228,21.47064],[39.3437,21.46467],[39.33517,21.4613],[39.33308,21.46456],[39.3301,21.47174],[39.32878,21.48038],[39.32618,21.4807],[39.32026,21.48264],[39.3132,21.48359]]]},"properties":{"district_id":"jeddah-umm-solm","name_ar":"أم السلم","name_en":"Umm Solm","city":"jeddah","source_codes":["70030076563164315"]}}]}