{"type":"FeatureCollection","city":"madinah","source":"momrah_administrative_districts","count":116,"features":[{"type":"Feature","id":"madinah-abar-al-mashi","geometry":{"type":"Polygon","coordinates":[[[39.59436,24.24421],[39.58127,24.2467],[39.58103,24.23595],[39.57611,24.23424],[39.56076,24.23195],[39.5569,24.23209],[39.55642,24.23011],[39.55618,24.22843],[39.55608,24.22673],[39.55614,24.22469],[39.55757,24.21653],[39.55831,24.2111],[39.55882,24.20579],[39.55968,24.20231],[39.56157,24.19922],[39.56379,24.19471],[39.56704,24.1827],[39.56829,24.17838],[39.57171,24.17038],[39.57253,24.17124],[39.5739,24.17067],[39.57676,24.16981],[39.57984,24.16833],[39.58121,24.16816],[39.58212,24.16833],[39.58298,24.1681],[39.58395,24.1681],[39.58521,24.16884],[39.58555,24.1689],[39.58629,24.16879],[39.5896,24.1661],[39.5932,24.16416],[39.59554,24.16342],[39.60143,24.15988],[39.60291,24.15982],[39.59509,24.17884],[39.59212,24.19009],[39.59055,24.20483],[39.59043,24.21208],[39.59115,24.22077],[39.59436,24.24421]]]},"properties":{"district_id":"madinah-abar-al-mashi","name_ar":"ابار الماشي","name_en":"Abar Al Mashi","city":"madinah","source_codes":["70030076562750273"]}},{"type":"Feature","id":"madinah-abu-briqa","geometry":{"type":"Polygon","coordinates":[[[39.5506,24.40936],[39.55169,24.4092],[39.55267,24.40923],[39.55339,24.40935],[39.55593,24.41008],[39.55811,24.41046],[39.56065,24.41074],[39.56429,24.41078],[39.56617,24.41099],[39.56758,24.41136],[39.56892,24.41188],[39.56996,24.41241],[39.57144,24.41334],[39.57238,24.41378],[39.57367,24.41414],[39.5751,24.41425],[39.57563,24.41641],[39.57661,24.41819],[39.577,24.41978],[39.57677,24.41983],[39.57458,24.42871],[39.57449,24.42884],[39.56745,24.42363],[39.56498,24.42211],[39.56317,24.42128],[39.56159,24.42071],[39.55639,24.41935],[39.55481,24.41885],[39.55294,24.41793],[39.55152,24.41692],[39.55033,24.41578],[39.5493,24.41445],[39.54875,24.41352],[39.54718,24.41028],[39.54876,24.40998],[39.5506,24.40936]]]},"properties":{"district_id":"madinah-abu-briqa","name_ar":"أبوبريقاء","name_en":"Abu Briqa","city":"madinah","source_codes":["70030076562869381"]}},{"type":"Feature","id":"madinah-abu-sidr","geometry":{"type":"Polygon","coordinates":[[[39.82563,24.6473],[39.83145,24.67802],[39.83213,24.68221],[39.83236,24.68744],[39.83037,24.68657],[39.82802,24.68514],[39.82283,24.68281],[39.81548,24.68042],[39.79787,24.675],[39.79018,24.67147],[39.78394,24.66744],[39.77768,24.66262],[39.76949,24.65805],[39.75587,24.65167],[39.75168,24.64956],[39.74805,24.64786],[39.74232,24.64454],[39.73365,24.64041],[39.72956,24.63866],[39.72369,24.63519],[39.71891,24.63153],[39.71462,24.62879],[39.71023,24.62531],[39.70652,24.62213],[39.69988,24.61612],[39.69598,24.61277],[39.6925,24.60964],[39.68644,24.60337],[39.68404,24.59971],[39.68215,24.59565],[39.68063,24.58984],[39.68011,24.58681],[39.68001,24.58413],[39.68048,24.58137],[39.68107,24.57861],[39.6821,24.57519],[39.68294,24.57287],[39.68544,24.57346],[39.71352,24.57684],[39.71488,24.5772],[39.71793,24.57748],[39.72016,24.57795],[39.72328,24.57883],[39.72496,24.57878],[39.72604,24.57885],[39.72783,24.57949],[39.73523,24.58292],[39.73578,24.58302],[39.7365,24.58288],[39.7372,24.58293],[39.7392,24.5837],[39.7399,24.58426],[39.74132,24.58495],[39.74253,24.58502],[39.74338,24.58534],[39.7484,24.58782],[39.74904,24.58832],[39.75017,24.58882],[39.75132,24.58963],[39.75203,24.59058],[39.75275,24.59129],[39.75403,24.59287],[39.7547,24.5938],[39.75523,24.59386],[39.75595,24.59368],[39.75792,24.59406],[39.75847,24.59394],[39.76017,24.59439],[39.76091,24.59451],[39.76229,24.59436],[39.76326,24.5938],[39.76837,24.59432],[39.77275,24.59541],[39.77649,24.59613],[39.78136,24.59652],[39.78575,24.59675],[39.78906,24.59665],[39.79029,24.59648],[39.79269,24.59593],[39.79808,24.59435],[39.79892,24.59402],[39.79991,24.59336],[39.80067,24.59249],[39.80117,24.59148],[39.80221,24.58594],[39.80261,24.58539],[39.81333,24.58663],[39.8145,24.5868],[39.82563,24.6473]]]},"properties":{"district_id":"madinah-abu-sidr","name_ar":"ابو سدر","name_en":"Abu Sidr","city":"madinah","source_codes":["70030076562869437"]}},{"type":"Feature","id":"madinah-abukbir","geometry":{"type":"Polygon","coordinates":[[[39.54718,24.41028],[39.54284,24.41093],[39.54157,24.4112],[39.54016,24.41167],[39.53809,24.41265],[39.52448,24.40697],[39.52179,24.40574],[39.52031,24.40498],[39.51992,24.40393],[39.51965,24.40287],[39.51952,24.40194],[39.51949,24.40092],[39.51961,24.39933],[39.5199,24.39812],[39.52163,24.39331],[39.53304,24.36499],[39.53445,24.36558],[39.54155,24.36799],[39.54221,24.36842],[39.54312,24.36935],[39.54656,24.37114],[39.54961,24.37343],[39.55005,24.37421],[39.5517,24.37465],[39.55077,24.37718],[39.54973,24.37948],[39.54577,24.38628],[39.54503,24.38776],[39.5444,24.38937],[39.54385,24.39106],[39.54352,24.39241],[39.54329,24.39373],[39.5431,24.39599],[39.5431,24.39782],[39.54326,24.39953],[39.54366,24.40176],[39.54413,24.40347],[39.54474,24.40513],[39.54718,24.41028]]]},"properties":{"district_id":"madinah-abukbir","name_ar":"أبوكبير","name_en":"Abukbir","city":"madinah","source_codes":["70030076562869408"]}},{"type":"Feature","id":"madinah-abumarkha","geometry":{"type":"Polygon","coordinates":[[[39.46909,24.44156],[39.46716,24.44599],[39.46567,24.45033],[39.46107,24.46504],[39.45942,24.46462],[39.45535,24.46449],[39.45462,24.46433],[39.45373,24.46391],[39.45298,24.4633],[39.45254,24.46274],[39.45135,24.46019],[39.45075,24.45942],[39.44881,24.45797],[39.44574,24.45526],[39.44467,24.45459],[39.4435,24.45405],[39.44228,24.45366],[39.43921,24.45303],[39.43431,24.4518],[39.42467,24.44821],[39.41661,24.44554],[39.40556,24.44316],[39.39486,24.44045],[39.39015,24.43884],[39.38308,24.4352],[39.38008,24.43424],[39.37834,24.43387],[39.37076,24.43306],[39.36774,24.43246],[39.3596,24.43001],[39.35449,24.42885],[39.33169,24.42509],[39.33084,24.42498],[39.32954,24.42501],[39.32814,24.42532],[39.32704,24.42578],[39.32486,24.4274],[39.3221,24.42969],[39.32052,24.43071],[39.31898,24.43151],[39.31749,24.43215],[39.31513,24.43301],[39.31266,24.43451],[39.311,24.43536],[39.30882,24.4362],[39.30714,24.4367],[39.29638,24.43928],[39.28736,24.44028],[39.28557,24.44034],[39.28341,24.44029],[39.27433,24.43991],[39.27786,24.43308],[39.28341,24.4251],[39.28265,24.41819],[39.28443,24.41204],[39.28719,24.40502],[39.28976,24.3945],[39.29064,24.38701],[39.28853,24.37857],[39.28651,24.37342],[39.28967,24.36396],[39.28876,24.356],[39.2908,24.35366],[39.29393,24.35185],[39.2997,24.34915],[39.30345,24.34568],[39.30796,24.33975],[39.30808,24.33874],[39.30736,24.33404],[39.30762,24.32443],[39.31173,24.32071],[39.31482,24.31363],[39.31541,24.30936],[39.3154,24.30698],[39.31904,24.3057],[39.32247,24.30412],[39.32664,24.30053],[39.32735,24.30517],[39.32773,24.3066],[39.32818,24.30762],[39.32882,24.30876],[39.32992,24.31004],[39.33116,24.31117],[39.33244,24.3122],[39.33377,24.31315],[39.33521,24.31405],[39.34103,24.31712],[39.34436,24.31875],[39.3453,24.31913],[39.34689,24.31963],[39.34768,24.31972],[39.34909,24.31971],[39.3505,24.31944],[39.35417,24.31836],[39.35545,24.31821],[39.35748,24.31821],[39.35895,24.31853],[39.36363,24.32026],[39.3681,24.32174],[39.38245,24.32511],[39.38376,24.32546],[39.38489,24.32587],[39.38619,24.32676],[39.38681,24.3274],[39.39052,24.33323],[39.39256,24.33702],[39.39317,24.33797],[39.39399,24.33877],[39.39562,24.33987],[39.40376,24.34475],[39.40789,24.34715],[39.41746,24.3522],[39.41903,24.35294],[39.42057,24.3534],[39.42156,24.35353],[39.42276,24.35346],[39.42488,24.35302],[39.42614,24.35301],[39.42678,24.35318],[39.42734,24.35339],[39.43098,24.35519],[39.43506,24.35789],[39.43626,24.35833],[39.43836,24.3587],[39.43963,24.35906],[39.44261,24.36086],[39.44631,24.36213],[39.44803,24.36312],[39.44931,24.36408],[39.45128,24.36574],[39.45556,24.36959],[39.45655,24.37029],[39.45802,24.37109],[39.45929,24.37158],[39.4605,24.37189],[39.46511,24.37262],[39.46738,24.37311],[39.46894,24.37366],[39.47114,24.3747],[39.47281,24.37566],[39.47401,24.37647],[39.47717,24.37871],[39.48282,24.38296],[39.49197,24.38909],[39.49492,24.39086],[39.50221,24.39492],[39.48943,24.41418],[39.48684,24.41784],[39.48401,24.42134],[39.47829,24.42759],[39.47581,24.43065],[39.47353,24.43383],[39.47146,24.43712],[39.46909,24.44156]]]},"properties":{"district_id":"madinah-abumarkha","name_ar":"ابومرخة","name_en":"Abumarkha","city":"madinah","source_codes":["70030076562869434"]}},{"type":"Feature","id":"madinah-abyar-al-mashi","geometry":{"type":"Polygon","coordinates":[[[39.57235,24.25286],[39.57031,24.25588],[39.56399,24.26166],[39.56155,24.26405],[39.56089,24.25624],[39.55902,24.25562],[39.55479,24.25556],[39.5489,24.25572],[39.5438,24.25574],[39.53887,24.25634],[39.53313,24.25724],[39.52757,24.25916],[39.5228,24.26268],[39.5201,24.264],[39.51453,24.26592],[39.50864,24.26696],[39.50673,24.26741],[39.50147,24.26655],[39.49829,24.26627],[39.48859,24.27083],[39.48111,24.2745],[39.47539,24.27788],[39.46934,24.27994],[39.46409,24.28215],[39.45932,24.28391],[39.4555,24.28393],[39.452,24.28511],[39.44786,24.28556],[39.44499,24.28571],[39.44165,24.28791],[39.43782,24.28705],[39.43113,24.28707],[39.42779,24.28722],[39.42301,24.28665],[39.42061,24.28447],[39.41821,24.28199],[39.41533,24.2782],[39.41374,24.27821],[39.41119,24.27734],[39.41102,24.27632],[39.40974,24.27399],[39.40783,24.27282],[39.40798,24.27136],[39.40511,24.26962],[39.40526,24.26845],[39.40526,24.26684],[39.40445,24.2648],[39.40301,24.26262],[39.40126,24.26145],[39.39855,24.26102],[39.39828,24.26056],[39.39602,24.25513],[39.39503,24.25259],[39.39389,24.25012],[39.39312,24.24693],[39.39928,24.23371],[39.39648,24.21321],[39.39201,24.19917],[39.38876,24.19449],[39.38803,24.19238],[39.38766,24.1901],[39.38753,24.18872],[39.38749,24.18727],[39.38771,24.1858],[39.38848,24.18304],[39.3893,24.18086],[39.40052,24.15332],[39.4013,24.15124],[39.40276,24.14596],[39.40313,24.14505],[39.40384,24.14097],[39.4039,24.13743],[39.40363,24.13345],[39.40366,24.08915],[39.40372,24.08795],[39.4033,24.08611],[39.40259,24.08397],[39.402,24.08175],[39.40097,24.07912],[39.39995,24.07793],[39.39856,24.0766],[39.39743,24.07577],[39.39513,24.07448],[39.39385,24.07363],[39.39127,24.07226],[39.38189,24.06799],[39.37289,24.06194],[39.37139,24.06107],[39.36911,24.05954],[39.36726,24.05769],[39.36421,24.05338],[39.36276,24.05105],[39.3613,24.04835],[39.35874,24.04321],[39.35712,24.0403],[39.35632,24.03824],[39.35041,24.02534],[39.34922,24.02329],[39.34789,24.02051],[39.34677,24.01873],[39.34521,24.01566],[39.34218,24.01123],[39.33953,24.00767],[39.33796,24.0053],[39.33261,24.00037],[39.31718,23.98938],[39.30511,23.98653],[39.27832,23.98317],[39.25911,23.97741],[39.24039,23.97618],[39.24792,23.93863],[39.25577,23.92048],[39.25851,23.91379],[39.26162,23.91446],[39.26746,23.91647],[39.27221,23.91758],[39.27549,23.91768],[39.28048,23.91834],[39.28474,23.91878],[39.29143,23.91855],[39.29581,23.91854],[39.30006,23.91764],[39.30383,23.9174],[39.31344,23.91604],[39.3267,23.91557],[39.334,23.91511],[39.34385,23.91419],[39.35309,23.91305],[39.36257,23.91157],[39.37108,23.90965],[39.37339,23.90931],[39.37789,23.9093],[39.41195,23.90977],[39.42023,23.91009],[39.43227,23.91128],[39.43799,23.91227],[39.43921,23.91227],[39.44346,23.91114],[39.44456,23.91125],[39.44894,23.91213],[39.45478,23.91345],[39.45856,23.914],[39.46331,23.91511],[39.47268,23.91832],[39.48145,23.92109],[39.49057,23.91949],[39.49665,23.91824],[39.49807,23.91823],[39.50041,23.91885],[39.50848,23.91828],[39.515,23.91773],[39.52083,23.91601],[39.52327,23.91573],[39.52901,23.9158],[39.5329,23.91632],[39.54079,23.91799],[39.54965,23.91948],[39.55949,23.9207],[39.56494,23.92167],[39.56893,23.92192],[39.57253,23.92146],[39.57584,23.92028],[39.5773,23.92028],[39.57925,23.9217],[39.58149,23.92312],[39.58413,23.92419],[39.58598,23.92427],[39.59044,23.9222],[39.59471,23.91985],[39.6014,23.91419],[39.61099,23.90458],[39.61894,23.89721],[39.62204,23.89488],[39.62388,23.89406],[39.62817,23.89431],[39.6462,23.89424],[39.65512,23.89411],[39.65621,23.89332],[39.65975,23.8913],[39.66205,23.89009],[39.67133,23.88999],[39.67587,23.88963],[39.68818,23.88614],[39.70727,23.88056],[39.71075,23.8794],[39.7123,23.87939],[39.71847,23.88028],[39.72632,23.88127],[39.73343,23.88313],[39.75433,23.88944],[39.7834,23.89954],[39.80874,23.90771],[39.84325,23.91903],[39.87026,23.92564],[39.87619,23.92721],[39.8989,23.93292],[39.90838,23.93481],[39.91954,23.9364],[39.92746,23.93727],[39.95165,23.94061],[39.96269,23.94238],[39.97622,23.94492],[39.99512,23.94818],[39.99732,23.94848],[39.98611,23.96861],[39.9857,23.97973],[39.98579,23.98618],[39.9841,23.99462],[39.98307,23.99888],[39.9804,24.00781],[39.97854,24.01517],[39.97738,24.0193],[39.97219,24.03145],[39.9671,24.04122],[39.9653,24.0432],[39.96326,24.04642],[39.96079,24.04994],[39.95834,24.05327],[39.95371,24.0591],[39.95105,24.062],[39.94335,24.07068],[39.94064,24.0741],[39.93875,24.07673],[39.93697,24.07997],[39.93423,24.08751],[39.93232,24.09466],[39.92883,24.10568],[39.92776,24.11127],[39.9266,24.1148],[39.92568,24.11937],[39.92422,24.12363],[39.92019,24.13424],[39.91655,24.14104],[39.91475,24.14415],[39.91254,24.14838],[39.91209,24.15089],[39.91032,24.15438],[39.90816,24.1595],[39.9065,24.16484],[39.90494,24.16942],[39.90385,24.17219],[39.90192,24.18062],[39.90153,24.1852],[39.90121,24.18746],[39.89653,24.18631],[39.89275,24.18785],[39.88161,24.18639],[39.87583,24.18821],[39.8704,24.19502],[39.86348,24.19709],[39.8592,24.20067],[39.85839,24.20685],[39.86073,24.21473],[39.85843,24.22523],[39.85336,24.23152],[39.84983,24.2326],[39.8419,24.23394],[39.83704,24.24056],[39.8311,24.24494],[39.82536,24.2494],[39.81882,24.25002],[39.81601,24.25525],[39.8084,24.25551],[39.80546,24.2509],[39.80017,24.24674],[39.78935,24.24718],[39.76937,24.24728],[39.75187,24.2447],[39.72772,24.24291],[39.72401,24.25056],[39.71735,24.25059],[39.7015,24.24379],[39.68024,24.23969],[39.65526,24.23789],[39.6478,24.24556],[39.63904,24.24102],[39.62366,24.24566],[39.6191,24.24988],[39.61024,24.24649],[39.59786,24.24805],[39.5908,24.25075],[39.58288,24.24849],[39.57435,24.24821],[39.57309,24.25143],[39.57235,24.25286]],[[39.33615,23.95177],[39.33568,23.95048],[39.33374,23.9502],[39.33322,23.95201],[39.33511,23.95237],[39.33615,23.95177]],[[39.41328,23.96248],[39.41329,23.96364],[39.41269,23.96361],[39.41268,23.96471],[39.41401,23.96443],[39.41434,23.96195],[39.41231,23.96141],[39.41217,23.96244],[39.41328,23.96248]],[[39.3734,23.97027],[39.37304,23.96886],[39.37199,23.96856],[39.37172,23.96766],[39.36914,23.96694],[39.36775,23.96831],[39.36837,23.96893],[39.36805,23.96942],[39.36773,23.96905],[39.36715,23.96907],[39.3668,23.96742],[39.36638,23.96757],[39.36618,23.96916],[39.36659,23.96932],[39.36673,23.9703],[39.36759,23.97164],[39.3694,23.9721],[39.36957,23.97355],[39.37115,23.97376],[39.3714,23.97261],[39.37239,23.97251],[39.37251,23.97186],[39.37302,23.97106],[39.37334,23.97106],[39.37365,23.9716],[39.37394,23.97157],[39.37384,23.97043],[39.37453,23.96993],[39.37446,23.96971],[39.3734,23.97027]],[[39.41259,23.99265],[39.4125,23.99422],[39.41308,23.99546],[39.41468,23.99461],[39.41328,23.99242],[39.41259,23.99265]],[[39.4412,23.99445],[39.43823,23.99188],[39.43319,23.99373],[39.43361,23.9982],[39.43877,23.99893],[39.4412,23.99445]],[[39.39261,24.00111],[39.3925,24.00252],[39.39284,24.00257],[39.39292,24.00244],[39.39363,24.00247],[39.39399,24.0026],[39.39401,24.00275],[39.39445,24.00309],[39.39442,24.00355],[39.39415,24.00351],[39.39414,24.00424],[39.39448,24.00429],[39.39468,24.0036],[39.395,24.00343],[39.39553,24.00332],[39.3955,24.00281],[39.39509,24.0027],[39.39508,24.00231],[39.39565,24.00246],[39.39575,24.00225],[39.39353,24.00124],[39.39323,24.00071],[39.39261,24.00111]],[[39.38203,24.00213],[39.38123,24.00173],[39.38051,24.0029],[39.3808,24.00321],[39.38058,24.00421],[39.38024,24.00435],[39.3804,24.005],[39.38207,24.00456],[39.38296,24.00346],[39.38421,24.00339],[39.38431,24.00299],[39.38244,24.00278],[39.38203,24.00213]],[[39.38469,24.00488],[39.38389,24.00487],[39.38383,24.00552],[39.38425,24.00558],[39.3843,24.00522],[39.38465,24.00515],[39.38469,24.00488]],[[39.38028,24.01417],[39.38235,24.01476],[39.38343,24.01232],[39.38456,24.01013],[39.38371,24.0104],[39.3824,24.01052],[39.38156,24.01219],[39.38092,24.01289],[39.38028,24.01417]],[[39.47294,24.03022],[39.47599,24.02954],[39.47759,24.02865],[39.47686,24.02651],[39.47362,24.02761],[39.47292,24.02833],[39.47241,24.02968],[39.47294,24.03022]],[[39.66765,24.01786],[39.66678,24.01776],[39.66657,24.01814],[39.66587,24.01784],[39.66709,24.01648],[39.66809,24.01674],[39.66861,24.01564],[39.66836,24.01545],[39.66856,24.01498],[39.66814,24.01464],[39.66804,24.01482],[39.66582,24.01447],[39.66502,24.01466],[39.66442,24.01468],[39.6638,24.01538],[39.66375,24.01642],[39.66525,24.01766],[39.6649,24.01839],[39.66479,24.01894],[39.66446,24.01978],[39.66554,24.01999],[39.66516,24.02153],[39.66389,24.02137],[39.66382,24.02178],[39.66562,24.02198],[39.66685,24.0214],[39.66634,24.02073],[39.66578,24.01968],[39.66512,24.01958],[39.66517,24.01925],[39.66672,24.01921],[39.66693,24.0187],[39.66698,24.01831],[39.66756,24.01833],[39.66765,24.01786]],[[39.47576,24.03077],[39.47619,24.03155],[39.47814,24.03077],[39.47766,24.03003],[39.47576,24.03077]],[[39.52504,24.038],[39.52458,24.03777],[39.52443,24.03819],[39.52491,24.03838],[39.52504,24.038]],[[39.52341,24.03847],[39.52287,24.03821],[39.52274,24.03877],[39.52324,24.03889],[39.52341,24.03847]],[[39.52281,24.03931],[39.52121,24.03895],[39.52094,24.03941],[39.52135,24.03968],[39.52173,24.03943],[39.52269,24.03969],[39.52281,24.03931]],[[39.52872,24.04119],[39.52876,24.04059],[39.52967,24.04077],[39.5297,24.03931],[39.52621,24.03837],[39.5254,24.04079],[39.52492,24.04196],[39.52708,24.04252],[39.5274,24.04103],[39.52872,24.04119]],[[39.52366,24.04048],[39.52284,24.04036],[39.52261,24.04104],[39.52361,24.04119],[39.52366,24.04048]],[[39.60331,24.04479],[39.60152,24.04428],[39.60192,24.04675],[39.60351,24.04703],[39.60359,24.0459],[39.60323,24.04562],[39.60331,24.04479]],[[39.58629,24.16879],[39.58555,24.1689],[39.58521,24.16884],[39.58395,24.1681],[39.58298,24.1681],[39.58212,24.16833],[39.58121,24.16816],[39.57984,24.16833],[39.57676,24.16981],[39.5739,24.17067],[39.57253,24.17124],[39.57171,24.17038],[39.5644,24.16878],[39.5644,24.16731],[39.56136,24.16685],[39.55672,24.17431],[39.55594,24.18031],[39.55694,24.18848],[39.55961,24.18859],[39.56504,24.19019],[39.56379,24.19471],[39.56157,24.19922],[39.55968,24.20231],[39.55882,24.20579],[39.55831,24.2111],[39.55757,24.21653],[39.55614,24.22469],[39.55608,24.22673],[39.55618,24.22843],[39.55642,24.23011],[39.5569,24.23209],[39.56076,24.23195],[39.57611,24.23424],[39.58103,24.23595],[39.58127,24.2467],[39.59436,24.24421],[39.59115,24.22077],[39.59043,24.21208],[39.59055,24.20483],[39.59212,24.19009],[39.59509,24.17884],[39.60291,24.15982],[39.60143,24.15988],[39.59554,24.16342],[39.5932,24.16416],[39.5896,24.1661],[39.58629,24.16879]]]},"properties":{"district_id":"madinah-abyar-al-mashi","name_ar":"ابيار الماشي","name_en":"Abyar Al Mashi","city":"madinah","source_codes":["70030076562869445"]}},{"type":"Feature","id":"madinah-ad-dar","geometry":{"type":"Polygon","coordinates":[[[39.61762,24.54431],[39.61785,24.5424],[39.61822,24.54116],[39.61909,24.5394],[39.61986,24.53833],[39.63112,24.52895],[39.64303,24.52028],[39.65045,24.51388],[39.65805,24.52217],[39.64978,24.52858],[39.64763,24.53032],[39.64539,24.53196],[39.64306,24.53349],[39.62324,24.54527],[39.62095,24.54624],[39.61926,24.54667],[39.61792,24.54685],[39.61768,24.54559],[39.61762,24.54431]]]},"properties":{"district_id":"madinah-ad-dar","name_ar":"الدار","name_en":"Ad Dar","city":"madinah","source_codes":["70030076562863367"]}},{"type":"Feature","id":"madinah-ad-duwaikhilah","geometry":{"type":"Polygon","coordinates":[[[39.69009,24.494],[39.67972,24.51579],[39.67921,24.51653],[39.67855,24.51717],[39.67805,24.51753],[39.67721,24.51796],[39.67599,24.5183],[39.66943,24.51893],[39.66611,24.51621],[39.66271,24.51301],[39.65704,24.50813],[39.65753,24.50753],[39.65948,24.50456],[39.66287,24.50066],[39.66609,24.49645],[39.66686,24.49571],[39.66777,24.49511],[39.66878,24.49467],[39.67839,24.49207],[39.67795,24.49067],[39.67959,24.49023],[39.68014,24.49021],[39.68077,24.49031],[39.69009,24.494]]]},"properties":{"district_id":"madinah-ad-duwaikhilah","name_ar":"الدويخلة","name_en":"Ad Duwaikhilah","city":"madinah","source_codes":["70030076562869397"]}},{"type":"Feature","id":"madinah-ad-duwaimah","geometry":{"type":"Polygon","coordinates":[[[39.61148,24.45251],[39.60893,24.45154],[39.60673,24.45004],[39.60629,24.44999],[39.6038,24.45029],[39.60345,24.4502],[39.60202,24.44947],[39.60338,24.44756],[39.60397,24.44696],[39.60463,24.44643],[39.60535,24.44598],[39.60614,24.44563],[39.60697,24.44536],[39.60795,24.44518],[39.60783,24.44214],[39.60796,24.44095],[39.60831,24.44022],[39.60952,24.4385],[39.61606,24.43992],[39.61596,24.4406],[39.61603,24.44137],[39.61595,24.44195],[39.61148,24.45251]]]},"properties":{"district_id":"madinah-ad-duwaimah","name_ar":"الدويمة","name_en":"Ad Duwaimah","city":"madinah","source_codes":["70030076562869392"]}},{"type":"Feature","id":"madinah-ahad-mountain","geometry":{"type":"Polygon","coordinates":[[[39.61792,24.54685],[39.60676,24.54772],[39.5983,24.54776],[39.59653,24.54759],[39.59411,24.54717],[39.59317,24.54563],[39.59271,24.5447],[39.59252,24.54407],[39.5924,24.54329],[39.59243,24.54223],[39.59264,24.54131],[39.59486,24.53414],[39.59579,24.53077],[39.59612,24.52825],[39.5964,24.52717],[39.59813,24.52215],[39.59947,24.51949],[39.60145,24.51678],[39.60192,24.516],[39.60359,24.51157],[39.60364,24.51017],[39.60378,24.5094],[39.60418,24.50947],[39.6044,24.50935],[39.60469,24.50871],[39.60485,24.50795],[39.60505,24.50749],[39.60545,24.50694],[39.60598,24.5065],[39.60689,24.50604],[39.60789,24.50576],[39.60866,24.50579],[39.60924,24.50607],[39.60968,24.50659],[39.60985,24.50727],[39.60966,24.50926],[39.61014,24.50987],[39.61072,24.51022],[39.61106,24.5102],[39.61232,24.50967],[39.61271,24.50937],[39.6133,24.50872],[39.61404,24.50835],[39.61489,24.5083],[39.61612,24.5087],[39.61647,24.50868],[39.61673,24.5085],[39.61693,24.50813],[39.61683,24.50709],[39.61697,24.5067],[39.61761,24.50612],[39.61847,24.50563],[39.61891,24.50512],[39.61974,24.50479],[39.62037,24.50372],[39.62058,24.5035],[39.62086,24.50338],[39.62121,24.50339],[39.62294,24.50407],[39.62328,24.50405],[39.62357,24.50389],[39.62374,24.50367],[39.62399,24.50292],[39.62488,24.50211],[39.62536,24.50141],[39.62559,24.50073],[39.62554,24.50011],[39.62767,24.49978],[39.6299,24.49913],[39.63693,24.49664],[39.63784,24.49625],[39.63945,24.49538],[39.64074,24.49675],[39.6414,24.49772],[39.64149,24.49808],[39.6415,24.49885],[39.64185,24.49997],[39.6417,24.50033],[39.64107,24.50083],[39.64082,24.50136],[39.64085,24.50164],[39.64132,24.50235],[39.64133,24.50255],[39.6411,24.50327],[39.64094,24.50348],[39.63951,24.50453],[39.63939,24.50506],[39.63958,24.50547],[39.63988,24.50564],[39.64024,24.50562],[39.64062,24.50551],[39.64132,24.50513],[39.64243,24.50475],[39.64273,24.50492],[39.6431,24.50532],[39.64377,24.50534],[39.64412,24.50527],[39.64515,24.50447],[39.64608,24.50434],[39.64633,24.50423],[39.64697,24.50344],[39.64832,24.50258],[39.64918,24.50181],[39.65037,24.50241],[39.65076,24.50277],[39.65008,24.50363],[39.65007,24.50406],[39.65101,24.50516],[39.65219,24.50718],[39.65251,24.50832],[39.65256,24.50914],[39.65281,24.51046],[39.65314,24.51081],[39.65371,24.51106],[39.64303,24.52028],[39.63112,24.52895],[39.61986,24.53833],[39.61876,24.53997],[39.61822,24.54116],[39.61785,24.5424],[39.61762,24.54431],[39.61768,24.54559],[39.61792,24.54685]]]},"properties":{"district_id":"madinah-ahad-mountain","name_ar":"جبل أحــد","name_en":"Ahad mountain","city":"madinah","source_codes":["70030076562863368"]}},{"type":"Feature","id":"madinah-airport","geometry":{"type":"Polygon","coordinates":[[[39.67873,24.57755],[39.67224,24.58827],[39.66625,24.59768],[39.66497,24.59739],[39.66311,24.59736],[39.66045,24.59757],[39.65847,24.59787],[39.65652,24.59828],[39.6546,24.59882],[39.65273,24.59948],[39.64842,24.60127],[39.64663,24.60174],[39.64571,24.6019],[39.64385,24.60205],[39.64199,24.60198],[39.64015,24.60171],[39.63836,24.60122],[39.63665,24.60053],[39.63584,24.60012],[39.6343,24.59915],[39.63291,24.59801],[39.63169,24.59672],[39.62763,24.59121],[39.62664,24.58975],[39.62574,24.58823],[39.62496,24.58666],[39.62428,24.58505],[39.62372,24.5834],[39.62328,24.58172],[39.62295,24.58002],[39.62274,24.57831],[39.62265,24.57658],[39.62268,24.57505],[39.62731,24.57561],[39.63916,24.57776],[39.64492,24.57849],[39.65072,24.57892],[39.66542,24.57955],[39.66636,24.57951],[39.66824,24.57926],[39.67006,24.57879],[39.67094,24.57848],[39.67264,24.5777],[39.67344,24.57724],[39.67494,24.57618],[39.67563,24.57559],[39.67688,24.57429],[39.67744,24.57359],[39.6784,24.57209],[39.6788,24.57131],[39.67943,24.56967],[39.67965,24.56883],[39.67994,24.56723],[39.68011,24.5654],[39.68015,24.56356],[39.68005,24.56173],[39.67981,24.55991],[39.67761,24.54624],[39.67753,24.54532],[39.67755,24.54439],[39.67831,24.53677],[39.67864,24.53572],[39.67919,24.53474],[39.67966,24.53415],[39.68147,24.53234],[39.68264,24.53148],[39.68623,24.52934],[39.6875,24.53042],[39.6913,24.53442],[39.69149,24.55577],[39.69136,24.55695],[39.69092,24.55806],[39.67873,24.57755]]]},"properties":{"district_id":"madinah-airport","name_ar":"المطـار","name_en":"Airport","city":"madinah","source_codes":["70030076562863361"]}},{"type":"Feature","id":"madinah-al-anabis","geometry":{"type":"Polygon","coordinates":[[[39.59264,24.47729],[39.58899,24.47705],[39.58826,24.47712],[39.58756,24.47733],[39.587,24.47763],[39.58649,24.47805],[39.58415,24.48078],[39.58343,24.47936],[39.58279,24.47778],[39.58227,24.47599],[39.58196,24.47412],[39.58186,24.47229],[39.58195,24.4705],[39.58225,24.46871],[39.58268,24.46713],[39.59159,24.46711],[39.59157,24.4731],[39.59164,24.47417],[39.59186,24.47523],[39.59264,24.47729]]]},"properties":{"district_id":"madinah-al-anabis","name_ar":"العنابس","name_en":"Al Anabis","city":"madinah","source_codes":["70030076562869416"]}},{"type":"Feature","id":"madinah-al-anahi","geometry":{"type":"Polygon","coordinates":[[[39.69593,24.40485],[39.71915,24.39157],[39.72115,24.39037],[39.7282,24.40047],[39.72972,24.40308],[39.73114,24.40615],[39.73234,24.40965],[39.73282,24.41155],[39.73326,24.41393],[39.73357,24.41715],[39.7336,24.41912],[39.73351,24.42116],[39.73334,24.42285],[39.73301,24.42501],[39.72628,24.46437],[39.72551,24.47004],[39.7251,24.47705],[39.70847,24.47575],[39.70585,24.44839],[39.70516,24.44242],[39.70405,24.43523],[39.70262,24.42803],[39.70093,24.42109],[39.69919,24.41503],[39.69593,24.40485]]]},"properties":{"district_id":"madinah-al-anahi","name_ar":"الاناهي","name_en":"Al Anahi","city":"madinah","source_codes":["70030076562869393"]}},{"type":"Feature","id":"madinah-al-aqoul","geometry":{"type":"Polygon","coordinates":[[[39.70847,24.47575],[39.7251,24.47705],[39.72684,24.52001],[39.7266,24.52061],[39.72669,24.5215],[39.72691,24.52177],[39.72751,24.52213],[39.7278,24.52267],[39.72885,24.52282],[39.73435,24.5227],[39.73526,24.52314],[39.73526,24.52428],[39.73723,24.52946],[39.73958,24.5342],[39.7398,24.5349],[39.74119,24.53677],[39.74147,24.53691],[39.74177,24.53682],[39.74453,24.53408],[39.74515,24.53365],[39.74546,24.53364],[39.74646,24.53324],[39.74952,24.53477],[39.75026,24.53573],[39.75027,24.53833],[39.75452,24.53834],[39.76007,24.54329],[39.75769,24.54526],[39.75555,24.54778],[39.75035,24.5545],[39.74825,24.55334],[39.74085,24.55049],[39.73762,24.54937],[39.73253,24.54724],[39.72294,24.54127],[39.71432,24.53531],[39.71212,24.53432],[39.70896,24.53342],[39.69247,24.53058],[39.68623,24.52934],[39.69203,24.52583],[39.69369,24.52474],[39.69578,24.52315],[39.6979,24.52126],[39.69983,24.51921],[39.70211,24.51621],[39.70395,24.51311],[39.70529,24.51024],[39.70687,24.50593],[39.70808,24.50162],[39.70893,24.49731],[39.70933,24.4939],[39.70953,24.49058],[39.70951,24.48717],[39.70937,24.48484],[39.70847,24.47575]]]},"properties":{"district_id":"madinah-al-aqoul","name_ar":"العاقول","name_en":"Al Aqoul","city":"madinah","source_codes":["70030076562874909"]}},{"type":"Feature","id":"madinah-al-ariydh","geometry":{"type":"Polygon","coordinates":[[[39.66157,24.47198],[39.66031,24.47365],[39.65881,24.47538],[39.64468,24.49066],[39.64171,24.49376],[39.63956,24.49213],[39.63793,24.49063],[39.63058,24.4824],[39.62964,24.48147],[39.62868,24.48066],[39.6347,24.46982],[39.66157,24.47198]]]},"properties":{"district_id":"madinah-al-ariydh","name_ar":"العريض","name_en":"Al Ariydh","city":"madinah","source_codes":["70030076562869355"]}},{"type":"Feature","id":"madinah-al-aziziyah","geometry":{"type":"Polygon","coordinates":[[[39.47638,24.44137],[39.47473,24.4417],[39.47314,24.44182],[39.47177,24.44178],[39.46909,24.44156],[39.47146,24.43712],[39.47353,24.43383],[39.47581,24.43065],[39.47829,24.42759],[39.48401,24.42134],[39.48684,24.41784],[39.48943,24.41418],[39.50221,24.39492],[39.52031,24.40498],[39.52124,24.40665],[39.53132,24.42227],[39.52123,24.4261],[39.51501,24.42742],[39.51463,24.42766],[39.50861,24.43021],[39.47638,24.44137]]]},"properties":{"district_id":"madinah-al-aziziyah","name_ar":"العزيزية","name_en":"Al Aziziyah","city":"madinah","source_codes":["70030076562869436"]}},{"type":"Feature","id":"madinah-al-balqa","geometry":{"type":"Polygon","coordinates":[[[39.46567,24.52706],[39.45433,24.53987],[39.44637,24.53397],[39.44194,24.53196],[39.42511,24.52488],[39.41936,24.52131],[39.41291,24.51399],[39.40792,24.51234],[39.41109,24.50973],[39.41398,24.50703],[39.41668,24.50416],[39.41918,24.50114],[39.42147,24.49798],[39.42354,24.4947],[39.42538,24.49131],[39.42757,24.48664],[39.42832,24.48554],[39.42922,24.48453],[39.43025,24.48364],[39.43139,24.48288],[39.43264,24.48226],[39.43396,24.48179],[39.43603,24.48138],[39.43745,24.48131],[39.43886,24.48141],[39.44025,24.48167],[39.45448,24.48613],[39.45219,24.49345],[39.4516,24.49559],[39.45115,24.49775],[39.45085,24.49993],[39.45069,24.50213],[39.45075,24.50564],[39.45102,24.50863],[39.45142,24.51057],[39.45183,24.51199],[39.45234,24.51338],[39.45295,24.51473],[39.45365,24.51605],[39.45445,24.51732],[39.45533,24.51854],[39.4563,24.51971],[39.45735,24.52081],[39.45968,24.52283],[39.46567,24.52706]]]},"properties":{"district_id":"madinah-al-balqa","name_ar":"البلقاء","name_en":"Al Balqa","city":"madinah","source_codes":["70030076562869438"]}},{"type":"Feature","id":"madinah-al-difaa","geometry":{"type":"Polygon","coordinates":[[[39.50354,24.46632],[39.50206,24.45482],[39.50172,24.45275],[39.5014,24.45106],[39.49787,24.43651],[39.49759,24.43512],[39.49768,24.43437],[39.49764,24.43404],[39.50861,24.43021],[39.51463,24.42766],[39.51501,24.42742],[39.52123,24.4261],[39.53132,24.42227],[39.53783,24.43244],[39.53857,24.43388],[39.53905,24.43505],[39.53965,24.43702],[39.54581,24.46001],[39.50498,24.46597],[39.50354,24.46632]]]},"properties":{"district_id":"madinah-al-difaa","name_ar":"الدفـاع","name_en":"Al Difaa","city":"madinah","source_codes":["70030076562869431"]}},{"type":"Feature","id":"madinah-al-duwaifaa","geometry":{"type":"Polygon","coordinates":[[[39.55694,24.18848],[39.55594,24.18031],[39.55672,24.17431],[39.56136,24.16685],[39.5644,24.16731],[39.5644,24.16878],[39.57171,24.17038],[39.56829,24.17838],[39.56704,24.1827],[39.56504,24.19019],[39.55961,24.18859],[39.55694,24.18848]]]},"properties":{"district_id":"madinah-al-duwaifaa","name_ar":"الدويفعة","name_en":"Al Duwaifaa","city":"madinah","source_codes":["70030076562709725"]}},{"type":"Feature","id":"madinah-al-fath","geometry":{"type":"Polygon","coordinates":[[[39.58415,24.48078],[39.58657,24.47798],[39.58718,24.47752],[39.5879,24.47721],[39.58908,24.47705],[39.59482,24.47743],[39.59472,24.4768],[39.59476,24.47556],[39.59496,24.4751],[39.59553,24.47429],[39.5961,24.47243],[39.59632,24.47209],[39.59765,24.47081],[39.59818,24.47049],[39.60114,24.46993],[39.60176,24.47001],[39.60222,24.47019],[39.60279,24.4705],[39.60347,24.47207],[39.60398,24.47287],[39.6047,24.4735],[39.60546,24.47386],[39.60518,24.4752],[39.60477,24.47612],[39.60244,24.4793],[39.60176,24.48017],[39.60126,24.48062],[39.60027,24.48127],[39.5928,24.48549],[39.5917,24.48597],[39.58779,24.48731],[39.58415,24.48078]]]},"properties":{"district_id":"madinah-al-fath","name_ar":"الفتح","name_en":"Al Fath","city":"madinah","source_codes":["70030076562869414"]}},{"type":"Feature","id":"madinah-al-furaysh","geometry":{"type":"Polygon","coordinates":[[[39.24039,23.97618],[39.25911,23.97741],[39.27832,23.98317],[39.30511,23.98653],[39.31718,23.98938],[39.33261,24.00037],[39.33796,24.0053],[39.33953,24.00767],[39.34218,24.01123],[39.34521,24.01566],[39.34677,24.01873],[39.34789,24.02051],[39.34922,24.02329],[39.35041,24.02534],[39.35632,24.03824],[39.35712,24.0403],[39.35874,24.04321],[39.3613,24.04835],[39.36276,24.05105],[39.36421,24.05338],[39.36726,24.05769],[39.36911,24.05954],[39.37139,24.06107],[39.37289,24.06194],[39.38189,24.06799],[39.39127,24.07226],[39.39385,24.07363],[39.39513,24.07448],[39.39743,24.07577],[39.39856,24.0766],[39.39995,24.07793],[39.40097,24.07912],[39.402,24.08175],[39.40259,24.08397],[39.4033,24.08611],[39.40372,24.08795],[39.40366,24.08915],[39.40363,24.13345],[39.4039,24.13743],[39.40384,24.14097],[39.40313,24.14505],[39.40276,24.14596],[39.4013,24.15124],[39.40052,24.15332],[39.3893,24.18086],[39.38848,24.18304],[39.38815,24.18417],[39.38771,24.1858],[39.38749,24.18727],[39.38766,24.1901],[39.38803,24.19238],[39.38876,24.19449],[39.39201,24.19917],[39.39648,24.21321],[39.39928,24.23371],[39.39312,24.24693],[39.39389,24.25012],[39.39503,24.25259],[39.39602,24.25513],[39.39828,24.26056],[39.39756,24.26075],[39.39185,24.26004],[39.38907,24.26227],[39.3822,24.26278],[39.37831,24.26549],[39.37519,24.26868],[39.36926,24.26877],[39.36087,24.26665],[39.35092,24.26746],[39.34423,24.2677],[39.33938,24.27004],[39.33401,24.27357],[39.33129,24.27628],[39.33071,24.27985],[39.33043,24.28024],[39.33085,24.28194],[39.33141,24.28345],[39.33165,24.28435],[39.3318,24.28544],[39.33178,24.29044],[39.33171,24.29118],[39.32422,24.2889],[39.31755,24.28708],[39.31736,24.28787],[39.32223,24.28965],[39.32368,24.29052],[39.32452,24.29149],[39.32536,24.2928],[39.32568,24.29407],[39.32664,24.30053],[39.32247,24.30412],[39.31904,24.3057],[39.3154,24.30698],[39.31541,24.30936],[39.31482,24.31363],[39.31173,24.32071],[39.30762,24.32443],[39.30736,24.33404],[39.30808,24.33874],[39.30796,24.33975],[39.30345,24.34568],[39.2997,24.34915],[39.29393,24.35185],[39.2908,24.35366],[39.28876,24.356],[39.28967,24.36396],[39.28651,24.37342],[39.28853,24.37857],[39.29064,24.38701],[39.28976,24.3945],[39.28719,24.40502],[39.28443,24.41204],[39.28265,24.41819],[39.28341,24.4251],[39.27786,24.43308],[39.2737,24.44113],[39.26918,24.44499],[39.26536,24.44967],[39.25727,24.45893],[39.25172,24.46262],[39.24243,24.4717],[39.23626,24.47425],[39.22867,24.4788],[39.22574,24.48288],[39.2247,24.4883],[39.22507,24.49786],[39.22542,24.50169],[39.22739,24.50532],[39.22578,24.50838],[39.22126,24.51221],[39.21569,24.51668],[39.20899,24.51927],[39.20909,24.5237],[39.20869,24.52896],[39.20399,24.52944],[39.19877,24.52979],[39.19177,24.52971],[39.18433,24.52702],[39.17922,24.52506],[39.17498,24.52298],[39.16966,24.52058],[39.15705,24.51505],[39.15265,24.51286],[39.14566,24.51163],[39.14094,24.51061],[39.13702,24.50943],[39.12568,24.5069],[39.122,24.50592],[39.11215,24.50433],[39.11182,24.50416],[39.08836,24.50244],[39.08458,24.50159],[39.08123,24.50056],[39.07573,24.49917],[39.0715,24.49829],[39.0636,24.49753],[39.05815,24.49667],[39.05153,24.49582],[39.03999,24.49511],[39.03444,24.49465],[39.03019,24.49406],[39.02438,24.49368],[39.02096,24.49301],[39.01595,24.49168],[39.01345,24.49066],[39.01216,24.48996],[39.00803,24.48945],[39.00575,24.48973],[39.00028,24.48834],[38.99348,24.49032],[38.98872,24.49134],[38.98268,24.49317],[38.88994,24.53077],[38.86614,24.49788],[38.86206,24.47437],[38.87249,24.42071],[38.87776,24.39885],[38.88161,24.37035],[38.91675,24.33364],[38.90879,24.31],[39.00208,24.28346],[39.01186,24.29202],[39.01321,24.29022],[39.01667,24.2848],[39.03182,24.25994],[39.03881,24.25007],[39.05628,24.22923],[39.07375,24.2025],[39.08411,24.18166],[39.08681,24.17544],[39.09038,24.1685],[39.0928,24.1626],[39.09538,24.15762],[39.09817,24.15495],[39.1024,24.15325],[39.10743,24.15212],[39.11189,24.15133],[39.12483,24.14835],[39.12876,24.14755],[39.13279,24.1471],[39.13644,24.14703],[39.13994,24.14737],[39.14474,24.14958],[39.14873,24.15154],[39.15235,24.15427],[39.15647,24.15795],[39.16472,24.16624],[39.16931,24.17063],[39.17505,24.17519],[39.18376,24.17839],[39.18962,24.17901],[39.19634,24.1771],[39.20293,24.17489],[39.2094,24.17246],[39.21312,24.1697],[39.21463,24.16712],[39.20686,24.15808],[39.19989,24.15015],[39.19981,24.14585],[39.20085,24.14125],[39.201,24.13554],[39.20277,24.13123],[39.20931,24.12729],[39.20872,24.11104],[39.20938,24.07885],[39.22169,24.06577],[39.22435,24.06134],[39.22629,24.05652],[39.22858,24.05168],[39.23112,24.04688],[39.2331,24.04342],[39.23502,24.03904],[39.2361,24.03635],[39.23767,24.03033],[39.23824,24.02484],[39.23835,24.02109],[39.23824,24.01625],[39.23837,24.01115],[39.23817,24.00688],[39.24057,23.98984],[39.24039,23.97618]],[[39.11249,24.24866],[39.11185,24.24753],[39.11028,24.2477],[39.10914,24.24844],[39.10908,24.2497],[39.10916,24.25065],[39.10951,24.2513],[39.11003,24.25182],[39.11104,24.25134],[39.11177,24.25118],[39.11249,24.24866]],[[39.26037,24.27427],[39.25773,24.27548],[39.25937,24.27967],[39.26398,24.27891],[39.2627,24.27562],[39.26037,24.27427]],[[39.2476,24.28087],[39.24864,24.28288],[39.25161,24.28195],[39.25107,24.28125],[39.25005,24.28119],[39.24934,24.28017],[39.24773,24.27949],[39.24584,24.27901],[39.24557,24.28012],[39.2476,24.28087]],[[39.25839,24.28199],[39.25809,24.28135],[39.25922,24.28079],[39.25886,24.28007],[39.25565,24.28085],[39.25539,24.28009],[39.25315,24.28061],[39.25349,24.28152],[39.25264,24.28182],[39.25329,24.28329],[39.25501,24.28376],[39.25839,24.28199]],[[39.29586,24.29269],[39.29413,24.29269],[39.29421,24.29549],[39.29548,24.29619],[39.29533,24.29739],[39.29623,24.29749],[39.29653,24.29561],[39.29725,24.2955],[39.29734,24.29442],[39.29673,24.29431],[39.2972,24.2914],[39.29815,24.29147],[39.29825,24.29053],[39.29645,24.29005],[39.29586,24.29269]],[[39.29835,24.30168],[39.30023,24.30184],[39.30053,24.30181],[39.29983,24.30023],[39.30003,24.29846],[39.29815,24.29812],[39.29799,24.30087],[39.29835,24.30168]],[[39.29395,24.30299],[39.29442,24.30199],[39.29477,24.30147],[39.29581,24.30096],[39.29529,24.30042],[39.29402,24.30086],[39.29343,24.30264],[39.29395,24.30299]],[[39.29745,24.30476],[39.29672,24.30308],[39.29549,24.30369],[39.29608,24.30522],[39.29745,24.30476]],[[38.94199,24.32229],[38.93967,24.32135],[38.93749,24.32496],[38.93879,24.32577],[38.94084,24.32523],[38.94199,24.32229]],[[39.14776,24.40459],[39.14517,24.40406],[39.14377,24.40393],[39.14369,24.40472],[39.1425,24.40454],[39.14215,24.40616],[39.14437,24.40644],[39.14461,24.40759],[39.14457,24.40868],[39.14517,24.40948],[39.14565,24.40927],[39.14683,24.40741],[39.1475,24.40772],[39.14864,24.40847],[39.15078,24.40912],[39.15199,24.40912],[39.1531,24.40862],[39.15438,24.40751],[39.15375,24.40691],[39.15573,24.40586],[39.15733,24.4038],[39.15734,24.40339],[39.15585,24.40209],[39.15491,24.40217],[39.15384,24.40211],[39.15108,24.40268],[39.15063,24.40327],[39.15078,24.40426],[39.14928,24.40531],[39.14809,24.40651],[39.14732,24.40604],[39.14776,24.40459]],[[39.14317,24.40988],[39.14437,24.40972],[39.14403,24.40893],[39.14285,24.40949],[39.14317,24.40988]],[[39.33729,24.0631],[39.33724,24.06211],[39.33755,24.06199],[39.33784,24.06103],[39.33766,24.05982],[39.33641,24.05804],[39.33579,24.05866],[39.33543,24.05999],[39.33579,24.06133],[39.33492,24.06105],[39.33487,24.06192],[39.33611,24.06229],[39.33624,24.063],[39.33729,24.0631]],[[39.35305,24.08437],[39.35296,24.08463],[39.35434,24.08588],[39.35512,24.08586],[39.3551,24.08516],[39.35468,24.08514],[39.35469,24.08472],[39.35516,24.08476],[39.35499,24.08355],[39.35482,24.08318],[39.35375,24.08331],[39.35373,24.08362],[39.35341,24.08362],[39.35341,24.08338],[39.35275,24.08344],[39.35269,24.08321],[39.35102,24.08374],[39.35072,24.08493],[39.35225,24.08518],[39.35238,24.08432],[39.35305,24.08437]],[[39.39658,24.10395],[39.39694,24.10453],[39.39786,24.10415],[39.39773,24.10397],[39.39714,24.10408],[39.39687,24.1038],[39.39658,24.10395]],[[39.37759,24.10465],[39.37763,24.10517],[39.37796,24.10518],[39.37791,24.10476],[39.37903,24.10522],[39.37932,24.10435],[39.3785,24.10339],[39.37756,24.10326],[39.37759,24.10405],[39.37701,24.10401],[39.37697,24.10459],[39.37759,24.10465]],[[39.37573,24.10428],[39.37401,24.10441],[39.374,24.10505],[39.37577,24.10534],[39.37573,24.10428]],[[39.37239,24.10459],[39.37131,24.10475],[39.37142,24.10533],[39.37251,24.10518],[39.37239,24.10459]],[[39.39982,24.10596],[39.39946,24.10592],[39.39971,24.10521],[39.4002,24.10512],[39.40017,24.10434],[39.39975,24.10411],[39.39881,24.10433],[39.39823,24.10459],[39.39768,24.10519],[39.39751,24.10634],[39.3987,24.10687],[39.39955,24.10682],[39.39982,24.10596]],[[39.37442,24.10634],[39.37409,24.10638],[39.37395,24.10524],[39.3733,24.10515],[39.37294,24.10526],[39.37238,24.10546],[39.37201,24.1059],[39.37103,24.10582],[39.37089,24.10667],[39.37137,24.10751],[39.37087,24.108],[39.37185,24.10879],[39.37375,24.1085],[39.37373,24.10758],[39.3746,24.10753],[39.37442,24.10634]],[[39.39734,24.1073],[39.39762,24.10743],[39.39767,24.1071],[39.39741,24.10695],[39.39734,24.1073]],[[39.30242,24.2936],[39.30136,24.29357],[39.3011,24.29545],[39.30372,24.29581],[39.30401,24.29487],[39.30228,24.29454],[39.30242,24.2936]]]},"properties":{"district_id":"madinah-al-furaysh","name_ar":"الفريش","name_en":"Al Furaysh","city":"madinah","source_codes":["70030076562869448"]}},{"type":"Feature","id":"madinah-al-ghara","geometry":{"type":"Polygon","coordinates":[[[39.68377,24.41183],[39.67331,24.41779],[39.67166,24.41549],[39.66978,24.4134],[39.66764,24.41149],[39.66512,24.40971],[39.6626,24.40831],[39.64406,24.39925],[39.64971,24.3906],[39.6706,24.40017],[39.67369,24.40185],[39.67523,24.40286],[39.67673,24.40397],[39.67928,24.40622],[39.68064,24.40764],[39.68181,24.40904],[39.68377,24.41183]]]},"properties":{"district_id":"madinah-al-ghara","name_ar":"الغـراء","name_en":"Al Ghara","city":"madinah","source_codes":["70030076562869373"]}},{"type":"Feature","id":"madinah-al-hadika","geometry":{"type":"Polygon","coordinates":[[[39.60662,24.40394],[39.61079,24.40595],[39.6147,24.40768],[39.61878,24.40932],[39.62381,24.4111],[39.62262,24.41323],[39.62176,24.41557],[39.62143,24.41662],[39.62052,24.42057],[39.6184,24.42084],[39.6163,24.42133],[39.61461,24.42189],[39.61273,24.42272],[39.61091,24.42376],[39.60931,24.42489],[39.608,24.42602],[39.60654,24.42758],[39.5974,24.42569],[39.59819,24.42259],[39.60662,24.40394]]]},"properties":{"district_id":"madinah-al-hadika","name_ar":"الحديقة","name_en":"Al Hadika","city":"madinah","source_codes":["70030076562869376"]}},{"type":"Feature","id":"madinah-al-hadra","geometry":{"type":"Polygon","coordinates":[[[39.69593,24.40485],[39.69919,24.41503],[39.70093,24.42109],[39.70262,24.42803],[39.70405,24.43523],[39.70516,24.44242],[39.70585,24.44839],[39.70847,24.47575],[39.69794,24.47489],[39.69453,24.43254],[39.69436,24.4311],[39.69402,24.4293],[39.69357,24.42758],[39.69288,24.4256],[39.69214,24.42389],[39.69123,24.42216],[39.68986,24.42002],[39.68377,24.41183],[39.69593,24.40485]]]},"properties":{"district_id":"madinah-al-hadra","name_ar":"الهدراء","name_en":"Al Hadra","city":"madinah","source_codes":["70030076562869421"]}},{"type":"Feature","id":"madinah-al-hafya","geometry":{"type":"Polygon","coordinates":[[[39.5503,24.54209],[39.53943,24.55044],[39.53712,24.55194],[39.53596,24.55248],[39.534,24.55293],[39.53335,24.5532],[39.53244,24.55386],[39.5312,24.55506],[39.52661,24.5501],[39.525,24.54855],[39.52319,24.54718],[39.52222,24.54657],[39.52018,24.54552],[39.5154,24.54373],[39.51339,24.54316],[39.51135,24.5427],[39.50827,24.5423],[39.49506,24.54088],[39.49223,24.54048],[39.48797,24.53954],[39.48348,24.53823],[39.48072,24.53713],[39.47813,24.53574],[39.46567,24.52706],[39.46621,24.52607],[39.46668,24.5249],[39.46704,24.52286],[39.4674,24.52145],[39.46776,24.52057],[39.46848,24.51948],[39.46952,24.51844],[39.47065,24.5177],[39.4717,24.51722],[39.47326,24.51684],[39.47389,24.51677],[39.47636,24.51691],[39.4809,24.51739],[39.48456,24.51751],[39.52919,24.51707],[39.53148,24.51694],[39.5315,24.51686],[39.53175,24.51691],[39.533,24.51676],[39.53533,24.51629],[39.53543,24.51662],[39.53899,24.52331],[39.54166,24.52861],[39.54208,24.52928],[39.54526,24.53598],[39.5465,24.53808],[39.54959,24.54146],[39.5503,24.54209]]]},"properties":{"district_id":"madinah-al-hafya","name_ar":"الحفيا","name_en":"Al Hafya","city":"madinah","source_codes":["70030076562869440"]}},{"type":"Feature","id":"madinah-al-haram-al-sharif","geometry":{"type":"Polygon","coordinates":[[[39.60725,24.4661],[39.60764,24.46535],[39.60797,24.46547],[39.60844,24.46551],[39.61298,24.46548],[39.61326,24.46628],[39.61325,24.46766],[39.61332,24.46786],[39.61372,24.46814],[39.61496,24.46847],[39.61496,24.47157],[39.6137,24.47155],[39.61358,24.47103],[39.60724,24.47105],[39.60725,24.4661]]]},"properties":{"district_id":"madinah-al-haram-al-sharif","name_ar":"الحرم الشريف","name_en":"Al-Haram al-Sharif","city":"madinah","source_codes":["70030076562869451"]}},{"type":"Feature","id":"madinah-al-hisa","geometry":{"type":"Polygon","coordinates":[[[39.52673,24.36223],[39.52845,24.36043],[39.53026,24.35877],[39.53217,24.35722],[39.5342,24.35579],[39.53632,24.35448],[39.53853,24.35331],[39.54082,24.35226],[39.54317,24.35136],[39.54559,24.35059],[39.54806,24.34997],[39.55177,24.34932],[39.55184,24.3506],[39.55209,24.35269],[39.55286,24.35689],[39.5532,24.3593],[39.55343,24.36176],[39.5535,24.36389],[39.55338,24.36652],[39.55303,24.36938],[39.55248,24.37198],[39.5517,24.37465],[39.55005,24.37421],[39.54961,24.37343],[39.54656,24.37114],[39.54312,24.36935],[39.54221,24.36842],[39.54155,24.36799],[39.53368,24.36529],[39.52673,24.36223]]]},"properties":{"district_id":"madinah-al-hisa","name_ar":"الحساء","name_en":"Al Hisa","city":"madinah","source_codes":["70030076562869409"]}},{"type":"Feature","id":"madinah-al-ihn","geometry":{"type":"Polygon","coordinates":[[[39.65219,24.42986],[39.63896,24.43744],[39.63471,24.43966],[39.63417,24.44007],[39.6336,24.44074],[39.63289,24.44225],[39.63088,24.4416],[39.62951,24.44131],[39.62773,24.44109],[39.62573,24.44104],[39.62643,24.43964],[39.62725,24.43846],[39.62797,24.43773],[39.63032,24.43579],[39.63079,24.43528],[39.63114,24.4347],[39.63136,24.43407],[39.6345,24.4223],[39.64115,24.42351],[39.64295,24.42401],[39.64475,24.42471],[39.64645,24.42556],[39.64814,24.42661],[39.64936,24.42751],[39.65219,24.42986]]]},"properties":{"district_id":"madinah-al-ihn","name_ar":"العهن","name_en":"Al Ihn","city":"madinah","source_codes":["70030076562869394"]}},{"type":"Feature","id":"madinah-al-jabirah","geometry":{"type":"Polygon","coordinates":[[[39.59378,24.39108],[39.59133,24.40302],[39.58843,24.40962],[39.58839,24.41019],[39.58885,24.41388],[39.58883,24.41579],[39.58866,24.41674],[39.58647,24.42073],[39.58576,24.42164],[39.58493,24.42313],[39.57639,24.42136],[39.57677,24.41983],[39.577,24.41978],[39.57661,24.41819],[39.57563,24.41641],[39.5751,24.41425],[39.57611,24.41416],[39.577,24.41396],[39.57789,24.41364],[39.57886,24.41311],[39.5796,24.41255],[39.58032,24.41181],[39.58078,24.41118],[39.58127,24.41016],[39.58168,24.40881],[39.58186,24.40718],[39.58168,24.4055],[39.58102,24.40346],[39.5808,24.40231],[39.58082,24.40123],[39.58125,24.39924],[39.58336,24.39663],[39.58432,24.39576],[39.58543,24.39495],[39.5877,24.39367],[39.58967,24.39268],[39.59378,24.39108]]]},"properties":{"district_id":"madinah-al-jabirah","name_ar":"الجابرة","name_en":"Al Jabirah","city":"madinah","source_codes":["70030076562869382"]}},{"type":"Feature","id":"madinah-al-jamawat","geometry":{"type":"Polygon","coordinates":[[[39.57372,24.44713],[39.57565,24.44848],[39.57994,24.45096],[39.57975,24.45147],[39.57893,24.45273],[39.57844,24.45372],[39.57791,24.45525],[39.57707,24.45818],[39.57711,24.45973],[39.57806,24.46449],[39.57813,24.46533],[39.57809,24.46715],[39.57445,24.46717],[39.57301,24.46733],[39.54917,24.47256],[39.54579,24.45995],[39.54675,24.45947],[39.54745,24.4587],[39.54767,24.45825],[39.54854,24.45533],[39.5489,24.45437],[39.54968,24.45302],[39.55034,24.4522],[39.55154,24.45114],[39.55245,24.45055],[39.55394,24.44987],[39.555,24.44957],[39.55665,24.44935],[39.55832,24.44942],[39.55994,24.44976],[39.56184,24.45048],[39.56237,24.45057],[39.56309,24.45054],[39.56394,24.45029],[39.56568,24.44939],[39.5665,24.44907],[39.56735,24.44884],[39.57133,24.44818],[39.5726,24.44774],[39.57372,24.44713]]]},"properties":{"district_id":"madinah-al-jamawat","name_ar":"الجماوات","name_en":"Al Jamawat","city":"madinah","source_codes":["70030076562869403"]}},{"type":"Feature","id":"madinah-al-jamiah","geometry":{"type":"Polygon","coordinates":[[[39.54917,24.47256],[39.57301,24.46733],[39.57445,24.46717],[39.57809,24.46715],[39.578,24.46817],[39.57765,24.46918],[39.57718,24.46993],[39.5752,24.47262],[39.57411,24.47372],[39.5709,24.476],[39.57052,24.47645],[39.56855,24.48142],[39.56857,24.48192],[39.57231,24.48873],[39.55642,24.50001],[39.55503,24.49504],[39.55222,24.48398],[39.54917,24.47256]]]},"properties":{"district_id":"madinah-al-jamiah","name_ar":"الجـامـعة","name_en":"Al Jamiah","city":"madinah","source_codes":["70030076562869407"]}},{"type":"Feature","id":"madinah-al-jassah","geometry":{"type":"Polygon","coordinates":[[[39.59835,24.3702],[39.60407,24.3455],[39.60647,24.34589],[39.61126,24.34696],[39.6302,24.35176],[39.61902,24.37654],[39.61695,24.37567],[39.60466,24.37091],[39.60318,24.37053],[39.60157,24.37029],[39.59835,24.3702]]]},"properties":{"district_id":"madinah-al-jassah","name_ar":"الجصـة","name_en":"Al Jassah","city":"madinah","source_codes":["70030076562869380"]}},{"type":"Feature","id":"madinah-al-jumaa","geometry":{"type":"Polygon","coordinates":[[[39.62573,24.44104],[39.62372,24.44514],[39.62238,24.44764],[39.61977,24.45284],[39.61935,24.45355],[39.61884,24.4542],[39.61824,24.45479],[39.61757,24.4553],[39.61154,24.45929],[39.6111,24.45988],[39.61083,24.46112],[39.60998,24.46234],[39.60721,24.46238],[39.60785,24.46119],[39.61323,24.44827],[39.61595,24.44195],[39.61603,24.44137],[39.61596,24.4406],[39.61606,24.43992],[39.62126,24.44098],[39.62244,24.44105],[39.62573,24.44104]]]},"properties":{"district_id":"madinah-al-jumaa","name_ar":"الجمعة","name_en":"Al Jumaa","city":"madinah","source_codes":["70030076562869364"]}},{"type":"Feature","id":"madinah-al-khadra","geometry":{"type":"Polygon","coordinates":[[[39.68187,24.5726],[39.69077,24.55832],[39.69117,24.55752],[39.69146,24.55636],[39.6913,24.53442],[39.6875,24.53042],[39.68623,24.52934],[39.69247,24.53058],[39.70896,24.53342],[39.71212,24.53432],[39.71432,24.53531],[39.72294,24.54127],[39.73253,24.54724],[39.73762,24.54937],[39.74085,24.55049],[39.74825,24.55334],[39.7506,24.55463],[39.7524,24.55594],[39.75387,24.55726],[39.77591,24.57746],[39.77662,24.57803],[39.77849,24.57923],[39.78065,24.58033],[39.78238,24.58097],[39.78426,24.58149],[39.80019,24.58496],[39.80261,24.58539],[39.80221,24.58594],[39.80117,24.59148],[39.80067,24.59249],[39.80012,24.59316],[39.79918,24.59388],[39.79837,24.59426],[39.7915,24.59624],[39.78906,24.59665],[39.78575,24.59675],[39.78136,24.59652],[39.77649,24.59613],[39.77275,24.59541],[39.76837,24.59432],[39.76326,24.5938],[39.76229,24.59436],[39.76091,24.59451],[39.76017,24.59439],[39.75847,24.59394],[39.75792,24.59406],[39.75595,24.59368],[39.75523,24.59386],[39.7547,24.5938],[39.75403,24.59287],[39.75275,24.59129],[39.75203,24.59058],[39.75132,24.58963],[39.75017,24.58882],[39.74904,24.58832],[39.7484,24.58782],[39.74338,24.58534],[39.74253,24.58502],[39.74132,24.58495],[39.7399,24.58426],[39.7392,24.5837],[39.7372,24.58293],[39.7365,24.58288],[39.73578,24.58302],[39.73523,24.58292],[39.72783,24.57949],[39.72604,24.57885],[39.72496,24.57878],[39.72328,24.57883],[39.72016,24.57795],[39.71793,24.57748],[39.71488,24.5772],[39.71352,24.57684],[39.68544,24.57346],[39.68187,24.5726]]]},"properties":{"district_id":"madinah-al-khadra","name_ar":"حى الخضراء","name_en":"Al Khadra","city":"madinah","source_codes":["70030076562863369"]}},{"type":"Feature","id":"madinah-al-khalidiyah","geometry":{"type":"Polygon","coordinates":[[[39.66802,24.45134],[39.6681,24.45328],[39.66798,24.45545],[39.66768,24.45733],[39.66717,24.45935],[39.6663,24.46176],[39.66395,24.46771],[39.66289,24.46984],[39.66157,24.47198],[39.64919,24.47098],[39.65008,24.46853],[39.65099,24.46513],[39.65134,24.46418],[39.65939,24.44864],[39.66802,24.45134]]]},"properties":{"district_id":"madinah-al-khalidiyah","name_ar":"الخالدية","name_en":"Al Khalidiyah","city":"madinah","source_codes":["70030076562869357"]}},{"type":"Feature","id":"madinah-al-khatim","geometry":{"type":"Polygon","coordinates":[[[39.62052,24.42057],[39.62292,24.42051],[39.62498,24.42069],[39.6345,24.4223],[39.63136,24.43407],[39.63114,24.4347],[39.63079,24.43528],[39.63032,24.43579],[39.62797,24.43773],[39.62725,24.43846],[39.62643,24.43964],[39.62573,24.44104],[39.62244,24.44105],[39.62126,24.44098],[39.61606,24.43992],[39.61631,24.43895],[39.61713,24.43702],[39.61746,24.43512],[39.61953,24.42589],[39.62052,24.42057]]]},"properties":{"district_id":"madinah-al-khatim","name_ar":"الخاتم","name_en":"Al Khatim","city":"madinah","source_codes":["70030076562869371"]}},{"type":"Feature","id":"madinah-al-mabooth","geometry":{"type":"Polygon","coordinates":[[[39.69794,24.47489],[39.69803,24.47661],[39.69778,24.47779],[39.69009,24.494],[39.6809,24.49035],[39.68,24.4902],[39.67932,24.49029],[39.67795,24.49067],[39.67839,24.49207],[39.67078,24.49412],[39.66948,24.49004],[39.66816,24.49031],[39.66703,24.49028],[39.66594,24.49],[39.66475,24.48932],[39.6593,24.48441],[39.65866,24.48358],[39.65776,24.48175],[39.65712,24.4809],[39.65604,24.47996],[39.65507,24.47943],[39.6597,24.47438],[39.66157,24.47198],[39.69794,24.47489]]]},"properties":{"district_id":"madinah-al-mabooth","name_ar":"المبعوث","name_en":"Al Mabooth","city":"madinah","source_codes":["70030076562869361"]}},{"type":"Feature","id":"madinah-al-mafrahat","geometry":{"type":"Polygon","coordinates":[[[39.48442,24.35767],[39.48351,24.3587],[39.47844,24.3631],[39.4773,24.36428],[39.47503,24.36762],[39.47178,24.37504],[39.46894,24.37366],[39.46738,24.37311],[39.46511,24.37262],[39.4605,24.37189],[39.45966,24.3717],[39.45842,24.37127],[39.45718,24.37066],[39.45556,24.36959],[39.45128,24.36574],[39.44931,24.36408],[39.44803,24.36312],[39.4467,24.36232],[39.44512,24.36167],[39.44337,24.36116],[39.44261,24.36086],[39.43963,24.35906],[39.43836,24.3587],[39.43626,24.35833],[39.43506,24.35789],[39.43098,24.35519],[39.42734,24.35339],[39.42678,24.35318],[39.42614,24.35301],[39.42488,24.35302],[39.42276,24.35346],[39.42156,24.35353],[39.42057,24.3534],[39.41903,24.35294],[39.41746,24.3522],[39.40789,24.34715],[39.39562,24.33987],[39.39399,24.33877],[39.39317,24.33797],[39.39256,24.33702],[39.39052,24.33323],[39.38681,24.3274],[39.38619,24.32676],[39.38489,24.32587],[39.38376,24.32546],[39.38245,24.32511],[39.3681,24.32174],[39.36363,24.32026],[39.35895,24.31853],[39.35748,24.31821],[39.35545,24.31821],[39.35417,24.31836],[39.3505,24.31944],[39.34909,24.31971],[39.34768,24.31972],[39.34689,24.31963],[39.3453,24.31913],[39.34436,24.31875],[39.34103,24.31712],[39.33521,24.31405],[39.33377,24.31315],[39.33244,24.3122],[39.33116,24.31117],[39.32992,24.31004],[39.32882,24.30876],[39.32818,24.30762],[39.32773,24.3066],[39.32735,24.30517],[39.32568,24.29407],[39.32536,24.2928],[39.32452,24.29149],[39.32368,24.29052],[39.32223,24.28965],[39.31736,24.28787],[39.31755,24.28708],[39.32422,24.2889],[39.3282,24.29007],[39.33171,24.29118],[39.33625,24.29283],[39.3438,24.29586],[39.34611,24.29669],[39.35329,24.29954],[39.3574,24.30141],[39.35924,24.30237],[39.36004,24.30268],[39.36099,24.30292],[39.3622,24.30315],[39.36386,24.30326],[39.36629,24.30295],[39.36838,24.30246],[39.37227,24.3019],[39.37679,24.30158],[39.38715,24.30122],[39.39059,24.30117],[39.39418,24.30151],[39.3969,24.30217],[39.39934,24.30288],[39.40168,24.30387],[39.40453,24.30544],[39.40808,24.30758],[39.41281,24.31028],[39.41616,24.31199],[39.41863,24.31309],[39.42238,24.31443],[39.42551,24.31536],[39.42869,24.31611],[39.43191,24.31669],[39.43452,24.31702],[39.43714,24.31723],[39.45442,24.31825],[39.45673,24.31847],[39.45903,24.31883],[39.46129,24.31934],[39.46317,24.31988],[39.46501,24.32053],[39.46681,24.32127],[39.46855,24.32211],[39.47024,24.32305],[39.47186,24.32408],[39.47341,24.32519],[39.47489,24.32638],[39.47629,24.32766],[39.4776,24.32901],[39.47869,24.33027],[39.48535,24.33838],[39.4875,24.34084],[39.48982,24.34316],[39.49218,24.34526],[39.49331,24.34614],[39.49234,24.34718],[39.48442,24.35767]]]},"properties":{"district_id":"madinah-al-mafrahat","name_ar":"حى المفرحات","name_en":"Al Mafrahat","city":"madinah","source_codes":["70030076562869433"]}},{"type":"Feature","id":"madinah-al-manakhah","geometry":{"type":"Polygon","coordinates":[[[39.60225,24.46738],[39.60721,24.46736],[39.60723,24.47089],[39.6061,24.47094],[39.60586,24.47105],[39.60573,24.47129],[39.60519,24.47376],[39.60454,24.47339],[39.60398,24.47287],[39.60315,24.47142],[39.60265,24.47008],[39.60248,24.46939],[39.60225,24.46738]]]},"properties":{"district_id":"madinah-al-manakhah","name_ar":"المناخة","name_en":"Al Manakhah","city":"madinah","source_codes":["70030076562869368"]}},{"type":"Feature","id":"madinah-al-masani","geometry":{"type":"Polygon","coordinates":[[[39.61391,24.47367],[39.61433,24.47594],[39.61576,24.48565],[39.61172,24.48557],[39.60302,24.48583],[39.60322,24.48321],[39.60383,24.48074],[39.60405,24.47949],[39.60518,24.4752],[39.60546,24.47386],[39.60617,24.47401],[39.60782,24.47419],[39.61069,24.47421],[39.61225,24.47405],[39.61391,24.47367]]]},"properties":{"district_id":"madinah-al-masani","name_ar":"المصانع","name_en":"Al Masani","city":"madinah","source_codes":["70030076562869388"]}},{"type":"Feature","id":"madinah-al-muaqad","geometry":{"type":"Polygon","coordinates":[[[39.15503,24.8353],[39.15609,24.83335],[39.15539,24.83201],[39.15444,24.83111],[39.15337,24.83295],[39.15086,24.83194],[39.15357,24.82801],[39.15416,24.8283],[39.15382,24.82914],[39.15535,24.82969],[39.15695,24.83038],[39.15728,24.82953],[39.16181,24.83098],[39.16055,24.83373],[39.15891,24.83305],[39.15803,24.83474],[39.15725,24.83447],[39.15668,24.83599],[39.15503,24.8353]]]},"properties":{"district_id":"madinah-al-muaqad","name_ar":"المعقد","name_en":"Al Muaqad","city":"madinah","source_codes":["70030076562645574"]}},{"type":"Feature","id":"madinah-al-mudaibiaat","geometry":{"type":"Polygon","coordinates":[[[40.15758,24.73223],[40.15798,24.7333],[40.14919,24.73474],[40.14892,24.73312],[40.15036,24.73025],[40.15225,24.72804],[40.15182,24.72643],[40.14865,24.72758],[40.14739,24.72546],[40.14813,24.72289],[40.14658,24.72225],[40.14357,24.72313],[40.14323,24.72339],[40.14304,24.72377],[40.14359,24.72505],[40.1441,24.72539],[40.14479,24.726],[40.14485,24.72657],[40.14391,24.72728],[40.14214,24.72733],[40.1416,24.72465],[40.14125,24.72385],[40.1408,24.7232],[40.13839,24.72189],[40.1372,24.72156],[40.1364,24.72114],[40.13589,24.72034],[40.13536,24.71975],[40.13447,24.71894],[40.13551,24.71665],[40.13392,24.71513],[40.12888,24.71523],[40.12817,24.71508],[40.12721,24.71803],[40.11822,24.7157],[40.11936,24.71051],[40.11951,24.70823],[40.11813,24.70666],[40.1177,24.70595],[40.11765,24.70433],[40.11798,24.70257],[40.11851,24.70133],[40.12008,24.69947],[40.12131,24.69852],[40.11946,24.69709],[40.12074,24.69495],[40.11957,24.69402],[40.1181,24.69313],[40.11673,24.69253],[40.11508,24.69205],[40.1156,24.69019],[40.11658,24.68897],[40.11765,24.68784],[40.11882,24.6868],[40.12323,24.68364],[40.1236,24.68321],[40.12387,24.68272],[40.12412,24.68168],[40.13588,24.68681],[40.14882,24.69267],[40.14625,24.69619],[40.14796,24.69781],[40.14487,24.70352],[40.14773,24.70518],[40.14849,24.70571],[40.14949,24.70666],[40.15248,24.70847],[40.15772,24.71266],[40.15915,24.71351],[40.16048,24.71566],[40.16313,24.71463],[40.1669,24.70985],[40.16715,24.7083],[40.16826,24.70717],[40.16898,24.70824],[40.17219,24.70714],[40.17469,24.7106],[40.17294,24.71085],[40.17138,24.7109],[40.16805,24.71399],[40.16089,24.71996],[40.16276,24.72151],[40.1595,24.7251],[40.16064,24.72606],[40.16241,24.72702],[40.16502,24.72761],[40.16462,24.72875],[40.16213,24.72815],[40.16285,24.73059],[40.16416,24.73042],[40.16491,24.73112],[40.16416,24.73186],[40.16421,24.73325],[40.16257,24.73337],[40.16073,24.73287],[40.16129,24.73208],[40.16075,24.73174],[40.15758,24.73223]]]},"properties":{"district_id":"madinah-al-mudaibiaat","name_ar":"المضيبيعات","name_en":"Al Mudaibiaat","city":"madinah","source_codes":["70030076562744238"]}},{"type":"Feature","id":"madinah-al-mughaisilah","geometry":{"type":"Polygon","coordinates":[[[39.60202,24.44947],[39.60345,24.4502],[39.6038,24.45029],[39.60629,24.44999],[39.60673,24.45004],[39.60893,24.45154],[39.61148,24.45251],[39.60785,24.46119],[39.60721,24.46238],[39.60563,24.46247],[39.6048,24.46263],[39.60402,24.46297],[39.60321,24.46363],[39.60209,24.46277],[39.60191,24.46171],[39.59995,24.46024],[39.59671,24.45731],[39.60202,24.44947]]]},"properties":{"district_id":"madinah-al-mughaisilah","name_ar":"المغيسلة","name_en":"Al Mughaisilah","city":"madinah","source_codes":["70030076562869365"]}},{"type":"Feature","id":"madinah-al-mulaylih","geometry":{"type":"MultiPolygon","coordinates":[[[[38.78362,24.77106],[38.78366,24.77104],[38.78364,24.77107],[38.78362,24.77106]]],[[[38.98411,24.78276],[38.93286,24.77606],[38.85782,24.76263],[38.85691,24.76274],[38.85632,24.76263],[38.81007,24.76787],[38.79909,24.76971],[38.78366,24.77104],[38.7822,24.75864],[38.78343,24.75419],[38.7852,24.74654],[38.78733,24.74082],[38.79029,24.73638],[38.79532,24.73112],[38.80014,24.72585],[38.80412,24.72028],[38.80919,24.71245],[38.81397,24.70348],[38.82035,24.69073],[38.82211,24.6867],[38.82529,24.67908],[38.83137,24.66202],[38.8332,24.65314],[38.83347,24.64727],[38.83597,24.63058],[38.84297,24.5814],[38.84832,24.58198],[38.8546,24.58317],[38.86022,24.58536],[38.86609,24.58895],[38.87867,24.59795],[38.88869,24.60842],[38.89368,24.61857],[38.89646,24.62921],[38.89884,24.63532],[38.90463,24.6415],[38.91042,24.64447],[38.91565,24.64653],[38.92235,24.64812],[38.92737,24.64978],[38.93415,24.65307],[39.09377,24.65612],[39.21517,24.69546],[39.22379,24.69839],[39.24029,24.72453],[39.25264,24.72972],[39.27624,24.73851],[39.28346,24.73841],[39.28911,24.74041],[39.31613,24.75265],[39.3275,24.75429],[39.34089,24.75175],[39.35166,24.75137],[39.39336,24.7502],[39.40896,24.74952],[39.44238,24.74927],[39.45131,24.74745],[39.45942,24.74361],[39.46637,24.7382],[39.46919,24.73554],[39.47462,24.7353],[39.47988,24.73528],[39.48867,24.73563],[39.50852,24.73956],[39.5163,24.74018],[39.52385,24.74039],[39.53231,24.74031],[39.53673,24.73961],[39.54036,24.74313],[39.54086,24.74344],[39.5429,24.74532],[39.54929,24.74777],[39.55331,24.75031],[39.55678,24.75294],[39.55596,24.75343],[39.55441,24.7549],[39.55301,24.75648],[39.55071,24.75942],[39.54986,24.76086],[39.54676,24.76658],[39.54662,24.76712],[39.54664,24.76787],[39.54735,24.77821],[39.5455,24.79318],[39.54514,24.80403],[39.54456,24.80857],[39.54424,24.80936],[39.54133,24.81221],[39.54087,24.81278],[39.53471,24.82209],[39.53388,24.82343],[39.53293,24.82557],[39.53304,24.8259],[39.53497,24.82876],[39.53715,24.83117],[39.53733,24.83164],[39.53747,24.83287],[39.53707,24.83361],[39.5348,24.83696],[39.53382,24.83861],[39.52939,24.84684],[39.52716,24.85153],[39.52704,24.85217],[39.52705,24.85288],[39.52741,24.85379],[39.52926,24.85713],[39.52941,24.85774],[39.52936,24.85834],[39.52862,24.86017],[39.52781,24.86077],[39.52018,24.86448],[39.51913,24.8651],[39.5166,24.86678],[39.51444,24.86771],[39.51094,24.86898],[39.51025,24.86936],[39.50993,24.86967],[39.50675,24.87663],[39.50664,24.877],[39.50658,24.87799],[39.50642,24.87857],[39.50541,24.88126],[39.50508,24.88183],[39.50202,24.88599],[39.50067,24.88758],[39.47308,24.91681],[39.4609,24.92854],[39.45917,24.93016],[39.45755,24.93133],[39.45371,24.93347],[39.4472,24.93589],[39.44207,24.93747],[39.4414,24.93776],[39.43619,24.94118],[39.42152,24.94755],[39.41496,24.95071],[39.41373,24.95099],[39.41058,24.95101],[39.41002,24.95092],[39.40736,24.95007],[39.40699,24.95008],[39.39206,24.95315],[39.3908,24.95368],[39.38912,24.95482],[39.3821,24.9581],[39.37509,24.96279],[39.367,24.96632],[39.36612,24.96709],[39.36128,24.97315],[39.36059,24.97302],[39.36027,24.97341],[39.35793,24.97629],[39.34873,24.98827],[39.34807,24.98888],[39.3464,24.99007],[39.34437,24.99078],[39.34287,24.99064],[39.34238,24.99083],[39.33801,24.99349],[39.32993,24.99904],[39.32634,25.00098],[39.32571,25.00122],[39.31831,25.00318],[39.31349,25.00419],[39.31262,25.00417],[39.31153,25.00396],[39.31059,25.0036],[39.30931,25.00283],[39.30791,25.0018],[39.30337,25.00729],[39.30285,25.00813],[39.30254,25.0093],[39.30266,25.01059],[39.30313,25.01226],[39.30421,25.01361],[39.30497,25.01421],[39.29893,25.0139],[39.29285,25.01344],[39.28111,25.01389],[39.28538,25.03066],[39.28949,25.04725],[39.28847,25.05202],[39.28584,25.05824],[39.28318,25.06342],[39.27913,25.06886],[39.27726,25.07451],[39.27505,25.07887],[39.27173,25.08327],[39.2679,25.08706],[39.26114,25.09255],[39.25577,25.09635],[39.25201,25.10103],[39.24398,25.11544],[39.24245,25.11654],[39.23367,25.12707],[39.22309,25.13513],[39.19149,25.15031],[39.1658,25.16121],[39.11662,25.1724],[39.11169,25.17461],[39.10884,25.12031],[39.10147,25.08773],[39.0932,25.06768],[39.08309,25.04095],[39.0722,25.02155],[39.04759,25.00845],[39.04051,24.99887],[39.03354,24.98581],[39.03141,24.9723],[39.02895,24.93233],[39.02854,24.92257],[39.02863,24.91552],[39.03443,24.89556],[39.0415,24.86339],[39.04356,24.85489],[39.04386,24.85151],[39.04358,24.84542],[39.0407,24.83747],[39.03765,24.83174],[39.03561,24.82857],[39.03006,24.81869],[39.0282,24.81632],[39.02754,24.81394],[39.02671,24.81162],[39.02572,24.80936],[39.02458,24.80718],[39.02329,24.80508],[39.02186,24.80307],[39.01946,24.80026],[39.01724,24.79812],[39.0161,24.79613],[39.00833,24.7895],[39.00504,24.78726],[38.99847,24.78448],[38.98411,24.78276]],[[38.86109,24.69168],[38.86178,24.69842],[38.87083,24.69749],[38.87013,24.69075],[38.86109,24.69168]],[[38.87331,24.71892],[38.87309,24.71863],[38.8735,24.71768],[38.87362,24.71705],[38.87154,24.71596],[38.8714,24.71615],[38.87089,24.71595],[38.87083,24.71618],[38.87227,24.71883],[38.87279,24.71938],[38.87331,24.71892]],[[39.21203,24.73427],[39.21097,24.73306],[39.20602,24.72886],[39.20485,24.73103],[39.2066,24.73229],[39.2061,24.7329],[39.20986,24.73594],[39.21203,24.73427]],[[38.95344,24.74665],[38.96746,24.74676],[38.96758,24.73117],[38.95356,24.73106],[38.95344,24.74665]],[[39.15337,24.83295],[39.15444,24.83111],[39.15539,24.83201],[39.15609,24.83335],[39.15503,24.8353],[39.15668,24.83599],[39.15725,24.83447],[39.15803,24.83474],[39.15891,24.83305],[39.16055,24.83373],[39.16181,24.83098],[39.15728,24.82953],[39.15695,24.83038],[39.15535,24.82969],[39.15382,24.82914],[39.15416,24.8283],[39.15357,24.82801],[39.15086,24.83194],[39.15337,24.83295]],[[39.16023,24.85355],[39.16281,24.85316],[39.16313,24.85193],[39.16401,24.85205],[39.16355,24.85475],[39.16303,24.85473],[39.1625,24.85744],[39.16507,24.85783],[39.16494,24.86037],[39.16664,24.86063],[39.16845,24.8583],[39.1678,24.85592],[39.16701,24.85596],[39.16625,24.85523],[39.16634,24.85317],[39.16715,24.85312],[39.16681,24.85205],[39.1663,24.85196],[39.16611,24.85237],[39.16521,24.8521],[39.1653,24.85116],[39.16003,24.84995],[39.16017,24.85229],[39.15972,24.85267],[39.16023,24.85355]]]]},"properties":{"district_id":"madinah-al-mulaylih","name_ar":"المليليح","name_en":"Al Mulaylih","city":"madinah","source_codes":["70030076562869446"]}},{"type":"Feature","id":"madinah-al-mundasa","geometry":{"type":"Polygon","coordinates":[[[39.38846,24.74119],[39.39336,24.7502],[39.35166,24.75137],[39.34089,24.75175],[39.3275,24.75429],[39.31613,24.75265],[39.28911,24.74041],[39.28346,24.73841],[39.27624,24.73851],[39.25264,24.72972],[39.24029,24.72453],[39.22379,24.69839],[39.21517,24.69546],[39.09377,24.65612],[38.93415,24.65307],[38.92737,24.64978],[38.92235,24.64812],[38.91565,24.64653],[38.91042,24.64447],[38.90463,24.6415],[38.89884,24.63532],[38.89646,24.62921],[38.89368,24.61857],[38.88869,24.60842],[38.87867,24.59795],[38.86609,24.58895],[38.86022,24.58536],[38.8546,24.58317],[38.84832,24.58198],[38.84297,24.5814],[38.84597,24.57087],[38.84879,24.56342],[38.85553,24.54666],[38.88994,24.53077],[38.98268,24.49317],[38.98872,24.49134],[38.99348,24.49032],[39.00028,24.48834],[39.00575,24.48973],[39.00803,24.48945],[39.01216,24.48996],[39.01345,24.49066],[39.01595,24.49168],[39.02096,24.49301],[39.02438,24.49368],[39.03019,24.49406],[39.03444,24.49465],[39.03999,24.49511],[39.05153,24.49582],[39.05815,24.49667],[39.0636,24.49753],[39.0715,24.49829],[39.07573,24.49917],[39.08123,24.50056],[39.08458,24.50159],[39.08836,24.50244],[39.11182,24.50416],[39.11215,24.50433],[39.122,24.50592],[39.12568,24.5069],[39.13702,24.50943],[39.14094,24.51061],[39.14566,24.51163],[39.15265,24.51286],[39.15705,24.51505],[39.16966,24.52058],[39.17498,24.52298],[39.17922,24.52506],[39.18433,24.52702],[39.19177,24.52971],[39.19877,24.52979],[39.20399,24.52944],[39.20847,24.529],[39.21392,24.52812],[39.21913,24.52711],[39.22377,24.52581],[39.22851,24.52488],[39.2339,24.52395],[39.24125,24.52246],[39.25033,24.52245],[39.25365,24.52217],[39.26618,24.51963],[39.27921,24.51659],[39.30196,24.51264],[39.32411,24.51091],[39.34455,24.51221],[39.34965,24.50864],[39.35702,24.5059],[39.36926,24.50504],[39.38087,24.50539],[39.3942,24.50888],[39.40028,24.51094],[39.40684,24.51199],[39.41291,24.51399],[39.41936,24.52131],[39.42511,24.52488],[39.44194,24.53196],[39.44637,24.53397],[39.45433,24.53987],[39.45231,24.5422],[39.4446,24.55188],[39.43928,24.55982],[39.43544,24.56519],[39.43458,24.56665],[39.43338,24.56934],[39.43297,24.57071],[39.43265,24.5728],[39.43206,24.57532],[39.43155,24.57692],[39.43052,24.57953],[39.427,24.586],[39.42611,24.58731],[39.42436,24.58924],[39.42597,24.59026],[39.42872,24.59385],[39.43067,24.59557],[39.43432,24.59726],[39.43596,24.59788],[39.44074,24.60069],[39.44164,24.60132],[39.44189,24.60164],[39.44185,24.60287],[39.4425,24.60432],[39.4433,24.60532],[39.44488,24.60697],[39.4474,24.60919],[39.44873,24.61046],[39.44997,24.61214],[39.45079,24.61357],[39.45125,24.61621],[39.4523,24.61944],[39.45419,24.62334],[39.45611,24.62863],[39.45692,24.63047],[39.45816,24.63271],[39.45922,24.63442],[39.46007,24.6351],[39.46103,24.63501],[39.46749,24.63392],[39.47027,24.63359],[39.47389,24.63337],[39.47666,24.63342],[39.47789,24.63354],[39.48047,24.63408],[39.48157,24.63458],[39.49213,24.63203],[39.49326,24.63182],[39.49356,24.63398],[39.49463,24.63996],[39.49577,24.64462],[39.49317,24.64554],[39.49137,24.64647],[39.49058,24.64718],[39.48203,24.65565],[39.47964,24.6582],[39.4777,24.66136],[39.47419,24.66741],[39.47355,24.66865],[39.47255,24.6713],[39.46418,24.66901],[39.45837,24.66837],[39.45088,24.66922],[39.43908,24.67108],[39.4359,24.67045],[39.42738,24.6734],[39.42145,24.67773],[39.40361,24.68594],[39.39558,24.69399],[39.38906,24.70132],[39.37963,24.70998],[39.38068,24.71927],[39.38846,24.74119]]]},"properties":{"district_id":"madinah-al-mundasa","name_ar":"المندسة","name_en":"Al Mundasa","city":"madinah","source_codes":["70030076562869447"]}},{"type":"Feature","id":"madinah-al-muzayiyn","geometry":{"type":"Polygon","coordinates":[[[39.61427,24.30376],[39.62189,24.31108],[39.62844,24.31586],[39.63157,24.31778],[39.63756,24.3206],[39.64564,24.32342],[39.65474,24.32586],[39.66295,24.32835],[39.66839,24.33072],[39.67681,24.33533],[39.68216,24.33951],[39.67502,24.3497],[39.67333,24.35236],[39.67189,24.3543],[39.6698,24.35674],[39.66756,24.35898],[39.66248,24.36449],[39.65736,24.36159],[39.65189,24.35892],[39.64624,24.35657],[39.64045,24.35455],[39.63453,24.35286],[39.61126,24.34696],[39.60647,24.34589],[39.60407,24.3455],[39.60512,24.34117],[39.60557,24.3385],[39.60662,24.33444],[39.6073,24.33141],[39.6075,24.32909],[39.60731,24.32492],[39.60691,24.32149],[39.60685,24.31878],[39.60756,24.31523],[39.60798,24.31358],[39.60883,24.31161],[39.61032,24.30877],[39.61427,24.30376]]]},"properties":{"district_id":"madinah-al-muzayiyn","name_ar":"المزيين","name_en":"Al Muzayiyn","city":"madinah","source_codes":["70030076562869387"]}},{"type":"Feature","id":"madinah-al-nakheel","geometry":{"type":"Polygon","coordinates":[[[39.56623,24.51207],[39.56303,24.51453],[39.56238,24.51485],[39.5618,24.51497],[39.55956,24.51506],[39.55913,24.51501],[39.55791,24.51461],[39.56167,24.5179],[39.56182,24.51814],[39.56182,24.51838],[39.5615,24.51917],[39.56141,24.51996],[39.56057,24.52073],[39.56007,24.52169],[39.56003,24.52203],[39.56013,24.52246],[39.55902,24.52304],[39.5587,24.52307],[39.55839,24.52298],[39.55813,24.52273],[39.55759,24.52171],[39.55751,24.52005],[39.55731,24.51999],[39.55586,24.51999],[39.55574,24.52009],[39.55579,24.52521],[39.56211,24.52753],[39.56179,24.52794],[39.56167,24.52835],[39.56178,24.53062],[39.56363,24.53975],[39.56481,24.54644],[39.56386,24.54645],[39.56318,24.54676],[39.56149,24.54893],[39.56032,24.54822],[39.55662,24.54642],[39.55413,24.54499],[39.5516,24.54324],[39.54959,24.54146],[39.5465,24.53808],[39.54526,24.53598],[39.54208,24.52928],[39.54166,24.52861],[39.53899,24.52331],[39.53543,24.51662],[39.53533,24.51629],[39.53813,24.51531],[39.54065,24.51418],[39.54256,24.51314],[39.54487,24.51156],[39.54634,24.51033],[39.54757,24.50913],[39.55199,24.50397],[39.55349,24.50238],[39.55513,24.50096],[39.55642,24.50001],[39.55793,24.50299],[39.55864,24.50409],[39.55961,24.50533],[39.56111,24.50702],[39.5651,24.51079],[39.56623,24.51207]]]},"properties":{"district_id":"madinah-al-nakheel","name_ar":"النخيل","name_en":"Al Nakheel","city":"madinah","source_codes":["70030076562869441"]}},{"type":"Feature","id":"madinah-al-qaswa","geometry":{"type":"Polygon","coordinates":[[[39.57639,24.42136],[39.60654,24.42758],[39.60499,24.42972],[39.60079,24.43658],[39.58189,24.43245],[39.5802,24.43193],[39.57888,24.43141],[39.57759,24.4308],[39.57624,24.43004],[39.57449,24.42884],[39.57458,24.42871],[39.57639,24.42136]]]},"properties":{"district_id":"madinah-al-qaswa","name_ar":"القصواء","name_en":"Al Qaswa","city":"madinah","source_codes":["70030076562869377"]}},{"type":"Feature","id":"madinah-al-qiblatayn","geometry":{"type":"Polygon","coordinates":[[[39.58415,24.48078],[39.58257,24.4822],[39.58108,24.48336],[39.57999,24.48406],[39.57503,24.48683],[39.57231,24.48873],[39.56851,24.48172],[39.56855,24.48142],[39.57052,24.47645],[39.5709,24.476],[39.57411,24.47372],[39.5752,24.47262],[39.57718,24.46993],[39.57765,24.46918],[39.578,24.46817],[39.57809,24.46715],[39.58268,24.46713],[39.58225,24.46871],[39.58195,24.4705],[39.58186,24.47229],[39.58196,24.47412],[39.58227,24.47599],[39.58279,24.47778],[39.58343,24.47936],[39.58415,24.48078]]]},"properties":{"district_id":"madinah-al-qiblatayn","name_ar":"الـقـبلـتين","name_en":"Al Qiblatayn","city":"madinah","source_codes":["70030076562869406"]}},{"type":"Feature","id":"madinah-al-rawabi","geometry":{"type":"Polygon","coordinates":[[[39.65219,24.42986],[39.64936,24.42751],[39.64814,24.42661],[39.64645,24.42556],[39.64475,24.42471],[39.64295,24.42401],[39.64115,24.42351],[39.63453,24.4223],[39.63542,24.41768],[39.63542,24.41603],[39.63501,24.41182],[39.63508,24.41114],[39.63531,24.41037],[39.63573,24.40961],[39.63632,24.40894],[39.63692,24.40848],[39.63819,24.40776],[39.63889,24.40711],[39.64406,24.39925],[39.6626,24.40831],[39.66512,24.40971],[39.66764,24.41149],[39.66978,24.4134],[39.67166,24.41549],[39.67331,24.41779],[39.65219,24.42986]]]},"properties":{"district_id":"madinah-al-rawabi","name_ar":"الروابى","name_en":"Al-Rawabi","city":"madinah","source_codes":["70030076562869372"]}},{"type":"Feature","id":"madinah-al-raya","geometry":{"type":"Polygon","coordinates":[[[39.60151,24.49559],[39.599,24.49539],[39.59705,24.495],[39.59507,24.49431],[39.59316,24.49332],[39.59146,24.49209],[39.58999,24.49066],[39.58873,24.48898],[39.58779,24.48731],[39.5917,24.48597],[39.5928,24.48549],[39.6008,24.48095],[39.60176,24.48017],[39.60244,24.4793],[39.60477,24.47612],[39.60511,24.47544],[39.60405,24.47949],[39.60383,24.48074],[39.60322,24.48321],[39.60273,24.4889],[39.60151,24.49559]]]},"properties":{"district_id":"madinah-al-raya","name_ar":"الراية","name_en":"Al Raya","city":"madinah","source_codes":["70030076562869411"]}},{"type":"Feature","id":"madinah-al-sad","geometry":{"type":"Polygon","coordinates":[[[39.63889,24.40711],[39.63819,24.40776],[39.63692,24.40848],[39.63632,24.40894],[39.63573,24.40961],[39.63531,24.41037],[39.63508,24.41114],[39.63501,24.41182],[39.63542,24.41603],[39.63542,24.41768],[39.63453,24.4223],[39.62498,24.42069],[39.62292,24.42051],[39.62052,24.42057],[39.62143,24.41662],[39.62172,24.41569],[39.62262,24.41323],[39.62376,24.41109],[39.64307,24.38756],[39.64971,24.3906],[39.63889,24.40711]]]},"properties":{"district_id":"madinah-al-sad","name_ar":"السـد","name_en":"Al Sad","city":"madinah","source_codes":["70030076562869359"]}},{"type":"Feature","id":"madinah-al-sahluj","geometry":{"type":"Polygon","coordinates":[[[39.30196,24.51264],[39.27921,24.51659],[39.26618,24.51963],[39.25365,24.52217],[39.25033,24.52245],[39.24125,24.52246],[39.2339,24.52395],[39.22851,24.52488],[39.22377,24.52581],[39.21913,24.52711],[39.21392,24.52812],[39.20869,24.52894],[39.20909,24.5237],[39.20899,24.51927],[39.21569,24.51668],[39.22126,24.51221],[39.22578,24.50838],[39.22739,24.50532],[39.22542,24.50169],[39.22507,24.49786],[39.2247,24.4883],[39.22574,24.48288],[39.22867,24.4788],[39.23626,24.47425],[39.24243,24.4717],[39.25172,24.46262],[39.25727,24.45893],[39.26536,24.44967],[39.26918,24.44499],[39.2737,24.44113],[39.27433,24.43991],[39.28341,24.44029],[39.28557,24.44034],[39.28736,24.44028],[39.29638,24.43928],[39.30714,24.4367],[39.30882,24.4362],[39.311,24.43536],[39.31266,24.43451],[39.31513,24.43301],[39.31749,24.43215],[39.31898,24.43151],[39.32052,24.43071],[39.3221,24.42969],[39.32656,24.42609],[39.32704,24.42578],[39.32814,24.42532],[39.32954,24.42501],[39.33084,24.42498],[39.35449,24.42885],[39.3596,24.43001],[39.36774,24.43246],[39.37076,24.43306],[39.37834,24.43387],[39.38008,24.43424],[39.38308,24.4352],[39.39015,24.43884],[39.39486,24.44045],[39.40556,24.44316],[39.41661,24.44554],[39.42467,24.44821],[39.43431,24.4518],[39.43921,24.45303],[39.44228,24.45366],[39.4435,24.45405],[39.44467,24.45459],[39.44574,24.45526],[39.44881,24.45797],[39.45075,24.45942],[39.45135,24.46019],[39.45254,24.46274],[39.45298,24.4633],[39.45373,24.46391],[39.45462,24.46433],[39.45535,24.46449],[39.45942,24.46462],[39.46107,24.46504],[39.45448,24.48613],[39.44092,24.48186],[39.43886,24.48141],[39.43674,24.48132],[39.43464,24.48161],[39.43264,24.48226],[39.43139,24.48288],[39.42972,24.48407],[39.42875,24.48502],[39.42793,24.48607],[39.42725,24.48722],[39.42538,24.49131],[39.42354,24.4947],[39.42147,24.49798],[39.41918,24.50114],[39.41668,24.50416],[39.41398,24.50703],[39.41109,24.50973],[39.40792,24.51234],[39.40684,24.51199],[39.40028,24.51094],[39.3942,24.50888],[39.38087,24.50539],[39.36926,24.50504],[39.35702,24.5059],[39.34965,24.50864],[39.34455,24.51221],[39.32411,24.51091],[39.30196,24.51264]]]},"properties":{"district_id":"madinah-al-sahluj","name_ar":"حى الصهلوج","name_en":"Al Sahluj","city":"madinah","source_codes":["70030076562869435"]}},{"type":"Feature","id":"madinah-al-salam","geometry":{"type":"Polygon","coordinates":[[[39.48743,24.46736],[39.49303,24.46774],[39.49945,24.46757],[39.50117,24.46718],[39.50364,24.46628],[39.50498,24.46597],[39.54581,24.46001],[39.54917,24.47256],[39.54781,24.47303],[39.54672,24.4736],[39.54594,24.47413],[39.54525,24.47474],[39.53843,24.48164],[39.53703,24.48281],[39.53549,24.48381],[39.53383,24.48462],[39.52364,24.48805],[39.52218,24.48848],[39.5213,24.48864],[39.48359,24.49171],[39.48104,24.49184],[39.47848,24.49184],[39.47592,24.4917],[39.47338,24.49141],[39.47087,24.49099],[39.46838,24.49043],[39.46594,24.48973],[39.45448,24.48613],[39.46107,24.46504],[39.48743,24.46736]]]},"properties":{"district_id":"madinah-al-salam","name_ar":"السـلام","name_en":"Al Salam","city":"madinah","source_codes":["70030076562869413"]}},{"type":"Feature","id":"madinah-al-shahba","geometry":{"type":"Polygon","coordinates":[[[39.5506,24.40936],[39.54876,24.40998],[39.54718,24.41028],[39.54465,24.40491],[39.5441,24.40335],[39.54366,24.40176],[39.54341,24.40052],[39.54313,24.39842],[39.54308,24.39678],[39.54316,24.39504],[39.54334,24.39343],[39.54363,24.3919],[39.54431,24.38962],[39.54513,24.38752],[39.54577,24.38628],[39.54973,24.37948],[39.55077,24.37718],[39.5517,24.37465],[39.55376,24.37473],[39.55608,24.37459],[39.55742,24.37431],[39.55905,24.37377],[39.55932,24.37485],[39.55945,24.37583],[39.55953,24.37914],[39.55939,24.38018],[39.55909,24.38138],[39.55877,24.38232],[39.55817,24.38363],[39.55763,24.38448],[39.5569,24.38538],[39.55545,24.38666],[39.55039,24.38968],[39.54966,24.3902],[39.54905,24.39083],[39.54872,24.39131],[39.54846,24.39182],[39.5482,24.39264],[39.54783,24.39506],[39.54773,24.39661],[39.54773,24.39817],[39.54783,24.39972],[39.54804,24.40126],[39.54836,24.40279],[39.54877,24.4043],[39.55002,24.40755],[39.5506,24.40936]]]},"properties":{"district_id":"madinah-al-shahba","name_ar":"الشهباء","name_en":"Al Shahba","city":"madinah","source_codes":["70030076562869384"]}},{"type":"Feature","id":"madinah-al-sharayeh","geometry":{"type":"Polygon","coordinates":[[[39.72115,24.39037],[39.71915,24.39157],[39.69593,24.40485],[39.69097,24.38939],[39.69038,24.38775],[39.68968,24.38615],[39.68887,24.38459],[39.68795,24.38308],[39.68693,24.38163],[39.68581,24.38024],[39.6846,24.37892],[39.68329,24.37768],[39.6819,24.37651],[39.68044,24.37542],[39.6789,24.37443],[39.66248,24.36449],[39.66756,24.35898],[39.6698,24.35674],[39.67189,24.3543],[39.67333,24.35236],[39.67502,24.3497],[39.68216,24.33951],[39.68403,24.34098],[39.68724,24.34394],[39.69065,24.3474],[39.69593,24.35441],[39.70189,24.36312],[39.70278,24.36427],[39.70489,24.36743],[39.71315,24.37899],[39.71362,24.37987],[39.71432,24.38065],[39.72115,24.39037]]]},"properties":{"district_id":"madinah-al-sharayeh","name_ar":"الشرائع","name_en":"Al Sharayeh","city":"madinah","source_codes":["70030076562863370"]}},{"type":"Feature","id":"madinah-al-shuhada","geometry":{"type":"Polygon","coordinates":[[[39.62554,24.50011],[39.62559,24.50073],[39.62536,24.50141],[39.62488,24.50211],[39.62399,24.50292],[39.62374,24.50367],[39.62357,24.50389],[39.62328,24.50405],[39.62294,24.50407],[39.62121,24.50339],[39.62086,24.50338],[39.62058,24.5035],[39.62037,24.50372],[39.61974,24.50479],[39.61891,24.50512],[39.61847,24.50563],[39.61761,24.50612],[39.61697,24.5067],[39.61683,24.50709],[39.61693,24.50813],[39.61673,24.5085],[39.61647,24.50868],[39.61612,24.5087],[39.61489,24.5083],[39.61404,24.50835],[39.6133,24.50872],[39.61271,24.50937],[39.61232,24.50967],[39.61108,24.51019],[39.61076,24.51022],[39.61016,24.50989],[39.60966,24.50927],[39.60963,24.50905],[39.60975,24.50855],[39.60985,24.50727],[39.6098,24.50696],[39.60956,24.50639],[39.6091,24.50597],[39.60877,24.50582],[39.60829,24.50574],[39.60735,24.50588],[39.60612,24.50642],[39.60535,24.50706],[39.60491,24.50777],[39.6047,24.50867],[39.60441,24.50933],[39.60418,24.50947],[39.60378,24.5094],[39.60364,24.51017],[39.60359,24.51157],[39.60192,24.516],[39.60145,24.51678],[39.59947,24.51949],[39.59813,24.52215],[39.5964,24.52717],[39.59612,24.52825],[39.59579,24.53077],[39.59486,24.53414],[39.59367,24.53792],[39.59395,24.53676],[39.59414,24.53547],[39.59447,24.53112],[39.5956,24.5265],[39.59589,24.52477],[39.59597,24.52394],[39.59604,24.51955],[39.59618,24.51826],[39.59797,24.51101],[39.59809,24.51096],[39.59943,24.50674],[39.59935,24.50661],[39.60096,24.49985],[39.60116,24.4979],[39.60151,24.49559],[39.60832,24.496],[39.61133,24.49645],[39.61389,24.49718],[39.61835,24.49906],[39.62029,24.49969],[39.62159,24.49996],[39.62294,24.50012],[39.62418,24.50017],[39.62554,24.50011]]]},"properties":{"district_id":"madinah-al-shuhada","name_ar":"الشهداء","name_en":"Al Shuhada","city":"madinah","source_codes":["70030076562863365"]}},{"type":"Feature","id":"madinah-al-sih","geometry":{"type":"Polygon","coordinates":[[[39.59482,24.47743],[39.59264,24.47729],[39.59186,24.47523],[39.59164,24.47417],[39.59157,24.4731],[39.59159,24.46711],[39.60226,24.46707],[39.60235,24.46869],[39.60279,24.4705],[39.60186,24.47004],[39.60114,24.46993],[39.59827,24.47047],[39.59772,24.47075],[39.59632,24.47209],[39.5961,24.47243],[39.59553,24.47429],[39.59496,24.4751],[39.59476,24.47556],[39.59472,24.4768],[39.59482,24.47743]]]},"properties":{"district_id":"madinah-al-sih","name_ar":"السيح","name_en":"Al Sih","city":"madinah","source_codes":["70030076562869419"]}},{"type":"Feature","id":"madinah-al-usayfirin","geometry":{"type":"Polygon","coordinates":[[[39.58268,24.46713],[39.58336,24.46536],[39.58431,24.46354],[39.59037,24.45358],[39.59454,24.45547],[39.59671,24.45731],[39.5922,24.46403],[39.59171,24.46543],[39.5916,24.46619],[39.59159,24.46711],[39.58268,24.46713]]]},"properties":{"district_id":"madinah-al-usayfirin","name_ar":"الأصيفرين","name_en":"Al Usayfirin","city":"madinah","source_codes":["70030076562869401"]}},{"type":"Feature","id":"madinah-al-usbah","geometry":{"type":"Polygon","coordinates":[[[39.61606,24.43992],[39.60079,24.43658],[39.60448,24.43052],[39.60567,24.42871],[39.60701,24.42704],[39.608,24.42602],[39.60912,24.42504],[39.61034,24.42413],[39.61164,24.42331],[39.61293,24.42262],[39.61461,24.42189],[39.61612,24.42138],[39.61755,24.42102],[39.61905,24.42074],[39.62052,24.42057],[39.61953,24.42589],[39.61746,24.43512],[39.61713,24.43702],[39.61631,24.43895],[39.61606,24.43992]]]},"properties":{"district_id":"madinah-al-usbah","name_ar":"العصبة","name_en":"Al Usbah","city":"madinah","source_codes":["70030076562869370"]}},{"type":"Feature","id":"madinah-al-zahira","geometry":{"type":"Polygon","coordinates":[[[39.59037,24.45358],[39.60079,24.43658],[39.60952,24.4385],[39.60831,24.44022],[39.60796,24.44095],[39.60783,24.44214],[39.60795,24.44518],[39.60697,24.44536],[39.60574,24.44579],[39.60463,24.44643],[39.60366,24.44725],[39.60256,24.44868],[39.59671,24.45731],[39.59454,24.45547],[39.59037,24.45358]]]},"properties":{"district_id":"madinah-al-zahira","name_ar":"الظاهرة","name_en":"Al Zahira","city":"madinah","source_codes":["70030076562869366"]}},{"type":"Feature","id":"madinah-al-zahra","geometry":{"type":"Polygon","coordinates":[[[39.57149,24.55429],[39.56973,24.55356],[39.56747,24.55246],[39.56149,24.54893],[39.56318,24.54676],[39.56386,24.54645],[39.56481,24.54644],[39.56363,24.53975],[39.56178,24.53062],[39.56167,24.52835],[39.56179,24.52794],[39.56211,24.52753],[39.55579,24.52521],[39.55576,24.52003],[39.55731,24.51999],[39.5575,24.52004],[39.55762,24.52179],[39.55824,24.52287],[39.55861,24.52306],[39.55897,24.52305],[39.56013,24.52246],[39.56003,24.52203],[39.56009,24.52163],[39.56057,24.52073],[39.5614,24.51997],[39.5615,24.51917],[39.56182,24.51835],[39.56181,24.51811],[39.56169,24.51793],[39.55791,24.51461],[39.55913,24.51501],[39.55956,24.51506],[39.5618,24.51497],[39.56238,24.51485],[39.56303,24.51453],[39.56623,24.51207],[39.56739,24.51381],[39.56835,24.51573],[39.57729,24.53842],[39.57786,24.53973],[39.57865,24.54099],[39.57981,24.54225],[39.58122,24.54332],[39.58294,24.54419],[39.58274,24.54477],[39.58206,24.54579],[39.58077,24.54716],[39.57921,24.54827],[39.57716,24.54918],[39.57486,24.55046],[39.5738,24.55134],[39.57271,24.55244],[39.57167,24.55388],[39.57149,24.55429]]]},"properties":{"district_id":"madinah-al-zahra","name_ar":"الزهرة","name_en":"Al Zahra","city":"madinah","source_codes":["70030076562869422"]}},{"type":"Feature","id":"madinah-an-ngma","geometry":{"type":"Polygon","coordinates":[[[39.62268,24.57505],[39.62276,24.57028],[39.62251,24.5657],[39.62191,24.56107],[39.62644,24.56085],[39.63169,24.56088],[39.63694,24.5612],[39.64335,24.56193],[39.64574,24.562],[39.64813,24.5618],[39.6493,24.56161],[39.65161,24.56102],[39.65329,24.5604],[39.65342,24.56068],[39.65368,24.56146],[39.65378,24.56228],[39.65372,24.5631],[39.65348,24.56389],[39.65309,24.56463],[39.65275,24.56508],[39.65235,24.56549],[39.65166,24.56601],[39.65022,24.56749],[39.64959,24.56829],[39.6485,24.56999],[39.64766,24.57181],[39.64649,24.57503],[39.64618,24.5762],[39.64582,24.57856],[39.63916,24.57776],[39.62731,24.57561],[39.62268,24.57505]]]},"properties":{"district_id":"madinah-an-ngma","name_ar":"الـنقـمى","name_en":"An Ngma","city":"madinah","source_codes":["70030076562863359"]}},{"type":"Feature","id":"madinah-ar-ranuna","geometry":{"type":"Polygon","coordinates":[[[39.59819,24.42259],[39.5974,24.42569],[39.58493,24.42313],[39.58576,24.42164],[39.58647,24.42073],[39.58866,24.41674],[39.58883,24.41579],[39.58885,24.41388],[39.58839,24.41019],[39.58843,24.40962],[39.59112,24.40356],[39.59137,24.40285],[39.5949,24.38561],[39.59521,24.38374],[39.59835,24.3702],[39.60157,24.37029],[39.60318,24.37053],[39.60466,24.37091],[39.61695,24.37567],[39.61902,24.37654],[39.59819,24.42259]]]},"properties":{"district_id":"madinah-ar-ranuna","name_ar":"الرانوناء","name_en":"Ar Ranuna","city":"madinah","source_codes":["70030076562869378"]}},{"type":"Feature","id":"madinah-ar-rumanah","geometry":{"type":"Polygon","coordinates":[[[39.69593,24.40485],[39.68377,24.41183],[39.68255,24.41001],[39.68112,24.4082],[39.67953,24.40647],[39.67784,24.40489],[39.67597,24.40339],[39.67414,24.40214],[39.67206,24.40092],[39.66978,24.39979],[39.68466,24.379],[39.68581,24.38024],[39.68693,24.38163],[39.68795,24.38308],[39.68887,24.38459],[39.68968,24.38615],[39.69038,24.38775],[39.69097,24.38939],[39.69593,24.40485]]]},"properties":{"district_id":"madinah-ar-rumanah","name_ar":"الرمـانة","name_en":"Ar Rumanah","city":"madinah","source_codes":["70030076562869374"]}},{"type":"Feature","id":"madinah-as-sadiqiyah","geometry":{"type":"Polygon","coordinates":[[[39.57167,24.55388],[39.57271,24.55244],[39.5738,24.55134],[39.57486,24.55046],[39.57716,24.54918],[39.57921,24.54827],[39.58077,24.54716],[39.58206,24.54579],[39.58274,24.54477],[39.58294,24.54419],[39.58512,24.54493],[39.59411,24.54717],[39.59655,24.5512],[39.59675,24.55168],[39.59686,24.5522],[39.59685,24.55272],[39.59673,24.55324],[39.59487,24.55611],[39.59178,24.56061],[39.59103,24.562],[39.58883,24.56962],[39.58859,24.57215],[39.58322,24.5713],[39.57777,24.57015],[39.5662,24.56738],[39.56982,24.55754],[39.57167,24.55388]]]},"properties":{"district_id":"madinah-as-sadiqiyah","name_ar":"الصادقية","name_en":"As Sadiqiyah","city":"madinah","source_codes":["70030076562869412"]}},{"type":"Feature","id":"madinah-as-sakb","geometry":{"type":"Polygon","coordinates":[[[39.60407,24.3455],[39.59835,24.3702],[39.59623,24.37029],[39.59537,24.37041],[39.5944,24.37073],[39.59357,24.3712],[39.59258,24.36978],[39.5913,24.36839],[39.58998,24.36729],[39.58814,24.36613],[39.58219,24.36336],[39.58056,24.36277],[39.57894,24.36241],[39.57739,24.36238],[39.57618,24.36259],[39.57463,24.36315],[39.57188,24.36444],[39.57039,24.36535],[39.56883,24.36641],[39.56765,24.36731],[39.56246,24.3719],[39.56142,24.37263],[39.56043,24.3732],[39.55815,24.3741],[39.55634,24.37455],[39.55376,24.37473],[39.5517,24.37465],[39.55248,24.37198],[39.55303,24.36938],[39.55338,24.36652],[39.5535,24.36389],[39.55343,24.36176],[39.5532,24.3593],[39.55286,24.35689],[39.55209,24.35269],[39.55184,24.3506],[39.55177,24.34932],[39.57703,24.34536],[39.58192,24.34474],[39.58684,24.34441],[39.59178,24.34435],[39.59671,24.34459],[39.60161,24.3451],[39.60407,24.3455]]]},"properties":{"district_id":"madinah-as-sakb","name_ar":"السكب","name_en":"As Sakb","city":"madinah","source_codes":["70030076562869423"]}},{"type":"Feature","id":"madinah-as-suqya","geometry":{"type":"Polygon","coordinates":[[[39.60226,24.46707],[39.59159,24.46711],[39.5916,24.46619],[39.59171,24.46543],[39.5922,24.46403],[39.59671,24.45731],[39.59995,24.46024],[39.60191,24.46171],[39.60209,24.46277],[39.60321,24.46363],[39.60285,24.46413],[39.60254,24.46487],[39.60235,24.46585],[39.60226,24.46707]]]},"properties":{"district_id":"madinah-as-suqya","name_ar":"السقيا","name_en":"As Suqya","city":"madinah","source_codes":["70030076562869360"]}},{"type":"Feature","id":"madinah-as-suwaydra","geometry":{"type":"Polygon","coordinates":[[[40.022,25.17301],[40.01613,25.1763],[39.99025,25.19127],[39.98883,25.1928],[39.95556,25.20663],[39.9499,25.20849],[39.93584,25.21194],[39.93204,25.21173],[39.92945,25.21054],[39.92634,25.20734],[39.90555,25.18075],[39.90173,25.17716],[39.89869,25.17382],[39.89375,25.16952],[39.88831,25.16759],[39.88329,25.16636],[39.87612,25.16496],[39.87067,25.16429],[39.85727,25.16363],[39.85281,25.16331],[39.8504,25.16296],[39.84841,25.16201],[39.84815,25.16146],[39.83771,25.13348],[39.83059,25.12583],[39.82612,25.12072],[39.82452,25.1188],[39.82301,25.11677],[39.82209,25.11347],[39.82231,25.11163],[39.82445,25.1079],[39.8262,25.1062],[39.82775,25.10286],[39.82916,25.09942],[39.82909,25.09496],[39.8258,25.08616],[39.82614,25.08215],[39.82727,25.0783],[39.82718,25.07508],[39.82472,25.06997],[39.82273,25.06666],[39.82004,25.06371],[39.81781,25.06085],[39.81442,25.05784],[39.81055,25.05406],[39.80638,25.05162],[39.80318,25.05022],[39.79875,25.04978],[39.7852,25.05032],[39.77692,25.05237],[39.77351,25.05298],[39.77029,25.0534],[39.76719,25.05313],[39.76313,25.0518],[39.75841,25.05083],[39.75484,25.04882],[39.75205,25.04259],[39.75123,25.03789],[39.74988,25.03395],[39.74889,25.03006],[39.74525,25.02425],[39.74459,25.02242],[39.7424,25.01882],[39.71648,24.96139],[39.69694,24.91417],[39.72777,24.8968],[39.74011,24.88973],[39.78274,24.86703],[39.78914,24.86289],[39.79553,24.85954],[39.79834,24.85839],[39.81349,24.85648],[39.82558,24.85583],[39.86566,24.84535],[39.88201,24.84466],[39.88346,24.8403],[39.8837,24.83563],[39.88368,24.83016],[39.88412,24.82693],[39.8848,24.82451],[39.88626,24.82083],[39.88817,24.81819],[39.89002,24.81658],[39.89183,24.81557],[39.89321,24.81302],[39.89392,24.81078],[39.89425,24.80855],[39.89327,24.80352],[39.89149,24.7991],[39.89012,24.79493],[39.8891,24.79091],[39.88854,24.78818],[39.88815,24.7858],[39.88765,24.78066],[39.88812,24.77709],[39.88826,24.77412],[39.88785,24.771],[39.88674,24.76762],[39.8856,24.76552],[39.88315,24.76202],[39.86935,24.73628],[39.86752,24.73316],[39.86558,24.73053],[39.86309,24.728],[39.8587,24.72497],[39.85421,24.723],[39.84905,24.7218],[39.8362,24.71907],[39.83362,24.71838],[39.83155,24.71744],[39.82935,24.7158],[39.82781,24.71394],[39.82685,24.71205],[39.8262,24.70929],[39.82624,24.70657],[39.82668,24.705],[39.82966,24.69966],[39.83106,24.69639],[39.83203,24.6925],[39.83241,24.6886],[39.83213,24.68221],[39.83145,24.67802],[39.82563,24.6473],[39.81392,24.5836],[39.81268,24.57578],[39.82325,24.56612],[39.83726,24.55972],[39.85172,24.55275],[39.86194,24.54603],[39.86997,24.53849],[39.87667,24.53188],[39.88147,24.52829],[39.88404,24.52582],[39.88434,24.52519],[39.8839,24.51897],[39.88271,24.51455],[39.8809,24.50506],[39.88067,24.50333],[39.87946,24.50242],[39.87843,24.50122],[39.87795,24.50047],[39.87659,24.4967],[39.87519,24.49379],[39.8715,24.49075],[39.87214,24.48727],[39.87391,24.48506],[39.87705,24.48388],[39.88002,24.48163],[39.88216,24.47649],[39.8827,24.47358],[39.88416,24.47051],[39.88459,24.46895],[39.88485,24.46762],[39.88584,24.46504],[39.88644,24.46174],[39.88779,24.45945],[39.88911,24.45767],[39.89141,24.45389],[39.8928,24.4519],[39.89416,24.45131],[39.89948,24.45175],[39.90019,24.45174],[39.90186,24.45003],[39.90266,24.44951],[39.90435,24.44662],[39.90648,24.43939],[39.90804,24.43691],[39.90999,24.43477],[39.91152,24.43355],[39.91383,24.43242],[39.92602,24.43016],[39.92924,24.42879],[39.93119,24.42742],[39.9356,24.42247],[39.94229,24.41247],[39.9469,24.40885],[39.94721,24.40878],[39.95087,24.40607],[39.96717,24.40096],[39.97105,24.40114],[39.98247,24.3986],[39.98463,24.39643],[39.98882,24.39148],[39.99256,24.38606],[39.99419,24.3834],[39.99553,24.38144],[39.99725,24.37984],[39.99922,24.3785],[40.02539,24.35543],[40.05751,24.32031],[40.10402,24.28878],[40.11178,24.28374],[40.11611,24.28185],[40.11972,24.28063],[40.12695,24.27865],[40.13541,24.2758],[40.13925,24.27481],[40.14286,24.27404],[40.1537,24.27317],[40.23182,24.26877],[40.23853,24.26914],[40.26734,24.26707],[40.34737,24.29919],[40.36138,24.30602],[40.36273,24.30636],[40.36382,24.30682],[40.36662,24.30831],[40.37252,24.31084],[40.37599,24.31244],[40.47861,24.35167],[40.47868,24.41324],[40.48502,24.45312],[40.48957,24.46945],[40.49068,24.48228],[40.49242,24.49768],[40.49303,24.51724],[40.49202,24.54928],[40.48459,24.56759],[40.45078,24.59515],[40.39528,24.63342],[40.36346,24.64993],[40.33363,24.64999],[40.29451,24.6369],[40.28535,24.63873],[40.26608,24.65831],[40.22884,24.70964],[40.22855,24.72424],[40.22767,24.74281],[40.22709,24.7458],[40.22504,24.7483],[40.21811,24.75313],[40.21169,24.75653],[40.20925,24.75679],[40.20443,24.7554],[40.20224,24.75378],[40.1987,24.75425],[40.19783,24.75743],[40.19686,24.76473],[40.19568,24.77199],[40.19411,24.7807],[40.19331,24.78988],[40.1934,24.80019],[40.19372,24.80871],[40.19371,24.81887],[40.19442,24.82839],[40.19451,24.84388],[40.19529,24.85277],[40.19574,24.86055],[40.19567,24.8679],[40.19334,24.94944],[40.18969,24.96075],[40.1872,24.97118],[40.18477,24.97856],[40.1837,24.98267],[40.17994,24.99101],[40.17748,24.99474],[40.17362,25.00205],[40.022,25.17301]],[[39.89512,24.46668],[39.8951,24.46618],[39.89287,24.46555],[39.89393,24.4687],[39.89513,24.46819],[39.89617,24.46741],[39.89512,24.46668]],[[39.89928,24.46804],[39.89769,24.46692],[39.89645,24.46883],[39.89645,24.47056],[39.89809,24.471],[39.89821,24.47125],[39.89897,24.47145],[39.89928,24.46804]],[[39.90018,24.48106],[39.89975,24.48156],[39.89907,24.4814],[39.89884,24.48205],[39.89761,24.4817],[39.89935,24.47822],[39.89941,24.47646],[39.89899,24.47564],[39.89498,24.47378],[39.89417,24.47402],[39.89341,24.4751],[39.89389,24.4759],[39.89366,24.47691],[39.89556,24.47732],[39.89598,24.47982],[39.89405,24.47974],[39.89424,24.48105],[39.89265,24.48139],[39.89257,24.48447],[39.89366,24.48478],[39.89411,24.4858],[39.89669,24.48791],[39.89935,24.48755],[39.89936,24.48458],[39.90213,24.48518],[39.90258,24.48287],[39.90141,24.48184],[39.90018,24.48106]],[[39.96512,24.54767],[39.95714,24.54842],[39.95592,24.54644],[39.94912,24.54499],[39.94861,24.55016],[39.95145,24.55036],[39.95951,24.55036],[39.96535,24.5493],[39.96512,24.54767]],[[39.93454,24.60973],[39.9319,24.6049],[39.92816,24.60604],[39.92934,24.60743],[39.92719,24.60867],[39.92613,24.60747],[39.92425,24.60848],[39.92345,24.61007],[39.91958,24.61173],[39.91843,24.61392],[39.91895,24.61578],[39.91971,24.61557],[39.92148,24.62066],[39.92806,24.6218],[39.92933,24.61903],[39.933,24.61844],[39.93337,24.62001],[39.93505,24.62033],[39.93934,24.61956],[39.94228,24.61949],[39.9467,24.61889],[39.94625,24.61367],[39.94148,24.61427],[39.93702,24.60818],[39.93454,24.60973]],[[39.93826,24.65385],[39.93882,24.65479],[39.94006,24.6547],[39.94051,24.6527],[39.93607,24.65261],[39.93361,24.65382],[39.93407,24.65503],[39.93556,24.65384],[39.93826,24.65385]],[[39.93327,24.65816],[39.93524,24.65863],[39.93567,24.65651],[39.93352,24.65614],[39.93327,24.65816]],[[39.85038,24.69521],[39.86104,24.69959],[39.88388,24.71158],[39.89397,24.6935],[39.85628,24.67427],[39.85038,24.69521]],[[40.47972,24.4526],[40.47744,24.44839],[40.47553,24.4496],[40.4755,24.45141],[40.47706,24.45307],[40.47972,24.4526]],[[40.33999,24.57587],[40.34039,24.57766],[40.347,24.57597],[40.34641,24.57362],[40.33999,24.57587]],[[40.16491,24.73112],[40.16416,24.73042],[40.16285,24.73059],[40.16213,24.72815],[40.16462,24.72875],[40.16502,24.72761],[40.16241,24.72702],[40.16064,24.72606],[40.1595,24.7251],[40.16276,24.72151],[40.16089,24.71996],[40.16805,24.71399],[40.17138,24.7109],[40.17294,24.71085],[40.17469,24.7106],[40.17219,24.70714],[40.16898,24.70824],[40.16826,24.70717],[40.16715,24.7083],[40.1669,24.70985],[40.16313,24.71463],[40.16048,24.71566],[40.15915,24.71351],[40.15772,24.71266],[40.15248,24.70847],[40.14949,24.70666],[40.14849,24.70571],[40.14773,24.70518],[40.14487,24.70352],[40.14796,24.69781],[40.14625,24.69619],[40.14882,24.69267],[40.13588,24.68681],[40.12412,24.68168],[40.12387,24.68272],[40.1236,24.68321],[40.12323,24.68364],[40.11882,24.6868],[40.11765,24.68784],[40.11658,24.68897],[40.1156,24.69019],[40.11508,24.69205],[40.11673,24.69253],[40.1181,24.69313],[40.11957,24.69402],[40.12074,24.69495],[40.11946,24.69709],[40.12131,24.69852],[40.12008,24.69947],[40.11851,24.70133],[40.11798,24.70257],[40.11765,24.70433],[40.1177,24.70595],[40.11813,24.70666],[40.11951,24.70823],[40.11936,24.71051],[40.11822,24.7157],[40.12721,24.71803],[40.12817,24.71508],[40.12888,24.71523],[40.13392,24.71513],[40.13551,24.71665],[40.13447,24.71894],[40.13536,24.71975],[40.13589,24.72034],[40.1364,24.72114],[40.1372,24.72156],[40.13839,24.72189],[40.1408,24.7232],[40.14125,24.72385],[40.1416,24.72465],[40.14214,24.72733],[40.14391,24.72728],[40.14485,24.72657],[40.14479,24.726],[40.1441,24.72539],[40.14359,24.72505],[40.14304,24.72377],[40.14323,24.72339],[40.14357,24.72313],[40.14658,24.72225],[40.14813,24.72289],[40.14739,24.72546],[40.14865,24.72758],[40.15182,24.72643],[40.15225,24.72804],[40.15036,24.73025],[40.14892,24.73312],[40.14919,24.73474],[40.15798,24.7333],[40.15758,24.73223],[40.16075,24.73174],[40.16129,24.73208],[40.16073,24.73287],[40.16257,24.73337],[40.16421,24.73325],[40.16416,24.73186],[40.16491,24.73112]],[[40.12323,24.74141],[40.12362,24.74204],[40.12668,24.74116],[40.12615,24.74054],[40.1253,24.74079],[40.12522,24.74069],[40.12514,24.74072],[40.12456,24.73943],[40.12349,24.73988],[40.12388,24.74101],[40.12323,24.74141]],[[40.13056,24.90965],[40.13425,24.91231],[40.13462,24.91078],[40.13251,24.90961],[40.13329,24.90799],[40.13167,24.90722],[40.13056,24.90965]],[[40.13593,24.91081],[40.13704,24.91105],[40.13741,24.90957],[40.13604,24.90919],[40.13593,24.91081]],[[40.06275,24.95519],[40.0644,24.95875],[40.06868,24.95669],[40.06703,24.95413],[40.06275,24.95519]]]},"properties":{"district_id":"madinah-as-suwaydra","name_ar":"الصويدرة","name_en":"As Suwaydra","city":"madinah","source_codes":["70030076562869449"]}},{"type":"Feature","id":"madinah-ash-shafiyah","geometry":{"type":"Polygon","coordinates":[[[39.65805,24.52217],[39.65873,24.52303],[39.6591,24.52376],[39.65932,24.52454],[39.65954,24.52639],[39.65993,24.52754],[39.66225,24.53089],[39.66302,24.53225],[39.66371,24.53364],[39.66429,24.53508],[39.66479,24.53654],[39.66518,24.53803],[39.66547,24.53954],[39.66566,24.54106],[39.66575,24.54259],[39.66566,24.54525],[39.66549,24.54636],[39.66495,24.54855],[39.66411,24.55066],[39.66299,24.55266],[39.66233,24.55361],[39.66082,24.55538],[39.65908,24.55697],[39.65786,24.55789],[39.65657,24.55874],[39.65522,24.5595],[39.65382,24.56018],[39.65161,24.56102],[39.6493,24.56161],[39.64813,24.5618],[39.64574,24.562],[39.64454,24.562],[39.64335,24.56193],[39.63694,24.5612],[39.63169,24.56088],[39.62644,24.56085],[39.62191,24.56107],[39.621,24.55663],[39.61811,24.54787],[39.61792,24.54685],[39.61926,24.54667],[39.62095,24.54624],[39.62324,24.54527],[39.64306,24.53349],[39.64539,24.53196],[39.64763,24.53032],[39.64978,24.52858],[39.65805,24.52217]]]},"properties":{"district_id":"madinah-ash-shafiyah","name_ar":"الشافية","name_en":"Ash Shafiyah","city":"madinah","source_codes":["70030076562869390"]}},{"type":"Feature","id":"madinah-ash-shuraybat","geometry":{"type":"Polygon","coordinates":[[[39.63019,24.44866],[39.63289,24.44225],[39.63572,24.44334],[39.63746,24.44384],[39.6391,24.44415],[39.6415,24.4444],[39.64514,24.44728],[39.64548,24.44772],[39.64568,24.44815],[39.64584,24.44915],[39.64576,24.44967],[39.64557,24.45015],[39.6418,24.45699],[39.64138,24.45737],[39.64081,24.45757],[39.64055,24.45699],[39.64008,24.45644],[39.63205,24.44978],[39.63019,24.44866]]]},"properties":{"district_id":"madinah-ash-shuraybat","name_ar":"الشريبات","name_en":"Ash Shuraybat","city":"madinah","source_codes":["70030076562869399"]}},{"type":"Feature","id":"madinah-ayn-al-khif","geometry":{"type":"Polygon","coordinates":[[[39.68377,24.41183],[39.68951,24.41953],[39.6907,24.42129],[39.6915,24.42264],[39.69237,24.42438],[39.69307,24.42609],[39.69357,24.42758],[39.69412,24.42976],[39.69448,24.43206],[39.69625,24.45399],[39.68932,24.45379],[39.68919,24.45297],[39.68851,24.45089],[39.68603,24.44244],[39.68407,24.43481],[39.68318,24.43212],[39.68232,24.43003],[39.68157,24.42853],[39.67952,24.4256],[39.6757,24.4207],[39.67331,24.41779],[39.68377,24.41183]]]},"properties":{"district_id":"madinah-ayn-al-khif","name_ar":"عين الخيف","name_en":"Ayn Al Khif","city":"madinah","source_codes":["70030076562869425"]}},{"type":"Feature","id":"madinah-badhaah","geometry":{"type":"Polygon","coordinates":[[[39.60519,24.47376],[39.60573,24.47129],[39.60586,24.47105],[39.6061,24.47094],[39.60723,24.47089],[39.60724,24.47105],[39.61358,24.47103],[39.61367,24.4712],[39.61391,24.47367],[39.61225,24.47405],[39.61051,24.47421],[39.60724,24.47414],[39.60587,24.47396],[39.60519,24.47376]]]},"properties":{"district_id":"madinah-badhaah","name_ar":"بضاعة","name_en":"Badhaah","city":"madinah","source_codes":["70030076562869367"]}},{"type":"Feature","id":"madinah-bani-abdul-ashhal","geometry":{"type":"Polygon","coordinates":[[[39.62868,24.48066],[39.62737,24.48294],[39.62672,24.48386],[39.62568,24.48477],[39.62442,24.4854],[39.62338,24.48568],[39.62247,24.48578],[39.61576,24.48565],[39.61433,24.47594],[39.61391,24.47367],[39.61595,24.47314],[39.61695,24.47268],[39.61782,24.47401],[39.61842,24.47534],[39.61893,24.47617],[39.61967,24.47702],[39.62061,24.47776],[39.62167,24.47833],[39.62307,24.47877],[39.62554,24.47899],[39.62646,24.47921],[39.6273,24.47963],[39.62868,24.48066]]]},"properties":{"district_id":"madinah-bani-abdul-ashhal","name_ar":"بنى عبد الأشهل","name_en":"Bani Abdul-ashhal","city":"madinah","source_codes":["70030076562863363"]}},{"type":"Feature","id":"madinah-bani-biyada","geometry":{"type":"Polygon","coordinates":[[[39.59357,24.3712],[39.5944,24.37073],[39.59537,24.37041],[39.59623,24.37029],[39.59835,24.3702],[39.59521,24.38374],[39.59378,24.39108],[39.58967,24.39268],[39.5877,24.39367],[39.58543,24.39495],[39.58432,24.39576],[39.58336,24.39663],[39.58125,24.39924],[39.58154,24.39837],[39.58185,24.39772],[39.5839,24.39511],[39.5846,24.39395],[39.58518,24.39278],[39.58535,24.39238],[39.58567,24.39016],[39.58644,24.38657],[39.592,24.37304],[39.59261,24.37208],[39.59357,24.3712]]]},"properties":{"district_id":"madinah-bani-biyada","name_ar":"بنى بياضة","name_en":"Bani Biyada","city":"madinah","source_codes":["70030076562869383"]}},{"type":"Feature","id":"madinah-bani-hartha","geometry":{"type":"Polygon","coordinates":[[[39.62554,24.50011],[39.6231,24.50013],[39.62078,24.4998],[39.61965,24.49951],[39.61844,24.4991],[39.61597,24.49803],[39.61656,24.49613],[39.61693,24.49391],[39.61576,24.48565],[39.62247,24.48578],[39.62338,24.48568],[39.62442,24.4854],[39.62568,24.48477],[39.62672,24.48386],[39.62737,24.48294],[39.62868,24.48066],[39.62964,24.48147],[39.63058,24.4824],[39.63793,24.49063],[39.63956,24.49213],[39.64171,24.49376],[39.63957,24.49532],[39.63844,24.49595],[39.63693,24.49664],[39.62892,24.49945],[39.62715,24.49989],[39.62554,24.50011]]]},"properties":{"district_id":"madinah-bani-hartha","name_ar":"بنى حارثة","name_en":"Bani Hartha","city":"madinah","source_codes":["70030076562863364"]}},{"type":"Feature","id":"madinah-bani-khidrah","geometry":{"type":"Polygon","coordinates":[[[39.60764,24.46535],[39.60853,24.46416],[39.60886,24.46387],[39.60998,24.46234],[39.61185,24.46244],[39.61349,24.46264],[39.61443,24.46283],[39.61578,24.46332],[39.61661,24.46377],[39.61773,24.46461],[39.61838,24.46527],[39.61903,24.46617],[39.61938,24.46696],[39.61955,24.46781],[39.61954,24.46871],[39.61496,24.46847],[39.61372,24.46814],[39.61338,24.46792],[39.61327,24.46774],[39.61326,24.46628],[39.61298,24.46548],[39.60844,24.46551],[39.60797,24.46547],[39.60764,24.46535]]]},"properties":{"district_id":"madinah-bani-khidrah","name_ar":"بني خدرة","name_en":"Bani Khidrah","city":"madinah","source_codes":["70030076562869362"]}},{"type":"Feature","id":"madinah-bani-mouawia","geometry":{"type":"Polygon","coordinates":[[[39.6347,24.46982],[39.62868,24.48066],[39.6273,24.47963],[39.62646,24.47921],[39.62554,24.47899],[39.62307,24.47877],[39.62167,24.47833],[39.62061,24.47776],[39.61967,24.47702],[39.61893,24.47617],[39.61842,24.47534],[39.61782,24.47401],[39.61695,24.47268],[39.61767,24.47214],[39.61842,24.47127],[39.61926,24.46977],[39.61954,24.46871],[39.62814,24.46929],[39.6347,24.46982]]]},"properties":{"district_id":"madinah-bani-mouawia","name_ar":"بنى معاوية","name_en":"Bani Mouawia","city":"madinah","source_codes":["70030076562869354"]}},{"type":"Feature","id":"madinah-bani-najjar","geometry":{"type":"Polygon","coordinates":[[[39.6137,24.47155],[39.61496,24.47157],[39.61496,24.46847],[39.61954,24.46871],[39.61926,24.46977],[39.61842,24.47127],[39.61787,24.47195],[39.617,24.47265],[39.61595,24.47314],[39.61391,24.47367],[39.6137,24.47155]]]},"properties":{"district_id":"madinah-bani-najjar","name_ar":"بني النجار","name_en":"Bani Najjar","city":"madinah","source_codes":["70030076562869363"]}},{"type":"Feature","id":"madinah-bani-zafer","geometry":{"type":"Polygon","coordinates":[[[39.63205,24.44978],[39.63316,24.45067],[39.64008,24.45644],[39.64055,24.45699],[39.64085,24.45777],[39.64086,24.45837],[39.64068,24.45901],[39.6347,24.46982],[39.62814,24.46929],[39.61954,24.46871],[39.61951,24.46752],[39.61916,24.46643],[39.61838,24.46527],[39.61736,24.4643],[39.61864,24.46338],[39.61987,24.46194],[39.62166,24.46032],[39.62297,24.45896],[39.62679,24.4544],[39.62764,24.45361],[39.62896,24.4508],[39.63019,24.44866],[39.63205,24.44978]]]},"properties":{"district_id":"madinah-bani-zafer","name_ar":"بنى ظفر","name_en":"Bani Zafer","city":"madinah","source_codes":["70030076562869398"]}},{"type":"Feature","id":"madinah-barka-ahad","geometry":{"type":"Polygon","coordinates":[[[39.5873,24.54549],[39.58408,24.54462],[39.58294,24.54419],[39.58173,24.54361],[39.58065,24.54294],[39.57981,24.54225],[39.57905,24.54148],[39.57845,24.54071],[39.57754,24.53905],[39.56849,24.51606],[39.56769,24.51435],[39.56681,24.51288],[39.56565,24.51137],[39.56111,24.50702],[39.55924,24.50488],[39.55844,24.50379],[39.55773,24.50265],[39.55642,24.50001],[39.57231,24.48873],[39.57249,24.48921],[39.57336,24.49028],[39.57381,24.49124],[39.57406,24.4924],[39.57499,24.49495],[39.57554,24.49698],[39.57699,24.50039],[39.57931,24.50415],[39.58115,24.50676],[39.58166,24.50779],[39.58188,24.50851],[39.58218,24.51098],[39.58219,24.51204],[39.58208,24.51275],[39.58187,24.51287],[39.58148,24.51456],[39.58118,24.51707],[39.58122,24.51774],[39.58171,24.51993],[39.58179,24.52062],[39.5818,24.52565],[39.58198,24.52645],[39.58317,24.52894],[39.58338,24.52957],[39.58356,24.53061],[39.5836,24.53319],[39.58369,24.5338],[39.58393,24.53453],[39.58609,24.53948],[39.58678,24.54232],[39.5873,24.54549]]]},"properties":{"district_id":"madinah-barka-ahad","name_ar":"البركـة (أحد)","name_en":"Barka (Ahad)","city":"madinah","source_codes":["70030076562869400"]}},{"type":"Feature","id":"madinah-bir-uthman","geometry":{"type":"Polygon","coordinates":[[[39.58577,24.49122],[39.58573,24.49197],[39.58547,24.49326],[39.58531,24.49672],[39.58421,24.5038],[39.58427,24.50508],[39.58411,24.50579],[39.58455,24.50671],[39.58361,24.50671],[39.58276,24.50645],[39.58215,24.50636],[39.58146,24.50633],[39.58095,24.50647],[39.57931,24.50415],[39.57699,24.50039],[39.57554,24.49698],[39.57499,24.49495],[39.57406,24.4924],[39.57381,24.49124],[39.57336,24.49028],[39.57249,24.48921],[39.57231,24.48873],[39.57503,24.48683],[39.57999,24.48406],[39.58108,24.48336],[39.58257,24.4822],[39.58415,24.48078],[39.58779,24.48731],[39.58481,24.48836],[39.58577,24.49122]]]},"properties":{"district_id":"madinah-bir-uthman","name_ar":"بئر عثمان","name_en":"Bir Uthman","city":"madinah","source_codes":["70030076562869417"]}},{"type":"Feature","id":"madinah-dhu-al-hulayfah","geometry":{"type":"Polygon","coordinates":[[[39.54718,24.41028],[39.54875,24.41352],[39.54964,24.41493],[39.55101,24.41647],[39.55258,24.4177],[39.55384,24.41842],[39.55508,24.41895],[39.56159,24.42071],[39.56317,24.42128],[39.56464,24.42194],[39.56607,24.42272],[39.56732,24.42354],[39.57461,24.42893],[39.57646,24.43017],[39.57798,24.431],[39.57973,24.43176],[39.58246,24.43258],[39.58074,24.43966],[39.58049,24.44027],[39.58009,24.44078],[39.5773,24.4433],[39.5765,24.44421],[39.57525,24.44583],[39.57412,24.44685],[39.57372,24.44713],[39.57243,24.44601],[39.57143,24.44498],[39.56808,24.4411],[39.56625,24.4394],[39.56474,24.43829],[39.56136,24.4361],[39.55692,24.43262],[39.55305,24.42986],[39.55163,24.42865],[39.54655,24.42355],[39.5438,24.42014],[39.5424,24.4181],[39.54099,24.41534],[39.54027,24.41426],[39.53928,24.41334],[39.53809,24.41265],[39.54016,24.41167],[39.54157,24.4112],[39.54284,24.41093],[39.54718,24.41028]]]},"properties":{"district_id":"madinah-dhu-al-hulayfah","name_ar":"ذو الحليفة","name_en":"Dhu Al Hulayfah","city":"madinah","source_codes":["70030076562869404"]}},{"type":"Feature","id":"madinah-ghaba-ahad","geometry":{"type":"Polygon","coordinates":[[[39.62268,24.57505],[39.61965,24.57473],[39.5943,24.57275],[39.58859,24.57215],[39.58883,24.56962],[39.59103,24.562],[39.59178,24.56061],[39.59487,24.55611],[39.59673,24.55324],[39.59682,24.5529],[39.59684,24.55203],[39.59663,24.55135],[39.59411,24.54717],[39.59653,24.54759],[39.5983,24.54776],[39.60676,24.54772],[39.61792,24.54685],[39.61811,24.54787],[39.621,24.55663],[39.62193,24.56115],[39.62251,24.5657],[39.62276,24.57028],[39.62268,24.57505]]]},"properties":{"district_id":"madinah-ghaba-ahad","name_ar":"الغـابة (أحد)","name_en":"Ghaba (Ahad)","city":"madinah","source_codes":["70030076562869353"]}},{"type":"Feature","id":"madinah-hadhawda","geometry":{"type":"Polygon","coordinates":[[[39.88584,24.46504],[39.88485,24.46762],[39.88459,24.46895],[39.88416,24.47051],[39.8827,24.47358],[39.88216,24.47649],[39.88002,24.48163],[39.87705,24.48388],[39.87391,24.48506],[39.87254,24.48672],[39.85846,24.4819],[39.85056,24.47878],[39.82194,24.46676],[39.81952,24.46591],[39.81485,24.46445],[39.81011,24.46321],[39.80664,24.46245],[39.80608,24.46468],[39.80531,24.4665],[39.8046,24.46763],[39.80375,24.46868],[39.80222,24.47004],[39.7935,24.47579],[39.79093,24.47727],[39.78817,24.47845],[39.78528,24.47931],[39.7838,24.47961],[39.7823,24.47984],[39.77926,24.48002],[39.76474,24.4801],[39.76248,24.48001],[39.7251,24.47705],[39.72551,24.47004],[39.72628,24.46437],[39.73322,24.42373],[39.73356,24.42047],[39.73357,24.41715],[39.73326,24.41393],[39.73255,24.41043],[39.73164,24.40746],[39.73042,24.4045],[39.72939,24.40248],[39.72811,24.40032],[39.72115,24.39037],[39.72322,24.38897],[39.7251,24.38757],[39.72683,24.38614],[39.72865,24.38449],[39.75849,24.35429],[39.7599,24.35332],[39.76444,24.35067],[39.76513,24.35016],[39.7661,24.34928],[39.76806,24.34705],[39.76938,24.34574],[39.77363,24.34245],[39.7779,24.33971],[39.77895,24.33893],[39.7925,24.32762],[39.8005,24.32019],[39.80206,24.31888],[39.80404,24.31764],[39.80555,24.31692],[39.8135,24.31358],[39.81445,24.31306],[39.81546,24.31238],[39.81663,24.31146],[39.81768,24.3104],[39.81892,24.30882],[39.82803,24.29326],[39.82957,24.29121],[39.83083,24.28989],[39.8329,24.28821],[39.83392,24.28754],[39.83589,24.28647],[39.8383,24.28551],[39.84457,24.28384],[39.84533,24.28344],[39.84645,24.28265],[39.84753,24.28144],[39.84792,24.28078],[39.8485,24.27914],[39.8488,24.27781],[39.84923,24.27655],[39.84974,24.27545],[39.85048,24.27413],[39.85214,24.27179],[39.85565,24.26844],[39.87368,24.25202],[39.87657,24.24984],[39.87897,24.24846],[39.88909,24.24387],[39.91449,24.23101],[39.91832,24.23609],[39.92117,24.24073],[39.92817,24.25003],[39.92934,24.25132],[39.93067,24.25233],[39.93217,24.25312],[39.93363,24.25361],[39.98376,24.26574],[39.9917,24.27066],[40.05751,24.32031],[40.02539,24.35543],[39.99922,24.3785],[39.99725,24.37984],[39.99553,24.38144],[39.99419,24.3834],[39.99256,24.38606],[39.98882,24.39148],[39.98463,24.39643],[39.98247,24.3986],[39.97105,24.40114],[39.96717,24.40096],[39.95087,24.40607],[39.94721,24.40878],[39.9469,24.40885],[39.94229,24.41247],[39.9356,24.42247],[39.93119,24.42742],[39.92924,24.42879],[39.92602,24.43016],[39.91383,24.43242],[39.91152,24.43355],[39.90999,24.43477],[39.90804,24.43691],[39.90648,24.43939],[39.90435,24.44662],[39.90266,24.44951],[39.90186,24.45003],[39.90019,24.45174],[39.89948,24.45175],[39.89416,24.45131],[39.8928,24.4519],[39.89141,24.45389],[39.88911,24.45767],[39.88779,24.45945],[39.88644,24.46174],[39.88584,24.46504]]]},"properties":{"district_id":"madinah-hadhawda","name_ar":"حى حضوضاء","name_en":"Hadhawda","city":"madinah","source_codes":["70030076562869428"]}},{"type":"Feature","id":"madinah-housing","geometry":{"type":"Polygon","coordinates":[[[39.6415,24.4444],[39.64977,24.44498],[39.65138,24.44524],[39.6526,24.44557],[39.65348,24.4459],[39.65455,24.44641],[39.65684,24.4477],[39.65814,24.44824],[39.65939,24.44864],[39.65134,24.46418],[39.65099,24.46513],[39.65008,24.46853],[39.64919,24.47098],[39.6347,24.46982],[39.64068,24.45901],[39.64087,24.45833],[39.64081,24.45757],[39.64138,24.45737],[39.6418,24.45699],[39.64529,24.45069],[39.64576,24.44967],[39.64584,24.44915],[39.64578,24.4485],[39.64559,24.44793],[39.64529,24.44745],[39.64483,24.44699],[39.6415,24.4444]]]},"properties":{"district_id":"madinah-housing","name_ar":"الأسكان","name_en":"Housing","city":"madinah","source_codes":["70030076562869356"]}},{"type":"Feature","id":"madinah-hura-al-wabra","geometry":{"type":"Polygon","coordinates":[[[39.58268,24.46713],[39.57809,24.46715],[39.57813,24.46533],[39.57806,24.46449],[39.57711,24.45973],[39.57707,24.45818],[39.57791,24.45525],[39.57844,24.45372],[39.57893,24.45273],[39.57975,24.45147],[39.57994,24.45096],[39.58219,24.45225],[39.58285,24.4525],[39.58372,24.45258],[39.58591,24.45221],[39.58689,24.4522],[39.58782,24.45245],[39.59037,24.45358],[39.58431,24.46354],[39.58336,24.46536],[39.58268,24.46713]]]},"properties":{"district_id":"madinah-hura-al-wabra","name_ar":"حرة الوبرة","name_en":"Hura Al Wabra","city":"madinah","source_codes":["70030076562869352"]}},{"type":"Feature","id":"madinah-industrial","geometry":{"type":"Polygon","coordinates":[[[39.50998,24.35452],[39.52673,24.36223],[39.52521,24.36405],[39.51068,24.38266],[39.50658,24.38834],[39.50221,24.39492],[39.49492,24.39086],[39.49155,24.38881],[39.48305,24.38312],[39.47717,24.37871],[39.47333,24.376],[39.47178,24.37504],[39.47503,24.36762],[39.4773,24.36428],[39.47844,24.3631],[39.48383,24.35837],[39.49234,24.34718],[39.49331,24.34614],[39.49468,24.34722],[39.4973,24.34903],[39.50036,24.35088],[39.50355,24.35254],[39.50676,24.35321],[39.50998,24.35452]]]},"properties":{"district_id":"madinah-industrial","name_ar":"الصناعية","name_en":"Industrial","city":"madinah","source_codes":["70030076562863362"]}},{"type":"Feature","id":"madinah-industrial-city","geometry":{"type":"Polygon","coordinates":[[[39.56073,24.30407],[39.56059,24.30638],[39.56067,24.31105],[39.56084,24.31385],[39.56086,24.31735],[39.56058,24.32044],[39.56019,24.32279],[39.55935,24.32599],[39.55838,24.32882],[39.5565,24.3328],[39.55418,24.3373],[39.55282,24.341],[39.55226,24.34336],[39.55189,24.34591],[39.55176,24.34793],[39.55177,24.34932],[39.54806,24.34997],[39.54559,24.35059],[39.54317,24.35136],[39.54082,24.35226],[39.53853,24.35331],[39.53632,24.35448],[39.5342,24.35579],[39.53217,24.35722],[39.53026,24.35877],[39.52845,24.36043],[39.52673,24.36223],[39.51015,24.35459],[39.50676,24.35321],[39.50355,24.35254],[39.50036,24.35088],[39.4973,24.34903],[39.49468,24.34722],[39.49218,24.34526],[39.48982,24.34316],[39.4875,24.34084],[39.48535,24.33838],[39.4776,24.32901],[39.47629,24.32766],[39.47489,24.32638],[39.47341,24.32519],[39.47186,24.32408],[39.47024,24.32305],[39.46855,24.32211],[39.46681,24.32127],[39.46501,24.32053],[39.46317,24.31988],[39.46129,24.31934],[39.45903,24.31883],[39.45673,24.31847],[39.45442,24.31825],[39.43714,24.31723],[39.43452,24.31702],[39.43191,24.31669],[39.42869,24.31611],[39.42551,24.31536],[39.42238,24.31443],[39.41863,24.31309],[39.41616,24.31199],[39.41281,24.31028],[39.40808,24.30758],[39.40453,24.30544],[39.40168,24.30387],[39.39934,24.30288],[39.3969,24.30217],[39.39418,24.30151],[39.39059,24.30117],[39.38715,24.30122],[39.37679,24.30158],[39.37227,24.3019],[39.36838,24.30246],[39.36629,24.30295],[39.36386,24.30326],[39.3622,24.30315],[39.36004,24.30268],[39.35924,24.30237],[39.3574,24.30141],[39.35329,24.29954],[39.34611,24.29669],[39.3438,24.29586],[39.33625,24.29283],[39.33171,24.29118],[39.33178,24.29044],[39.3318,24.28544],[39.33165,24.28435],[39.33141,24.28345],[39.33085,24.28194],[39.33043,24.28024],[39.33071,24.27985],[39.33129,24.27628],[39.33401,24.27357],[39.33938,24.27004],[39.34423,24.2677],[39.35092,24.26746],[39.36087,24.26665],[39.36926,24.26877],[39.37519,24.26868],[39.37831,24.26549],[39.3822,24.26278],[39.38907,24.26227],[39.39185,24.26004],[39.39756,24.26075],[39.39828,24.26056],[39.39855,24.26102],[39.40126,24.26145],[39.40301,24.26262],[39.40445,24.2648],[39.40526,24.26684],[39.40526,24.26845],[39.40511,24.26962],[39.40798,24.27136],[39.40783,24.27282],[39.40974,24.27399],[39.41102,24.27632],[39.41119,24.27734],[39.41374,24.27821],[39.41533,24.2782],[39.41821,24.28199],[39.42061,24.28447],[39.42301,24.28665],[39.42779,24.28722],[39.43113,24.28707],[39.43782,24.28705],[39.44165,24.28791],[39.44499,24.28571],[39.44786,24.28556],[39.452,24.28511],[39.4555,24.28393],[39.45932,24.28391],[39.46409,24.28215],[39.46934,24.27994],[39.47539,24.27788],[39.48111,24.2745],[39.48859,24.27083],[39.49829,24.26627],[39.50147,24.26655],[39.50673,24.26741],[39.50864,24.26696],[39.51453,24.26592],[39.5201,24.264],[39.5228,24.26268],[39.52757,24.25916],[39.53313,24.25724],[39.53887,24.25634],[39.5438,24.25574],[39.5489,24.25572],[39.55479,24.25556],[39.55902,24.25562],[39.56089,24.25624],[39.56155,24.26405],[39.56129,24.26689],[39.5613,24.27202],[39.56147,24.27526],[39.56191,24.27902],[39.56292,24.28376],[39.56329,24.28787],[39.56332,24.29024],[39.5631,24.29248],[39.56271,24.2943],[39.56165,24.29819],[39.56073,24.30407]]]},"properties":{"district_id":"madinah-industrial-city","name_ar":"المدينة الصناعية","name_en":"Industrial City","city":"madinah","source_codes":["70030076562869432"]}},{"type":"Feature","id":"madinah-jabal-ayr","geometry":{"type":"Polygon","coordinates":[[[39.5751,24.41425],[39.57367,24.41414],[39.57238,24.41378],[39.57144,24.41334],[39.56996,24.41241],[39.56892,24.41188],[39.56758,24.41136],[39.56617,24.41099],[39.56429,24.41078],[39.56065,24.41074],[39.55811,24.41046],[39.55593,24.41008],[39.55339,24.40935],[39.55267,24.40923],[39.55169,24.4092],[39.5506,24.40936],[39.55002,24.40755],[39.54877,24.4043],[39.54836,24.40279],[39.54804,24.40126],[39.54783,24.39972],[39.54773,24.39817],[39.54773,24.39661],[39.54783,24.39506],[39.54804,24.39352],[39.54835,24.39209],[39.54872,24.39131],[39.54924,24.39061],[39.55014,24.38983],[39.5549,24.38704],[39.55594,24.38628],[39.55731,24.3849],[39.55792,24.38405],[39.5584,24.3832],[39.55916,24.38113],[39.55939,24.38018],[39.55953,24.37914],[39.55945,24.37583],[39.55932,24.37485],[39.55905,24.37377],[39.56067,24.37307],[39.56213,24.37215],[39.56795,24.36707],[39.56963,24.36585],[39.57177,24.36451],[39.57311,24.36382],[39.57575,24.36271],[39.5772,24.3624],[39.57865,24.36238],[39.5802,24.36266],[39.58219,24.36336],[39.58852,24.36634],[39.58998,24.36729],[39.5913,24.36839],[39.59258,24.36978],[39.59357,24.3712],[39.59261,24.37208],[39.592,24.37304],[39.58644,24.38657],[39.58567,24.39016],[39.58535,24.39238],[39.58518,24.39278],[39.5846,24.39395],[39.5839,24.39511],[39.58185,24.39772],[39.58154,24.39837],[39.58121,24.39934],[39.58082,24.40123],[39.5808,24.40231],[39.58102,24.40346],[39.58168,24.4055],[39.58186,24.40718],[39.58168,24.40881],[39.58121,24.4103],[39.58078,24.41118],[39.58032,24.41181],[39.5796,24.41255],[39.57886,24.41311],[39.57789,24.41364],[39.577,24.41396],[39.57611,24.41416],[39.5751,24.41425]]]},"properties":{"district_id":"madinah-jabal-ayr","name_ar":"جبل عير","name_en":"Jabal Ayr","city":"madinah","source_codes":["70030076562869385"]}},{"type":"Feature","id":"madinah-jama-or-khalid","geometry":{"type":"Polygon","coordinates":[[[39.53809,24.41265],[39.53928,24.41334],[39.54027,24.41426],[39.54099,24.41534],[39.5424,24.4181],[39.5438,24.42014],[39.54655,24.42355],[39.5515,24.42853],[39.55305,24.42986],[39.55692,24.43262],[39.56117,24.43596],[39.56491,24.43839],[39.56645,24.43957],[39.56821,24.44125],[39.57187,24.44545],[39.57372,24.44713],[39.5726,24.44774],[39.57133,24.44818],[39.56735,24.44884],[39.5665,24.44907],[39.56568,24.44939],[39.56394,24.45029],[39.56309,24.45054],[39.56201,24.45052],[39.55941,24.44962],[39.55832,24.44942],[39.55721,24.44934],[39.5561,24.44939],[39.555,24.44957],[39.55394,24.44987],[39.55293,24.4503],[39.55198,24.45083],[39.55112,24.45147],[39.55034,24.4522],[39.54968,24.45302],[39.54913,24.45391],[39.5487,24.45485],[39.54753,24.45856],[39.54725,24.45898],[39.54675,24.45947],[39.54579,24.45995],[39.53941,24.43616],[39.53857,24.43388],[39.53783,24.43244],[39.53698,24.43107],[39.52124,24.40665],[39.52031,24.40498],[39.52448,24.40697],[39.53809,24.41265]]]},"properties":{"district_id":"madinah-jama-or-khalid","name_ar":"جماء أم خالد","name_en":"Jama or Khalid","city":"madinah","source_codes":["70030076562869405"]}},{"type":"Feature","id":"madinah-josham","geometry":{"type":"Polygon","coordinates":[[[39.69625,24.45399],[39.69794,24.47489],[39.66157,24.47198],[39.66289,24.46984],[39.66395,24.46771],[39.6663,24.46176],[39.66717,24.45935],[39.66768,24.45733],[39.66798,24.45545],[39.6681,24.45328],[39.66802,24.45134],[39.67077,24.45184],[39.68082,24.45334],[39.68932,24.45379],[39.69625,24.45399]]]},"properties":{"district_id":"madinah-josham","name_ar":"جشم","name_en":"Josham","city":"madinah","source_codes":["70030076562869415"]}},{"type":"Feature","id":"madinah-khakh","geometry":{"type":"Polygon","coordinates":[[[39.55177,24.34932],[39.55176,24.34793],[39.55189,24.34591],[39.55226,24.34336],[39.55282,24.341],[39.55418,24.3373],[39.5565,24.3328],[39.55838,24.32882],[39.55935,24.32599],[39.56019,24.32279],[39.56062,24.32012],[39.56087,24.317],[39.56084,24.31385],[39.56067,24.31105],[39.56058,24.30723],[39.56067,24.30478],[39.56087,24.30307],[39.56159,24.2985],[39.562,24.29672],[39.5628,24.29394],[39.56317,24.29195],[39.56334,24.28948],[39.56319,24.28622],[39.57678,24.28643],[39.58085,24.28675],[39.58316,24.28704],[39.58674,24.28763],[39.59106,24.28865],[39.59674,24.29092],[39.6023,24.29378],[39.60446,24.29501],[39.61427,24.30376],[39.61032,24.30877],[39.60883,24.31161],[39.60798,24.31358],[39.60756,24.31523],[39.60685,24.31878],[39.60691,24.32149],[39.60731,24.32492],[39.6075,24.32909],[39.6073,24.33141],[39.60662,24.33444],[39.60557,24.3385],[39.60512,24.34117],[39.60407,24.3455],[39.60161,24.3451],[39.59671,24.34459],[39.59178,24.34435],[39.58684,24.34441],[39.58192,24.34474],[39.57703,24.34536],[39.55177,24.34932]]]},"properties":{"district_id":"madinah-khakh","name_ar":"خاخ","name_en":"Khakh","city":"madinah","source_codes":["70030076562869386"]}},{"type":"Feature","id":"madinah-king-fahd","geometry":{"type":"Polygon","coordinates":[[[39.70847,24.47575],[39.70937,24.48484],[39.70954,24.48841],[39.70947,24.49216],[39.70926,24.49466],[39.70893,24.49731],[39.70808,24.50162],[39.70749,24.50388],[39.70652,24.50701],[39.70529,24.51024],[39.70431,24.5124],[39.70337,24.51417],[39.70211,24.51621],[39.70066,24.51819],[39.69911,24.52003],[39.69732,24.5218],[39.69578,24.52315],[39.69436,24.52426],[39.69284,24.52531],[39.68623,24.52934],[39.68535,24.52885],[39.67905,24.52603],[39.6769,24.52484],[39.67521,24.52363],[39.66943,24.51893],[39.67568,24.51833],[39.67662,24.51816],[39.6775,24.51783],[39.67831,24.51736],[39.679,24.51676],[39.67957,24.51605],[39.69766,24.47807],[39.69795,24.47721],[39.69803,24.47661],[39.69794,24.47489],[39.70847,24.47575]]]},"properties":{"district_id":"madinah-king-fahd","name_ar":"الملك فهد","name_en":"King Fahd","city":"madinah","source_codes":["70030076562869420"]}},{"type":"Feature","id":"madinah-kittanah","geometry":{"type":"Polygon","coordinates":[[[39.5312,24.55506],[39.53244,24.55386],[39.53335,24.5532],[39.534,24.55293],[39.53596,24.55248],[39.53712,24.55194],[39.53943,24.55044],[39.5503,24.54209],[39.5516,24.54324],[39.55413,24.54499],[39.55662,24.54642],[39.56032,24.54822],[39.56528,24.55123],[39.56747,24.55246],[39.56973,24.55356],[39.57149,24.55429],[39.56982,24.55754],[39.5662,24.56738],[39.54545,24.56311],[39.54355,24.56265],[39.54124,24.56193],[39.53839,24.56071],[39.53605,24.55936],[39.53391,24.55776],[39.53293,24.55687],[39.5312,24.55506]]]},"properties":{"district_id":"madinah-kittanah","name_ar":"كتانة","name_en":"Kittanah","city":"madinah","source_codes":["70030076562869430"]}},{"type":"Feature","id":"madinah-masjid-ad-dara","geometry":{"type":"Polygon","coordinates":[[[39.61597,24.49803],[39.61459,24.49744],[39.61305,24.4969],[39.61162,24.49651],[39.60996,24.49619],[39.608,24.49597],[39.60151,24.49559],[39.60273,24.4889],[39.60302,24.48583],[39.61172,24.48557],[39.61576,24.48565],[39.61693,24.49391],[39.61656,24.49613],[39.61597,24.49803]]]},"properties":{"district_id":"madinah-masjid-ad-dara","name_ar":"مسجد الدرع","name_en":"Masjid Ad Dara","city":"madinah","source_codes":["70030076562869389"]}},{"type":"Feature","id":"madinah-naka","geometry":{"type":"Polygon","coordinates":[[[39.60721,24.46736],[39.60225,24.46738],[39.60227,24.46656],[39.60248,24.46515],[39.60285,24.46413],[39.60321,24.46364],[39.60367,24.46321],[39.6042,24.46287],[39.605,24.46257],[39.60623,24.46243],[39.60998,24.46234],[39.60886,24.46387],[39.60853,24.46416],[39.60747,24.46564],[39.60725,24.4661],[39.60721,24.46736]]]},"properties":{"district_id":"madinah-naka","name_ar":"النقا","name_en":"Naka","city":"madinah","source_codes":["70030076562869369"]}},{"type":"Feature","id":"madinah-nubala","geometry":{"type":"Polygon","coordinates":[[[39.68466,24.379],[39.66978,24.39979],[39.64307,24.38756],[39.65633,24.37143],[39.65889,24.36843],[39.66248,24.36449],[39.6789,24.37443],[39.68044,24.37542],[39.6819,24.37651],[39.68329,24.37768],[39.68466,24.379]]]},"properties":{"district_id":"madinah-nubala","name_ar":"نبلاء","name_en":"Nubala","city":"madinah","source_codes":["70030076562869375"]}},{"type":"Feature","id":"madinah-ouyoun-ahad","geometry":{"type":"Polygon","coordinates":[[[39.58095,24.50647],[39.58146,24.50633],[39.58215,24.50636],[39.58276,24.50645],[39.58361,24.50671],[39.58455,24.50671],[39.58411,24.50579],[39.58427,24.50508],[39.58421,24.5038],[39.58531,24.49672],[39.58547,24.49326],[39.58573,24.49197],[39.58577,24.49122],[39.58481,24.48836],[39.58779,24.48731],[39.58873,24.48898],[39.58999,24.49066],[39.59146,24.49209],[39.59316,24.49332],[39.59507,24.49431],[39.59705,24.495],[39.599,24.49539],[39.60151,24.49559],[39.60116,24.4979],[39.60096,24.49985],[39.59935,24.50661],[39.59943,24.50674],[39.59809,24.51096],[39.59797,24.51101],[39.59618,24.51826],[39.59604,24.51955],[39.59597,24.52394],[39.59582,24.52532],[39.5956,24.5265],[39.59447,24.53112],[39.59414,24.53547],[39.59394,24.53684],[39.59243,24.54223],[39.5924,24.54329],[39.59252,24.54407],[39.59271,24.5447],[39.59317,24.54563],[39.59411,24.54717],[39.5873,24.54549],[39.58678,24.54232],[39.58609,24.53948],[39.58393,24.53453],[39.58369,24.5338],[39.5836,24.53319],[39.58356,24.53061],[39.58338,24.52957],[39.583,24.52856],[39.58212,24.5268],[39.58186,24.52604],[39.58179,24.52537],[39.58179,24.52062],[39.58171,24.51993],[39.58122,24.51774],[39.58118,24.51707],[39.58148,24.51456],[39.58187,24.51287],[39.58208,24.51275],[39.5822,24.51133],[39.58188,24.50851],[39.58151,24.50744],[39.58095,24.50647]]]},"properties":{"district_id":"madinah-ouyoun-ahad","name_ar":"العـيـون (أحد)","name_en":"Ouyoun (Ahad)","city":"madinah","source_codes":["70030076562874910"]}},{"type":"Feature","id":"madinah-qubeiba","geometry":{"type":"Polygon","coordinates":[[[39.70499,24.74952],[39.70592,24.75363],[39.70669,24.76157],[39.70705,24.76374],[39.70665,24.76789],[39.7062,24.76925],[39.70657,24.77274],[39.70535,24.77733],[39.70232,24.78457],[39.70005,24.78832],[39.69301,24.79518],[39.68953,24.79801],[39.68909,24.79919],[39.68909,24.7997],[39.68613,24.80036],[39.68387,24.80121],[39.68318,24.80231],[39.68265,24.80789],[39.68209,24.8098],[39.68116,24.81476],[39.68063,24.81822],[39.68071,24.81987],[39.68023,24.82383],[39.68055,24.82648],[39.68132,24.83041],[39.68213,24.83173],[39.68346,24.83265],[39.68804,24.83533],[39.69054,24.83625],[39.69095,24.83794],[39.69083,24.84102],[39.69034,24.84502],[39.68905,24.84903],[39.68796,24.8513],[39.6848,24.85325],[39.68278,24.85424],[39.68075,24.85472],[39.6793,24.85541],[39.67812,24.85743],[39.67788,24.86015],[39.67739,24.86129],[39.67537,24.86199],[39.67428,24.86283],[39.67221,24.86415],[39.6691,24.86562],[39.66671,24.86636],[39.66493,24.86713],[39.66198,24.86869],[39.59213,24.84426],[39.53889,24.8275],[39.53304,24.8259],[39.53294,24.82574],[39.53293,24.82557],[39.53388,24.82343],[39.54087,24.81278],[39.54133,24.81221],[39.54424,24.80936],[39.54456,24.80857],[39.54514,24.80403],[39.5455,24.79318],[39.54735,24.77821],[39.54662,24.76712],[39.54676,24.76658],[39.55032,24.76004],[39.55071,24.75942],[39.55301,24.75648],[39.55526,24.75403],[39.55596,24.75343],[39.5619,24.74994],[39.56239,24.74972],[39.56294,24.74961],[39.56986,24.74899],[39.57022,24.74887],[39.57075,24.74841],[39.57112,24.74821],[39.57161,24.74816],[39.57385,24.74823],[39.57664,24.74743],[39.57707,24.7472],[39.57876,24.7454],[39.57987,24.7448],[39.58049,24.74426],[39.58338,24.74082],[39.58388,24.74033],[39.58457,24.73984],[39.5858,24.73941],[39.58605,24.73922],[39.58623,24.73893],[39.58628,24.73827],[39.586,24.73795],[39.58139,24.73715],[39.58104,24.73702],[39.58077,24.73681],[39.5806,24.73654],[39.58064,24.73596],[39.58138,24.73454],[39.58219,24.7337],[39.58474,24.73133],[39.58938,24.72801],[39.58999,24.72783],[39.59136,24.72816],[39.59166,24.72814],[39.59208,24.72792],[39.59261,24.72716],[39.59343,24.7262],[39.59489,24.72484],[39.60351,24.71792],[39.61708,24.7072],[39.61806,24.70627],[39.62184,24.70225],[39.62447,24.69778],[39.62774,24.68942],[39.62787,24.68884],[39.62809,24.68619],[39.62853,24.67955],[39.63088,24.67331],[39.63394,24.6656],[39.63449,24.66336],[39.63546,24.65878],[39.63807,24.65045],[39.63918,24.64532],[39.63965,24.64375],[39.64092,24.64227],[39.65514,24.62742],[39.65584,24.62636],[39.66145,24.60684],[39.66206,24.60482],[39.66238,24.60404],[39.66536,24.59909],[39.67224,24.58827],[39.67873,24.57755],[39.68187,24.5726],[39.68294,24.57287],[39.6821,24.57519],[39.68107,24.57861],[39.68048,24.58137],[39.68001,24.58413],[39.68011,24.58681],[39.68063,24.58984],[39.68215,24.59565],[39.68404,24.59971],[39.68644,24.60337],[39.6925,24.60964],[39.70323,24.61914],[39.69675,24.62598],[39.69364,24.63059],[39.69233,24.6354],[39.69172,24.63804],[39.69118,24.64134],[39.68949,24.64644],[39.6889,24.65369],[39.6879,24.65807],[39.68732,24.66575],[39.69066,24.6742],[39.6985,24.70085],[39.70301,24.72049],[39.7034,24.73455],[39.70499,24.74952]]]},"properties":{"district_id":"madinah-qubeiba","name_ar":"حى القبيبة","name_en":"Qubeiba","city":"madinah","source_codes":["70030076562869444"]}},{"type":"Feature","id":"madinah-qurban","geometry":{"type":"Polygon","coordinates":[[[39.60998,24.46234],[39.61083,24.46112],[39.6111,24.45988],[39.61154,24.45929],[39.61791,24.45506],[39.61855,24.4545],[39.61911,24.45388],[39.61977,24.45284],[39.62238,24.44764],[39.62372,24.44514],[39.62573,24.44104],[39.62773,24.44109],[39.62951,24.44131],[39.63088,24.4416],[39.63289,24.44225],[39.6301,24.44887],[39.62896,24.4508],[39.62764,24.45361],[39.62679,24.4544],[39.62274,24.45923],[39.62166,24.46032],[39.61987,24.46194],[39.61864,24.46338],[39.61736,24.4643],[39.61661,24.46377],[39.61578,24.46332],[39.61443,24.46283],[39.61349,24.46264],[39.61185,24.46244],[39.60998,24.46234]]]},"properties":{"district_id":"madinah-qurban","name_ar":"قربان","name_en":"Qurban","city":"madinah","source_codes":["70030076562869395"]}},{"type":"Feature","id":"madinah-raht","geometry":{"type":"Polygon","coordinates":[[[39.6302,24.35176],[39.63453,24.35286],[39.64045,24.35455],[39.64624,24.35657],[39.65189,24.35892],[39.65736,24.36159],[39.66248,24.36449],[39.65889,24.36843],[39.65633,24.37143],[39.64307,24.38756],[39.61902,24.37654],[39.6302,24.35176]]]},"properties":{"district_id":"madinah-raht","name_ar":"رهـط","name_en":"Raht","city":"madinah","source_codes":["70030076562869379"]}},{"type":"Feature","id":"madinah-sad-al-ghaba","geometry":{"type":"Polygon","coordinates":[[[39.57135,24.74816],[39.5709,24.74831],[39.57022,24.74887],[39.56986,24.74899],[39.56294,24.74961],[39.56239,24.74972],[39.5619,24.74994],[39.55678,24.75294],[39.55331,24.75031],[39.54929,24.74777],[39.5429,24.74532],[39.54086,24.74344],[39.54036,24.74313],[39.53673,24.73961],[39.53231,24.74031],[39.52385,24.74039],[39.5163,24.74018],[39.50852,24.73956],[39.48867,24.73563],[39.47988,24.73528],[39.47462,24.7353],[39.46919,24.73554],[39.46637,24.7382],[39.45942,24.74361],[39.45131,24.74745],[39.44238,24.74927],[39.40896,24.74952],[39.39336,24.7502],[39.38846,24.74119],[39.38068,24.71927],[39.37963,24.70998],[39.38906,24.70132],[39.39558,24.69399],[39.40361,24.68594],[39.42145,24.67773],[39.42738,24.6734],[39.4359,24.67045],[39.43908,24.67108],[39.45088,24.66922],[39.45837,24.66837],[39.46418,24.66901],[39.47255,24.6713],[39.47355,24.66865],[39.47419,24.66741],[39.4777,24.66136],[39.47964,24.6582],[39.48203,24.65565],[39.49058,24.64718],[39.49137,24.64647],[39.49317,24.64554],[39.50325,24.64191],[39.5047,24.64147],[39.51059,24.63998],[39.51774,24.63902],[39.51879,24.6388],[39.52067,24.63816],[39.52182,24.63773],[39.5225,24.63737],[39.52325,24.63682],[39.52575,24.63448],[39.5275,24.63269],[39.52795,24.63192],[39.52859,24.62899],[39.52907,24.62735],[39.53052,24.62444],[39.53134,24.62244],[39.53292,24.61081],[39.53329,24.60974],[39.53391,24.60902],[39.53433,24.60871],[39.53535,24.60838],[39.53985,24.60802],[39.54059,24.60787],[39.55237,24.60264],[39.5543,24.60164],[39.55625,24.60007],[39.55828,24.59822],[39.55959,24.59717],[39.56023,24.59673],[39.562,24.5958],[39.56446,24.595],[39.57253,24.59302],[39.57474,24.59322],[39.57567,24.59308],[39.5804,24.59075],[39.58102,24.59042],[39.58216,24.58962],[39.58361,24.58805],[39.58576,24.58486],[39.58729,24.58229],[39.58784,24.58103],[39.5882,24.57931],[39.58859,24.57215],[39.5943,24.57275],[39.61965,24.57473],[39.62268,24.57505],[39.62265,24.57658],[39.62274,24.57831],[39.62295,24.58002],[39.62328,24.58172],[39.62372,24.5834],[39.62428,24.58505],[39.62496,24.58666],[39.62574,24.58823],[39.62664,24.58975],[39.62763,24.59121],[39.63169,24.59672],[39.63241,24.59751],[39.63359,24.5986],[39.6343,24.59915],[39.63584,24.60012],[39.63665,24.60053],[39.63836,24.60122],[39.64015,24.60171],[39.64106,24.60187],[39.64292,24.60204],[39.64478,24.602],[39.64663,24.60174],[39.64842,24.60127],[39.65273,24.59948],[39.6546,24.59882],[39.65652,24.59828],[39.65847,24.59787],[39.66045,24.59757],[39.66311,24.59736],[39.66497,24.59739],[39.66625,24.59768],[39.66315,24.60267],[39.66223,24.60434],[39.66145,24.60684],[39.65584,24.62636],[39.65514,24.62742],[39.64092,24.64227],[39.63965,24.64375],[39.63918,24.64532],[39.63807,24.65045],[39.63546,24.65878],[39.63449,24.66336],[39.63394,24.6656],[39.63088,24.67331],[39.62853,24.67955],[39.62809,24.68619],[39.62787,24.68884],[39.62774,24.68942],[39.62447,24.69778],[39.62218,24.70175],[39.62122,24.70294],[39.61806,24.70627],[39.61708,24.7072],[39.60351,24.71792],[39.59489,24.72484],[39.59343,24.7262],[39.59261,24.72716],[39.59208,24.72792],[39.59166,24.72814],[39.59136,24.72816],[39.58999,24.72783],[39.58938,24.72801],[39.58474,24.73133],[39.58138,24.73454],[39.58064,24.73596],[39.5806,24.73654],[39.58077,24.73681],[39.58104,24.73702],[39.58139,24.73715],[39.586,24.73795],[39.58628,24.73827],[39.58623,24.73893],[39.58605,24.73922],[39.5858,24.73941],[39.58457,24.73984],[39.58388,24.74033],[39.58338,24.74082],[39.58049,24.74426],[39.57987,24.7448],[39.57876,24.7454],[39.57707,24.7472],[39.57664,24.74743],[39.57385,24.74823],[39.57135,24.74816]]]},"properties":{"district_id":"madinah-sad-al-ghaba","name_ar":"حى سد الغابة","name_en":"Sad Al Ghaba","city":"madinah","source_codes":["70030076562869442"]}},{"type":"Feature","id":"madinah-shidhat","geometry":{"type":"Polygon","coordinates":[[[39.65704,24.50813],[39.65558,24.50684],[39.6523,24.50322],[39.64507,24.49642],[39.64363,24.49517],[39.64171,24.49376],[39.64468,24.49066],[39.65507,24.47943],[39.65604,24.47996],[39.65712,24.4809],[39.65776,24.48175],[39.65866,24.48358],[39.6593,24.48441],[39.66475,24.48932],[39.66594,24.49],[39.66703,24.49028],[39.66816,24.49031],[39.66948,24.49004],[39.67078,24.49412],[39.66878,24.49467],[39.66809,24.49494],[39.66715,24.49549],[39.66633,24.49619],[39.66287,24.50066],[39.65948,24.50456],[39.65753,24.50753],[39.65704,24.50813]]]},"properties":{"district_id":"madinah-shidhat","name_ar":"شـظاة","name_en":"Shidhat","city":"madinah","source_codes":["70030076562869358"]}},{"type":"Feature","id":"madinah-shuran","geometry":{"type":"Polygon","coordinates":[[[39.64307,24.38756],[39.62376,24.41109],[39.61878,24.40932],[39.6147,24.40768],[39.61079,24.40595],[39.60663,24.40391],[39.61902,24.37654],[39.64307,24.38756]]]},"properties":{"district_id":"madinah-shuran","name_ar":"شوران","name_en":"Shuran","city":"madinah","source_codes":["70030076562869424"]}},{"type":"Feature","id":"madinah-talaa-ahad","geometry":{"type":"Polygon","coordinates":[[[39.66271,24.51301],[39.66611,24.51621],[39.66943,24.51893],[39.66355,24.51962],[39.66212,24.51992],[39.66111,24.52026],[39.66015,24.52072],[39.6592,24.52129],[39.65805,24.52217],[39.65045,24.51388],[39.65371,24.51106],[39.65314,24.51081],[39.65281,24.51046],[39.65256,24.50914],[39.65251,24.50832],[39.65219,24.50718],[39.65101,24.50516],[39.65007,24.50406],[39.65008,24.50363],[39.65076,24.50277],[39.65046,24.50247],[39.64918,24.50181],[39.64832,24.50258],[39.64697,24.50344],[39.64633,24.50423],[39.64608,24.50434],[39.64515,24.50447],[39.64473,24.50474],[39.64442,24.50509],[39.64394,24.50532],[39.6431,24.50532],[39.64273,24.50492],[39.64243,24.50475],[39.64132,24.50513],[39.64062,24.50551],[39.64024,24.50562],[39.63978,24.50561],[39.63949,24.50536],[39.63938,24.50489],[39.63951,24.50453],[39.64094,24.50348],[39.6411,24.50327],[39.64133,24.50255],[39.64132,24.50235],[39.64085,24.50164],[39.64082,24.50136],[39.64107,24.50083],[39.6417,24.50033],[39.64185,24.49997],[39.6415,24.49885],[39.64149,24.49808],[39.6414,24.49772],[39.64074,24.49675],[39.63945,24.49538],[39.64038,24.49478],[39.64171,24.49376],[39.64304,24.49473],[39.6445,24.4959],[39.65191,24.50284],[39.65311,24.50405],[39.65558,24.50684],[39.66271,24.51301]]]},"properties":{"district_id":"madinah-talaa-ahad","name_ar":"التـلعة (أحد)","name_en":"Talaa (Ahad)","city":"madinah","source_codes":["70030076562863366"]}},{"type":"Feature","id":"madinah-the-railway","geometry":{"type":"Polygon","coordinates":[[[39.49764,24.43404],[39.49768,24.43437],[39.49759,24.43512],[39.49787,24.43651],[39.5014,24.45106],[39.50172,24.45275],[39.50206,24.45482],[39.50354,24.46632],[39.50117,24.46718],[39.49945,24.46757],[39.49303,24.46774],[39.49021,24.4676],[39.46107,24.46504],[39.46567,24.45033],[39.46716,24.44599],[39.46909,24.44156],[39.47177,24.44178],[39.47314,24.44182],[39.47473,24.4417],[39.47638,24.44137],[39.49764,24.43404]]]},"properties":{"district_id":"madinah-the-railway","name_ar":"سكة الحديد","name_en":"The railway","city":"madinah","source_codes":["70030076562869426"]}},{"type":"Feature","id":"madinah-tiba","geometry":{"type":"Polygon","coordinates":[[[39.53533,24.51629],[39.533,24.51676],[39.53175,24.51691],[39.5315,24.51686],[39.53148,24.51694],[39.52919,24.51707],[39.48456,24.51751],[39.4809,24.51739],[39.47636,24.51691],[39.47389,24.51677],[39.47326,24.51684],[39.4717,24.51722],[39.47065,24.5177],[39.46952,24.51844],[39.46848,24.51948],[39.46776,24.52057],[39.4674,24.52145],[39.46704,24.52286],[39.46668,24.5249],[39.46621,24.52607],[39.46567,24.52706],[39.45968,24.52283],[39.45735,24.52081],[39.4563,24.51971],[39.45533,24.51854],[39.45445,24.51732],[39.45365,24.51605],[39.45295,24.51473],[39.45234,24.51338],[39.45183,24.51199],[39.45142,24.51057],[39.45102,24.50863],[39.45075,24.50564],[39.45069,24.50213],[39.45085,24.49993],[39.45115,24.49775],[39.4516,24.49559],[39.45219,24.49345],[39.45448,24.48613],[39.46594,24.48973],[39.46838,24.49043],[39.47087,24.49099],[39.47338,24.49141],[39.47592,24.4917],[39.47848,24.49184],[39.48104,24.49184],[39.48359,24.49171],[39.5213,24.48864],[39.52218,24.48848],[39.52364,24.48805],[39.53383,24.48462],[39.53549,24.48381],[39.53703,24.48281],[39.53843,24.48164],[39.54525,24.47474],[39.54594,24.47413],[39.54672,24.4736],[39.54781,24.47303],[39.54917,24.47256],[39.55222,24.48398],[39.55503,24.49504],[39.55642,24.50001],[39.55513,24.50096],[39.55349,24.50238],[39.55199,24.50397],[39.54757,24.50913],[39.54634,24.51033],[39.54487,24.51156],[39.54256,24.51314],[39.54065,24.51418],[39.53813,24.51531],[39.53533,24.51629]]]},"properties":{"district_id":"madinah-tiba","name_ar":"طيبة","name_en":"Tiba","city":"madinah","source_codes":["70030076562869439"]}},{"type":"Feature","id":"madinah-um-al-seouf","geometry":{"type":"Polygon","coordinates":[[[39.83589,24.28647],[39.83392,24.28754],[39.83197,24.28891],[39.83083,24.28989],[39.82957,24.29121],[39.82888,24.29208],[39.82803,24.29326],[39.82656,24.2957],[39.81892,24.30882],[39.81768,24.3104],[39.81663,24.31146],[39.81546,24.31238],[39.81445,24.31306],[39.8135,24.31358],[39.80555,24.31692],[39.80404,24.31764],[39.80206,24.31888],[39.8005,24.32019],[39.7925,24.32762],[39.77895,24.33893],[39.7779,24.33971],[39.77363,24.34245],[39.76938,24.34574],[39.76806,24.34705],[39.7661,24.34928],[39.76513,24.35016],[39.76444,24.35067],[39.7599,24.35332],[39.75849,24.35429],[39.72865,24.38449],[39.72683,24.38614],[39.7251,24.38757],[39.72322,24.38897],[39.72115,24.39037],[39.71432,24.38065],[39.71362,24.37987],[39.71315,24.37899],[39.70489,24.36743],[39.70278,24.36427],[39.70189,24.36312],[39.69593,24.35441],[39.69065,24.3474],[39.68724,24.34394],[39.68403,24.34098],[39.67681,24.33533],[39.66839,24.33072],[39.66295,24.32835],[39.65474,24.32586],[39.64564,24.32342],[39.63756,24.3206],[39.63157,24.31778],[39.62844,24.31586],[39.62189,24.31108],[39.61427,24.30376],[39.60446,24.29501],[39.6023,24.29378],[39.59674,24.29092],[39.59106,24.28865],[39.58674,24.28763],[39.58316,24.28704],[39.58085,24.28675],[39.57678,24.28643],[39.56319,24.28622],[39.56279,24.28296],[39.56191,24.27902],[39.56147,24.27526],[39.5613,24.27202],[39.56129,24.26689],[39.56155,24.26405],[39.56399,24.26166],[39.57031,24.25588],[39.57235,24.25286],[39.57309,24.25143],[39.57435,24.24821],[39.58288,24.24849],[39.5908,24.25075],[39.59786,24.24805],[39.61024,24.24649],[39.6191,24.24988],[39.62366,24.24566],[39.63904,24.24102],[39.6478,24.24556],[39.65526,24.23789],[39.68024,24.23969],[39.7015,24.24379],[39.71735,24.25059],[39.72401,24.25056],[39.72772,24.24291],[39.75187,24.2447],[39.76937,24.24728],[39.78935,24.24718],[39.80017,24.24674],[39.80546,24.2509],[39.8084,24.25551],[39.81601,24.25525],[39.81882,24.25002],[39.82536,24.2494],[39.8311,24.24494],[39.83704,24.24056],[39.8419,24.23394],[39.84983,24.2326],[39.85336,24.23152],[39.85843,24.22523],[39.86073,24.21473],[39.85839,24.20685],[39.8592,24.20067],[39.86348,24.19709],[39.8704,24.19502],[39.87583,24.18821],[39.88161,24.18639],[39.89275,24.18785],[39.89653,24.18631],[39.90121,24.18746],[39.90102,24.18873],[39.90114,24.19256],[39.90103,24.19547],[39.90227,24.20576],[39.90362,24.21329],[39.90575,24.21856],[39.91067,24.22645],[39.91384,24.23016],[39.91449,24.23101],[39.88909,24.24387],[39.87897,24.24846],[39.87657,24.24984],[39.87368,24.25202],[39.85565,24.26844],[39.85214,24.27179],[39.85048,24.27413],[39.84974,24.27545],[39.84923,24.27655],[39.8488,24.27781],[39.8485,24.27914],[39.84792,24.28078],[39.84753,24.28144],[39.84645,24.28265],[39.84533,24.28344],[39.84457,24.28384],[39.8383,24.28551],[39.83589,24.28647]]]},"properties":{"district_id":"madinah-um-al-seouf","name_ar":"ام السيوف","name_en":"Um Al Seouf","city":"madinah","source_codes":["70030076562869429"]}},{"type":"Feature","id":"madinah-urwah","geometry":{"type":"Polygon","coordinates":[[[39.60079,24.43658],[39.59037,24.45358],[39.58782,24.45245],[39.58689,24.4522],[39.58591,24.45221],[39.58372,24.45258],[39.58305,24.45254],[39.5825,24.45239],[39.57575,24.44854],[39.57372,24.44713],[39.57495,24.44614],[39.57714,24.44346],[39.58009,24.44078],[39.58049,24.44027],[39.58074,24.43966],[39.58246,24.43258],[39.60079,24.43658]]]},"properties":{"district_id":"madinah-urwah","name_ar":"عروة","name_en":"Urwah","city":"madinah","source_codes":["70030076562869402"]}},{"type":"Feature","id":"madinah-wadi-al-battan","geometry":{"type":"Polygon","coordinates":[[[39.87254,24.48672],[39.87209,24.48742],[39.8715,24.49075],[39.87519,24.49379],[39.87659,24.4967],[39.87795,24.50047],[39.87843,24.50122],[39.87946,24.50242],[39.88067,24.50333],[39.8809,24.50506],[39.88271,24.51455],[39.8839,24.51897],[39.88434,24.52519],[39.88404,24.52582],[39.88147,24.52829],[39.87667,24.53188],[39.86997,24.53849],[39.86194,24.54603],[39.85172,24.55275],[39.83726,24.55972],[39.82325,24.56612],[39.81268,24.57578],[39.81392,24.5836],[39.8145,24.5868],[39.80261,24.58539],[39.80019,24.58496],[39.7848,24.58163],[39.78238,24.58097],[39.78065,24.58033],[39.77849,24.57923],[39.77662,24.57803],[39.77429,24.57601],[39.75387,24.55726],[39.7524,24.55594],[39.75035,24.5545],[39.75555,24.54778],[39.75769,24.54526],[39.76007,24.54329],[39.75452,24.53834],[39.75027,24.53833],[39.75026,24.53573],[39.74952,24.53477],[39.74646,24.53324],[39.74546,24.53364],[39.74515,24.53365],[39.74453,24.53408],[39.74177,24.53682],[39.74147,24.53691],[39.74119,24.53677],[39.7398,24.5349],[39.73958,24.5342],[39.73723,24.52946],[39.73526,24.52428],[39.73526,24.52314],[39.73435,24.5227],[39.72885,24.52282],[39.7278,24.52267],[39.72751,24.52213],[39.72691,24.52177],[39.72669,24.5215],[39.7266,24.52061],[39.72684,24.52001],[39.7251,24.47705],[39.76248,24.48001],[39.76474,24.4801],[39.77926,24.48002],[39.7823,24.47984],[39.7838,24.47961],[39.78528,24.47931],[39.78817,24.47845],[39.79093,24.47727],[39.7935,24.47579],[39.80222,24.47004],[39.80375,24.46868],[39.8046,24.46763],[39.80531,24.4665],[39.80608,24.46468],[39.80664,24.46245],[39.81011,24.46321],[39.81485,24.46445],[39.81952,24.46591],[39.82194,24.46676],[39.85056,24.47878],[39.85846,24.4819],[39.87254,24.48672]]]},"properties":{"district_id":"madinah-wadi-al-battan","name_ar":"وادي البطان","name_en":"Wadi Al Battan","city":"madinah","source_codes":["70030076562869427"]}},{"type":"Feature","id":"madinah-wadi-al-hamdh","geometry":{"type":"Polygon","coordinates":[[[39.52795,24.63192],[39.5275,24.63269],[39.52575,24.63448],[39.52325,24.63682],[39.5225,24.63737],[39.52182,24.63773],[39.51879,24.6388],[39.51774,24.63902],[39.51059,24.63998],[39.50655,24.64097],[39.50325,24.64191],[39.49577,24.64462],[39.49463,24.63996],[39.49356,24.63398],[39.49326,24.63182],[39.49213,24.63203],[39.48157,24.63458],[39.48047,24.63408],[39.47789,24.63354],[39.47666,24.63342],[39.47389,24.63337],[39.47027,24.63359],[39.46749,24.63392],[39.46103,24.63501],[39.46007,24.6351],[39.45922,24.63442],[39.45816,24.63271],[39.45692,24.63047],[39.45611,24.62863],[39.45419,24.62334],[39.4523,24.61944],[39.45125,24.61621],[39.45079,24.61357],[39.44997,24.61214],[39.44873,24.61046],[39.4474,24.60919],[39.44488,24.60697],[39.4433,24.60532],[39.4425,24.60432],[39.44185,24.60287],[39.44189,24.60164],[39.44164,24.60132],[39.44074,24.60069],[39.43596,24.59788],[39.43432,24.59726],[39.43067,24.59557],[39.42872,24.59385],[39.42597,24.59026],[39.42436,24.58924],[39.42611,24.58731],[39.427,24.586],[39.43052,24.57953],[39.43155,24.57692],[39.43206,24.57532],[39.43265,24.5728],[39.43297,24.57071],[39.43338,24.56934],[39.43458,24.56665],[39.43544,24.56519],[39.43928,24.55982],[39.4446,24.55188],[39.45272,24.5417],[39.46567,24.52706],[39.47813,24.53574],[39.48072,24.53713],[39.48348,24.53823],[39.48797,24.53954],[39.49223,24.54048],[39.49506,24.54088],[39.50827,24.5423],[39.51135,24.5427],[39.51339,24.54316],[39.5154,24.54373],[39.52018,24.54552],[39.52222,24.54657],[39.52319,24.54718],[39.525,24.54855],[39.52661,24.5501],[39.53293,24.55687],[39.53496,24.55859],[39.53605,24.55936],[39.53839,24.56071],[39.54089,24.5618],[39.54262,24.56239],[39.54545,24.56311],[39.56406,24.5669],[39.57777,24.57015],[39.58322,24.5713],[39.58859,24.57215],[39.5882,24.57931],[39.58784,24.58103],[39.58757,24.58173],[39.58679,24.58319],[39.58576,24.58486],[39.58361,24.58805],[39.58216,24.58962],[39.58102,24.59042],[39.57948,24.59125],[39.57567,24.59308],[39.57474,24.59322],[39.57253,24.59302],[39.56446,24.595],[39.562,24.5958],[39.56023,24.59673],[39.55959,24.59717],[39.55828,24.59822],[39.55625,24.60007],[39.5543,24.60164],[39.55237,24.60264],[39.54059,24.60787],[39.53985,24.60802],[39.53535,24.60838],[39.53433,24.60871],[39.53391,24.60902],[39.53329,24.60974],[39.53292,24.61081],[39.53134,24.62244],[39.53052,24.62444],[39.52907,24.62735],[39.52859,24.62899],[39.52795,24.63192]]]},"properties":{"district_id":"madinah-wadi-al-hamdh","name_ar":"وادي الحمض","name_en":"Wadi  Al hamdh","city":"madinah","source_codes":["70030076562869443"]}},{"type":"Feature","id":"madinah-wadi-mahzur","geometry":{"type":"Polygon","coordinates":[[[39.65219,24.42986],[39.66082,24.43717],[39.66244,24.43879],[39.66386,24.44052],[39.66544,24.44298],[39.66608,24.44423],[39.66669,24.44566],[39.66754,24.44838],[39.66781,24.44972],[39.66802,24.45134],[39.65814,24.44824],[39.65684,24.4477],[39.65393,24.4461],[39.65205,24.4454],[39.65112,24.44518],[39.64977,24.44498],[39.64255,24.44449],[39.63882,24.44411],[39.63611,24.44347],[39.63289,24.44225],[39.6336,24.44074],[39.63417,24.44007],[39.63471,24.43966],[39.63896,24.43744],[39.65219,24.42986]]]},"properties":{"district_id":"madinah-wadi-mahzur","name_ar":"وادي مهزور","name_en":"Wadi Mahzur","city":"madinah","source_codes":["70030076562869396"]}},{"type":"Feature","id":"madinah-wadi-mudhainib","geometry":{"type":"Polygon","coordinates":[[[39.67331,24.41779],[39.6757,24.4207],[39.67952,24.4256],[39.68157,24.42853],[39.68232,24.43003],[39.68318,24.43212],[39.68407,24.43481],[39.68603,24.44244],[39.68851,24.45089],[39.68919,24.45297],[39.68932,24.45379],[39.68082,24.45334],[39.67077,24.45184],[39.66802,24.45134],[39.66781,24.44972],[39.66754,24.44838],[39.66669,24.44566],[39.66608,24.44423],[39.66544,24.44298],[39.66386,24.44052],[39.66244,24.43879],[39.66082,24.43717],[39.65219,24.42986],[39.67331,24.41779]]]},"properties":{"district_id":"madinah-wadi-mudhainib","name_ar":"وادي مذينب","name_en":"Wadi Mudhainib","city":"madinah","source_codes":["70030076562869418"]}},{"type":"Feature","id":"madinah-wahira","geometry":{"type":"Polygon","coordinates":[[[39.64582,24.57856],[39.64618,24.5762],[39.64649,24.57503],[39.64766,24.57181],[39.6485,24.56999],[39.64959,24.56829],[39.65022,24.56749],[39.65166,24.56601],[39.65235,24.56549],[39.65275,24.56508],[39.65309,24.56463],[39.65348,24.56389],[39.65376,24.56283],[39.65377,24.56201],[39.65361,24.5612],[39.65329,24.5604],[39.65522,24.5595],[39.65657,24.55874],[39.65786,24.55789],[39.65908,24.55697],[39.66082,24.55538],[39.66233,24.55361],[39.66358,24.55168],[39.66456,24.54962],[39.66526,24.54746],[39.66566,24.54525],[39.66575,24.54259],[39.66566,24.54106],[39.66547,24.53954],[39.66518,24.53803],[39.66479,24.53654],[39.66429,24.53508],[39.66371,24.53364],[39.66302,24.53225],[39.66225,24.53089],[39.65993,24.52754],[39.65954,24.52639],[39.65932,24.52454],[39.6591,24.52376],[39.65873,24.52303],[39.65805,24.52217],[39.6592,24.52129],[39.66015,24.52072],[39.66111,24.52026],[39.66212,24.51992],[39.66355,24.51962],[39.66943,24.51893],[39.67521,24.52363],[39.6769,24.52484],[39.67905,24.52603],[39.68535,24.52885],[39.68623,24.52934],[39.68223,24.53174],[39.68112,24.53267],[39.67966,24.53415],[39.67898,24.53506],[39.67851,24.53606],[39.67824,24.53713],[39.67755,24.54439],[39.67756,24.54578],[39.67981,24.55991],[39.68005,24.56173],[39.68015,24.56356],[39.68011,24.5654],[39.67994,24.56723],[39.67965,24.56883],[39.67914,24.5705],[39.6784,24.57209],[39.67744,24.57359],[39.67688,24.57429],[39.67563,24.57559],[39.67421,24.57673],[39.67264,24.5777],[39.67094,24.57848],[39.66916,24.57905],[39.6673,24.57941],[39.66542,24.57955],[39.65072,24.57892],[39.64582,24.57856]]]},"properties":{"district_id":"madinah-wahira","name_ar":"وعيـرة","name_en":"Wahira","city":"madinah","source_codes":["70030076562863360"]}},{"type":"Feature","id":"madinah-warqan","geometry":{"type":"Polygon","coordinates":[[[39.52673,24.36223],[39.52931,24.36342],[39.53304,24.36499],[39.52163,24.39331],[39.51975,24.39856],[39.51951,24.40027],[39.51952,24.40194],[39.51975,24.40331],[39.52031,24.40498],[39.50221,24.39492],[39.50658,24.38834],[39.51068,24.38266],[39.52521,24.36405],[39.52673,24.36223]]]},"properties":{"district_id":"madinah-warqan","name_ar":"ورقان","name_en":"Warqan","city":"madinah","source_codes":["70030076562869410"]}}]}