{"type":"FeatureCollection","city":"makkah","source":"momrah_administrative_districts","count":109,"features":[{"type":"Feature","id":"makkah-abidia","geometry":{"type":"Polygon","coordinates":[[[39.95401,21.31323],[39.95434,21.31335],[39.95508,21.31411],[39.95526,21.31454],[39.95603,21.31477],[39.95945,21.3194],[39.95958,21.32018],[39.9601,21.32117],[39.96091,21.32213],[39.963,21.32291],[39.96477,21.32346],[39.96537,21.32393],[39.96606,21.32479],[39.96745,21.32703],[39.96553,21.32752],[39.96434,21.32791],[39.96222,21.32888],[39.9469,21.33651],[39.94498,21.33755],[39.94263,21.33901],[39.93848,21.33681],[39.92772,21.33065],[39.9242,21.32762],[39.91599,21.31694],[39.91466,21.31487],[39.91312,21.31354],[39.91061,21.31231],[39.90816,21.31132],[39.90341,21.31053],[39.89697,21.3097],[39.89467,21.30906],[39.89449,21.30873],[39.89537,21.30798],[39.89567,21.30763],[39.89657,21.30597],[39.89784,21.30447],[39.90748,21.30808],[39.91112,21.30902],[39.91495,21.30954],[39.9175,21.30946],[39.92343,21.30859],[39.93056,21.30676],[39.94608,21.30154],[39.95088,21.30005],[39.95226,21.30061],[39.9519,21.30237],[39.95152,21.30316],[39.95187,21.30329],[39.95308,21.30257],[39.95529,21.30616],[39.95514,21.30623],[39.95522,21.30633],[39.95536,21.30627],[39.9561,21.30733],[39.95488,21.30787],[39.95495,21.30795],[39.95448,21.30828],[39.95446,21.30868],[39.95371,21.30901],[39.95356,21.30926],[39.95363,21.30944],[39.95386,21.30966],[39.95355,21.31005],[39.95378,21.3104],[39.95348,21.31048],[39.95308,21.31025],[39.95257,21.31081],[39.95292,21.31144],[39.95269,21.31166],[39.95301,21.31189],[39.95322,21.31227],[39.95306,21.31249],[39.95314,21.3127],[39.95381,21.31262],[39.95401,21.31323]]]},"properties":{"district_id":"makkah-abidia","name_ar":"العابدية","name_en":"Abidia","city":"makkah","source_codes":["70030076563135564"]}},{"type":"Feature","id":"makkah-ahad","geometry":{"type":"Polygon","coordinates":[[[39.99449,21.49691],[39.99472,21.49762],[39.99467,21.49972],[39.99457,21.50026],[39.99407,21.50102],[39.99095,21.50484],[39.98748,21.50787],[39.9865,21.50861],[39.98536,21.51004],[39.98479,21.51087],[39.98346,21.51487],[39.98232,21.51653],[39.97788,21.52169],[39.97572,21.52228],[39.97043,21.52351],[39.97002,21.52077],[39.96933,21.51814],[39.9684,21.51599],[39.96601,21.51181],[39.96389,21.50935],[39.96239,21.50672],[39.96647,21.49729],[39.9669,21.49591],[39.9672,21.49435],[39.96729,21.49277],[39.96689,21.48768],[39.9687,21.48762],[39.97007,21.48774],[39.97164,21.48809],[39.98921,21.49308],[39.99043,21.49324],[39.99236,21.49316],[39.99449,21.49691]]]},"properties":{"district_id":"makkah-ahad","name_ar":"أحد","name_en":"Ahad","city":"makkah","source_codes":["70030076563135566"]}},{"type":"Feature","id":"makkah-al-aadl","geometry":{"type":"Polygon","coordinates":[[[39.89696,21.45604],[39.89617,21.45845],[39.89502,21.46114],[39.89376,21.46073],[39.89261,21.46053],[39.88891,21.46031],[39.8873,21.46003],[39.88531,21.45956],[39.8815,21.45812],[39.88027,21.45742],[39.87791,21.45577],[39.87699,21.45525],[39.87592,21.45492],[39.87068,21.4538],[39.86874,21.45315],[39.86725,21.45242],[39.86595,21.45157],[39.86508,21.45079],[39.86408,21.44972],[39.8606,21.4456],[39.85982,21.44458],[39.85858,21.4428],[39.85678,21.43982],[39.85637,21.43943],[39.8556,21.43888],[39.85479,21.43852],[39.85663,21.43627],[39.86013,21.4324],[39.86091,21.43145],[39.86326,21.43016],[39.86396,21.42966],[39.86535,21.43128],[39.89614,21.45224],[39.8953,21.45517],[39.89635,21.456],[39.89696,21.45604]]]},"properties":{"district_id":"makkah-al-aadl","name_ar":"العدل","name_en":"Al Aadl","city":"makkah","source_codes":["70030076563135062"]}},{"type":"Feature","id":"makkah-al-aasila","geometry":{"type":"Polygon","coordinates":[[[39.8328,21.52455],[39.83124,21.52463],[39.83133,21.51987],[39.83606,21.51932],[39.83921,21.51872],[39.84127,21.51818],[39.85198,21.51492],[39.85415,21.51406],[39.85663,21.51282],[39.85859,21.51162],[39.86045,21.51027],[39.86218,21.50878],[39.86655,21.50422],[39.86756,21.50301],[39.86848,21.50174],[39.87181,21.49652],[39.87278,21.49517],[39.87399,21.49378],[39.87931,21.48825],[39.8856,21.50098],[39.88816,21.50366],[39.88882,21.50404],[39.89111,21.50626],[39.89291,21.50676],[39.89443,21.50842],[39.89542,21.5103],[39.89614,21.51088],[39.89605,21.51089],[39.89666,21.51192],[39.89713,21.51351],[39.89718,21.51387],[39.89705,21.5141],[39.89622,21.51458],[39.89559,21.51504],[39.89541,21.5154],[39.89544,21.51596],[39.89537,21.51639],[39.89558,21.51683],[39.89591,21.51807],[39.89633,21.52003],[39.89637,21.52088],[39.89629,21.52115],[39.89558,21.522],[39.89473,21.52269],[39.89376,21.52307],[39.89148,21.52341],[39.89089,21.52368],[39.88989,21.52438],[39.88882,21.52389],[39.88793,21.52324],[39.88781,21.52302],[39.88761,21.52289],[39.88637,21.52278],[39.88594,21.52294],[39.88416,21.52249],[39.88327,21.52204],[39.88216,21.52229],[39.88104,21.52224],[39.87966,21.52238],[39.87869,21.52201],[39.87769,21.52178],[39.87657,21.52181],[39.87442,21.52169],[39.87305,21.52084],[39.87267,21.52087],[39.87247,21.52071],[39.87097,21.52025],[39.87061,21.52004],[39.86946,21.51986],[39.86783,21.5199],[39.86772,21.51979],[39.86778,21.51928],[39.8669,21.51932],[39.86617,21.51986],[39.86556,21.51993],[39.86472,21.51974],[39.86282,21.51952],[39.8624,21.51967],[39.86065,21.51926],[39.8585,21.5192],[39.85789,21.51907],[39.85665,21.5192],[39.85639,21.52096],[39.8564,21.52137],[39.85589,21.52214],[39.85555,21.5224],[39.85347,21.52292],[39.85131,21.52333],[39.85079,21.52335],[39.84931,21.5232],[39.84821,21.52346],[39.84768,21.5234],[39.84734,21.52323],[39.84549,21.52192],[39.84274,21.52274],[39.8416,21.52276],[39.84127,21.52366],[39.84079,21.52405],[39.84046,21.52421],[39.84009,21.52419],[39.83871,21.52326],[39.8328,21.52455]]]},"properties":{"district_id":"makkah-al-aasila","name_ar":"العسيلة","name_en":"Al Aasila","city":"makkah","source_codes":["70030076563135554"]}},{"type":"Feature","id":"makkah-al-aawali","geometry":{"type":"Polygon","coordinates":[[[39.89467,21.30906],[39.89697,21.3097],[39.90341,21.31053],[39.90816,21.31132],[39.91061,21.31231],[39.91312,21.31354],[39.91466,21.31487],[39.91599,21.31694],[39.9242,21.32762],[39.92772,21.33065],[39.93848,21.33681],[39.94263,21.33901],[39.94132,21.33992],[39.94,21.34114],[39.92831,21.35347],[39.92762,21.35411],[39.92613,21.35525],[39.9245,21.35621],[39.92257,21.35704],[39.92055,21.35767],[39.89682,21.36277],[39.89114,21.36204],[39.88372,21.36091],[39.8821,21.36088],[39.87869,21.36028],[39.86585,21.35849],[39.86268,21.35796],[39.86271,21.35779],[39.8605,21.35746],[39.85061,21.35374],[39.85659,21.34569],[39.8613,21.34073],[39.86164,21.34015],[39.86317,21.33678],[39.86471,21.33444],[39.86656,21.33286],[39.86864,21.33197],[39.87066,21.33165],[39.87614,21.33124],[39.88093,21.33077],[39.88141,21.32949],[39.88226,21.32662],[39.8835,21.32409],[39.88682,21.31876],[39.88831,21.31421],[39.88874,21.31328],[39.89048,21.3109],[39.89074,21.31059],[39.89168,21.30985],[39.89258,21.30943],[39.89449,21.30873],[39.89467,21.30906]]]},"properties":{"district_id":"makkah-al-aawali","name_ar":"العوالي","name_en":"Al Aawali","city":"makkah","source_codes":["70030076563137897"]}},{"type":"Feature","id":"makkah-al-andalus","geometry":{"type":"Polygon","coordinates":[[[39.82889,21.45668],[39.82797,21.45681],[39.82703,21.45716],[39.82606,21.45773],[39.82468,21.45874],[39.82318,21.45379],[39.82285,21.45194],[39.82171,21.44865],[39.8208,21.44571],[39.82052,21.445],[39.81954,21.44431],[39.81943,21.44325],[39.8192,21.44227],[39.81866,21.4409],[39.8181,21.43909],[39.82067,21.43856],[39.82233,21.4381],[39.82409,21.43724],[39.8252,21.43684],[39.82628,21.43655],[39.82744,21.43594],[39.82812,21.43827],[39.82882,21.43918],[39.82855,21.43968],[39.82864,21.44012],[39.82869,21.44133],[39.82936,21.44135],[39.82949,21.44145],[39.83111,21.44736],[39.83162,21.45019],[39.83167,21.45125],[39.83261,21.45549],[39.83261,21.45612],[39.83242,21.4571],[39.83184,21.45739],[39.83032,21.45682],[39.82963,21.4567],[39.82889,21.45668]]]},"properties":{"district_id":"makkah-al-andalus","name_ar":"الاندلس","name_en":"Al Andalus","city":"makkah","source_codes":["70030076563135046"]}},{"type":"Feature","id":"makkah-al-aziziyah","geometry":{"type":"Polygon","coordinates":[[[39.85969,21.42635],[39.85704,21.42736],[39.85651,21.4274],[39.85633,21.42736],[39.8567,21.42679],[39.85691,21.42615],[39.85663,21.42617],[39.85603,21.42598],[39.85607,21.42576],[39.85601,21.42576],[39.85596,21.42555],[39.855,21.42478],[39.85386,21.42488],[39.8453,21.42415],[39.84381,21.4237],[39.84285,21.42277],[39.84136,21.42056],[39.84112,21.4193],[39.8418,21.41696],[39.84344,21.41473],[39.8461,21.41238],[39.8503,21.40845],[39.85163,21.40537],[39.85205,21.40543],[39.85252,21.40708],[39.85836,21.4043],[39.85896,21.40289],[39.86092,21.40609],[39.86401,21.40858],[39.86656,21.4108],[39.86571,21.41167],[39.867,21.41261],[39.86691,21.41284],[39.86848,21.41399],[39.86828,21.41424],[39.86876,21.41621],[39.86834,21.41629],[39.8687,21.41774],[39.86757,21.41824],[39.86574,21.42052],[39.86459,21.4227],[39.86222,21.4236],[39.85869,21.42285],[39.86011,21.42384],[39.86105,21.42475],[39.85933,21.4255],[39.85969,21.42635]]]},"properties":{"district_id":"makkah-al-aziziyah","name_ar":"العزيزية","name_en":"Al Aziziyah","city":"makkah","source_codes":["70030076563132417"]}},{"type":"Feature","id":"makkah-al-basatin","geometry":{"type":"Polygon","coordinates":[[[39.75063,21.4127],[39.7455,21.41162],[39.74326,21.4114],[39.74093,21.4115],[39.73004,21.41246],[39.72809,21.41247],[39.72702,21.41233],[39.72567,21.41199],[39.72388,21.41119],[39.72272,21.41043],[39.72207,21.40987],[39.72078,21.40844],[39.70166,21.38388],[39.70033,21.38241],[39.69914,21.38128],[39.69794,21.3803],[39.69658,21.37933],[39.69989,21.37725],[39.70602,21.37445],[39.72344,21.38725],[39.72946,21.39153],[39.73057,21.3921],[39.73702,21.39677],[39.73987,21.39305],[39.74045,21.39286],[39.74072,21.39303],[39.74249,21.39574],[39.74366,21.39871],[39.74778,21.39846],[39.74986,21.39788],[39.75262,21.39657],[39.75253,21.39569],[39.7536,21.39519],[39.75724,21.39436],[39.75929,21.39314],[39.76268,21.39038],[39.76118,21.39884],[39.76077,21.40023],[39.76016,21.40155],[39.75765,21.40557],[39.75548,21.40817],[39.75063,21.4127]]]},"properties":{"district_id":"makkah-al-basatin","name_ar":"البساتين","name_en":"Al Basatin","city":"makkah","source_codes":["70030076563137929"]}},{"type":"Feature","id":"makkah-al-bibyan","geometry":{"type":"Polygon","coordinates":[[[39.80801,21.43183],[39.80988,21.43218],[39.81011,21.43679],[39.80999,21.43843],[39.81001,21.4396],[39.80961,21.44157],[39.80663,21.44115],[39.80425,21.44104],[39.80473,21.43698],[39.8051,21.43595],[39.80577,21.43471],[39.80654,21.43212],[39.80721,21.43189],[39.80801,21.43183]]]},"properties":{"district_id":"makkah-al-bibyan","name_ar":"البيبان","name_en":"Al Bibyan","city":"makkah","source_codes":["70030076563135037"]}},{"type":"Feature","id":"makkah-al-biyah","geometry":{"type":"Polygon","coordinates":[[[40.01345,21.46518],[40.01354,21.46592],[40.01386,21.46664],[40.0145,21.46735],[40.01658,21.46815],[40.01912,21.46882],[40.01931,21.46996],[40.02006,21.47036],[40.0206,21.47365],[40.02,21.47622],[40.02005,21.47808],[40.01898,21.47753],[40.017,21.47689],[40.01589,21.47662],[40.01365,21.47653],[40.01152,21.47627],[40.00846,21.47571],[40.0077,21.4754],[40.00642,21.47522],[40.00551,21.4752],[40.00233,21.47341],[40.00089,21.4729],[40.00023,21.47275],[40.00254,21.4626],[40.00357,21.45818],[40.0047,21.45386],[40.00486,21.4529],[40.00488,21.45132],[40.00474,21.45029],[40.00454,21.44938],[40.00401,21.44819],[40.00852,21.44791],[40.00856,21.44815],[40.01084,21.448],[40.01084,21.44831],[40.01092,21.4483],[40.01075,21.44869],[40.01078,21.44875],[40.01206,21.44909],[40.01595,21.44968],[40.01774,21.45013],[40.01927,21.45161],[40.02104,21.45074],[40.02283,21.44971],[40.02308,21.44927],[40.02485,21.44893],[40.02687,21.44799],[40.02679,21.44672],[40.02728,21.44569],[40.02848,21.44478],[40.03015,21.44496],[40.03172,21.44464],[40.03196,21.44292],[40.0337,21.443],[40.03583,21.4442],[40.03808,21.44589],[40.0379,21.44825],[40.03801,21.44959],[40.04009,21.44912],[40.04138,21.44912],[40.04277,21.44864],[40.04319,21.44856],[40.0436,21.44863],[40.0446,21.44841],[40.04492,21.44808],[40.04552,21.44795],[40.04578,21.44823],[40.04788,21.44791],[40.04813,21.44775],[40.05123,21.44739],[40.05272,21.44691],[40.05398,21.44671],[40.05395,21.44649],[40.05603,21.44633],[40.05681,21.44725],[40.05507,21.45095],[40.04981,21.45377],[40.03903,21.45538],[40.03803,21.45579],[40.03608,21.45768],[40.03309,21.45947],[40.02853,21.46142],[40.02448,21.46212],[40.02055,21.46209],[40.01684,21.46269],[40.01396,21.46384],[40.0133,21.46316],[40.01259,21.46345],[40.01236,21.46343],[40.01345,21.46518]]]},"properties":{"district_id":"makkah-al-biyah","name_ar":"البيعة","name_en":"Al Biyah","city":"makkah","source_codes":["70030076563136757"]}},{"type":"Feature","id":"makkah-al-buhayrat","geometry":{"type":"Polygon","coordinates":[[[39.79585,21.47824],[39.79426,21.48628],[39.79379,21.48924],[39.79113,21.51696],[39.78043,21.51416],[39.77496,21.51288],[39.76974,21.51188],[39.76443,21.51126],[39.76214,21.51085],[39.76408,21.50162],[39.76424,21.5004],[39.76427,21.4987],[39.76331,21.49093],[39.76311,21.4878],[39.76298,21.48242],[39.76136,21.46357],[39.76112,21.46224],[39.7608,21.46108],[39.7595,21.45788],[39.75944,21.45713],[39.75962,21.45631],[39.76401,21.45765],[39.76495,21.45807],[39.76578,21.45858],[39.76641,21.45912],[39.76699,21.45975],[39.77023,21.46403],[39.77141,21.46507],[39.77283,21.46587],[39.77404,21.46628],[39.77538,21.4665],[39.78325,21.46671],[39.78471,21.46707],[39.78597,21.46766],[39.78956,21.47032],[39.79006,21.4709],[39.79106,21.47252],[39.79135,21.47332],[39.79202,21.47807],[39.79585,21.47824]]]},"properties":{"district_id":"makkah-al-buhayrat","name_ar":"البحيرات","name_en":"Al Buhayrat","city":"makkah","source_codes":["70030076563135039"]}},{"type":"Feature","id":"makkah-al-diyafa","geometry":{"type":"Polygon","coordinates":[[[39.80654,21.43212],[39.80577,21.43471],[39.8051,21.43595],[39.80473,21.43698],[39.80425,21.44102],[39.80088,21.44034],[39.79989,21.4402],[39.79068,21.43978],[39.78979,21.43949],[39.78993,21.43917],[39.79079,21.439],[39.79195,21.43854],[39.79601,21.4359],[39.79704,21.43519],[39.79959,21.43294],[39.80009,21.43263],[39.80084,21.43248],[39.80145,21.43254],[39.80213,21.43283],[39.80316,21.43346],[39.80367,21.43346],[39.80414,21.4333],[39.80654,21.43212]]]},"properties":{"district_id":"makkah-al-diyafa","name_ar":"الضيافة","name_en":"Al Diyafa","city":"makkah","source_codes":["70030076563135069"]}},{"type":"Feature","id":"makkah-al-faidah","geometry":{"type":"Polygon","coordinates":[[[39.82918,21.60644],[39.82889,21.60658],[39.8288,21.60677],[39.8289,21.60616],[39.82918,21.60644]]]},"properties":{"district_id":"makkah-al-faidah","name_ar":"الفيضه","name_en":"Al Faidah","city":"makkah","source_codes":["70030076563090024"]}},{"type":"Feature","id":"makkah-al-fateh","geometry":{"type":"Polygon","coordinates":[[[39.82736,21.62294],[39.82617,21.62458],[39.82521,21.62507],[39.82515,21.62439],[39.82498,21.62377],[39.82444,21.623],[39.82335,21.62236],[39.81808,21.61992],[39.81756,21.61948],[39.81717,21.61901],[39.81665,21.61817],[39.81405,21.61381],[39.81309,21.61252],[39.81255,21.61196],[39.8106,21.60952],[39.80905,21.6102],[39.80779,21.61055],[39.80731,21.61089],[39.80653,21.6111],[39.80613,21.60977],[39.80629,21.60875],[39.80609,21.60857],[39.80602,21.60822],[39.80586,21.60824],[39.80554,21.6086],[39.80534,21.60912],[39.80541,21.60926],[39.80525,21.60931],[39.80499,21.60976],[39.80269,21.60886],[39.80085,21.60893],[39.78302,21.60901],[39.76084,21.60901],[39.75594,21.6067],[39.74972,21.60225],[39.74602,21.60135],[39.74152,21.59889],[39.75726,21.58447],[39.75858,21.58305],[39.76137,21.57922],[39.76285,21.57758],[39.76443,21.57625],[39.76729,21.57419],[39.76935,21.5766],[39.77076,21.58024],[39.77173,21.58161],[39.77439,21.58352],[39.77727,21.58616],[39.78198,21.58881],[39.78243,21.58918],[39.78279,21.58975],[39.78319,21.59079],[39.78335,21.59201],[39.7835,21.59234],[39.78539,21.59453],[39.78727,21.59759],[39.78805,21.59873],[39.78974,21.60083],[39.79021,21.60122],[39.79058,21.60141],[39.79127,21.60161],[39.79174,21.60166],[39.79426,21.60134],[39.79476,21.60111],[39.79958,21.5981],[39.80316,21.59673],[39.80347,21.59664],[39.80403,21.59668],[39.80458,21.59696],[39.80502,21.59751],[39.80653,21.60126],[39.80656,21.60166],[39.80634,21.60283],[39.80664,21.60376],[39.80671,21.60471],[39.80682,21.60503],[39.80778,21.60626],[39.80818,21.60713],[39.80836,21.60736],[39.811,21.60879],[39.81148,21.60895],[39.81533,21.60765],[39.81577,21.60777],[39.81665,21.60845],[39.81708,21.60868],[39.81746,21.60878],[39.81791,21.60872],[39.82142,21.60688],[39.82395,21.60524],[39.82469,21.6047],[39.82605,21.60347],[39.82795,21.60198],[39.82801,21.60234],[39.82745,21.60275],[39.82714,21.60397],[39.82715,21.60442],[39.82753,21.60436],[39.82764,21.60451],[39.82756,21.60478],[39.82761,21.60508],[39.82781,21.60529],[39.8285,21.6056],[39.82891,21.60613],[39.82889,21.60645],[39.8287,21.60714],[39.82889,21.60742],[39.82796,21.60834],[39.82802,21.60856],[39.82828,21.60876],[39.82903,21.60909],[39.82963,21.60953],[39.82993,21.60996],[39.82962,21.6103],[39.82939,21.61135],[39.82793,21.61228],[39.82715,21.61249],[39.8265,21.61256],[39.82429,21.61188],[39.825,21.60977],[39.82502,21.60925],[39.82501,21.60874],[39.82433,21.60869],[39.82391,21.60931],[39.82331,21.60948],[39.82268,21.60981],[39.82251,21.61008],[39.82278,21.61045],[39.82274,21.61076],[39.82243,21.61089],[39.82204,21.61103],[39.82022,21.61092],[39.819,21.61098],[39.81914,21.61152],[39.81986,21.61286],[39.81938,21.61346],[39.81865,21.61516],[39.8184,21.61552],[39.82007,21.61589],[39.81936,21.61712],[39.81959,21.6181],[39.81922,21.61847],[39.81827,21.61902],[39.81797,21.61953],[39.81846,21.61975],[39.81988,21.61967],[39.82111,21.61944],[39.82168,21.61965],[39.82227,21.61808],[39.82289,21.6185],[39.8236,21.61868],[39.8241,21.61911],[39.82405,21.61986],[39.82427,21.62025],[39.82537,21.62072],[39.82591,21.62152],[39.82609,21.62221],[39.82633,21.62237],[39.82681,21.62233],[39.82736,21.62294]]]},"properties":{"district_id":"makkah-al-fateh","name_ar":"الفتح","name_en":"Al Fateh","city":"makkah","source_codes":["70030076563136775"]}},{"type":"Feature","id":"makkah-al-hajla-al-jadid","geometry":{"type":"Polygon","coordinates":[[[39.89449,21.30873],[39.89258,21.30943],[39.89168,21.30985],[39.89122,21.31018],[39.89048,21.3109],[39.88874,21.31328],[39.88831,21.31421],[39.88682,21.31876],[39.8835,21.32409],[39.88282,21.32538],[39.88206,21.32717],[39.87758,21.32539],[39.87484,21.32418],[39.87424,21.32402],[39.87015,21.32251],[39.8613,21.31756],[39.85636,21.31378],[39.84197,21.30676],[39.83447,21.30339],[39.83143,21.30361],[39.82907,21.30456],[39.82592,21.30464],[39.81833,21.30016],[39.82025,21.29374],[39.82125,21.29069],[39.82188,21.28815],[39.82359,21.28014],[39.8259,21.28077],[39.82843,21.28168],[39.858,21.29363],[39.86609,21.2967],[39.87112,21.29813],[39.87591,21.29929],[39.87858,21.29988],[39.88558,21.30114],[39.88891,21.30181],[39.89784,21.30447],[39.89657,21.30597],[39.89567,21.30763],[39.89537,21.30798],[39.89449,21.30873]]]},"properties":{"district_id":"makkah-al-hajla-al-jadid","name_ar":"الهجلة الجديد","name_en":"Al hajla Al Jadid","city":"makkah","source_codes":["70030076563135057"]}},{"type":"Feature","id":"makkah-al-hamra-al-hadibiya","geometry":{"type":"Polygon","coordinates":[[[39.7774,21.44039],[39.77523,21.44027],[39.77446,21.44014],[39.77062,21.43915],[39.7697,21.43903],[39.76897,21.43903],[39.76351,21.43974],[39.76242,21.43966],[39.762,21.43952],[39.76135,21.43913],[39.75819,21.43622],[39.75742,21.43567],[39.75611,21.43509],[39.75102,21.43348],[39.74994,21.43285],[39.74768,21.43096],[39.74646,21.43035],[39.74567,21.43015],[39.74359,21.4299],[39.73441,21.43018],[39.73782,21.42654],[39.73865,21.42556],[39.73949,21.42433],[39.74115,21.42133],[39.74184,21.42035],[39.74261,21.41942],[39.74394,21.41816],[39.74816,21.41493],[39.75065,21.4127],[39.75435,21.41348],[39.7566,21.41381],[39.75887,21.41397],[39.76638,21.41424],[39.76777,21.41438],[39.769,21.41462],[39.7713,21.41535],[39.77317,21.41627],[39.77983,21.42075],[39.77897,21.42399],[39.77804,21.42689],[39.77634,21.43293],[39.7761,21.43587],[39.77682,21.4386],[39.7774,21.44039]]]},"properties":{"district_id":"makkah-al-hamra-al-hadibiya","name_ar":"الحمراء (الحديبية)","name_en":"Al Hamra (Al Hadibiya)","city":"makkah","source_codes":["70030076563135032"]}},{"type":"Feature","id":"makkah-al-harman-al-wadi-al-akhdar","geometry":{"type":"Polygon","coordinates":[[[40.00592,21.38301],[40.00353,21.3837],[40.0028,21.38412],[40.00183,21.38445],[39.99772,21.38537],[39.99525,21.38539],[39.99184,21.38582],[39.9915,21.38564],[39.99431,21.38181],[39.99594,21.38254],[39.99712,21.38273],[40.00036,21.38272],[40.00187,21.38261],[40.00578,21.38269],[40.00741,21.3829],[40.00735,21.38303],[40.00658,21.38296],[40.00592,21.38301]]]},"properties":{"district_id":"makkah-al-harman-al-wadi-al-akhdar","name_ar":"الحرمان- الوادي الاخضر","name_en":"Al Harman - Al Wadi Al Akhdar","city":"makkah","source_codes":["70030076563136815"]}},{"type":"Feature","id":"makkah-al-hatim","geometry":{"type":"Polygon","coordinates":[[[40.04141,21.50928],[40.03826,21.51433],[40.02285,21.50583],[40.01723,21.50364],[40.01631,21.50317],[40.01557,21.50265],[40.01437,21.50156],[40.00944,21.49537],[40.00879,21.49476],[40.00785,21.49406],[40.00696,21.49357],[40.00575,21.49311],[40.00412,21.49281],[40.00326,21.49276],[39.99988,21.49287],[39.99978,21.49199],[39.99907,21.48841],[39.9987,21.48598],[39.99858,21.48217],[39.99889,21.47887],[40.00023,21.47275],[40.00089,21.4729],[40.00233,21.47341],[40.00551,21.4752],[40.00642,21.47522],[40.0077,21.4754],[40.00846,21.47571],[40.01152,21.47627],[40.01365,21.47653],[40.01589,21.47662],[40.017,21.47689],[40.01898,21.47753],[40.02005,21.47808],[40.02007,21.47868],[40.01938,21.4821],[40.02431,21.495],[40.0255,21.49903],[40.03034,21.50211],[40.03101,21.50229],[40.03163,21.50265],[40.03497,21.50516],[40.03766,21.50671],[40.04141,21.50928]]]},"properties":{"district_id":"makkah-al-hatim","name_ar":"الحطيم","name_en":"Al Hatim","city":"makkah","source_codes":["70030076624546813"]}},{"type":"Feature","id":"makkah-al-hijra","geometry":{"type":"Polygon","coordinates":[[[39.86236,21.35982],[39.86368,21.36105],[39.86549,21.36323],[39.86635,21.36547],[39.86677,21.36698],[39.86691,21.36883],[39.86638,21.37075],[39.86549,21.37288],[39.86389,21.37626],[39.86097,21.37987],[39.85682,21.38624],[39.85494,21.38929],[39.85399,21.39108],[39.85242,21.39447],[39.85191,21.39428],[39.85134,21.39391],[39.84848,21.39071],[39.84807,21.39035],[39.84731,21.38988],[39.84648,21.38957],[39.84578,21.38942],[39.8412,21.38908],[39.84045,21.38893],[39.83983,21.38872],[39.83909,21.38833],[39.83852,21.38791],[39.83627,21.38547],[39.83568,21.38495],[39.83518,21.38462],[39.83426,21.38421],[39.83304,21.38397],[39.83207,21.384],[39.83145,21.38411],[39.82681,21.38548],[39.82791,21.38426],[39.82918,21.38302],[39.85061,21.35374],[39.8605,21.35746],[39.86271,21.35779],[39.86236,21.35982]]]},"properties":{"district_id":"makkah-al-hijra","name_ar":"الهجره","name_en":"Al Hijra","city":"makkah","source_codes":["70030076563137915"]}},{"type":"Feature","id":"makkah-al-hindawiyah","geometry":{"type":"Polygon","coordinates":[[[39.81047,21.41643],[39.81064,21.4217],[39.79679,21.42092],[39.79676,21.42047],[39.79587,21.41901],[39.79486,21.41794],[39.79468,21.41628],[39.79541,21.41535],[39.79547,21.41514],[39.79474,21.41352],[39.79579,21.41297],[39.79617,21.41299],[39.79701,21.41114],[39.79882,21.40918],[39.80643,21.41104],[39.80783,21.41126],[39.80964,21.41129],[39.81047,21.41643]]]},"properties":{"district_id":"makkah-al-hindawiyah","name_ar":"الهنداوية","name_en":"Al Hindawiyah","city":"makkah","source_codes":["70030076563135557"]}},{"type":"Feature","id":"makkah-al-hujun","geometry":{"type":"Polygon","coordinates":[[[39.81982,21.43648],[39.8212,21.43786],[39.82175,21.43828],[39.81356,21.44008],[39.8131,21.44032],[39.81178,21.44139],[39.81121,21.44164],[39.81055,21.4417],[39.80961,21.44157],[39.81001,21.4396],[39.80999,21.43843],[39.81011,21.43679],[39.80988,21.43221],[39.81065,21.43235],[39.81193,21.43287],[39.8172,21.43529],[39.81815,21.43547],[39.81911,21.43534],[39.81982,21.43648]]]},"properties":{"district_id":"makkah-al-hujun","name_ar":"الحجون","name_en":"Al Hujun","city":"makkah","source_codes":["70030076563135556"]}},{"type":"Feature","id":"makkah-al-jummayzah","geometry":{"type":"Polygon","coordinates":[[[39.8315,21.44093],[39.83138,21.4411],[39.83128,21.4416],[39.83096,21.4418],[39.83001,21.44116],[39.8313,21.44077],[39.83116,21.44008],[39.82981,21.44048],[39.82934,21.43998],[39.82864,21.44014],[39.82855,21.43968],[39.82882,21.43918],[39.82812,21.43827],[39.82744,21.43594],[39.82973,21.43497],[39.83039,21.43497],[39.83098,21.43526],[39.83128,21.4351],[39.83137,21.43518],[39.83192,21.43488],[39.83232,21.4348],[39.83256,21.4346],[39.83315,21.43472],[39.83352,21.43455],[39.83362,21.43441],[39.83405,21.43432],[39.83437,21.43413],[39.83446,21.4341],[39.83465,21.43422],[39.83482,21.43398],[39.83482,21.43364],[39.83524,21.43368],[39.83558,21.43359],[39.83612,21.43305],[39.83583,21.43276],[39.83588,21.43254],[39.83611,21.43263],[39.83667,21.43265],[39.83765,21.4331],[39.83785,21.43327],[39.83832,21.43405],[39.83871,21.43424],[39.83902,21.43461],[39.83926,21.43476],[39.83925,21.43516],[39.83912,21.43553],[39.83861,21.43639],[39.83854,21.43671],[39.83856,21.43735],[39.83848,21.43764],[39.83866,21.43806],[39.83861,21.43829],[39.83766,21.43828],[39.83728,21.43913],[39.83717,21.43921],[39.83714,21.43949],[39.83702,21.43948],[39.83691,21.44001],[39.83571,21.44005],[39.83481,21.43989],[39.83448,21.44012],[39.83423,21.44017],[39.8338,21.43973],[39.83333,21.4402],[39.83295,21.44043],[39.83242,21.44042],[39.8315,21.44093]]]},"properties":{"district_id":"makkah-al-jummayzah","name_ar":"الجميزة","name_en":"Al Jummayzah","city":"makkah","source_codes":["70030076563135042"]}},{"type":"Feature","id":"makkah-al-kakiyah","geometry":{"type":"Polygon","coordinates":[[[39.80952,21.39459],[39.80957,21.39447],[39.80898,21.39113],[39.80417,21.37179],[39.80363,21.37063],[39.80411,21.36991],[39.80413,21.36963],[39.80347,21.36608],[39.80586,21.36566],[39.81055,21.36582],[39.81621,21.36536],[39.82041,21.37652],[39.82198,21.3779],[39.82254,21.37872],[39.82385,21.37977],[39.82437,21.38035],[39.82512,21.381],[39.82549,21.38177],[39.82571,21.38393],[39.82586,21.38409],[39.82605,21.38461],[39.82609,21.385],[39.82673,21.38551],[39.82528,21.38588],[39.82417,21.38605],[39.82147,21.38612],[39.82037,21.38624],[39.81904,21.38658],[39.81781,21.38709],[39.81668,21.38777],[39.81548,21.3888],[39.81472,21.38971],[39.8135,21.39147],[39.81235,21.3927],[39.81093,21.39381],[39.80952,21.39459]]]},"properties":{"district_id":"makkah-al-kakiyah","name_ar":"الكعكية","name_en":"Al Kakiyah","city":"makkah","source_codes":["70030076563135572"]}},{"type":"Feature","id":"makkah-al-kawthar","geometry":{"type":"Polygon","coordinates":[[[39.98057,21.46732],[39.97756,21.46644],[39.95044,21.45539],[39.95372,21.45109],[39.95699,21.44909],[39.96054,21.44726],[39.96911,21.4422],[39.97028,21.44161],[39.97116,21.44317],[39.97309,21.44756],[39.98057,21.46732]]]},"properties":{"district_id":"makkah-al-kawthar","name_ar":"الكوثر","name_en":"Al Kawthar","city":"makkah","source_codes":["70030076563135568"]}},{"type":"Feature","id":"makkah-al-khadra","geometry":{"type":"Polygon","coordinates":[[[39.93956,21.47508],[39.93528,21.48288],[39.92599,21.48153],[39.92222,21.4808],[39.92003,21.48006],[39.91273,21.47678],[39.91137,21.47614],[39.91009,21.47542],[39.9086,21.47446],[39.90686,21.47302],[39.90583,21.4719],[39.90138,21.46645],[39.89787,21.46282],[39.89621,21.46169],[39.89502,21.46114],[39.89617,21.45845],[39.89696,21.45604],[39.90218,21.4564],[39.90279,21.45601],[39.9042,21.45593],[39.90991,21.4565],[39.91256,21.4579],[39.91704,21.45826],[39.91818,21.45729],[39.92127,21.45808],[39.92266,21.45527],[39.92997,21.45618],[39.93504,21.45874],[39.92889,21.46987],[39.93956,21.47508]]]},"properties":{"district_id":"makkah-al-khadra","name_ar":"الخضراء","name_en":"Al Khadra","city":"makkah","source_codes":["70030076563135562"]}},{"type":"Feature","id":"makkah-al-khalidiyah","geometry":{"type":"Polygon","coordinates":[[[39.81023,21.403],[39.80958,21.40885],[39.80955,21.40963],[39.80964,21.41129],[39.80783,21.41126],[39.80599,21.41095],[39.79882,21.40918],[39.79822,21.40835],[39.79746,21.4075],[39.79343,21.40325],[39.79272,21.40266],[39.79184,21.40232],[39.79071,21.40224],[39.78962,21.40255],[39.78875,21.40312],[39.78714,21.40164],[39.78559,21.40053],[39.78683,21.39925],[39.78821,21.39825],[39.78982,21.39744],[39.79142,21.39693],[39.79587,21.39601],[39.7972,21.39581],[39.80447,21.39573],[39.80591,21.39564],[39.80697,21.39546],[39.80811,21.39516],[39.80959,21.39456],[39.81094,21.39836],[39.81023,21.403]]]},"properties":{"district_id":"makkah-al-khalidiyah","name_ar":"الخالدية","name_en":"Al Khalidiyah","city":"makkah","source_codes":["70030076563137920"]}},{"type":"Feature","id":"makkah-al-khansa","geometry":{"type":"Polygon","coordinates":[[[39.85127,21.44419],[39.84959,21.44733],[39.84957,21.44749],[39.84847,21.44963],[39.84657,21.45421],[39.84603,21.45524],[39.84444,21.45777],[39.84336,21.45978],[39.84306,21.46062],[39.84132,21.46104],[39.84117,21.46005],[39.84114,21.45897],[39.84124,21.45769],[39.84141,21.4566],[39.84161,21.4533],[39.84132,21.45241],[39.84106,21.45204],[39.84109,21.45196],[39.84155,21.45176],[39.84141,21.45156],[39.84164,21.45119],[39.84197,21.44821],[39.84209,21.44579],[39.8419,21.4449],[39.84111,21.44383],[39.83868,21.4411],[39.839,21.44077],[39.83954,21.44044],[39.84175,21.44041],[39.84431,21.4401],[39.84506,21.43988],[39.84721,21.43955],[39.85294,21.43834],[39.85418,21.43839],[39.85478,21.43852],[39.85396,21.43966],[39.85127,21.44419]]]},"properties":{"district_id":"makkah-al-khansa","name_ar":"الخنساء","name_en":"Al Khansa","city":"makkah","source_codes":["70030076563135063"]}},{"type":"Feature","id":"makkah-al-marwah","geometry":{"type":"Polygon","coordinates":[[[39.73441,21.43018],[39.73329,21.43134],[39.73224,21.4326],[39.73062,21.43497],[39.72966,21.43677],[39.72732,21.4419],[39.6973,21.4285],[39.68977,21.42684],[39.68934,21.42546],[39.68833,21.42539],[39.68774,21.42659],[39.68458,21.42744],[39.68119,21.42638],[39.67834,21.42847],[39.67654,21.42828],[39.67529,21.42873],[39.66906,21.42658],[39.65722,21.43023],[39.64903,21.43065],[39.63988,21.43528],[39.63937,21.43441],[39.65812,21.42612],[39.67221,21.41857],[39.67326,21.41808],[39.68094,21.4149],[39.68219,21.41456],[39.68372,21.41437],[39.68503,21.41439],[39.68666,21.41462],[39.69606,21.41789],[39.71352,21.42338],[39.71805,21.42466],[39.71959,21.4254],[39.72466,21.42867],[39.72547,21.42908],[39.72633,21.42939],[39.72722,21.4296],[39.72863,21.42976],[39.73266,21.43015],[39.73441,21.43018]]]},"properties":{"district_id":"makkah-al-marwah","name_ar":"المروة","name_en":"Al Marwah","city":"makkah","source_codes":["70030076563137518"]}},{"type":"Feature","id":"makkah-al-mashaer-al-muqadasah","geometry":{"type":"Polygon","coordinates":[[[39.91704,21.45826],[39.91256,21.4579],[39.90991,21.4565],[39.9042,21.45593],[39.90279,21.45601],[39.90218,21.4564],[39.89635,21.456],[39.8953,21.45517],[39.89614,21.45224],[39.86535,21.43128],[39.86396,21.42966],[39.86326,21.43016],[39.86092,21.43144],[39.8616,21.42963],[39.86172,21.42905],[39.86138,21.42914],[39.86095,21.42992],[39.86017,21.42927],[39.85974,21.42862],[39.85951,21.42798],[39.85967,21.42726],[39.85933,21.42699],[39.85977,21.42652],[39.85933,21.4255],[39.86105,21.42475],[39.86011,21.42384],[39.85869,21.42285],[39.86222,21.4236],[39.86459,21.4227],[39.86496,21.42196],[39.86991,21.4189],[39.87434,21.41492],[39.87641,21.41136],[39.8774,21.41126],[39.87992,21.41024],[39.88308,21.40883],[39.88624,21.406],[39.88794,21.4052],[39.89024,21.40295],[39.89412,21.4006],[39.89752,21.39607],[39.8972,21.39499],[39.89568,21.39124],[39.89439,21.39054],[39.8931,21.38988],[39.89091,21.389],[39.87579,21.38433],[39.87591,21.38257],[39.87606,21.38169],[39.87654,21.37998],[39.87724,21.37833],[39.87817,21.37679],[39.8793,21.37537],[39.88194,21.37263],[39.88995,21.36518],[39.8908,21.36457],[39.89172,21.36407],[39.8927,21.36367],[39.89372,21.36339],[39.89478,21.36322],[39.92055,21.35767],[39.92257,21.35704],[39.92355,21.35665],[39.92533,21.35575],[39.92689,21.3547],[39.92831,21.35347],[39.93875,21.34242],[39.94132,21.33992],[39.94311,21.33868],[39.94498,21.33755],[39.9469,21.33651],[39.96222,21.32888],[39.96434,21.32791],[39.96673,21.32719],[39.96919,21.32673],[39.97044,21.3266],[39.97348,21.32665],[39.97649,21.32702],[39.98882,21.32941],[39.9908,21.32967],[39.99278,21.32981],[39.99478,21.32984],[39.99677,21.32974],[39.99875,21.32954],[40.00071,21.32921],[40.00706,21.32857],[40.00869,21.32853],[40.01193,21.32865],[40.012,21.33057],[40.00769,21.34023],[40.00587,21.3581],[39.99936,21.37498],[39.99156,21.38553],[39.98489,21.39283],[39.97665,21.39857],[39.97076,21.40111],[39.96598,21.40289],[39.96553,21.40363],[39.96519,21.40442],[39.96319,21.41061],[39.96199,21.41345],[39.96156,21.41426],[39.94689,21.4352],[39.93704,21.43952],[39.92941,21.44505],[39.92281,21.45497],[39.92127,21.45808],[39.91818,21.45729],[39.91704,21.45826]]]},"properties":{"district_id":"makkah-al-mashaer-al-muqadasah","name_ar":"المشاعر المقدسة","name_en":"Al Mashaer Al Muqadasah","city":"makkah","source_codes":["70030076563137907"]}},{"type":"Feature","id":"makkah-al-misfalah","geometry":{"type":"Polygon","coordinates":[[[39.82708,21.41328],[39.82586,21.41229],[39.82559,21.41137],[39.82101,21.41132],[39.81906,21.40876],[39.81888,21.40844],[39.81805,21.40605],[39.81767,21.40518],[39.81602,21.40276],[39.81785,21.4022],[39.8198,21.40145],[39.82049,21.40105],[39.82509,21.39757],[39.82541,21.39742],[39.82589,21.39735],[39.82625,21.39825],[39.82657,21.3987],[39.82703,21.39914],[39.82786,21.39966],[39.8299,21.40041],[39.8304,21.40085],[39.83054,21.40121],[39.83002,21.40565],[39.82916,21.4093],[39.82891,21.41072],[39.82905,21.41128],[39.829,21.41163],[39.8287,21.41212],[39.82812,21.41266],[39.82765,21.41236],[39.82708,21.41328]]]},"properties":{"district_id":"makkah-al-misfalah","name_ar":"المسفلة","name_en":"Al Misfalah","city":"makkah","source_codes":["70030076563129959"]}},{"type":"Feature","id":"makkah-al-mughamas","geometry":{"type":"MultiPolygon","coordinates":[[[[39.98353,21.47461],[39.98104,21.46824],[39.98057,21.46732],[39.97309,21.44756],[39.97116,21.44317],[39.97028,21.44161],[39.97721,21.43774],[39.98179,21.43532],[39.98335,21.43463],[39.985,21.43402],[39.98685,21.43368],[39.98685,21.43302],[39.98706,21.43135],[39.98746,21.42922],[39.98938,21.42094],[39.99046,21.41823],[39.99205,21.41786],[39.99708,21.4383],[39.99767,21.43961],[39.9984,21.44065],[40.0024,21.44573],[40.0037,21.44758],[40.00433,21.44879],[40.00454,21.44938],[40.00474,21.45029],[40.00488,21.45132],[40.00486,21.4529],[40.0047,21.45386],[40.00357,21.45818],[40.00254,21.4626],[39.99997,21.47388],[39.99369,21.47261],[39.99166,21.47213],[39.99078,21.47223],[39.98353,21.47461]]],[[[39.9965,21.37886],[40.00741,21.3829],[40.00578,21.38269],[40.00187,21.38261],[40.00036,21.38272],[39.99712,21.38273],[39.99594,21.38254],[39.99431,21.38181],[39.9965,21.37886]]]]},"properties":{"district_id":"makkah-al-mughamas","name_ar":"المغمس","name_en":"Al Mughamas","city":"makkah","source_codes":["70030076563136762","70030076563137235"]}},{"type":"Feature","id":"makkah-al-muhammadiyah","geometry":{"type":"Polygon","coordinates":[[[39.78101,21.35078],[39.78674,21.35343],[39.78953,21.35565],[39.79107,21.35711],[39.79248,21.35868],[39.79351,21.36002],[39.79509,21.36245],[39.79723,21.36492],[39.79842,21.36608],[39.80231,21.36912],[39.80363,21.37063],[39.80049,21.37382],[39.79963,21.37449],[39.79837,21.37529],[39.79714,21.37582],[39.79601,21.3762],[39.79379,21.37653],[39.79202,21.37647],[39.78209,21.37561],[39.78137,21.37542],[39.7804,21.37482],[39.77893,21.37408],[39.77662,21.37278],[39.77543,21.37173],[39.77142,21.36924],[39.76903,21.36731],[39.76999,21.3641],[39.7737,21.35393],[39.7744,21.35263],[39.77494,21.35195],[39.77608,21.35084],[39.77739,21.34995],[39.77814,21.34957],[39.7789,21.34926],[39.78101,21.35078]]]},"properties":{"district_id":"makkah-al-muhammadiyah","name_ar":"المحمدية","name_en":"Al Muhammadiyah","city":"makkah","source_codes":["70030076563111883"]}},{"type":"Feature","id":"makkah-al-mursalat","geometry":{"type":"Polygon","coordinates":[[[39.8972,21.39499],[39.89752,21.39607],[39.89412,21.4006],[39.89024,21.40295],[39.88794,21.4052],[39.88624,21.406],[39.88308,21.40883],[39.87992,21.41024],[39.8774,21.41126],[39.87641,21.41136],[39.87434,21.41492],[39.86991,21.4189],[39.865,21.42193],[39.86574,21.42052],[39.86757,21.41824],[39.8687,21.41774],[39.86834,21.41629],[39.86876,21.41621],[39.86828,21.41424],[39.86848,21.41399],[39.86691,21.41284],[39.867,21.41261],[39.86571,21.41167],[39.86974,21.40754],[39.87384,21.40451],[39.87802,21.40156],[39.89258,21.39488],[39.89365,21.3942],[39.89607,21.3922],[39.8972,21.39499]]]},"properties":{"district_id":"makkah-al-mursalat","name_ar":"المرسلات","name_en":"Al Mursalat","city":"makkah","source_codes":["70030076563137520"]}},{"type":"Feature","id":"makkah-al-naseem","geometry":{"type":"Polygon","coordinates":[[[39.86891,21.3827],[39.86751,21.38283],[39.86591,21.38322],[39.86446,21.38382],[39.86298,21.38476],[39.86192,21.38573],[39.854,21.39399],[39.85326,21.39439],[39.85242,21.39447],[39.85399,21.39108],[39.85494,21.38929],[39.85682,21.38624],[39.86097,21.37987],[39.86389,21.37626],[39.86549,21.37288],[39.86638,21.37075],[39.86691,21.36883],[39.86677,21.36698],[39.86635,21.36547],[39.86549,21.36323],[39.86368,21.36105],[39.86236,21.35982],[39.86268,21.35796],[39.86585,21.35849],[39.87869,21.36028],[39.8821,21.36088],[39.88372,21.36091],[39.89114,21.36204],[39.89682,21.36277],[39.89372,21.36339],[39.8927,21.36367],[39.89172,21.36407],[39.89037,21.36486],[39.88924,21.36581],[39.88194,21.37263],[39.88059,21.37401],[39.8793,21.37537],[39.87817,21.37679],[39.87724,21.37833],[39.87686,21.37915],[39.87654,21.37998],[39.87606,21.38169],[39.87591,21.38257],[39.8758,21.38428],[39.87163,21.38301],[39.87023,21.38275],[39.86891,21.3827]]]},"properties":{"district_id":"makkah-al-naseem","name_ar":"النسيم","name_en":"Al Naseem","city":"makkah","source_codes":["70030076563135571"]}},{"type":"Feature","id":"makkah-al-nuzha","geometry":{"type":"Polygon","coordinates":[[[39.78272,21.44057],[39.78156,21.44065],[39.7774,21.44039],[39.77682,21.4386],[39.7761,21.43587],[39.77634,21.43293],[39.77804,21.42689],[39.77897,21.42399],[39.77984,21.42074],[39.78238,21.42001],[39.79129,21.42051],[39.79071,21.42398],[39.79038,21.42478],[39.78934,21.42639],[39.78913,21.42732],[39.78985,21.42722],[39.78989,21.42753],[39.79015,21.42801],[39.79063,21.42847],[39.79105,21.42848],[39.79125,21.42836],[39.79283,21.42887],[39.7937,21.43008],[39.79411,21.43089],[39.79466,21.43172],[39.79514,21.43165],[39.79527,21.43097],[39.79572,21.43033],[39.79604,21.43011],[39.79919,21.4333],[39.79704,21.43519],[39.79195,21.43854],[39.79079,21.439],[39.78993,21.43917],[39.78979,21.43949],[39.78868,21.43943],[39.78272,21.44057]]]},"properties":{"district_id":"makkah-al-nuzha","name_ar":"النزهة","name_en":"Al Nuzha","city":"makkah","source_codes":["70030076563135061"]}},{"type":"Feature","id":"makkah-al-rashidiya","geometry":{"type":"Polygon","coordinates":[[[39.99907,21.48841],[39.99978,21.49199],[39.99988,21.49287],[39.99043,21.49324],[39.98956,21.49315],[39.97164,21.48809],[39.97007,21.48774],[39.9687,21.48762],[39.96689,21.48768],[39.96665,21.48378],[39.96702,21.48212],[39.96812,21.48022],[39.96963,21.47895],[39.97033,21.47856],[39.97094,21.47829],[39.98332,21.4741],[39.98353,21.47461],[39.99078,21.47223],[39.99166,21.47213],[39.99369,21.47261],[39.99997,21.47388],[39.99889,21.47887],[39.99858,21.48217],[39.9987,21.48598],[39.99907,21.48841]]]},"properties":{"district_id":"makkah-al-rashidiya","name_ar":"الراشدية","name_en":"Al Rashidiya","city":"makkah","source_codes":["70030076563136768"]}},{"type":"Feature","id":"makkah-al-rawabi","geometry":{"type":"Polygon","coordinates":[[[39.84276,21.41565],[39.8418,21.41696],[39.84112,21.4193],[39.84136,21.42056],[39.84214,21.42177],[39.8372,21.4224],[39.83729,21.42154],[39.83716,21.42009],[39.83684,21.41952],[39.83678,21.41914],[39.83649,21.41879],[39.83529,21.41784],[39.834,21.41606],[39.83145,21.41371],[39.83025,21.41279],[39.8287,21.41212],[39.829,21.41163],[39.82905,21.41128],[39.82891,21.41072],[39.82916,21.4093],[39.83002,21.40565],[39.83054,21.40121],[39.8304,21.40085],[39.8299,21.40041],[39.82811,21.39974],[39.83245,21.3985],[39.84077,21.39844],[39.84276,21.41565]]]},"properties":{"district_id":"makkah-al-rawabi","name_ar":"الروابي","name_en":"Al Rawabi","city":"makkah","source_codes":["70030076563137519"]}},{"type":"Feature","id":"makkah-al-safa","geometry":{"type":"Polygon","coordinates":[[[39.95042,21.45543],[39.9492,21.45488],[39.94587,21.45368],[39.94352,21.45309],[39.9402,21.45238],[39.93889,21.45224],[39.93504,21.4523],[39.93226,21.45184],[39.92985,21.45093],[39.9266,21.44927],[39.92941,21.44505],[39.93704,21.43952],[39.94689,21.4352],[39.96156,21.41426],[39.96199,21.41345],[39.96319,21.41061],[39.96519,21.40442],[39.96553,21.40363],[39.96598,21.40289],[39.97076,21.40111],[39.97665,21.39857],[39.98489,21.39283],[39.9915,21.3856],[39.99147,21.38723],[39.99136,21.38821],[39.98986,21.39599],[39.98975,21.39699],[39.98971,21.39893],[39.9898,21.40055],[39.99134,21.41438],[39.9916,21.41599],[39.99205,21.41786],[39.99046,21.41823],[39.98938,21.42094],[39.98746,21.42922],[39.98706,21.43135],[39.98685,21.43302],[39.98685,21.43368],[39.985,21.43402],[39.98335,21.43463],[39.98179,21.43532],[39.97721,21.43774],[39.97008,21.44174],[39.96911,21.4422],[39.96054,21.44726],[39.95699,21.44909],[39.95465,21.45046],[39.95372,21.45109],[39.95042,21.45543]]]},"properties":{"district_id":"makkah-al-safa","name_ar":"الصفا","name_en":"Al Safa","city":"makkah","source_codes":["70030076563136769"]}},{"type":"Feature","id":"makkah-al-salam","geometry":{"type":"Polygon","coordinates":[[[39.96022,21.47123],[39.94512,21.46509],[39.95044,21.45539],[39.96902,21.46299],[39.96588,21.46973],[39.96172,21.46804],[39.96022,21.47123]]]},"properties":{"district_id":"makkah-al-salam","name_ar":"السلام","name_en":"Al Salam","city":"makkah","source_codes":["70030076563135630"]}},{"type":"Feature","id":"makkah-al-salamah-al-hadibia","geometry":{"type":"Polygon","coordinates":[[[39.7697,21.43903],[39.77062,21.43915],[39.77446,21.44014],[39.77523,21.44027],[39.77738,21.44039],[39.77791,21.44172],[39.77839,21.44269],[39.77906,21.44368],[39.77971,21.4444],[39.78102,21.44548],[39.78365,21.44706],[39.7853,21.44817],[39.78799,21.45034],[39.7901,21.4524],[39.79457,21.45744],[39.79648,21.45932],[39.79821,21.46074],[39.80044,21.46227],[39.80241,21.46339],[39.80472,21.46447],[39.80412,21.46513],[39.80295,21.46603],[39.80074,21.46707],[39.79983,21.46761],[39.79883,21.46847],[39.79802,21.46948],[39.79743,21.47065],[39.79715,21.47158],[39.79585,21.47824],[39.79202,21.47807],[39.79135,21.47332],[39.79106,21.47252],[39.79006,21.4709],[39.78956,21.47032],[39.78597,21.46766],[39.78471,21.46707],[39.78325,21.46671],[39.77538,21.4665],[39.77404,21.46628],[39.77283,21.46587],[39.77141,21.46507],[39.77023,21.46403],[39.76699,21.45975],[39.76641,21.45912],[39.76578,21.45858],[39.76495,21.45807],[39.76401,21.45765],[39.75962,21.45631],[39.76257,21.4489],[39.76328,21.44654],[39.76363,21.44393],[39.7636,21.44231],[39.7634,21.43975],[39.76897,21.43903],[39.7697,21.43903]]]},"properties":{"district_id":"makkah-al-salamah-al-hadibia","name_ar":"السلامة (الحديبية)","name_en":"Al Salamah (Al Hadibia)","city":"makkah","source_codes":["70030076563135043"]}},{"type":"Feature","id":"makkah-al-sanabel","geometry":{"type":"Polygon","coordinates":[[[39.85836,21.4043],[39.85252,21.40708],[39.85101,21.40171],[39.8513,21.4004],[39.85122,21.40032],[39.85071,21.40027],[39.8508,21.39952],[39.85127,21.39777],[39.85145,21.39759],[39.85132,21.39674],[39.84957,21.39606],[39.85029,21.39556],[39.85242,21.39447],[39.85326,21.39439],[39.85391,21.39406],[39.86222,21.38544],[39.86342,21.38445],[39.86487,21.38363],[39.86591,21.38322],[39.86684,21.38295],[39.8683,21.38273],[39.86972,21.38272],[39.87054,21.38279],[39.87163,21.38301],[39.8749,21.38401],[39.87287,21.39022],[39.87234,21.39127],[39.8714,21.39247],[39.86492,21.39169],[39.86377,21.39107],[39.86206,21.39268],[39.8616,21.39356],[39.86088,21.39839],[39.85836,21.4043]]]},"properties":{"district_id":"makkah-al-sanabel","name_ar":"السنابل","name_en":"Al-Sanabel","city":"makkah","source_codes":["70030076563135031"]}},{"type":"Feature","id":"makkah-al-sharayeh","geometry":{"type":"Polygon","coordinates":[[[39.94702,21.48666],[39.94568,21.48681],[39.94432,21.48656],[39.94288,21.48609],[39.94058,21.48515],[39.93804,21.48389],[39.93707,21.48355],[39.93626,21.48315],[39.93528,21.48288],[39.94161,21.47134],[39.94512,21.46509],[39.96022,21.47123],[39.95868,21.47384],[39.95254,21.48481],[39.95235,21.48676],[39.95082,21.48662],[39.94702,21.48666]]]},"properties":{"district_id":"makkah-al-sharayeh","name_ar":"الشرائع","name_en":"Al Sharayeh","city":"makkah","source_codes":["70030076563135553"]}},{"type":"Feature","id":"makkah-al-shuhada","geometry":{"type":"Polygon","coordinates":[[[39.81907,21.46285],[39.81649,21.46336],[39.81416,21.46349],[39.81282,21.4637],[39.8115,21.46408],[39.80951,21.46487],[39.80826,21.46519],[39.80645,21.465],[39.80555,21.46477],[39.80363,21.46399],[39.80201,21.46318],[39.80044,21.46227],[39.79894,21.46127],[39.7975,21.46019],[39.79615,21.45902],[39.79497,21.45786],[39.79539,21.4578],[39.79612,21.45749],[39.79638,21.45686],[39.79732,21.45561],[39.79922,21.45416],[39.80136,21.45136],[39.80189,21.4508],[39.80208,21.45032],[39.80239,21.44996],[39.80298,21.44976],[39.80334,21.44953],[39.80385,21.44904],[39.80422,21.44895],[39.80516,21.44891],[39.80549,21.44898],[39.80614,21.45008],[39.80633,21.45014],[39.80705,21.44986],[39.80738,21.45096],[39.80849,21.45123],[39.8087,21.44794],[39.81038,21.45009],[39.81154,21.45206],[39.81397,21.45754],[39.81442,21.45832],[39.81506,21.45901],[39.81753,21.46084],[39.81907,21.46285]]]},"properties":{"district_id":"makkah-al-shuhada","name_ar":"الشهداء","name_en":"Al Shuhada","city":"makkah","source_codes":["70030076563135019"]}},{"type":"Feature","id":"makkah-al-shumaisi","geometry":{"type":"Polygon","coordinates":[[[39.69849,21.35259],[39.69825,21.35422],[39.69832,21.35466],[39.69858,21.35519],[39.69985,21.35661],[39.7012,21.35785],[39.70223,21.35894],[39.70303,21.35945],[39.70283,21.36008],[39.70189,21.36165],[39.69985,21.36474],[39.69909,21.36552],[39.69759,21.36649],[39.70746,21.37394],[39.7057,21.37456],[39.69989,21.37725],[39.69658,21.37933],[39.69516,21.37847],[39.67701,21.36874],[39.67503,21.36757],[39.65584,21.3555],[39.65486,21.35495],[39.65278,21.35401],[39.65063,21.35331],[39.64937,21.35302],[39.64666,21.35267],[39.6219,21.35208],[39.62244,21.34893],[39.62296,21.34698],[39.62373,21.34463],[39.62475,21.34216],[39.62597,21.33972],[39.62696,21.33803],[39.63195,21.33044],[39.63722,21.33479],[39.63819,21.33528],[39.63941,21.33572],[39.64052,21.33597],[39.64162,21.33603],[39.64273,21.33599],[39.65512,21.3332],[39.65719,21.33298],[39.65868,21.33293],[39.6606,21.33304],[39.66217,21.33331],[39.66371,21.33369],[39.68839,21.34058],[39.68983,21.34088],[39.6915,21.34112],[39.69371,21.34133],[39.69598,21.34136],[39.69603,21.34366],[39.6959,21.34618],[39.6956,21.34714],[39.69385,21.34996],[39.69849,21.35259]]]},"properties":{"district_id":"makkah-al-shumaisi","name_ar":"الشميسي","name_en":"Al-Shumaisi","city":"makkah","source_codes":["70030076563137562"]}},{"type":"Feature","id":"makkah-al-taysir","geometry":{"type":"Polygon","coordinates":[[[39.80988,21.43216],[39.80788,21.43183],[39.80721,21.43189],[39.80654,21.43212],[39.80668,21.43112],[39.80684,21.42838],[39.80676,21.4215],[39.81064,21.4217],[39.81061,21.42524],[39.81017,21.43014],[39.80988,21.43216]]]},"properties":{"district_id":"makkah-al-taysir","name_ar":"التيسير","name_en":"Al Taysir","city":"makkah","source_codes":["70030076563135555"]}},{"type":"Feature","id":"makkah-al-ukayshiyah","geometry":{"type":"Polygon","coordinates":[[[39.80586,21.36566],[39.80347,21.36608],[39.80413,21.36963],[39.80411,21.36991],[39.80363,21.37063],[39.80231,21.36912],[39.79842,21.36608],[39.79723,21.36492],[39.79509,21.36245],[39.79351,21.36002],[39.79248,21.35868],[39.79107,21.35711],[39.78953,21.35565],[39.78674,21.35343],[39.78101,21.35078],[39.7789,21.34926],[39.78815,21.34735],[39.79055,21.34705],[39.7925,21.34698],[39.79463,21.34711],[39.7964,21.34739],[39.79869,21.34795],[39.81613,21.35308],[39.81561,21.35571],[39.81529,21.35637],[39.81482,21.35675],[39.8145,21.35727],[39.81415,21.35747],[39.81562,21.36389],[39.81621,21.36536],[39.81055,21.36582],[39.80586,21.36566]]]},"properties":{"district_id":"makkah-al-ukayshiyah","name_ar":"العكيشية","name_en":"Al Ukayshiyah","city":"makkah","source_codes":["70030076563137507"]}},{"type":"Feature","id":"makkah-al-utaybiyah","geometry":{"type":"Polygon","coordinates":[[[39.81913,21.44206],[39.81943,21.44325],[39.81954,21.44431],[39.82052,21.445],[39.8208,21.44571],[39.82171,21.44865],[39.82285,21.45194],[39.82318,21.45379],[39.82468,21.45874],[39.8191,21.46283],[39.81862,21.46232],[39.81797,21.46134],[39.81753,21.46084],[39.81506,21.45901],[39.81442,21.45832],[39.81397,21.45754],[39.81154,21.45206],[39.81038,21.45009],[39.8087,21.44794],[39.80879,21.44591],[39.80961,21.44157],[39.81055,21.4417],[39.81121,21.44164],[39.81178,21.44139],[39.8131,21.44032],[39.81346,21.44011],[39.8181,21.43909],[39.81866,21.4409],[39.81913,21.44206]]]},"properties":{"district_id":"makkah-al-utaybiyah","name_ar":"العتيبية","name_en":"Al Utaybiyah","city":"makkah","source_codes":["70030076563135068"]}},{"type":"Feature","id":"makkah-al-yamama","geometry":{"type":"Polygon","coordinates":[[[39.94922,21.542],[39.94651,21.54302],[39.94696,21.54234],[39.94724,21.54147],[39.94713,21.54061],[39.94559,21.53988],[39.94553,21.53878],[39.94661,21.53901],[39.94814,21.53907],[39.94875,21.53857],[39.94872,21.53763],[39.94795,21.5368],[39.94649,21.53643],[39.94533,21.53567],[39.94484,21.53445],[39.94416,21.53367],[39.943,21.53351],[39.94229,21.53306],[39.94203,21.53302],[39.94171,21.53313],[39.94202,21.5324],[39.94232,21.53132],[39.9415,21.53119],[39.94126,21.53079],[39.94051,21.53031],[39.93877,21.52961],[39.93739,21.52998],[39.93706,21.53021],[39.93691,21.53044],[39.93671,21.53041],[39.93657,21.53051],[39.93582,21.5303],[39.93438,21.53013],[39.93234,21.52916],[39.93003,21.52894],[39.92245,21.5317],[39.92509,21.52506],[39.92496,21.52482],[39.92701,21.52189],[39.92763,21.52134],[39.92694,21.52099],[39.9281,21.51809],[39.92938,21.51528],[39.93072,21.51383],[39.93221,21.51274],[39.93459,21.51074],[39.93645,21.509],[39.93649,21.50839],[39.93626,21.50692],[39.93684,21.50417],[39.93729,21.50452],[39.93779,21.50474],[39.93933,21.50505],[39.94754,21.49597],[39.94807,21.49039],[39.94861,21.48897],[39.94882,21.48666],[39.95082,21.48662],[39.96283,21.48792],[39.96689,21.48768],[39.96723,21.4915],[39.96727,21.49349],[39.9672,21.49435],[39.9669,21.49591],[39.96647,21.49729],[39.95216,21.53037],[39.94922,21.542]]]},"properties":{"district_id":"makkah-al-yamama","name_ar":"اليمامة","name_en":"Al Yamama","city":"makkah","source_codes":["70030076563135552"]}},{"type":"Feature","id":"makkah-al-zaher","geometry":{"type":"Polygon","coordinates":[[[39.79497,21.45786],[39.7901,21.4524],[39.78799,21.45034],[39.7853,21.44817],[39.78365,21.44706],[39.78102,21.44548],[39.77971,21.4444],[39.77906,21.44368],[39.77839,21.44269],[39.77791,21.44172],[39.77738,21.44039],[39.78156,21.44065],[39.78272,21.44057],[39.78868,21.43943],[39.78979,21.43949],[39.79068,21.43978],[39.79989,21.4402],[39.80088,21.44034],[39.80425,21.44104],[39.80663,21.44115],[39.80961,21.44157],[39.80879,21.44591],[39.80849,21.45123],[39.80738,21.45096],[39.80705,21.44986],[39.80633,21.45014],[39.80614,21.45008],[39.80549,21.44898],[39.80516,21.44891],[39.80422,21.44895],[39.80385,21.44904],[39.80334,21.44953],[39.80298,21.44976],[39.80239,21.44996],[39.80208,21.45032],[39.80189,21.4508],[39.80136,21.45136],[39.79922,21.45416],[39.79732,21.45561],[39.79638,21.45686],[39.79612,21.45749],[39.79539,21.4578],[39.79497,21.45786]]]},"properties":{"district_id":"makkah-al-zaher","name_ar":"الزاهر","name_en":"Al Zaher","city":"makkah","source_codes":["70030076563135067"]}},{"type":"Feature","id":"makkah-al-zahra","geometry":{"type":"Polygon","coordinates":[[[39.80414,21.4333],[39.80367,21.43346],[39.80316,21.43346],[39.80179,21.43266],[39.80125,21.4325],[39.80058,21.4325],[39.79986,21.43274],[39.79919,21.4333],[39.79604,21.43011],[39.79572,21.43033],[39.79527,21.43097],[39.79514,21.43165],[39.79466,21.43172],[39.79411,21.43089],[39.7937,21.43008],[39.79283,21.42887],[39.79125,21.42836],[39.79105,21.42848],[39.79063,21.42847],[39.79015,21.42801],[39.78989,21.42753],[39.78985,21.42722],[39.78913,21.42732],[39.78934,21.42639],[39.79038,21.42478],[39.79071,21.42398],[39.79129,21.42051],[39.79863,21.42106],[39.80676,21.4215],[39.80684,21.42838],[39.80664,21.4315],[39.80654,21.43212],[39.80414,21.4333]]]},"properties":{"district_id":"makkah-al-zahra","name_ar":"الزهراء","name_en":"Al Zahra","city":"makkah","source_codes":["70030076563137928"]}},{"type":"Feature","id":"makkah-ali-shoab","geometry":{"type":"Polygon","coordinates":[[[39.74605,21.22705],[39.74584,21.23341],[39.74467,21.2452],[39.74679,21.27056],[39.72937,21.26861],[39.71789,21.26724],[39.71195,21.26726],[39.71065,21.26712],[39.70749,21.26763],[39.70475,21.26816],[39.70304,21.26869],[39.69852,21.26983],[39.70684,21.26525],[39.70981,21.2633],[39.7118,21.26188],[39.71334,21.26063],[39.71632,21.25786],[39.71826,21.25581],[39.72579,21.24682],[39.72814,21.2443],[39.73214,21.24032],[39.73361,21.23866],[39.73902,21.23217],[39.73987,21.23127],[39.74099,21.23021],[39.74227,21.22916],[39.74464,21.22769],[39.74605,21.22705]]]},"properties":{"district_id":"makkah-ali-shoab","name_ar":"شعب علي الجديد","name_en":"Ali shoab","city":"makkah","source_codes":["70030076563131819"]}},{"type":"Feature","id":"makkah-amer-shoab","geometry":{"type":"Polygon","coordinates":[[[39.82359,21.28013],[39.81994,21.2795],[39.81515,21.27923],[39.80844,21.27955],[39.80497,21.27964],[39.80069,21.27954],[39.7951,21.27913],[39.79257,21.27874],[39.788,21.27761],[39.78542,21.27669],[39.78373,21.27596],[39.78115,21.27506],[39.77844,21.2744],[39.77604,21.27399],[39.75789,21.2718],[39.74679,21.27056],[39.74467,21.2452],[39.74584,21.23341],[39.74605,21.22705],[39.74681,21.22671],[39.74829,21.22622],[39.75114,21.22557],[39.7524,21.22543],[39.75533,21.22541],[39.75731,21.22558],[39.76799,21.22751],[39.77151,21.22828],[39.77427,21.22911],[39.77906,21.23085],[39.80574,21.24314],[39.8078,21.24384],[39.80888,21.24404],[39.80973,21.24412],[39.81147,21.24404],[39.81307,21.24369],[39.8141,21.24336],[39.81646,21.24201],[39.81754,21.24129],[39.81857,21.24046],[39.81963,21.23945],[39.8208,21.2381],[39.82172,21.23688],[39.82218,21.23613],[39.8227,21.23562],[39.82338,21.23529],[39.82401,21.2352],[39.82464,21.23529],[39.82531,21.23561],[39.82589,21.23625],[39.82644,21.25318],[39.82667,21.2581],[39.82677,21.26285],[39.82663,21.26494],[39.82632,21.2675],[39.82359,21.28013]]]},"properties":{"district_id":"makkah-amer-shoab","name_ar":"شعب عامر الجديد","name_en":"Amer shoab","city":"makkah","source_codes":["70030076563132445"]}},{"type":"Feature","id":"makkah-aqaba","geometry":{"type":"Polygon","coordinates":[[[39.7634,21.43975],[39.7636,21.44231],[39.76363,21.44393],[39.76328,21.44654],[39.76257,21.4489],[39.75962,21.45631],[39.72732,21.4419],[39.72966,21.43677],[39.73062,21.43497],[39.73224,21.4326],[39.73329,21.43134],[39.73441,21.43018],[39.74359,21.4299],[39.74567,21.43015],[39.74646,21.43035],[39.74768,21.43096],[39.74994,21.43285],[39.75102,21.43348],[39.75611,21.43509],[39.75742,21.43567],[39.75819,21.43622],[39.7616,21.43931],[39.76242,21.43966],[39.7634,21.43975]]]},"properties":{"district_id":"makkah-aqaba","name_ar":"العقبة","name_en":"Aqaba","city":"makkah","source_codes":["70030076563137563"]}},{"type":"Feature","id":"makkah-ar-rusayfah","geometry":{"type":"Polygon","coordinates":[[[39.79676,21.42047],[39.79679,21.42092],[39.78874,21.42032],[39.78238,21.42001],[39.77984,21.42074],[39.78235,21.4106],[39.78376,21.40408],[39.78409,21.4031],[39.78452,21.40218],[39.78559,21.40053],[39.78714,21.40164],[39.78875,21.40312],[39.78962,21.40255],[39.79071,21.40224],[39.79184,21.40232],[39.79272,21.40266],[39.79343,21.40325],[39.79746,21.4075],[39.79822,21.40835],[39.79882,21.40918],[39.79701,21.41114],[39.79617,21.41299],[39.79579,21.41297],[39.79474,21.41352],[39.79547,21.41514],[39.79541,21.41535],[39.79468,21.41628],[39.79486,21.41794],[39.79587,21.41901],[39.79676,21.42047]]]},"properties":{"district_id":"makkah-ar-rusayfah","name_ar":"الرصيفة","name_en":"Ar Rusayfah","city":"makkah","source_codes":["70030076563135030"]}},{"type":"Feature","id":"makkah-ash-shawqiyah","geometry":{"type":"Polygon","coordinates":[[[39.80898,21.39113],[39.80957,21.39447],[39.80952,21.39459],[39.80811,21.39516],[39.80697,21.39546],[39.80529,21.3957],[39.7972,21.39581],[39.79587,21.39601],[39.79142,21.39693],[39.78982,21.39744],[39.78821,21.39825],[39.78683,21.39925],[39.78559,21.40053],[39.78356,21.39916],[39.78495,21.39736],[39.7852,21.39682],[39.78733,21.38429],[39.78816,21.37612],[39.79202,21.37647],[39.79379,21.37653],[39.79601,21.3762],[39.79714,21.37582],[39.79837,21.37529],[39.79963,21.37449],[39.80049,21.37382],[39.80363,21.37063],[39.80417,21.37179],[39.80898,21.39113]]]},"properties":{"district_id":"makkah-ash-shawqiyah","name_ar":"الشوقية","name_en":"Ash Shawqiyah","city":"makkah","source_codes":["70030076563135573"]}},{"type":"Feature","id":"makkah-at-tanim","geometry":{"type":"Polygon","coordinates":[[[39.83133,21.51987],[39.82814,21.52023],[39.82631,21.52033],[39.82477,21.52016],[39.8233,21.51968],[39.81714,21.51666],[39.81534,21.51605],[39.81339,21.51575],[39.81215,21.51573],[39.81156,21.5158],[39.81038,21.51603],[39.80923,21.51636],[39.80754,21.51715],[39.80449,21.51892],[39.803,21.51946],[39.80186,21.51962],[39.80048,21.51959],[39.79876,21.51924],[39.79113,21.51696],[39.79379,21.48924],[39.79426,21.48628],[39.79715,21.47158],[39.79743,21.47065],[39.79781,21.46982],[39.79847,21.46886],[39.79884,21.46846],[39.80023,21.46735],[39.80295,21.46603],[39.80412,21.46513],[39.80472,21.46447],[39.80645,21.465],[39.80826,21.46519],[39.80951,21.46487],[39.8115,21.46408],[39.81282,21.4637],[39.81416,21.46349],[39.81649,21.46336],[39.81907,21.46285],[39.82007,21.46353],[39.82573,21.46638],[39.82614,21.46674],[39.82998,21.47205],[39.83051,21.4729],[39.83079,21.474],[39.83103,21.47647],[39.83123,21.47695],[39.83163,21.47735],[39.83194,21.47752],[39.83231,21.47763],[39.83287,21.47761],[39.83381,21.47848],[39.83409,21.47904],[39.83374,21.47977],[39.83293,21.48077],[39.83278,21.48128],[39.83283,21.48166],[39.83394,21.48418],[39.83133,21.51987]]]},"properties":{"district_id":"makkah-at-tanim","name_ar":"التنعيم","name_en":"At Tanim","city":"makkah","source_codes":["70030076563135016"]}},{"type":"Feature","id":"makkah-at-taqwa","geometry":{"type":"Polygon","coordinates":[[[39.82049,21.40105],[39.8198,21.40145],[39.81785,21.4022],[39.81602,21.40276],[39.81488,21.40131],[39.812,21.39861],[39.81157,21.39837],[39.81094,21.39836],[39.80959,21.39456],[39.81093,21.39381],[39.81235,21.3927],[39.8135,21.39147],[39.81472,21.38971],[39.81548,21.3888],[39.81668,21.38777],[39.81781,21.38709],[39.81904,21.38658],[39.82037,21.38624],[39.82147,21.38612],[39.82417,21.38605],[39.82528,21.38588],[39.82681,21.38548],[39.82647,21.38589],[39.82579,21.38707],[39.82546,21.38802],[39.82566,21.39087],[39.82581,21.39678],[39.82589,21.39735],[39.82541,21.39742],[39.82509,21.39757],[39.82049,21.40105]]]},"properties":{"district_id":"makkah-at-taqwa","name_ar":"التقوى","name_en":"At Taqwa","city":"makkah","source_codes":["70030076563137921"]}},{"type":"Feature","id":"makkah-at-tarwiyah","geometry":{"type":"Polygon","coordinates":[[[39.96689,21.48768],[39.96283,21.48792],[39.95235,21.48676],[39.95254,21.48481],[39.95868,21.47384],[39.96044,21.47086],[39.96172,21.46804],[39.96588,21.46973],[39.96902,21.46298],[39.97756,21.46644],[39.98057,21.46732],[39.98104,21.46824],[39.98332,21.4741],[39.97094,21.47829],[39.96963,21.47895],[39.96812,21.48022],[39.96702,21.48212],[39.96665,21.48378],[39.96689,21.48768]]]},"properties":{"district_id":"makkah-at-tarwiyah","name_ar":"التروية","name_en":"At Tarwiyah","city":"makkah","source_codes":["70030076563135567"]}},{"type":"Feature","id":"makkah-badr","geometry":{"type":"Polygon","coordinates":[[[39.91104,21.47595],[39.9096,21.47842],[39.91048,21.48137],[39.91077,21.48163],[39.91041,21.48276],[39.90856,21.48754],[39.9025,21.50189],[39.90222,21.50362],[39.90096,21.50474],[39.90081,21.50544],[39.90049,21.50575],[39.89916,21.50832],[39.89838,21.50882],[39.89835,21.50911],[39.89882,21.5095],[39.89873,21.50991],[39.89688,21.51045],[39.89614,21.51088],[39.89542,21.5103],[39.89443,21.50842],[39.89291,21.50676],[39.89111,21.50626],[39.88882,21.50404],[39.88816,21.50366],[39.8856,21.50098],[39.87931,21.48825],[39.88826,21.47895],[39.88918,21.47785],[39.88974,21.47699],[39.8902,21.47608],[39.8906,21.47498],[39.89322,21.46573],[39.89399,21.46359],[39.89502,21.46114],[39.89621,21.46169],[39.89787,21.46282],[39.90138,21.46645],[39.90583,21.4719],[39.90686,21.47302],[39.9086,21.47446],[39.91104,21.47595]]]},"properties":{"district_id":"makkah-badr","name_ar":"بدر","name_en":"Badr","city":"makkah","source_codes":["70030076563135640"]}},{"type":"Feature","id":"makkah-barka","geometry":{"type":"Polygon","coordinates":[[[40.05026,21.52727],[40.04949,21.52736],[40.04925,21.52652],[40.04921,21.52498],[40.04565,21.52482],[40.04537,21.52662],[40.04222,21.52634],[40.04201,21.5273],[40.04146,21.52665],[40.04071,21.52512],[40.04002,21.52414],[40.03984,21.52375],[40.03849,21.52362],[40.03871,21.52289],[40.0393,21.5218],[40.03982,21.52041],[40.03996,21.51971],[40.03875,21.51979],[40.03771,21.51928],[40.03737,21.5189],[40.03657,21.51843],[40.0359,21.51833],[40.03411,21.51698],[40.03357,21.51708],[40.03281,21.51701],[40.03268,21.51663],[40.03256,21.51652],[40.03138,21.51682],[40.0311,21.516],[40.03097,21.51596],[40.03076,21.51566],[40.03054,21.51578],[40.03039,21.51571],[40.03021,21.51551],[40.02937,21.51493],[40.02832,21.51451],[40.02833,21.51413],[40.02766,21.51416],[40.02739,21.51404],[40.02686,21.51399],[40.0262,21.51371],[40.0258,21.51343],[40.02569,21.51368],[40.02532,21.51379],[40.02448,21.5137],[40.0238,21.51311],[40.02171,21.51215],[40.02133,21.51172],[40.01933,21.51059],[40.01796,21.50996],[40.01827,21.50872],[40.01823,21.50826],[40.01843,21.50673],[40.01935,21.50445],[40.02285,21.50583],[40.03867,21.51455],[40.04038,21.51558],[40.04721,21.52035],[40.04918,21.52122],[40.0503,21.5215],[40.05219,21.52168],[40.05346,21.52162],[40.05383,21.52256],[40.05478,21.52317],[40.05537,21.52398],[40.05529,21.52433],[40.05431,21.5245],[40.05286,21.52396],[40.05209,21.52652],[40.05023,21.52631],[40.05026,21.52727]]]},"properties":{"district_id":"makkah-barka","name_ar":"البركة","name_en":"Barka","city":"makkah","source_codes":["70030076563137246"]}},{"type":"Feature","id":"makkah-batha-quraysh","geometry":{"type":"Polygon","coordinates":[[[39.82673,21.38551],[39.82609,21.385],[39.82605,21.38461],[39.82586,21.38409],[39.82571,21.38393],[39.82549,21.38177],[39.82512,21.381],[39.82437,21.38035],[39.82385,21.37977],[39.82254,21.37872],[39.82198,21.3779],[39.82041,21.37652],[39.81691,21.3671],[39.81562,21.36389],[39.81415,21.35747],[39.8145,21.35727],[39.81482,21.35675],[39.81529,21.35637],[39.81561,21.35571],[39.81613,21.35308],[39.81994,21.35416],[39.82104,21.35432],[39.82309,21.35433],[39.82404,21.35418],[39.82595,21.35369],[39.8337,21.35151],[39.83584,21.35102],[39.83759,21.35077],[39.83984,21.35071],[39.8417,21.35091],[39.84377,21.3513],[39.84639,21.35215],[39.85062,21.35373],[39.82918,21.38302],[39.82791,21.38426],[39.82673,21.38551]]]},"properties":{"district_id":"makkah-batha-quraysh","name_ar":"بطحاء قريش","name_en":"Batha Quraysh","city":"makkah","source_codes":["70030076563137508"]}},{"type":"Feature","id":"makkah-dar-al-salam","geometry":{"type":"Polygon","coordinates":[[[39.80752,21.33435],[39.80666,21.33735],[39.79291,21.33683],[39.79286,21.33658],[39.78732,21.33628],[39.75888,21.33296],[39.75851,21.33303],[39.75135,21.33621],[39.75107,21.33581],[39.74539,21.32962],[39.74403,21.32763],[39.747,21.32098],[39.75833,21.31297],[39.76084,21.3114],[39.77011,21.30509],[39.77669,21.31973],[39.77883,21.31975],[39.77975,21.31962],[39.78474,21.3177],[39.78546,21.31757],[39.78674,21.31759],[39.79145,21.31852],[39.79255,21.31855],[39.79455,21.31833],[39.79785,21.31743],[39.79983,21.31727],[39.80181,21.31749],[39.81197,21.32032],[39.80752,21.33435]]]},"properties":{"district_id":"makkah-dar-al-salam","name_ar":"دار السلام","name_en":"Dar Al Salam","city":"makkah","source_codes":["70030076563132927"]}},{"type":"Feature","id":"makkah-eastern-al-safa","geometry":{"type":"Polygon","coordinates":[[[39.99462,21.42123],[39.99467,21.42176],[39.99443,21.42269],[39.99415,21.42315],[39.99422,21.42349],[39.99368,21.42353],[39.9934,21.42339],[39.9916,21.41599],[39.99134,21.41438],[39.9898,21.40055],[39.9897,21.39803],[39.98979,21.39665],[39.99454,21.39696],[40.00128,21.39715],[40.00142,21.40513],[39.99572,21.40505],[39.99553,21.41124],[39.9946,21.4149],[39.99422,21.41847],[39.99452,21.42011],[39.99415,21.42009],[39.99462,21.42123]]]},"properties":{"district_id":"makkah-eastern-al-safa","name_ar":"الصفا الشرقي","name_en":"Eastern Al Safa","city":"makkah","source_codes":["70030076624546815"]}},{"type":"Feature","id":"makkah-eastern-al-sulaimaniyah","geometry":{"type":"Polygon","coordinates":[[[39.82973,21.43497],[39.82797,21.43568],[39.82674,21.43158],[39.8287,21.4314],[39.82958,21.43121],[39.83055,21.43088],[39.83137,21.43049],[39.83224,21.42995],[39.83344,21.4289],[39.8364,21.42924],[39.83694,21.42941],[39.83763,21.42934],[39.8381,21.42956],[39.83985,21.42973],[39.83967,21.43037],[39.83944,21.43039],[39.83928,21.43069],[39.83917,21.43144],[39.83888,21.43202],[39.83835,21.43273],[39.83806,21.43359],[39.83785,21.43327],[39.83724,21.43289],[39.83667,21.43265],[39.83611,21.43263],[39.83588,21.43254],[39.83583,21.43276],[39.83612,21.43305],[39.83558,21.43359],[39.83524,21.43368],[39.83482,21.43364],[39.83482,21.43398],[39.83465,21.43422],[39.83446,21.4341],[39.83437,21.43413],[39.83405,21.43432],[39.83362,21.43441],[39.83352,21.43455],[39.83315,21.43472],[39.83256,21.4346],[39.83232,21.4348],[39.83192,21.43488],[39.83137,21.43518],[39.83128,21.4351],[39.83098,21.43526],[39.83039,21.43497],[39.82973,21.43497]]]},"properties":{"district_id":"makkah-eastern-al-sulaimaniyah","name_ar":"السليمانية الشرقي","name_en":"Eastern Al Sulaimaniyah","city":"makkah","source_codes":["70030076563130515"]}},{"type":"Feature","id":"makkah-falq-jadid","geometry":{"type":"Polygon","coordinates":[[[39.75981,21.30969],[39.76059,21.3105],[39.76105,21.31125],[39.75833,21.31297],[39.747,21.32098],[39.74403,21.32763],[39.74329,21.32656],[39.73824,21.32123],[39.73534,21.31789],[39.72355,21.31016],[39.72152,21.30859],[39.71836,21.30655],[39.71725,21.3062],[39.70998,21.30584],[39.7087,21.3056],[39.70785,21.30555],[39.70703,21.30583],[39.70186,21.30843],[39.69834,21.30509],[39.69115,21.29853],[39.69144,21.29842],[39.69114,21.29813],[39.68256,21.28017],[39.69531,21.27177],[39.69852,21.26983],[39.70304,21.26869],[39.70475,21.26816],[39.70749,21.26763],[39.71065,21.26712],[39.71195,21.26726],[39.71789,21.26724],[39.72937,21.26861],[39.74684,21.27057],[39.74926,21.29574],[39.74953,21.3],[39.74979,21.30069],[39.75035,21.30166],[39.75134,21.30264],[39.75981,21.30969]]]},"properties":{"district_id":"makkah-falq-jadid","name_ar":"الفلق الجديد","name_en":"Falq jadid","city":"makkah","source_codes":["70030076563137584"]}},{"type":"Feature","id":"makkah-farkan","geometry":{"type":"Polygon","coordinates":[[[39.81497,21.60773],[39.81148,21.60895],[39.811,21.60879],[39.80836,21.60736],[39.80818,21.60713],[39.80778,21.60626],[39.80682,21.60503],[39.80671,21.60471],[39.80664,21.60376],[39.80634,21.60283],[39.80656,21.60166],[39.80653,21.60126],[39.80502,21.59751],[39.80458,21.59696],[39.80413,21.59417],[39.80383,21.59271],[39.80349,21.59159],[39.80344,21.59063],[39.803,21.5884],[39.80164,21.58496],[39.80113,21.58347],[39.80108,21.58316],[39.80111,21.5806],[39.80118,21.57933],[39.80197,21.57708],[39.80265,21.5745],[39.80469,21.57118],[39.80541,21.56933],[39.80573,21.56802],[39.80574,21.56711],[39.80555,21.56542],[39.8047,21.56257],[39.80373,21.56092],[39.80237,21.55824],[39.8014,21.55563],[39.80065,21.5528],[39.80009,21.55213],[39.79903,21.54918],[39.79802,21.54524],[39.79749,21.54139],[39.79741,21.54112],[39.79687,21.54031],[39.79669,21.53978],[39.79668,21.5374],[39.79459,21.53142],[39.79397,21.52889],[39.7937,21.52676],[39.79284,21.52406],[39.78996,21.52223],[39.79023,21.52172],[39.79077,21.5199],[39.79113,21.51696],[39.79876,21.51924],[39.80048,21.51959],[39.80186,21.51962],[39.803,21.51946],[39.80449,21.51892],[39.80754,21.51715],[39.80923,21.51636],[39.81038,21.51603],[39.81156,21.5158],[39.81215,21.51573],[39.81339,21.51575],[39.81534,21.51605],[39.81714,21.51666],[39.8233,21.51968],[39.82477,21.52016],[39.82631,21.52033],[39.82814,21.52023],[39.83133,21.51987],[39.83124,21.52463],[39.82545,21.52492],[39.82266,21.52401],[39.81907,21.52269],[39.81574,21.52061],[39.81189,21.52054],[39.80982,21.52194],[39.80989,21.52237],[39.8103,21.52317],[39.81036,21.52347],[39.81023,21.52421],[39.80991,21.52471],[39.80965,21.5248],[39.80917,21.53271],[39.81743,21.54799],[39.81472,21.55036],[39.81436,21.55154],[39.81244,21.55377],[39.8126,21.55481],[39.81158,21.5569],[39.81007,21.55959],[39.8103,21.56306],[39.80907,21.56435],[39.80902,21.5655],[39.80927,21.56748],[39.80919,21.57262],[39.81106,21.57302],[39.81147,21.57533],[39.81277,21.57703],[39.81497,21.57634],[39.81535,21.57722],[39.81504,21.57884],[39.80965,21.5837],[39.80967,21.5855],[39.8102,21.58625],[39.8107,21.5889],[39.8103,21.59],[39.80904,21.59137],[39.80822,21.59349],[39.80871,21.59528],[39.80838,21.59604],[39.80772,21.59614],[39.80772,21.59693],[39.80839,21.59755],[39.8088,21.59817],[39.80888,21.59886],[39.80917,21.59978],[39.80944,21.60117],[39.80983,21.60197],[39.8102,21.60251],[39.81054,21.60333],[39.81165,21.60311],[39.81274,21.60265],[39.81352,21.60217],[39.81445,21.6018],[39.814,21.60015],[39.81443,21.60001],[39.81471,21.60026],[39.81518,21.6001],[39.81512,21.59916],[39.81563,21.59904],[39.81638,21.59914],[39.81674,21.59974],[39.81755,21.59958],[39.81766,21.59975],[39.81762,21.60026],[39.81806,21.60037],[39.8181,21.60059],[39.81792,21.60073],[39.81781,21.60094],[39.81814,21.60226],[39.81777,21.60248],[39.81728,21.60238],[39.81677,21.60247],[39.81628,21.60272],[39.81638,21.60331],[39.81433,21.60387],[39.8144,21.60488],[39.81418,21.60508],[39.81431,21.60686],[39.81443,21.60735],[39.81481,21.60727],[39.81572,21.60671],[39.8169,21.60655],[39.8182,21.60655],[39.82,21.6059],[39.82067,21.60516],[39.82097,21.60499],[39.82108,21.6045],[39.82096,21.60396],[39.82094,21.60341],[39.81995,21.60244],[39.81928,21.60035],[39.81905,21.59994],[39.81903,21.5983],[39.81964,21.59766],[39.82046,21.59791],[39.82048,21.59863],[39.82147,21.59887],[39.82196,21.59859],[39.82265,21.59942],[39.82317,21.59927],[39.82365,21.59892],[39.82284,21.59809],[39.82377,21.59687],[39.82502,21.5967],[39.82728,21.59576],[39.82869,21.59539],[39.82996,21.5957],[39.83116,21.59538],[39.83247,21.59598],[39.83313,21.59665],[39.83335,21.59721],[39.83371,21.59745],[39.83299,21.5981],[39.83305,21.5984],[39.83284,21.59863],[39.83186,21.59859],[39.83166,21.59899],[39.83191,21.59932],[39.83168,21.60029],[39.83207,21.60062],[39.83188,21.60088],[39.83101,21.60103],[39.83073,21.60075],[39.83005,21.6007],[39.8296,21.60093],[39.82925,21.60144],[39.82859,21.60132],[39.82758,21.60232],[39.82605,21.60347],[39.82469,21.6047],[39.82142,21.60688],[39.81829,21.60854],[39.81769,21.60878],[39.81708,21.60868],[39.81556,21.60768],[39.81497,21.60773]]]},"properties":{"district_id":"makkah-farkan","name_ar":"الفرقان","name_en":"Farkan","city":"makkah","source_codes":["70030076563136776"]}},{"type":"Feature","id":"makkah-hadibia","geometry":{"type":"Polygon","coordinates":[[[39.61964,21.44881],[39.61661,21.44565],[39.61489,21.44334],[39.61401,21.44188],[39.6134,21.44066],[39.61267,21.43892],[39.61219,21.43748],[39.61169,21.43532],[39.61145,21.43355],[39.61052,21.41939],[39.61046,21.4174],[39.61062,21.4155],[39.61093,21.4139],[39.61146,21.41212],[39.61216,21.41044],[39.61313,21.40865],[39.62399,21.39022],[39.62462,21.38889],[39.62513,21.38753],[39.62576,21.38497],[39.62593,21.38349],[39.62597,21.38209],[39.62576,21.3796],[39.62233,21.36341],[39.62185,21.36051],[39.62166,21.35849],[39.62161,21.3557],[39.62167,21.35421],[39.6219,21.35208],[39.64666,21.35267],[39.64937,21.35302],[39.65063,21.35331],[39.65278,21.35401],[39.65486,21.35495],[39.65584,21.3555],[39.67503,21.36757],[39.67701,21.36874],[39.69516,21.37847],[39.69658,21.37933],[39.69744,21.39048],[39.6971,21.3905],[39.69757,21.39515],[39.69934,21.3974],[39.69843,21.39866],[39.69813,21.40024],[39.69796,21.40182],[39.69803,21.40343],[39.70018,21.40815],[39.70101,21.40927],[39.70252,21.41073],[39.70323,21.411],[39.70181,21.41545],[39.69847,21.41449],[39.69734,21.4145],[39.69687,21.41477],[39.69609,21.41572],[39.69554,21.41621],[39.69465,21.41621],[39.6943,21.41728],[39.68819,21.41512],[39.68666,21.41462],[39.686,21.41449],[39.68449,21.41436],[39.68295,21.41444],[39.68194,21.41462],[39.68024,21.41516],[39.67221,21.41857],[39.65812,21.42612],[39.657,21.42666],[39.63937,21.43441],[39.63172,21.43709],[39.6253,21.44297],[39.61964,21.44881]]]},"properties":{"district_id":"makkah-hadibia","name_ar":"الحديبية","name_en":"Hadibia","city":"makkah","source_codes":["70030076563111861"]}},{"type":"Feature","id":"makkah-hanin","geometry":{"type":"Polygon","coordinates":[[[40.05346,21.52162],[40.05219,21.52168],[40.0503,21.5215],[40.04918,21.52122],[40.04832,21.52089],[40.04721,21.52035],[40.04038,21.51558],[40.03826,21.51433],[40.04141,21.50928],[40.04246,21.51003],[40.04414,21.51103],[40.04495,21.51129],[40.04648,21.51151],[40.04771,21.51138],[40.04935,21.51034],[40.0509,21.51028],[40.05188,21.51055],[40.05286,21.51072],[40.05432,21.51082],[40.05585,21.51055],[40.05673,21.51015],[40.05896,21.50994],[40.05954,21.5098],[40.06102,21.50991],[40.06156,21.50982],[40.06439,21.50842],[40.06591,21.50787],[40.06638,21.50779],[40.06733,21.50798],[40.06835,21.5084],[40.06903,21.50841],[40.07069,21.5078],[40.07216,21.50701],[40.07361,21.50669],[40.07488,21.50689],[40.07539,21.50731],[40.07622,21.50746],[40.0792,21.50635],[40.07979,21.5053],[40.08109,21.50436],[40.08293,21.50351],[40.08801,21.50412],[40.08821,21.50436],[40.08822,21.5087],[40.09116,21.5105],[40.10527,21.51189],[40.10859,21.50709],[40.10892,21.50692],[40.1092,21.50702],[40.1117,21.51348],[40.11508,21.51626],[40.11508,21.51678],[40.10896,21.52129],[40.10046,21.51812],[40.09275,21.51714],[40.08824,21.51669],[40.08706,21.51674],[40.08613,21.51688],[40.07438,21.52047],[40.07336,21.52075],[40.07235,21.5209],[40.07167,21.52096],[40.0702,21.52087],[40.06642,21.5201],[40.06533,21.51994],[40.06465,21.51992],[40.06215,21.52017],[40.05346,21.52162]]]},"properties":{"district_id":"makkah-hanin","name_ar":"حنين","name_en":"Hanin","city":"makkah","source_codes":["70030076563136767"]}},{"type":"Feature","id":"makkah-hara-bab-jadid","geometry":{"type":"Polygon","coordinates":[[[39.75462,21.34411],[39.74233,21.34263],[39.73869,21.34254],[39.73637,21.34261],[39.71155,21.34403],[39.71058,21.344],[39.70899,21.34379],[39.70727,21.34327],[39.70321,21.3417],[39.70214,21.34148],[39.701,21.34136],[39.69484,21.34135],[39.69986,21.33027],[39.70482,21.32366],[39.70706,21.32137],[39.70816,21.31973],[39.70869,21.31808],[39.70869,21.31688],[39.70849,21.31568],[39.70793,21.31454],[39.70698,21.31335],[39.70186,21.30843],[39.70703,21.30583],[39.70785,21.30555],[39.7087,21.3056],[39.70998,21.30584],[39.71725,21.3062],[39.71836,21.30655],[39.72152,21.30859],[39.72355,21.31016],[39.73534,21.31789],[39.73824,21.32123],[39.74329,21.32656],[39.74539,21.32962],[39.75107,21.33581],[39.75174,21.33676],[39.75905,21.34234],[39.75998,21.34387],[39.75874,21.34382],[39.75462,21.34411]]]},"properties":{"district_id":"makkah-hara-bab-jadid","name_ar":"حارة الباب الجديد","name_en":"Hara bab jadid","city":"makkah","source_codes":["70030076563137888"]}},{"type":"Feature","id":"makkah-husseiniyya","geometry":{"type":"Polygon","coordinates":[[[39.93056,21.30676],[39.92343,21.30859],[39.9175,21.30946],[39.91495,21.30954],[39.91112,21.30902],[39.90748,21.30808],[39.89801,21.3045],[39.88891,21.30181],[39.88289,21.30067],[39.88299,21.29925],[39.88336,21.29745],[39.88348,21.2959],[39.88296,21.29429],[39.88359,21.29237],[39.88358,21.29064],[39.88319,21.28974],[39.88446,21.28908],[39.88591,21.28626],[39.88679,21.28489],[39.88915,21.28416],[39.88991,21.28296],[39.88738,21.27699],[39.88718,21.2752],[39.88723,21.27299],[39.88522,21.27107],[39.88605,21.26713],[39.89037,21.26413],[39.89334,21.26035],[39.89601,21.25866],[39.89901,21.25918],[39.90245,21.26004],[39.90647,21.26189],[39.90845,21.26109],[39.90989,21.25779],[39.90052,21.25196],[39.9008,21.24815],[39.90215,21.2432],[39.90455,21.24035],[39.9049,21.23972],[39.905,21.23904],[39.90486,21.23839],[39.90461,21.23794],[39.90377,21.23738],[39.9009,21.23501],[39.9017,21.23261],[39.9044,21.23145],[39.90739,21.22923],[39.91396,21.22763],[39.91603,21.24563],[39.91633,21.2472],[39.91664,21.24831],[39.91731,21.25015],[39.91811,21.25186],[39.91923,21.25377],[39.92013,21.25507],[39.92155,21.25674],[39.92304,21.25821],[39.92451,21.25943],[39.92597,21.26047],[39.92698,21.26111],[39.93057,21.26305],[39.93166,21.26375],[39.93256,21.26443],[39.9343,21.26598],[39.93534,21.26711],[39.93595,21.2679],[39.9368,21.26917],[39.93752,21.27047],[39.93816,21.27192],[39.94055,21.27811],[39.94142,21.27973],[39.94222,21.28085],[39.94337,21.28214],[39.945,21.28351],[39.94656,21.28448],[39.94597,21.28581],[39.94596,21.28589],[39.94636,21.28614],[39.94632,21.28629],[39.94601,21.28623],[39.94617,21.28639],[39.94614,21.28671],[39.94564,21.28628],[39.9456,21.28647],[39.94563,21.28675],[39.94592,21.28708],[39.94623,21.28729],[39.94601,21.28747],[39.94574,21.28752],[39.94568,21.28779],[39.94583,21.28839],[39.94764,21.28878],[39.94706,21.29025],[39.94727,21.29042],[39.94597,21.29074],[39.94598,21.29097],[39.9457,21.29096],[39.94567,21.29126],[39.94589,21.29142],[39.94606,21.2918],[39.94567,21.29205],[39.94579,21.29245],[39.94612,21.29262],[39.94639,21.29241],[39.94669,21.29307],[39.9473,21.29331],[39.94766,21.29399],[39.94756,21.29411],[39.94789,21.29428],[39.948,21.29426],[39.94789,21.29462],[39.94809,21.29485],[39.94867,21.29487],[39.94875,21.2948],[39.94893,21.29492],[39.94872,21.29597],[39.94898,21.29616],[39.94972,21.29639],[39.94956,21.29671],[39.94964,21.29695],[39.94995,21.29692],[39.95003,21.29699],[39.95019,21.29717],[39.95032,21.29754],[39.95056,21.29774],[39.95064,21.29847],[39.95093,21.29894],[39.95098,21.29944],[39.95081,21.30002],[39.95088,21.30005],[39.94608,21.30154],[39.93056,21.30676]]]},"properties":{"district_id":"makkah-husseiniyya","name_ar":"الحسينية","name_en":"Husseiniyya","city":"makkah","source_codes":["70030076563135563"]}},{"type":"Feature","id":"makkah-jabal-al-noor","geometry":{"type":"Polygon","coordinates":[[[39.87954,21.46862],[39.87905,21.46846],[39.87771,21.46848],[39.87726,21.46858],[39.87611,21.46815],[39.87595,21.46735],[39.87428,21.46746],[39.87271,21.46715],[39.8727,21.46699],[39.87202,21.46682],[39.8721,21.4662],[39.87191,21.46593],[39.87088,21.46536],[39.87047,21.46576],[39.87027,21.46609],[39.87008,21.46615],[39.86969,21.46609],[39.86946,21.46618],[39.86698,21.46575],[39.86678,21.46563],[39.86602,21.46549],[39.86585,21.46593],[39.86576,21.46595],[39.86425,21.46535],[39.86446,21.46501],[39.86485,21.46477],[39.86483,21.46483],[39.86538,21.46498],[39.86549,21.46473],[39.86576,21.46471],[39.86584,21.46445],[39.86556,21.46437],[39.86562,21.46418],[39.8652,21.46404],[39.8655,21.46354],[39.86538,21.46264],[39.86468,21.46242],[39.86434,21.46245],[39.86392,21.46278],[39.86338,21.46343],[39.86189,21.46288],[39.86171,21.46317],[39.86083,21.46285],[39.8606,21.46293],[39.8605,21.46308],[39.85993,21.46282],[39.8594,21.46241],[39.85955,21.46223],[39.85942,21.4621],[39.85951,21.462],[39.8591,21.46164],[39.85905,21.46169],[39.85893,21.4616],[39.85886,21.46169],[39.85872,21.46158],[39.85856,21.46176],[39.85776,21.46141],[39.8561,21.46093],[39.85616,21.46072],[39.85516,21.46043],[39.85563,21.45903],[39.85546,21.45898],[39.85553,21.45877],[39.85539,21.45874],[39.85559,21.45808],[39.85567,21.45811],[39.85583,21.45768],[39.8551,21.45745],[39.85495,21.45789],[39.85504,21.45791],[39.85482,21.45856],[39.85466,21.45852],[39.85461,21.45868],[39.85447,21.45864],[39.85414,21.45958],[39.85351,21.45934],[39.85307,21.45884],[39.85278,21.45897],[39.85245,21.45847],[39.852,21.45816],[39.85251,21.45781],[39.8524,21.45768],[39.85226,21.45767],[39.85202,21.4573],[39.85175,21.45645],[39.85215,21.45617],[39.85188,21.45557],[39.85175,21.45564],[39.85162,21.45545],[39.85153,21.45549],[39.85146,21.45538],[39.85148,21.45506],[39.85107,21.45521],[39.85078,21.45557],[39.8504,21.45568],[39.85041,21.45582],[39.85013,21.45582],[39.8501,21.45545],[39.85046,21.4554],[39.85055,21.45517],[39.85074,21.45516],[39.85075,21.45501],[39.85054,21.455],[39.85055,21.45487],[39.85091,21.45494],[39.85109,21.4547],[39.85102,21.45464],[39.85112,21.45444],[39.85079,21.45434],[39.85077,21.45415],[39.85066,21.45416],[39.85045,21.45392],[39.85038,21.45382],[39.85051,21.45371],[39.84994,21.45293],[39.85031,21.45258],[39.85047,21.45263],[39.85053,21.45249],[39.85065,21.45253],[39.85072,21.45245],[39.85062,21.45237],[39.85076,21.45226],[39.85062,21.45215],[39.85066,21.45186],[39.8505,21.45179],[39.85065,21.45152],[39.85061,21.4514],[39.85036,21.45131],[39.85035,21.45145],[39.85021,21.45144],[39.8502,21.45157],[39.84995,21.45152],[39.84994,21.45164],[39.85016,21.45169],[39.85014,21.4518],[39.85,21.45193],[39.84993,21.45235],[39.84957,21.45276],[39.8495,21.45268],[39.84943,21.45271],[39.84934,21.4524],[39.84905,21.45247],[39.84914,21.45277],[39.84885,21.45288],[39.84879,21.45262],[39.84867,21.45264],[39.84864,21.45243],[39.84848,21.4524],[39.84851,21.45224],[39.84826,21.45191],[39.84753,21.45186],[39.84904,21.44847],[39.85127,21.44419],[39.85396,21.43966],[39.85478,21.43852],[39.8556,21.43888],[39.85637,21.43943],[39.85678,21.43982],[39.85858,21.4428],[39.8606,21.4456],[39.86408,21.44972],[39.86508,21.45079],[39.86595,21.45157],[39.86725,21.45242],[39.86874,21.45315],[39.87068,21.4538],[39.87592,21.45492],[39.87699,21.45525],[39.87791,21.45577],[39.88027,21.45742],[39.8815,21.45812],[39.88531,21.45956],[39.8873,21.46003],[39.88891,21.46031],[39.89261,21.46053],[39.89376,21.46073],[39.89502,21.46115],[39.89399,21.46359],[39.89324,21.46565],[39.89218,21.46584],[39.89117,21.46561],[39.89039,21.46572],[39.88969,21.46613],[39.8893,21.4662],[39.8886,21.46592],[39.88682,21.46667],[39.88667,21.46687],[39.8846,21.46716],[39.88401,21.46732],[39.88338,21.46735],[39.88251,21.46721],[39.88141,21.46725],[39.88123,21.46754],[39.88099,21.46751],[39.8808,21.46768],[39.88046,21.46832],[39.88001,21.46835],[39.87954,21.46862]]]},"properties":{"district_id":"makkah-jabal-al-noor","name_ar":"جبل النور","name_en":"Jabal Al Noor","city":"makkah","source_codes":["70030076563135060"]}},{"type":"Feature","id":"makkah-jamaa","geometry":{"type":"Polygon","coordinates":[[[39.89365,21.3942],[39.89258,21.39488],[39.87802,21.40156],[39.87384,21.40451],[39.86974,21.40754],[39.86656,21.4108],[39.86401,21.40858],[39.86092,21.40609],[39.85896,21.40289],[39.86088,21.39839],[39.8616,21.39356],[39.86206,21.39268],[39.86377,21.39107],[39.86492,21.39169],[39.8714,21.39247],[39.87234,21.39127],[39.87287,21.39022],[39.8749,21.384],[39.8758,21.38428],[39.87579,21.38433],[39.89177,21.3893],[39.8931,21.38988],[39.89568,21.39124],[39.89607,21.3922],[39.89365,21.3942]]]},"properties":{"district_id":"makkah-jamaa","name_ar":"الجامعه","name_en":"Jamaa","city":"makkah","source_codes":["70030076563137582"]}},{"type":"Feature","id":"makkah-jaranah","geometry":{"type":"Polygon","coordinates":[[[39.98313,21.54188],[39.9737,21.55274],[39.96805,21.55901],[39.96849,21.56014],[39.96881,21.56141],[39.96898,21.56274],[39.96925,21.5634],[39.96947,21.56485],[39.96934,21.56602],[39.96936,21.56947],[39.96963,21.57183],[39.96833,21.57186],[39.9672,21.5723],[39.96595,21.57301],[39.96551,21.57265],[39.96419,21.57208],[39.96291,21.57183],[39.96297,21.5704],[39.96267,21.56996],[39.96176,21.5699],[39.96075,21.57],[39.95998,21.57032],[39.9587,21.57006],[39.95827,21.56986],[39.95396,21.57465],[39.95348,21.57401],[39.95176,21.57111],[39.95149,21.57016],[39.95177,21.56769],[39.95041,21.56716],[39.94711,21.56629],[39.94589,21.56525],[39.94389,21.56308],[39.94215,21.56459],[39.9411,21.5649],[39.94019,21.56544],[39.93959,21.56612],[39.9393,21.56698],[39.93889,21.56748],[39.93697,21.56631],[39.9363,21.56526],[39.93656,21.56363],[39.93738,21.56302],[39.93908,21.56285],[39.9408,21.56315],[39.94231,21.56259],[39.94276,21.56161],[39.94345,21.55725],[39.94283,21.55613],[39.94211,21.55563],[39.94246,21.55517],[39.94228,21.55474],[39.94172,21.55453],[39.94075,21.55463],[39.93998,21.55442],[39.94002,21.55336],[39.94024,21.55224],[39.94075,21.55137],[39.94044,21.55097],[39.93975,21.55049],[39.93956,21.54922],[39.9404,21.54877],[39.94099,21.54826],[39.94168,21.54814],[39.94242,21.5477],[39.94335,21.54578],[39.94398,21.54477],[39.9461,21.54363],[39.94651,21.54302],[39.94922,21.542],[39.95216,21.53037],[39.96239,21.50672],[39.96389,21.50935],[39.96601,21.51181],[39.9684,21.51599],[39.96933,21.51814],[39.97002,21.52077],[39.97043,21.52351],[39.97572,21.52228],[39.97607,21.52616],[39.97806,21.53021],[39.98313,21.54188]]]},"properties":{"district_id":"makkah-jaranah","name_ar":"جعرانة","name_en":"Jaranah","city":"makkah","source_codes":["70030076563136135"]}},{"type":"Feature","id":"makkah-jrol-central","geometry":{"type":"Polygon","coordinates":[[[39.82011,21.43481],[39.81958,21.43515],[39.81911,21.43534],[39.81815,21.43547],[39.81765,21.43541],[39.8172,21.43529],[39.81193,21.43287],[39.81065,21.43235],[39.80988,21.43221],[39.81017,21.43014],[39.81061,21.42524],[39.81064,21.4217],[39.81672,21.42199],[39.81676,21.42292],[39.81692,21.42343],[39.81725,21.42409],[39.81888,21.42396],[39.81965,21.42379],[39.82004,21.42354],[39.82119,21.42226],[39.82171,21.422],[39.82211,21.42194],[39.82016,21.42507],[39.81962,21.42612],[39.81871,21.42753],[39.81832,21.42846],[39.81777,21.42907],[39.81709,21.43011],[39.81615,21.43185],[39.81827,21.43393],[39.81854,21.43428],[39.81895,21.43415],[39.81909,21.43401],[39.81921,21.43385],[39.81943,21.43306],[39.82032,21.43259],[39.82124,21.43297],[39.82167,21.43343],[39.82011,21.43481]]]},"properties":{"district_id":"makkah-jrol-central","name_ar":"جرول (المنطقة المركزية)","name_en":"Jrol (Central)","city":"makkah","source_codes":["70030076563137512"]}},{"type":"Feature","id":"makkah-king-fahd","geometry":{"type":"Polygon","coordinates":[[[39.77142,21.36924],[39.77543,21.37173],[39.77662,21.37278],[39.77893,21.37408],[39.7804,21.37482],[39.78137,21.37542],[39.78209,21.37561],[39.78816,21.37612],[39.78733,21.38429],[39.7852,21.39682],[39.78495,21.39736],[39.78356,21.39916],[39.78559,21.40053],[39.78452,21.40218],[39.78409,21.4031],[39.78376,21.40408],[39.78235,21.4106],[39.77983,21.42075],[39.77317,21.41627],[39.77146,21.41542],[39.76953,21.41476],[39.7681,21.41444],[39.76673,21.41427],[39.75793,21.41392],[39.7566,21.41381],[39.75435,21.41348],[39.75063,21.4127],[39.75548,21.40817],[39.75765,21.40557],[39.75981,21.40217],[39.76047,21.40094],[39.76077,21.40023],[39.76118,21.39884],[39.76326,21.38712],[39.76404,21.38318],[39.76446,21.38045],[39.76505,21.37848],[39.76626,21.37556],[39.76792,21.37112],[39.76903,21.36731],[39.77142,21.36924]]]},"properties":{"district_id":"makkah-king-fahd","name_ar":"الملك فهد","name_en":"King Fahd","city":"makkah","source_codes":["70030076563137583"]}},{"type":"Feature","id":"makkah-kudy","geometry":{"type":"Polygon","coordinates":[[[39.8503,21.40845],[39.8461,21.41238],[39.84344,21.41473],[39.84276,21.41565],[39.84077,21.39844],[39.83245,21.3985],[39.82811,21.39974],[39.82752,21.39948],[39.82685,21.39899],[39.82615,21.39808],[39.82589,21.39735],[39.82582,21.39687],[39.82566,21.39087],[39.82545,21.3882],[39.82554,21.38766],[39.82579,21.38707],[39.82671,21.38558],[39.82681,21.38548],[39.83145,21.38411],[39.83207,21.384],[39.83304,21.38397],[39.83426,21.38421],[39.83518,21.38462],[39.83568,21.38495],[39.83627,21.38547],[39.83852,21.38791],[39.83909,21.38833],[39.83983,21.38872],[39.84045,21.38893],[39.8412,21.38908],[39.84578,21.38942],[39.84648,21.38957],[39.84731,21.38988],[39.84807,21.39035],[39.84848,21.39071],[39.85134,21.39391],[39.85191,21.39428],[39.85242,21.39447],[39.85029,21.39556],[39.84957,21.39606],[39.85132,21.39674],[39.85145,21.39759],[39.85127,21.39777],[39.8508,21.39952],[39.85071,21.40027],[39.85122,21.40032],[39.8513,21.4004],[39.85101,21.40171],[39.85205,21.40543],[39.85163,21.40537],[39.8503,21.40845]]]},"properties":{"district_id":"makkah-kudy","name_ar":"كدي","name_en":"Kudy","city":"makkah","source_codes":["70030076563135045"]}},{"type":"Feature","id":"makkah-maabida","geometry":{"type":"Polygon","coordinates":[[[39.839,21.44077],[39.83847,21.44132],[39.83824,21.44146],[39.83638,21.44178],[39.83583,21.44176],[39.83531,21.44151],[39.83495,21.44112],[39.83448,21.44012],[39.83481,21.43989],[39.83571,21.44005],[39.83691,21.44001],[39.83702,21.43948],[39.83714,21.43949],[39.83717,21.43921],[39.83728,21.43913],[39.83766,21.43828],[39.83861,21.43829],[39.83865,21.43823],[39.83866,21.43806],[39.83848,21.43764],[39.83856,21.43735],[39.83854,21.43671],[39.83861,21.43639],[39.83912,21.43553],[39.83925,21.43516],[39.83927,21.4348],[39.83871,21.43424],[39.83832,21.43405],[39.83806,21.43359],[39.83835,21.43273],[39.83888,21.43202],[39.83917,21.43144],[39.83928,21.43069],[39.83944,21.43039],[39.83967,21.43037],[39.83994,21.4294],[39.84046,21.42946],[39.84117,21.4298],[39.84138,21.42997],[39.84146,21.43013],[39.8419,21.43021],[39.84199,21.42993],[39.84324,21.43005],[39.84603,21.43058],[39.84949,21.43199],[39.85431,21.43267],[39.8562,21.43271],[39.85783,21.43254],[39.85908,21.43227],[39.86067,21.43174],[39.85663,21.43627],[39.85478,21.43852],[39.85418,21.43839],[39.85294,21.43834],[39.84721,21.43955],[39.84506,21.43988],[39.84431,21.4401],[39.84175,21.44041],[39.83954,21.44044],[39.839,21.44077]]]},"properties":{"district_id":"makkah-maabida","name_ar":"المعابده","name_en":"Maabida","city":"makkah","source_codes":["70030076563135021"]}},{"type":"Feature","id":"makkah-madoai-jdid","geometry":{"type":"Polygon","coordinates":[[[39.81833,21.30016],[39.81197,21.32032],[39.80181,21.31749],[39.79983,21.31727],[39.79785,21.31743],[39.79455,21.31833],[39.79255,21.31855],[39.79145,21.31852],[39.78674,21.31759],[39.78546,21.31757],[39.78474,21.3177],[39.77975,21.31962],[39.77883,21.31975],[39.77669,21.31973],[39.77011,21.30509],[39.76105,21.31125],[39.76059,21.3105],[39.75981,21.30969],[39.75134,21.30264],[39.75035,21.30166],[39.74979,21.30069],[39.74953,21.3],[39.74926,21.29574],[39.74862,21.28919],[39.75091,21.28793],[39.75683,21.28502],[39.75789,21.28485],[39.75941,21.28508],[39.76658,21.28691],[39.77029,21.28768],[39.79604,21.28815],[39.79954,21.28829],[39.80363,21.2895],[39.80701,21.29181],[39.81078,21.29543],[39.81833,21.30016]]]},"properties":{"district_id":"makkah-madoai-jdid","name_ar":"المدعى الجديد","name_en":"Madoai jdid","city":"makkah","source_codes":["70030076563132926"]}},{"type":"Feature","id":"makkah-maqam","geometry":{"type":"Polygon","coordinates":[[[39.90427,21.52471],[39.90431,21.52547],[39.90467,21.52752],[39.90498,21.52836],[39.90528,21.52884],[39.90589,21.5308],[39.90577,21.53188],[39.90578,21.53324],[39.90557,21.53465],[39.90502,21.53573],[39.90473,21.53686],[39.90359,21.53923],[39.88716,21.53824],[39.88737,21.53731],[39.88733,21.53659],[39.8868,21.53443],[39.88679,21.53383],[39.88784,21.52957],[39.88801,21.52877],[39.888,21.52805],[39.8883,21.52752],[39.88855,21.5258],[39.8891,21.52479],[39.88956,21.52424],[39.88989,21.52438],[39.89089,21.52368],[39.89148,21.52341],[39.89376,21.52307],[39.89473,21.52269],[39.89558,21.522],[39.89629,21.52115],[39.89637,21.52088],[39.89633,21.52003],[39.89591,21.51807],[39.89558,21.51683],[39.89537,21.51639],[39.89544,21.51596],[39.89541,21.5154],[39.89559,21.51504],[39.89622,21.51458],[39.89705,21.5141],[39.89718,21.51387],[39.89694,21.51276],[39.89666,21.51192],[39.89605,21.51089],[39.89688,21.51045],[39.89873,21.50991],[39.89882,21.5095],[39.89835,21.50911],[39.89838,21.50882],[39.89916,21.50832],[39.90049,21.50575],[39.90081,21.50544],[39.90096,21.50474],[39.90222,21.50362],[39.9025,21.50189],[39.90856,21.48754],[39.91041,21.48276],[39.91077,21.48163],[39.91048,21.48137],[39.9096,21.47842],[39.91104,21.47595],[39.92003,21.48006],[39.92222,21.4808],[39.92599,21.48153],[39.93528,21.48288],[39.93626,21.48315],[39.93707,21.48355],[39.93804,21.48389],[39.94058,21.48515],[39.94288,21.48609],[39.94432,21.48656],[39.94568,21.48681],[39.94702,21.48666],[39.94882,21.48666],[39.94861,21.48897],[39.94807,21.49039],[39.94754,21.49597],[39.93933,21.50505],[39.93779,21.50474],[39.93729,21.50452],[39.93684,21.50417],[39.93626,21.50692],[39.93649,21.50839],[39.93645,21.509],[39.93459,21.51074],[39.93221,21.51274],[39.93072,21.51383],[39.92938,21.51528],[39.9281,21.51809],[39.92694,21.52099],[39.92763,21.52134],[39.92701,21.52189],[39.92496,21.52482],[39.92509,21.52506],[39.92245,21.5317],[39.91865,21.53314],[39.91638,21.53252],[39.91411,21.53303],[39.91353,21.53213],[39.91191,21.52888],[39.91041,21.52767],[39.90886,21.52583],[39.9074,21.52503],[39.90416,21.52369],[39.9039,21.52366],[39.90427,21.52471]]]},"properties":{"district_id":"makkah-maqam","name_ar":"المقام","name_en":"Maqam","city":"makkah","source_codes":["70030076563135622"]}},{"type":"Feature","id":"makkah-mesial-jadid","geometry":{"type":"Polygon","coordinates":[[[39.88395,21.28935],[39.88319,21.28974],[39.88358,21.29064],[39.88359,21.29237],[39.88296,21.29429],[39.88348,21.2959],[39.88336,21.29745],[39.88299,21.29925],[39.88289,21.30067],[39.87858,21.29988],[39.87591,21.29929],[39.87112,21.29813],[39.86609,21.2967],[39.858,21.29363],[39.82843,21.28168],[39.8259,21.28077],[39.82359,21.28014],[39.82632,21.2675],[39.82663,21.26494],[39.82677,21.26285],[39.82667,21.2581],[39.84952,21.26997],[39.85087,21.26761],[39.8562,21.26748],[39.85748,21.26776],[39.85834,21.26867],[39.86075,21.27232],[39.86572,21.27544],[39.86731,21.2767],[39.8683,21.27858],[39.86831,21.27978],[39.86818,21.28041],[39.88395,21.28935]]]},"properties":{"district_id":"makkah-mesial-jadid","name_ar":"المسيال الجديد","name_en":"Mesial Jadid","city":"makkah","source_codes":["70030076563135056"]}},{"type":"Feature","id":"makkah-moad","geometry":{"type":"Polygon","coordinates":[[[39.95042,21.45543],[39.93956,21.47508],[39.92889,21.46987],[39.93504,21.45874],[39.92997,21.45618],[39.92266,21.45527],[39.9266,21.44927],[39.92985,21.45093],[39.93226,21.45184],[39.93504,21.4523],[39.93889,21.45224],[39.9402,21.45238],[39.94352,21.45309],[39.94587,21.45368],[39.9492,21.45488],[39.95042,21.45543]]]},"properties":{"district_id":"makkah-moad","name_ar":"معاد","name_en":"Moad","city":"makkah","source_codes":["70030076563135569"]}},{"type":"Feature","id":"makkah-naka-jadid","geometry":{"type":"Polygon","coordinates":[[[39.75929,21.39314],[39.75724,21.39436],[39.7536,21.39519],[39.75253,21.39569],[39.75262,21.39657],[39.74986,21.39788],[39.74778,21.39846],[39.74366,21.39871],[39.74249,21.39574],[39.74072,21.39303],[39.74045,21.39286],[39.73987,21.39305],[39.73702,21.39677],[39.73057,21.3921],[39.73568,21.38759],[39.7364,21.38738],[39.73755,21.3869],[39.7382,21.38654],[39.7392,21.38582],[39.74022,21.38478],[39.74079,21.38401],[39.74153,21.38251],[39.74189,21.38114],[39.74199,21.37973],[39.74176,21.37763],[39.74178,21.37577],[39.74213,21.37361],[39.743,21.37086],[39.74361,21.36952],[39.74472,21.36792],[39.74496,21.36787],[39.74553,21.3674],[39.74671,21.36669],[39.74779,21.36625],[39.7494,21.36592],[39.76292,21.36456],[39.76387,21.36458],[39.76503,21.36475],[39.76694,21.36588],[39.76903,21.36731],[39.76792,21.37112],[39.76626,21.37556],[39.76505,21.37848],[39.76446,21.38045],[39.76404,21.38318],[39.76268,21.39038],[39.75929,21.39314]]]},"properties":{"district_id":"makkah-naka-jadid","name_ar":"النقا الجديد","name_en":"Naka jadid","city":"makkah","source_codes":["70030076563137908"]}},{"type":"Feature","id":"makkah-new-gaza","geometry":{"type":"Polygon","coordinates":[[[39.74847,21.36607],[39.74735,21.36641],[39.7461,21.36702],[39.74496,21.36787],[39.74472,21.36792],[39.74447,21.36828],[39.73735,21.35365],[39.73651,21.35177],[39.73628,21.3506],[39.73634,21.34914],[39.73668,21.3477],[39.73722,21.34668],[39.73801,21.34569],[39.73973,21.34434],[39.7431,21.34272],[39.75462,21.34411],[39.75874,21.34382],[39.7602,21.34388],[39.76255,21.34437],[39.76696,21.34595],[39.76939,21.34661],[39.77621,21.34752],[39.77734,21.348],[39.7789,21.34926],[39.77741,21.34994],[39.77608,21.35084],[39.77492,21.35196],[39.77404,21.35321],[39.7737,21.35393],[39.76999,21.3641],[39.76903,21.36731],[39.76694,21.36588],[39.76503,21.36475],[39.76387,21.36458],[39.76292,21.36456],[39.74847,21.36607]]]},"properties":{"district_id":"makkah-new-gaza","name_ar":"الغزة الجديد","name_en":"New Gaza","city":"makkah","source_codes":["70030076563137553"]}},{"type":"Feature","id":"makkah-new-judria","geometry":{"type":"Polygon","coordinates":[[[39.83956,21.32407],[39.83931,21.32344],[39.83925,21.3224],[39.83909,21.32166],[39.83922,21.32121],[39.839,21.32089],[39.83887,21.32054],[39.8388,21.31938],[39.83885,21.3189],[39.83861,21.319],[39.83831,21.319],[39.83797,21.31884],[39.83726,21.31873],[39.83699,21.3186],[39.83665,21.31821],[39.83596,21.317],[39.83593,21.31661],[39.83569,21.3166],[39.83382,21.31365],[39.82683,21.30462],[39.82907,21.30456],[39.83143,21.30361],[39.83447,21.30339],[39.84197,21.30676],[39.85636,21.31378],[39.8613,21.31756],[39.87015,21.32251],[39.87424,21.32402],[39.87484,21.32418],[39.87758,21.32539],[39.88206,21.32717],[39.88141,21.32949],[39.88093,21.33077],[39.87614,21.33124],[39.87066,21.33165],[39.86864,21.33197],[39.86656,21.33286],[39.86471,21.33444],[39.86317,21.33678],[39.86164,21.34015],[39.8613,21.34073],[39.85659,21.34569],[39.85438,21.34862],[39.84678,21.34337],[39.84595,21.34336],[39.84563,21.34317],[39.84523,21.34267],[39.84503,21.34258],[39.8445,21.34199],[39.84462,21.34159],[39.84456,21.34115],[39.84413,21.34069],[39.8441,21.34051],[39.84376,21.34001],[39.84365,21.33921],[39.84385,21.33851],[39.84422,21.33811],[39.84431,21.33745],[39.84409,21.33695],[39.84382,21.33678],[39.84374,21.3366],[39.8429,21.33633],[39.84194,21.33556],[39.84149,21.33484],[39.84147,21.33462],[39.84113,21.33415],[39.84108,21.33332],[39.84119,21.33314],[39.84095,21.33288],[39.84093,21.33237],[39.84112,21.33221],[39.84103,21.33208],[39.841,21.33149],[39.84086,21.33129],[39.84075,21.33084],[39.84075,21.33062],[39.84092,21.33044],[39.84095,21.33026],[39.84087,21.32907],[39.84101,21.32838],[39.84087,21.32752],[39.84072,21.32725],[39.84055,21.32643],[39.83978,21.32563],[39.83974,21.32523],[39.83987,21.32495],[39.83987,21.32468],[39.83976,21.32431],[39.83956,21.32407]]]},"properties":{"district_id":"makkah-new-judria","name_ar":"الجودرية الجديد","name_en":"New Judria","city":"makkah","source_codes":["70030076563131156"]}},{"type":"Feature","id":"makkah-new-qarara","geometry":{"type":"Polygon","coordinates":[[[39.82188,21.28815],[39.82125,21.29069],[39.82025,21.29374],[39.81833,21.30015],[39.81078,21.29543],[39.80701,21.29181],[39.80363,21.2895],[39.79954,21.28829],[39.79604,21.28815],[39.77029,21.28768],[39.76658,21.28691],[39.75941,21.28508],[39.75789,21.28485],[39.75683,21.28502],[39.75091,21.28793],[39.74862,21.28919],[39.74684,21.27057],[39.75789,21.2718],[39.77604,21.27399],[39.77844,21.2744],[39.78115,21.27506],[39.78373,21.27596],[39.78542,21.27669],[39.788,21.27761],[39.79257,21.27874],[39.7951,21.27913],[39.80069,21.27954],[39.80497,21.27964],[39.80844,21.27955],[39.81515,21.27923],[39.81994,21.2795],[39.82359,21.28013],[39.82188,21.28815]]]},"properties":{"district_id":"makkah-new-qarara","name_ar":"القرارة الجديد","name_en":"New Qarara","city":"makkah","source_codes":["70030076563111886"]}},{"type":"Feature","id":"makkah-new-shamiya","geometry":{"type":"Polygon","coordinates":[[[39.70698,21.31335],[39.70793,21.31454],[39.70849,21.31568],[39.70869,21.31688],[39.70869,21.31808],[39.70816,21.31973],[39.70706,21.32137],[39.70482,21.32366],[39.69986,21.33027],[39.69484,21.34135],[39.69371,21.34133],[39.6915,21.34112],[39.68983,21.34088],[39.68839,21.34058],[39.67371,21.3365],[39.67365,21.33328],[39.67524,21.29692],[39.67511,21.29443],[39.67438,21.29018],[39.67405,21.28908],[39.67348,21.28579],[39.67536,21.28479],[39.6779,21.28322],[39.68256,21.28017],[39.69114,21.29813],[39.69144,21.29842],[39.69115,21.29853],[39.69834,21.30509],[39.70698,21.31335]]]},"properties":{"district_id":"makkah-new-shamiya","name_ar":"الشامية الجديد","name_en":"New Shamiya","city":"makkah","source_codes":["70030076563137585"]}},{"type":"Feature","id":"makkah-new-small-souk","geometry":{"type":"Polygon","coordinates":[[[39.83759,21.35077],[39.83584,21.35102],[39.8337,21.35151],[39.82404,21.35418],[39.82309,21.35433],[39.8221,21.35438],[39.82104,21.35432],[39.81994,21.35416],[39.80411,21.34955],[39.8054,21.34163],[39.80752,21.33435],[39.81833,21.30016],[39.82592,21.30464],[39.82683,21.30462],[39.83382,21.31365],[39.83569,21.3166],[39.83593,21.31661],[39.83596,21.317],[39.83665,21.31821],[39.83699,21.3186],[39.83726,21.31873],[39.83797,21.31884],[39.83831,21.319],[39.83861,21.319],[39.83885,21.3189],[39.8388,21.31938],[39.83887,21.32054],[39.839,21.32089],[39.83922,21.32121],[39.83909,21.32166],[39.83925,21.3224],[39.83931,21.32344],[39.83944,21.3237],[39.83943,21.32385],[39.83976,21.32431],[39.83987,21.32468],[39.83987,21.32495],[39.83974,21.32523],[39.83978,21.32563],[39.84055,21.32643],[39.84072,21.32725],[39.84087,21.32752],[39.84101,21.32838],[39.84087,21.32907],[39.84095,21.33026],[39.84092,21.33044],[39.84075,21.33062],[39.84075,21.33084],[39.84086,21.33129],[39.841,21.33149],[39.84103,21.33208],[39.84112,21.33221],[39.84093,21.33237],[39.84095,21.33288],[39.84119,21.33314],[39.84108,21.33332],[39.84113,21.33415],[39.84147,21.33462],[39.84149,21.33484],[39.84194,21.33556],[39.8429,21.33633],[39.84374,21.3366],[39.84382,21.33678],[39.84409,21.33695],[39.84431,21.33745],[39.84422,21.33811],[39.84385,21.33851],[39.84365,21.33921],[39.84376,21.34001],[39.8441,21.34051],[39.84413,21.34069],[39.84456,21.34115],[39.84462,21.34159],[39.8445,21.34199],[39.84503,21.34258],[39.84523,21.34267],[39.84563,21.34317],[39.84595,21.34336],[39.84678,21.34337],[39.85438,21.34862],[39.85062,21.35373],[39.84639,21.35215],[39.84377,21.3513],[39.8417,21.35091],[39.83984,21.35071],[39.83759,21.35077]]]},"properties":{"district_id":"makkah-new-small-souk","name_ar":"السوق الصغير الجديد","name_en":"New small souk","city":"makkah","source_codes":["70030076563135038"]}},{"type":"Feature","id":"makkah-northern-al-marwah","geometry":{"type":"Polygon","coordinates":[[[39.72732,21.4419],[39.72382,21.44945],[39.72282,21.45216],[39.72214,21.45436],[39.72185,21.45547],[39.72165,21.4575],[39.72169,21.45921],[39.72191,21.4609],[39.72289,21.46477],[39.72311,21.4663],[39.72411,21.46823],[39.72484,21.46936],[39.72539,21.47052],[39.72601,21.47142],[39.72964,21.47785],[39.73035,21.47891],[39.73137,21.48029],[39.73274,21.48193],[39.73533,21.48476],[39.73655,21.48643],[39.73762,21.48817],[39.73801,21.48974],[39.73814,21.49135],[39.73795,21.49322],[39.73751,21.49478],[39.73154,21.48894],[39.73242,21.4874],[39.73177,21.48699],[39.72816,21.4823],[39.71888,21.46856],[39.71733,21.45558],[39.71571,21.45456],[39.71445,21.4535],[39.71465,21.44876],[39.71391,21.44816],[39.71188,21.44944],[39.70628,21.44966],[39.70626,21.44696],[39.7076,21.44631],[39.70794,21.44554],[39.70598,21.44392],[39.70418,21.44444],[39.70418,21.44301],[39.70172,21.4418],[39.70116,21.43874],[39.69936,21.43621],[39.69858,21.43246],[39.69737,21.43007],[39.6973,21.4285],[39.72732,21.4419]]]},"properties":{"district_id":"makkah-northern-al-marwah","name_ar":"المروة الشمالي","name_en":"Northern Al Marwah","city":"makkah","source_codes":["70030076563137517"]}},{"type":"Feature","id":"makkah-northern-aqaba","geometry":{"type":"Polygon","coordinates":[[[39.75962,21.45631],[39.75944,21.45713],[39.7595,21.45788],[39.7608,21.46108],[39.76112,21.46224],[39.76136,21.46357],[39.76298,21.48242],[39.76311,21.4878],[39.76331,21.49093],[39.76427,21.4987],[39.76424,21.5004],[39.76408,21.50162],[39.76214,21.51085],[39.75067,21.50876],[39.74341,21.50056],[39.73751,21.49478],[39.73795,21.49322],[39.73814,21.49135],[39.73801,21.48974],[39.73762,21.48817],[39.73655,21.48643],[39.73533,21.48476],[39.73233,21.48144],[39.73111,21.47995],[39.73011,21.47856],[39.7289,21.47656],[39.72601,21.47142],[39.72539,21.47052],[39.72484,21.46936],[39.72411,21.46823],[39.7232,21.46652],[39.72302,21.46596],[39.72289,21.46477],[39.72205,21.46157],[39.72176,21.45988],[39.72165,21.4575],[39.72185,21.45547],[39.72282,21.45216],[39.72382,21.44945],[39.72732,21.4419],[39.75962,21.45631]]]},"properties":{"district_id":"makkah-northern-aqaba","name_ar":"العقبة الشمالي","name_en":"Northern Aqaba","city":"makkah","source_codes":["70030076563137528"]}},{"type":"Feature","id":"makkah-northern-hanin","geometry":{"type":"Polygon","coordinates":[[[40.11114,21.52216],[40.10997,21.52621],[40.10846,21.52689],[40.11019,21.53176],[40.10757,21.53237],[40.10423,21.53297],[40.1029,21.53091],[40.09949,21.52796],[40.10123,21.52626],[40.09831,21.52392],[40.09808,21.52414],[40.09597,21.52241],[40.09138,21.52308],[40.08881,21.5191],[40.08772,21.5184],[40.08709,21.51819],[40.08656,21.51816],[40.0855,21.51774],[40.08528,21.51755],[40.08513,21.51716],[40.08613,21.51688],[40.08706,21.51674],[40.08882,21.51671],[40.09917,21.51791],[40.10046,21.51812],[40.11114,21.52216]]]},"properties":{"district_id":"makkah-northern-hanin","name_ar":"حنين الشمالي","name_en":"Northern Hanin","city":"makkah","source_codes":["70030076563136764"]}},{"type":"Feature","id":"makkah-northern-jarham","geometry":{"type":"Polygon","coordinates":[[[39.80969,21.41129],[39.82101,21.41132],[39.82246,21.41463],[39.82274,21.41557],[39.82283,21.41622],[39.82274,21.41852],[39.82253,21.42018],[39.82214,21.42134],[39.82171,21.422],[39.82112,21.42232],[39.82004,21.42354],[39.81965,21.42379],[39.81888,21.42396],[39.81725,21.42409],[39.81692,21.42343],[39.81676,21.42292],[39.81672,21.42199],[39.81064,21.4217],[39.81047,21.41643],[39.81003,21.41391],[39.80969,21.41129]]]},"properties":{"district_id":"makkah-northern-jarham","name_ar":"جرهم الشمالي","name_en":"Northern Jarham","city":"makkah","source_codes":["70030076563133012"]}},{"type":"Feature","id":"makkah-nuwariyah","geometry":{"type":"Polygon","coordinates":[[[39.77532,21.55407],[39.77364,21.5619],[39.77215,21.56775],[39.77039,21.56721],[39.77011,21.56707],[39.76865,21.56593],[39.7672,21.56464],[39.76427,21.56278],[39.76349,21.56244],[39.76102,21.56073],[39.76074,21.56067],[39.75973,21.56004],[39.76145,21.55757],[39.76181,21.55698],[39.76192,21.5566],[39.75767,21.55338],[39.75609,21.55192],[39.74851,21.54858],[39.74931,21.54702],[39.74751,21.54622],[39.74733,21.54625],[39.74706,21.54649],[39.74686,21.54656],[39.7464,21.54653],[39.74587,21.54637],[39.75129,21.53571],[39.75145,21.53511],[39.75218,21.53344],[39.75303,21.53223],[39.75353,21.53125],[39.75424,21.52926],[39.75443,21.52919],[39.75427,21.52915],[39.75501,21.5276],[39.75498,21.52703],[39.7553,21.5265],[39.75539,21.52589],[39.75564,21.5256],[39.75588,21.52549],[39.75661,21.52451],[39.75766,21.52228],[39.75785,21.52211],[39.75876,21.52188],[39.76013,21.51874],[39.75067,21.50876],[39.76443,21.51126],[39.76974,21.51188],[39.77496,21.51288],[39.78043,21.51416],[39.79113,21.51696],[39.79077,21.5199],[39.79023,21.52172],[39.78957,21.52299],[39.7885,21.52464],[39.78231,21.53343],[39.78069,21.5361],[39.7797,21.53838],[39.77771,21.54606],[39.77532,21.55407]]]},"properties":{"district_id":"makkah-nuwariyah","name_ar":"النوارية","name_en":"Nuwariyah","city":"makkah","source_codes":["70030076563135015"]}},{"type":"Feature","id":"makkah-omra","geometry":{"type":"Polygon","coordinates":[[[39.80347,21.59664],[39.79958,21.5981],[39.79476,21.60111],[39.79426,21.60134],[39.79174,21.60166],[39.79099,21.60155],[39.79021,21.60122],[39.78974,21.60083],[39.78805,21.59873],[39.78727,21.59759],[39.78539,21.59453],[39.7835,21.59234],[39.78335,21.59201],[39.78319,21.59079],[39.78279,21.58975],[39.78243,21.58918],[39.78198,21.58881],[39.77727,21.58616],[39.77439,21.58352],[39.77173,21.58161],[39.77076,21.58024],[39.76935,21.5766],[39.76729,21.57419],[39.76949,21.57253],[39.77015,21.57191],[39.77077,21.5711],[39.7716,21.56967],[39.77183,21.56898],[39.77364,21.5619],[39.77532,21.55407],[39.77771,21.54606],[39.7797,21.53838],[39.78069,21.5361],[39.78231,21.53343],[39.7885,21.52464],[39.78957,21.52299],[39.78996,21.52223],[39.79284,21.52406],[39.7937,21.52676],[39.79397,21.52889],[39.79459,21.53142],[39.79668,21.5374],[39.79669,21.53978],[39.79687,21.54031],[39.79741,21.54112],[39.79749,21.54139],[39.79802,21.54524],[39.79903,21.54918],[39.80009,21.55213],[39.80065,21.5528],[39.8014,21.55563],[39.80237,21.55824],[39.80373,21.56092],[39.8047,21.56257],[39.80555,21.56542],[39.80574,21.56711],[39.80573,21.56802],[39.80541,21.56933],[39.80469,21.57118],[39.80275,21.57424],[39.80197,21.57708],[39.80118,21.57933],[39.80108,21.58316],[39.80113,21.58347],[39.80164,21.58496],[39.803,21.5884],[39.80344,21.59063],[39.80349,21.59159],[39.80383,21.59271],[39.80413,21.59417],[39.80458,21.59696],[39.80403,21.59668],[39.80347,21.59664]]]},"properties":{"district_id":"makkah-omra","name_ar":"العمرة","name_en":"Omra","city":"makkah","source_codes":["70030076563111862"]}},{"type":"Feature","id":"makkah-qashashia-new","geometry":{"type":"Polygon","coordinates":[[[39.88522,21.27107],[39.88723,21.27299],[39.88718,21.2752],[39.88738,21.27699],[39.88991,21.28296],[39.88915,21.28416],[39.88679,21.28489],[39.88591,21.28626],[39.88446,21.28908],[39.88395,21.28935],[39.86818,21.28041],[39.86831,21.27978],[39.8683,21.27858],[39.86731,21.2767],[39.86572,21.27544],[39.86075,21.27232],[39.85834,21.26867],[39.85748,21.26776],[39.8562,21.26748],[39.85087,21.26761],[39.84952,21.26997],[39.82667,21.2581],[39.82644,21.25318],[39.82589,21.23625],[39.82559,21.23586],[39.82521,21.23554],[39.82464,21.23529],[39.82413,21.2352],[39.82363,21.23523],[39.82302,21.23542],[39.8226,21.23569],[39.82218,21.23613],[39.82262,21.2354],[39.8233,21.23398],[39.8238,21.23273],[39.8242,21.2314],[39.82455,21.22971],[39.82482,21.22623],[39.82515,21.22393],[39.82564,21.22183],[39.82659,21.21877],[39.83654,21.19465],[39.8379,21.19156],[39.83922,21.18904],[39.83989,21.18791],[39.841,21.18618],[39.84251,21.18405],[39.84558,21.18042],[39.85306,21.17304],[39.85498,21.1712],[39.85592,21.17043],[39.85807,21.16901],[39.85942,21.16833],[39.86172,21.16743],[39.86392,21.16687],[39.8653,21.16661],[39.86796,21.16641],[39.86932,21.16644],[39.87104,21.16662],[39.87346,21.16708],[39.87437,21.16737],[39.87604,21.16801],[39.87818,21.16912],[39.88004,21.17033],[39.88196,21.17199],[39.88319,21.17331],[39.8872,21.17855],[39.88935,21.18071],[39.89084,21.18188],[39.89184,21.18256],[39.8943,21.18382],[39.89642,21.18461],[39.89895,21.18521],[39.90194,21.18557],[39.90425,21.18603],[39.90546,21.18645],[39.90686,21.18709],[39.90848,21.18816],[39.90959,21.1891],[39.9105,21.1901],[39.91146,21.19146],[39.9123,21.1932],[39.91287,21.19514],[39.91305,21.19641],[39.91308,21.19751],[39.91283,21.19951],[39.91224,21.20162],[39.90902,21.21151],[39.90872,21.21265],[39.90857,21.21437],[39.90879,21.21615],[39.9091,21.21718],[39.90957,21.21824],[39.91023,21.2193],[39.91245,21.2222],[39.91325,21.22378],[39.91366,21.22528],[39.91396,21.22763],[39.90739,21.22923],[39.9044,21.23145],[39.9017,21.23261],[39.9009,21.23501],[39.90377,21.23738],[39.90461,21.23794],[39.90486,21.23839],[39.905,21.23904],[39.9049,21.23972],[39.90455,21.24035],[39.90215,21.2432],[39.9008,21.24815],[39.90052,21.25196],[39.90989,21.25779],[39.90845,21.26109],[39.90647,21.26189],[39.90245,21.26004],[39.89901,21.25918],[39.89601,21.25866],[39.89334,21.26035],[39.89037,21.26413],[39.88605,21.26713],[39.88522,21.27107]]]},"properties":{"district_id":"makkah-qashashia-new","name_ar":"القشاشية الجديد","name_en":"Qashashia new","city":"makkah","source_codes":["70030076563135055"]}},{"type":"Feature","id":"makkah-qurtubah","geometry":{"type":"Polygon","coordinates":[[[39.83287,21.47761],[39.83231,21.47763],[39.83194,21.47752],[39.83138,21.47715],[39.83109,21.47672],[39.83079,21.474],[39.83051,21.4729],[39.82998,21.47205],[39.82614,21.46674],[39.82573,21.46638],[39.82007,21.46353],[39.81907,21.46285],[39.82606,21.45773],[39.82703,21.45716],[39.82797,21.45681],[39.8287,21.45669],[39.82945,21.45668],[39.83032,21.45682],[39.83097,21.45703],[39.83171,21.45739],[39.83774,21.4609],[39.83821,21.46107],[39.83923,21.46125],[39.84026,21.46127],[39.84306,21.46062],[39.84283,21.46299],[39.842,21.46759],[39.84206,21.46825],[39.84282,21.46976],[39.84304,21.47048],[39.84308,21.47094],[39.84292,21.4756],[39.84279,21.47616],[39.84263,21.47647],[39.84243,21.47674],[39.84176,21.47725],[39.84088,21.47745],[39.84032,21.4774],[39.83672,21.47671],[39.83558,21.47665],[39.83444,21.47687],[39.83287,21.47761]]]},"properties":{"district_id":"makkah-qurtubah","name_ar":"قرطبة","name_en":"Qurtubah","city":"makkah","source_codes":["70030076563135613"]}},{"type":"Feature","id":"makkah-rawda","geometry":{"type":"Polygon","coordinates":[[[39.86147,21.42998],[39.86092,21.43144],[39.86067,21.43174],[39.85908,21.43227],[39.85783,21.43254],[39.8562,21.43271],[39.85431,21.43267],[39.84949,21.43199],[39.84888,21.43179],[39.84687,21.43087],[39.84542,21.43042],[39.84324,21.43005],[39.84199,21.42993],[39.8419,21.43021],[39.84146,21.43013],[39.84138,21.42997],[39.84117,21.4298],[39.8403,21.42939],[39.83994,21.4294],[39.83985,21.42973],[39.8381,21.42956],[39.83763,21.42934],[39.83694,21.42941],[39.8364,21.42924],[39.83344,21.4289],[39.83399,21.4282],[39.83592,21.425],[39.83616,21.42433],[39.83695,21.42306],[39.8372,21.4224],[39.84214,21.42177],[39.84285,21.42277],[39.84381,21.4237],[39.8453,21.42415],[39.85386,21.42488],[39.855,21.42478],[39.85596,21.42555],[39.85601,21.42576],[39.85607,21.42576],[39.85603,21.42598],[39.85663,21.42617],[39.85691,21.42615],[39.8567,21.42679],[39.85633,21.42736],[39.85669,21.42741],[39.85704,21.42736],[39.85969,21.42635],[39.85977,21.42652],[39.85933,21.42699],[39.85967,21.42726],[39.85951,21.42798],[39.85974,21.42862],[39.86017,21.42927],[39.86095,21.42992],[39.86138,21.42914],[39.86172,21.42905],[39.86147,21.42998]]]},"properties":{"district_id":"makkah-rawda","name_ar":"الروضه","name_en":"Rawda","city":"makkah","source_codes":["70030076563135044"]}},{"type":"Feature","id":"makkah-rih-azhakher","geometry":{"type":"Polygon","coordinates":[[[39.84124,21.45769],[39.84115,21.45933],[39.84132,21.46104],[39.84026,21.46127],[39.83964,21.46127],[39.83861,21.46116],[39.83774,21.4609],[39.83168,21.4574],[39.83184,21.45739],[39.83242,21.4571],[39.83261,21.45612],[39.83251,21.45488],[39.83167,21.45125],[39.83162,21.45019],[39.83111,21.44736],[39.82949,21.44145],[39.82936,21.44135],[39.82869,21.44133],[39.82864,21.44014],[39.82934,21.43998],[39.82981,21.44048],[39.83116,21.44008],[39.8313,21.44077],[39.83001,21.44116],[39.83096,21.4418],[39.83128,21.4416],[39.83138,21.4411],[39.8315,21.44093],[39.83229,21.44046],[39.83295,21.44043],[39.83333,21.4402],[39.8338,21.43973],[39.83423,21.44017],[39.83448,21.44012],[39.83495,21.44112],[39.83531,21.44151],[39.83583,21.44176],[39.83638,21.44178],[39.83802,21.44153],[39.83847,21.44132],[39.83868,21.4411],[39.84111,21.44383],[39.8419,21.4449],[39.84209,21.44579],[39.84197,21.44821],[39.84164,21.45119],[39.84141,21.45156],[39.84155,21.45176],[39.84109,21.45196],[39.84106,21.45204],[39.84132,21.45241],[39.84161,21.4533],[39.84141,21.4566],[39.84124,21.45769]]]},"properties":{"district_id":"makkah-rih-azhakher","name_ar":"ريع اذاخر","name_en":"Rih Azhakher","city":"makkah","source_codes":["70030076563135020"]}},{"type":"Feature","id":"makkah-ruaa-al-haram","geometry":{"type":"Polygon","coordinates":[[[39.81943,21.43306],[39.81921,21.43385],[39.81909,21.43401],[39.81895,21.43415],[39.81854,21.43428],[39.81827,21.43393],[39.81615,21.43185],[39.81709,21.43011],[39.81777,21.42907],[39.81832,21.42846],[39.81871,21.42753],[39.81962,21.42612],[39.82016,21.42507],[39.82066,21.4259],[39.82129,21.42665],[39.82198,21.42727],[39.82287,21.42786],[39.8236,21.42819],[39.82453,21.42848],[39.82538,21.42863],[39.82624,21.42867],[39.82704,21.42858],[39.82803,21.42828],[39.8285,21.42808],[39.82887,21.4276],[39.82933,21.42659],[39.8295,21.42575],[39.82975,21.42533],[39.83018,21.42489],[39.83009,21.42419],[39.82972,21.42394],[39.82971,21.42352],[39.8298,21.42316],[39.82999,21.42284],[39.83035,21.42252],[39.83173,21.42255],[39.83162,21.42453],[39.83215,21.42482],[39.83275,21.42348],[39.83557,21.42477],[39.83592,21.425],[39.83384,21.42842],[39.83283,21.42948],[39.83224,21.42995],[39.83137,21.43049],[39.83055,21.43088],[39.82958,21.43121],[39.8287,21.4314],[39.82548,21.43165],[39.82434,21.43189],[39.82355,21.43216],[39.82315,21.43237],[39.82167,21.43343],[39.82124,21.43297],[39.82032,21.43259],[39.81943,21.43306]]]},"properties":{"district_id":"makkah-ruaa-al-haram","name_ar":"رؤى الحرم","name_en":"Ruaa Al Haram","city":"makkah","source_codes":["70030076563137521"]}},{"type":"Feature","id":"makkah-safra","geometry":{"type":"Polygon","coordinates":[[[39.99469,21.30005],[39.99237,21.30216],[39.99145,21.30314],[39.99031,21.30339],[39.9897,21.304],[39.98941,21.30439],[39.9889,21.30543],[39.98784,21.30721],[39.98575,21.30564],[39.97989,21.30259],[39.98039,21.30107],[39.98046,21.3004],[39.98063,21.30028],[39.98125,21.30026],[39.98162,21.30007],[39.98159,21.29959],[39.98076,21.29899],[39.98062,21.29841],[39.98067,21.2979],[39.98102,21.29751],[39.98142,21.29748],[39.98182,21.29786],[39.98255,21.29819],[39.98308,21.29809],[39.98331,21.29771],[39.98334,21.29737],[39.98315,21.29647],[39.98357,21.29633],[39.98427,21.29632],[39.98489,21.29599],[39.98532,21.29595],[39.98557,21.29476],[39.98523,21.29446],[39.98548,21.29318],[39.98647,21.2934],[39.9865,21.29315],[39.98672,21.29316],[39.98684,21.29216],[39.98746,21.29212],[39.98736,21.2911],[39.98762,21.29082],[39.98774,21.29023],[39.98835,21.29014],[39.98888,21.29022],[39.98914,21.28988],[39.98946,21.28973],[39.99021,21.28963],[39.99053,21.28817],[39.99186,21.28907],[39.99157,21.28979],[39.99175,21.29048],[39.99173,21.29101],[39.99122,21.29225],[39.99109,21.29352],[39.99077,21.2939],[39.99011,21.29504],[39.98978,21.2961],[39.99012,21.29644],[39.99065,21.29671],[39.99269,21.29681],[39.99384,21.29624],[39.99548,21.29517],[39.99524,21.29489],[39.99578,21.29458],[39.99637,21.294],[39.99727,21.29382],[39.99753,21.29389],[39.9981,21.2937],[39.99916,21.29412],[39.99953,21.29469],[39.99961,21.29503],[39.99933,21.2962],[39.99863,21.29639],[39.99833,21.29673],[39.99834,21.29784],[39.99855,21.29806],[39.99904,21.29837],[39.99989,21.29847],[40.00039,21.29825],[40.00054,21.29826],[40.00063,21.29877],[40.00114,21.29888],[40.0014,21.29903],[40.00163,21.29899],[40.00258,21.29944],[40.00242,21.30004],[40.00309,21.30034],[40.00303,21.30081],[40.00255,21.30098],[40.00195,21.30088],[40.00116,21.30192],[40.00138,21.30225],[40.00109,21.30252],[40.00075,21.30251],[39.9983,21.30182],[39.99723,21.30127],[39.99624,21.30043],[39.99519,21.29982],[39.99469,21.30005]]]},"properties":{"district_id":"makkah-safra","name_ar":"الصفرة","name_en":"Safra","city":"makkah","source_codes":["70030076563131175"]}},{"type":"Feature","id":"makkah-safwa","geometry":{"type":"Polygon","coordinates":[[[39.80411,21.34955],[39.79869,21.34795],[39.7964,21.34739],[39.79463,21.34711],[39.7925,21.34698],[39.79055,21.34705],[39.78815,21.34735],[39.7789,21.34926],[39.77734,21.348],[39.77621,21.34752],[39.76939,21.34661],[39.76696,21.34595],[39.76255,21.34437],[39.75998,21.34387],[39.75905,21.34234],[39.75174,21.33676],[39.75135,21.33621],[39.75851,21.33303],[39.75888,21.33296],[39.78732,21.33628],[39.79286,21.33658],[39.79291,21.33683],[39.80666,21.33735],[39.8054,21.34163],[39.80411,21.34955]]]},"properties":{"district_id":"makkah-safwa","name_ar":"الصفوة","name_en":"Safwa","city":"makkah","source_codes":["70030076563111885"]}},{"type":"Feature","id":"makkah-shabika-jadid","geometry":{"type":"Polygon","coordinates":[[[39.67405,21.28908],[39.67438,21.29018],[39.67511,21.29443],[39.67524,21.29692],[39.67365,21.33328],[39.67371,21.3365],[39.66217,21.33331],[39.6606,21.33304],[39.65868,21.33293],[39.65709,21.33298],[39.65512,21.3332],[39.64273,21.33599],[39.64162,21.33603],[39.64052,21.33597],[39.63941,21.33572],[39.63819,21.33528],[39.63722,21.33479],[39.63195,21.33044],[39.63458,21.32698],[39.63726,21.32281],[39.63834,21.32087],[39.64006,21.31752],[39.64178,21.31362],[39.64463,21.30482],[39.64569,21.30216],[39.64678,21.30007],[39.6486,21.2975],[39.65051,21.29537],[39.65296,21.2932],[39.6556,21.29136],[39.65944,21.28974],[39.66138,21.28909],[39.66319,21.28866],[39.665,21.28827],[39.66637,21.28813],[39.66928,21.28746],[39.67215,21.28644],[39.67348,21.28579],[39.67405,21.28908]]]},"properties":{"district_id":"makkah-shabika-jadid","name_ar":"الشبيكة الجديد","name_en":"Shabika Jadid","city":"makkah","source_codes":["70030076563111884"]}},{"type":"Feature","id":"makkah-southern-jarham","geometry":{"type":"Polygon","coordinates":[[[39.81136,21.39833],[39.81178,21.39845],[39.8121,21.3987],[39.81488,21.40131],[39.81567,21.40227],[39.81767,21.40518],[39.81805,21.40605],[39.81888,21.40844],[39.81906,21.40876],[39.82101,21.41132],[39.80964,21.41129],[39.80955,21.40963],[39.80958,21.40885],[39.81023,21.403],[39.81094,21.39836],[39.81136,21.39833]]]},"properties":{"district_id":"makkah-southern-jarham","name_ar":"جرهم الجنوبي","name_en":"Southern Jarham","city":"makkah","source_codes":["70030076563129960"]}},{"type":"Feature","id":"makkah-tawa","geometry":{"type":"Polygon","coordinates":[[[39.74447,21.36828],[39.74361,21.36952],[39.74323,21.37027],[39.74213,21.37361],[39.74188,21.37484],[39.74174,21.37639],[39.74176,21.37763],[39.74199,21.37973],[39.74189,21.38114],[39.74153,21.38251],[39.74079,21.38401],[39.74022,21.38478],[39.7392,21.38582],[39.7382,21.38654],[39.73755,21.3869],[39.7364,21.38738],[39.73568,21.38759],[39.73057,21.3921],[39.72946,21.39153],[39.72344,21.38725],[39.70602,21.37445],[39.70746,21.37394],[39.69759,21.36649],[39.69909,21.36552],[39.69985,21.36474],[39.70189,21.36165],[39.70283,21.36008],[39.70303,21.35945],[39.70223,21.35894],[39.7012,21.35785],[39.69985,21.35661],[39.69858,21.35519],[39.69832,21.35466],[39.69825,21.35422],[39.69849,21.35259],[39.69385,21.34996],[39.6956,21.34714],[39.6959,21.34618],[39.69603,21.34366],[39.69598,21.34136],[39.701,21.34136],[39.70214,21.34148],[39.70321,21.3417],[39.70727,21.34327],[39.70899,21.34379],[39.71058,21.344],[39.71155,21.34403],[39.73637,21.34261],[39.74032,21.34254],[39.7431,21.34272],[39.73973,21.34434],[39.73801,21.34569],[39.73722,21.34668],[39.73668,21.3477],[39.73634,21.34914],[39.73628,21.3506],[39.73651,21.35177],[39.73735,21.35365],[39.74447,21.36828]]]},"properties":{"district_id":"makkah-tawa","name_ar":"طوى","name_en":"Tawa","city":"makkah","source_codes":["70030076563137552"]}},{"type":"Feature","id":"makkah-thania","geometry":{"type":"Polygon","coordinates":[[[40.01823,21.50826],[40.01364,21.50594],[40.00909,21.5148],[40.00781,21.51753],[39.98622,21.51021],[39.98536,21.51004],[39.9865,21.50861],[39.98748,21.50787],[39.99095,21.50484],[39.99407,21.50102],[39.99457,21.50026],[39.99467,21.49972],[39.99472,21.49762],[39.99449,21.49691],[39.99236,21.49316],[40.00326,21.49276],[40.00412,21.49281],[40.00575,21.49311],[40.00696,21.49357],[40.00785,21.49406],[40.00879,21.49476],[40.00944,21.49537],[40.01437,21.50156],[40.01495,21.50211],[40.01631,21.50317],[40.01723,21.50364],[40.01935,21.50445],[40.01843,21.50673],[40.01823,21.50826]]]},"properties":{"district_id":"makkah-thania","name_ar":"الثنية","name_en":"Thania","city":"makkah","source_codes":["70030076563136766"]}},{"type":"Feature","id":"makkah-tibat","geometry":{"type":"Polygon","coordinates":[[[39.77077,21.5711],[39.77015,21.57191],[39.76949,21.57253],[39.76443,21.57625],[39.76285,21.57758],[39.76137,21.57922],[39.75858,21.58305],[39.75726,21.58447],[39.74152,21.59889],[39.73294,21.59419],[39.72171,21.58753],[39.72058,21.58013],[39.72292,21.57653],[39.72616,21.57057],[39.73695,21.5657],[39.73957,21.56089],[39.73963,21.56077],[39.7395,21.56041],[39.74005,21.56012],[39.74064,21.55905],[39.7407,21.55851],[39.74086,21.55832],[39.74215,21.55488],[39.74317,21.55185],[39.74359,21.55103],[39.74358,21.55088],[39.74587,21.54637],[39.7464,21.54653],[39.74686,21.54656],[39.74706,21.54649],[39.74733,21.54625],[39.74751,21.54622],[39.74931,21.54702],[39.74851,21.54858],[39.75609,21.55192],[39.75767,21.55338],[39.76192,21.5566],[39.76181,21.55698],[39.76145,21.55757],[39.75973,21.56004],[39.76074,21.56067],[39.76102,21.56073],[39.76349,21.56244],[39.76427,21.56278],[39.7672,21.56464],[39.76865,21.56593],[39.77011,21.56707],[39.77039,21.56721],[39.77215,21.56775],[39.7716,21.56967],[39.77077,21.5711]]]},"properties":{"district_id":"makkah-tibat","name_ar":"طيبة","name_en":"Tibat","city":"makkah","source_codes":["70030076563136774"]}},{"type":"Feature","id":"makkah-umm-joud","geometry":{"type":"Polygon","coordinates":[[[39.73444,21.43015],[39.73266,21.43015],[39.72863,21.42976],[39.72722,21.4296],[39.72611,21.42932],[39.72466,21.42867],[39.71959,21.4254],[39.71828,21.42475],[39.71352,21.42338],[39.69606,21.41789],[39.6943,21.41728],[39.69465,21.41621],[39.69554,21.41621],[39.69609,21.41572],[39.69687,21.41477],[39.69734,21.4145],[39.69847,21.41449],[39.70181,21.41545],[39.70323,21.411],[39.70252,21.41073],[39.70101,21.40927],[39.70018,21.40815],[39.69803,21.40343],[39.69796,21.40182],[39.69813,21.40024],[39.69843,21.39866],[39.69934,21.3974],[39.69757,21.39515],[39.6971,21.3905],[39.69744,21.39048],[39.69658,21.37933],[39.69794,21.3803],[39.69914,21.38128],[39.70033,21.38241],[39.70166,21.38388],[39.72078,21.40844],[39.72207,21.40987],[39.72336,21.41088],[39.72453,21.41153],[39.72567,21.41199],[39.72702,21.41233],[39.72809,21.41247],[39.73004,21.41246],[39.74093,21.4115],[39.74326,21.4114],[39.7455,21.41162],[39.75065,21.4127],[39.74816,21.41493],[39.74394,21.41816],[39.74261,21.41942],[39.74184,21.42035],[39.74115,21.42133],[39.73949,21.42433],[39.73865,21.42556],[39.73782,21.42654],[39.73444,21.43015]]]},"properties":{"district_id":"makkah-umm-joud","name_ar":"ام الجود","name_en":"Umm Joud","city":"makkah","source_codes":["70030076563137923"]}},{"type":"Feature","id":"makkah-wadi-jalil","geometry":{"type":"MultiPolygon","coordinates":[[[[39.89502,21.46115],[39.89501,21.46114],[39.89502,21.46114],[39.89502,21.46115]]],[[[39.88974,21.47699],[39.88904,21.47804],[39.88809,21.47913],[39.87343,21.49439],[39.87181,21.49652],[39.86848,21.50174],[39.86756,21.50301],[39.86655,21.50422],[39.86218,21.50878],[39.86116,21.50969],[39.85935,21.51109],[39.85743,21.51236],[39.85499,21.51367],[39.85286,21.5146],[39.85065,21.51535],[39.84127,21.51818],[39.83921,21.51872],[39.83606,21.51932],[39.83133,21.51987],[39.83394,21.48418],[39.83283,21.48166],[39.83278,21.48129],[39.83293,21.48077],[39.83374,21.47977],[39.83409,21.47904],[39.83381,21.47848],[39.83287,21.47761],[39.83444,21.47687],[39.83558,21.47665],[39.83672,21.47671],[39.84032,21.4774],[39.84088,21.47745],[39.84176,21.47725],[39.84243,21.47674],[39.84263,21.47647],[39.84279,21.47616],[39.84292,21.4756],[39.84308,21.47094],[39.84304,21.47048],[39.84282,21.46976],[39.84206,21.46825],[39.842,21.46759],[39.84283,21.46299],[39.84306,21.46062],[39.84336,21.45978],[39.84444,21.45777],[39.84603,21.45524],[39.84657,21.45421],[39.84753,21.45186],[39.84826,21.45191],[39.84851,21.45224],[39.84848,21.4524],[39.84864,21.45243],[39.84867,21.45264],[39.84879,21.45262],[39.84885,21.45288],[39.84914,21.45277],[39.84905,21.45247],[39.84934,21.4524],[39.84943,21.45271],[39.8495,21.45268],[39.84957,21.45276],[39.84993,21.45235],[39.85,21.45193],[39.85014,21.4518],[39.85016,21.45169],[39.84994,21.45164],[39.84995,21.45152],[39.8502,21.45157],[39.85021,21.45144],[39.85035,21.45145],[39.85036,21.45131],[39.85061,21.4514],[39.85065,21.45152],[39.8505,21.45179],[39.85066,21.45186],[39.85062,21.45215],[39.85076,21.45226],[39.85062,21.45237],[39.85072,21.45245],[39.85065,21.45253],[39.85053,21.45249],[39.85047,21.45263],[39.85031,21.45258],[39.84994,21.45293],[39.85051,21.45371],[39.85038,21.45382],[39.85045,21.45392],[39.85066,21.45416],[39.85077,21.45415],[39.85079,21.45434],[39.85112,21.45444],[39.85102,21.45464],[39.85109,21.4547],[39.85091,21.45494],[39.85055,21.45487],[39.85054,21.455],[39.85075,21.45501],[39.85074,21.45516],[39.85055,21.45517],[39.85046,21.4554],[39.8501,21.45545],[39.85013,21.45582],[39.85041,21.45582],[39.8504,21.45568],[39.85078,21.45557],[39.85107,21.45521],[39.85148,21.45506],[39.85146,21.45538],[39.85153,21.45549],[39.85162,21.45545],[39.85175,21.45564],[39.85188,21.45557],[39.85215,21.45617],[39.85175,21.45645],[39.85202,21.4573],[39.85226,21.45767],[39.8524,21.45768],[39.85251,21.45781],[39.852,21.45816],[39.85245,21.45847],[39.85278,21.45897],[39.85307,21.45884],[39.85351,21.45934],[39.85414,21.45958],[39.85447,21.45864],[39.85461,21.45868],[39.85466,21.45852],[39.85482,21.45856],[39.85504,21.45791],[39.85495,21.45789],[39.8551,21.45745],[39.85583,21.45768],[39.85567,21.45811],[39.85559,21.45808],[39.85539,21.45874],[39.85553,21.45877],[39.85546,21.45898],[39.85563,21.45903],[39.85516,21.46043],[39.85616,21.46072],[39.8561,21.46093],[39.85776,21.46141],[39.85856,21.46176],[39.85872,21.46158],[39.85886,21.46169],[39.85893,21.4616],[39.85905,21.46169],[39.8591,21.46164],[39.85951,21.462],[39.85942,21.4621],[39.85955,21.46223],[39.8594,21.46241],[39.85993,21.46282],[39.8605,21.46308],[39.8606,21.46293],[39.86083,21.46285],[39.86171,21.46317],[39.86189,21.46288],[39.86338,21.46343],[39.86392,21.46278],[39.86434,21.46245],[39.86468,21.46242],[39.86538,21.46264],[39.8655,21.46354],[39.8652,21.46404],[39.86562,21.46418],[39.86556,21.46437],[39.86584,21.46445],[39.86576,21.46471],[39.86549,21.46473],[39.86538,21.46498],[39.86483,21.46483],[39.86485,21.46477],[39.86446,21.46501],[39.86425,21.46535],[39.86576,21.46595],[39.86585,21.46593],[39.86602,21.46549],[39.86678,21.46563],[39.86698,21.46575],[39.86946,21.46618],[39.86969,21.46609],[39.87008,21.46615],[39.87027,21.46609],[39.87047,21.46576],[39.87088,21.46536],[39.87191,21.46593],[39.8721,21.4662],[39.87202,21.46682],[39.8727,21.46699],[39.87271,21.46715],[39.87428,21.46746],[39.87595,21.46735],[39.87611,21.46815],[39.87726,21.46858],[39.87771,21.46848],[39.87905,21.46846],[39.87954,21.46862],[39.88001,21.46835],[39.88046,21.46832],[39.8808,21.46768],[39.88099,21.46751],[39.88123,21.46754],[39.88141,21.46725],[39.88251,21.46721],[39.88338,21.46735],[39.88401,21.46732],[39.8846,21.46716],[39.88667,21.46687],[39.88682,21.46667],[39.8886,21.46592],[39.8893,21.4662],[39.88969,21.46613],[39.89039,21.46572],[39.89117,21.46561],[39.89218,21.46584],[39.89324,21.46565],[39.8906,21.47498],[39.8902,21.47608],[39.88974,21.47699]]]]},"properties":{"district_id":"makkah-wadi-jalil","name_ar":"وادي جليل","name_en":"Wadi Jalil","city":"makkah","source_codes":["70030076563135053"]}},{"type":"Feature","id":"makkah-western-al-sulaimaniyah","geometry":{"type":"Polygon","coordinates":[[[39.82797,21.43568],[39.82628,21.43655],[39.8252,21.43684],[39.82409,21.43724],[39.82233,21.4381],[39.82175,21.43828],[39.8212,21.43786],[39.81982,21.43648],[39.81911,21.43534],[39.81958,21.43515],[39.82011,21.43481],[39.82227,21.43294],[39.82355,21.43216],[39.82505,21.43171],[39.82674,21.43158],[39.82797,21.43568]]]},"properties":{"district_id":"makkah-western-al-sulaimaniyah","name_ar":"السليمانية الغربي","name_en":"Western Al Sulaimaniyah","city":"makkah","source_codes":["70030076563130516"]}},{"type":"Feature","id":"makkah-zamzam","geometry":{"type":"Polygon","coordinates":[[[39.9834,21.54156],[39.98313,21.54188],[39.97806,21.53021],[39.97607,21.52616],[39.97572,21.52228],[39.97788,21.52169],[39.98232,21.51653],[39.98346,21.51487],[39.98479,21.51087],[39.98536,21.51004],[39.98622,21.51021],[40.00781,21.51753],[40.00679,21.5195],[40.0064,21.52751],[40.00982,21.53154],[40.00556,21.53479],[39.9901,21.52953],[39.9834,21.54156]]]},"properties":{"district_id":"makkah-zamzam","name_ar":"زمزم","name_en":"Zamzam","city":"makkah","source_codes":["70030076563135033"]}}]}