{"type":"FeatureCollection","city":"riyadh","source":"momrah_administrative_districts","count":187,"features":[{"type":"Feature","id":"riyadh-ahad","geometry":{"type":"Polygon","coordinates":[[[46.65229,24.48964],[46.65077,24.49053],[46.65527,24.49763],[46.63633,24.50767],[46.62543,24.49055],[46.61473,24.47398],[46.61619,24.47346],[46.61797,24.47312],[46.61868,24.47322],[46.61972,24.47319],[46.62098,24.47351],[46.62167,24.4735],[46.62211,24.47338],[46.62384,24.47257],[46.62489,24.47217],[46.6252,24.4722],[46.62647,24.47268],[46.62759,24.47288],[46.6283,24.47279],[46.62899,24.47253],[46.62926,24.47258],[46.62957,24.47283],[46.62966,24.47336],[46.6296,24.4739],[46.62928,24.47503],[46.62937,24.47525],[46.63026,24.47578],[46.63217,24.47662],[46.63255,24.47703],[46.63259,24.47741],[46.63251,24.47801],[46.63213,24.47891],[46.63228,24.47925],[46.63273,24.47955],[46.63325,24.47963],[46.63465,24.47965],[46.63488,24.47974],[46.63503,24.4799],[46.63509,24.48017],[46.63481,24.48131],[46.63491,24.48325],[46.63514,24.48401],[46.63552,24.48443],[46.63598,24.48461],[46.63696,24.48464],[46.6378,24.48483],[46.63884,24.48554],[46.63919,24.48568],[46.63946,24.48559],[46.63991,24.48499],[46.64026,24.48472],[46.6408,24.48459],[46.64124,24.48468],[46.64163,24.485],[46.64184,24.48548],[46.64197,24.48605],[46.64202,24.48696],[46.64221,24.48753],[46.64249,24.48785],[46.64302,24.48803],[46.64424,24.48798],[46.64536,24.4881],[46.64591,24.48803],[46.64625,24.48783],[46.64673,24.48735],[46.6475,24.4863],[46.64793,24.48612],[46.64832,24.48616],[46.64966,24.48702],[46.65123,24.48741],[46.6513,24.48757],[46.65118,24.48796],[46.65118,24.48831],[46.65142,24.48891],[46.65172,24.4891],[46.65264,24.48913],[46.65229,24.48964]]]},"properties":{"district_id":"riyadh-ahad","name_ar":"أحد","name_en":"Ahad","city":"riyadh","source_codes":["70030076562014194"]}},{"type":"Feature","id":"riyadh-al-aared","geometry":{"type":"Polygon","coordinates":[[[46.65329,24.84306],[46.58922,24.97001],[46.5715,24.96246],[46.57028,24.96184],[46.56833,24.9607],[46.55153,24.95006],[46.61411,24.82658],[46.65329,24.84306]]]},"properties":{"district_id":"riyadh-al-aared","name_ar":"العارض","name_en":"Al Aared","city":"riyadh","source_codes":["70030076562015816"]}},{"type":"Feature","id":"riyadh-al-aawali","geometry":{"type":"Polygon","coordinates":[[[46.60493,24.57694],[46.6045,24.57656],[46.60254,24.57534],[46.60036,24.57434],[46.59876,24.57381],[46.59454,24.57267],[46.59336,24.57259],[46.58016,24.57355],[46.57968,24.56926],[46.57952,24.56921],[46.57971,24.56833],[46.57971,24.56542],[46.58002,24.56216],[46.58017,24.5613],[46.58062,24.55993],[46.58151,24.55812],[46.58198,24.55747],[46.58643,24.55242],[46.58759,24.55157],[46.58935,24.54925],[46.58978,24.54923],[46.59009,24.5496],[46.59021,24.54942],[46.59025,24.54915],[46.59037,24.54909],[46.59055,24.54924],[46.59061,24.54957],[46.59137,24.54908],[46.59187,24.54925],[46.5921,24.54911],[46.59258,24.54902],[46.5933,24.54872],[46.59425,24.54849],[46.59668,24.54859],[46.59927,24.54811],[46.60059,24.54759],[46.60149,24.54696],[46.60315,24.54552],[46.60344,24.54512],[46.60439,24.54493],[46.60486,24.545],[46.60504,24.54526],[46.60493,24.54547],[46.60395,24.54626],[46.60371,24.54658],[46.60419,24.54688],[46.60424,24.54712],[46.60419,24.54725],[46.60392,24.5473],[46.60293,24.54712],[46.60261,24.54726],[46.60213,24.54769],[46.60152,24.54773],[46.60102,24.54842],[46.60096,24.54859],[46.60101,24.54874],[46.60124,24.54888],[46.60169,24.549],[46.60319,24.54875],[46.60362,24.54906],[46.60384,24.54944],[46.60436,24.54964],[46.60514,24.54937],[46.60563,24.54893],[46.60614,24.54833],[46.60631,24.54804],[46.60628,24.54796],[46.6065,24.54775],[46.60677,24.54769],[46.60729,24.54713],[46.60752,24.54674],[46.60804,24.54689],[46.60856,24.54683],[46.60937,24.54698],[46.60982,24.54666],[46.60994,24.54697],[46.60964,24.54795],[46.60911,24.54828],[46.60846,24.54908],[46.60854,24.54935],[46.60889,24.54955],[46.60901,24.54991],[46.60942,24.5499],[46.60952,24.54976],[46.60934,24.5495],[46.60951,24.54934],[46.61062,24.54932],[46.61121,24.54899],[46.61242,24.54752],[46.61325,24.54729],[46.6139,24.5472],[46.61515,24.54739],[46.61599,24.5478],[46.61709,24.54784],[46.61856,24.54851],[46.61894,24.54896],[46.61909,24.54904],[46.61982,24.54907],[46.62108,24.5495],[46.62219,24.54953],[46.62268,24.54946],[46.62333,24.54927],[46.62417,24.54873],[46.62701,24.54326],[46.62693,24.54259],[46.62724,24.54263],[46.62839,24.5429],[46.62917,24.54322],[46.63077,24.54337],[46.63252,24.54378],[46.63409,24.54397],[46.63525,24.54423],[46.63646,24.54475],[46.63759,24.54571],[46.63899,24.546],[46.63992,24.54679],[46.64148,24.54887],[46.64334,24.55093],[46.64438,24.55156],[46.64523,24.55186],[46.64577,24.55221],[46.64631,24.55276],[46.64797,24.55274],[46.64878,24.55288],[46.64926,24.55308],[46.65079,24.55513],[46.65115,24.55518],[46.65159,24.55504],[46.65198,24.55506],[46.65232,24.55541],[46.65228,24.5558],[46.65245,24.55613],[46.65343,24.55693],[46.65529,24.55906],[46.65569,24.55979],[46.65212,24.56559],[46.64603,24.56184],[46.64478,24.56123],[46.64328,24.56072],[46.64124,24.56032],[46.63943,24.56025],[46.63747,24.56045],[46.63579,24.56087],[46.63444,24.5614],[46.6094,24.57304],[46.60812,24.57379],[46.60696,24.57467],[46.60596,24.57565],[46.60493,24.57694]]]},"properties":{"district_id":"riyadh-al-aawali","name_ar":"العوالي","name_en":"Al Aawali","city":"riyadh","source_codes":["70030076562019311"]}},{"type":"Feature","id":"riyadh-al-amal","geometry":{"type":"Polygon","coordinates":[[[46.71615,24.65122],[46.71532,24.64774],[46.71523,24.64692],[46.71509,24.64664],[46.71754,24.64135],[46.71783,24.64023],[46.71994,24.64106],[46.7274,24.64346],[46.73374,24.6447],[46.73322,24.64572],[46.73315,24.64634],[46.73324,24.6469],[46.71615,24.65122]]]},"properties":{"district_id":"riyadh-al-amal","name_ar":"العمل","name_en":"Al Amal","city":"riyadh","source_codes":["70030076562015722"]}},{"type":"Feature","id":"riyadh-al-andalus","geometry":{"type":"Polygon","coordinates":[[[46.8027,24.73996],[46.79023,24.75676],[46.77452,24.74703],[46.78701,24.73021],[46.8027,24.73996]]]},"properties":{"district_id":"riyadh-al-andalus","name_ar":"الاندلس","name_en":"Al Andalus","city":"riyadh","source_codes":["70030076562019235"]}},{"type":"Feature","id":"riyadh-al-aqiq","geometry":{"type":"Polygon","coordinates":[[[46.64725,24.761],[46.63067,24.79378],[46.61271,24.78622],[46.62933,24.75344],[46.64725,24.761]]]},"properties":{"district_id":"riyadh-al-aqiq","name_ar":"العقيق","name_en":"Al Aqiq","city":"riyadh","source_codes":["70030076562015817"]}},{"type":"Feature","id":"riyadh-al-aziziyah","geometry":{"type":"Polygon","coordinates":[[[46.76711,24.61175],[46.7654,24.61236],[46.76395,24.6107],[46.76211,24.6089],[46.7604,24.60748],[46.7583,24.60598],[46.75554,24.60436],[46.7373,24.59428],[46.74194,24.58834],[46.74369,24.5858],[46.75806,24.56138],[46.79598,24.58],[46.80439,24.58367],[46.80535,24.58423],[46.80645,24.58505],[46.80882,24.58741],[46.80639,24.58937],[46.80434,24.59081],[46.79616,24.59565],[46.7771,24.60546],[46.77599,24.60618],[46.77196,24.60916],[46.77059,24.61004],[46.76895,24.61093],[46.76711,24.61175]]]},"properties":{"district_id":"riyadh-al-aziziyah","name_ar":"العزيزية","name_en":"Al Aziziyah","city":"riyadh","source_codes":["70030076562022385"]}},{"type":"Feature","id":"riyadh-al-badiea","geometry":{"type":"Polygon","coordinates":[[[46.69137,24.62646],[46.69064,24.62612],[46.68866,24.62547],[46.68839,24.62546],[46.68302,24.62541],[46.67389,24.62518],[46.6717,24.62529],[46.67209,24.62474],[46.67301,24.62271],[46.67313,24.62147],[46.67301,24.62073],[46.67282,24.62038],[46.67248,24.62003],[46.67033,24.61815],[46.66955,24.61731],[46.6691,24.61649],[46.66896,24.61556],[46.66919,24.61513],[46.66952,24.6138],[46.66976,24.61349],[46.67036,24.61296],[46.67192,24.61002],[46.67207,24.6094],[46.6729,24.60821],[46.67446,24.60679],[46.67483,24.60657],[46.6757,24.60648],[46.67667,24.60622],[46.67855,24.60592],[46.67964,24.60594],[46.6809,24.60619],[46.68181,24.60658],[46.68259,24.60712],[46.68523,24.60948],[46.68557,24.6097],[46.68692,24.61046],[46.69059,24.612],[46.69291,24.61244],[46.69332,24.61241],[46.69372,24.61222],[46.69462,24.61112],[46.69535,24.61062],[46.69533,24.61091],[46.6948,24.61209],[46.69383,24.61304],[46.69321,24.61476],[46.69186,24.62278],[46.69137,24.62646]]]},"properties":{"district_id":"riyadh-al-badiea","name_ar":"البديعة","name_en":"Al Badiea","city":"riyadh","source_codes":["70030076562019243"]}},{"type":"Feature","id":"riyadh-al-bariyah","geometry":{"type":"Polygon","coordinates":[[[46.95881,24.58051],[46.95875,24.58058],[46.95887,24.58081],[46.95917,24.58093],[46.95921,24.58116],[46.95939,24.58127],[46.95907,24.58154],[46.95836,24.58195],[46.95774,24.58265],[46.95689,24.58296],[46.95566,24.58443],[46.95511,24.58495],[46.95488,24.58547],[46.95406,24.58684],[46.95394,24.58758],[46.95399,24.58856],[46.95424,24.58928],[46.9551,24.59055],[46.95511,24.59149],[46.95457,24.59282],[46.95454,24.59338],[46.954,24.594],[46.94229,24.59431],[46.93954,24.59519],[46.93807,24.5955],[46.93658,24.5957],[46.93133,24.59598],[46.91336,24.59644],[46.90284,24.59649],[46.90111,24.59637],[46.89545,24.59531],[46.8934,24.59449],[46.8717,24.58933],[46.86964,24.58907],[46.86979,24.58724],[46.86971,24.58705],[46.86934,24.58667],[46.86922,24.58629],[46.86922,24.58594],[46.87059,24.58524],[46.87172,24.58453],[46.87254,24.58392],[46.87356,24.583],[46.87427,24.58225],[46.87958,24.57592],[46.88086,24.57468],[46.88199,24.57378],[46.92607,24.54543],[46.92803,24.54406],[46.92992,24.54261],[46.93306,24.53985],[46.93524,24.53759],[46.93692,24.53565],[46.94395,24.5266],[46.94482,24.5253],[46.94565,24.52364],[46.94629,24.5216],[46.94657,24.51976],[46.94653,24.51759],[46.94751,24.51752],[46.94769,24.5174],[46.94977,24.51716],[46.95012,24.51734],[46.95187,24.51794],[46.9592,24.49898],[46.97619,24.50621],[46.98186,24.50856],[46.98226,24.50866],[46.9871,24.51078],[46.98764,24.51096],[46.98955,24.51114],[46.98972,24.51132],[46.99068,24.51124],[46.99193,24.51034],[46.99274,24.5104],[46.99326,24.51053],[46.99401,24.51052],[46.99444,24.51004],[46.99399,24.5093],[46.99383,24.50862],[46.99152,24.5077],[46.99135,24.50655],[46.99149,24.50594],[46.99089,24.50575],[46.98963,24.50576],[46.98889,24.50591],[46.98837,24.50578],[46.98746,24.50443],[46.98714,24.50301],[46.98764,24.50145],[46.98799,24.49986],[46.98824,24.49984],[46.98879,24.49861],[46.98915,24.49858],[46.98981,24.4981],[46.99085,24.49817],[46.99086,24.4986],[46.99134,24.49942],[46.99142,24.49973],[46.99138,24.50006],[46.99213,24.50059],[46.99214,24.50093],[46.9919,24.50142],[46.99253,24.50191],[46.99246,24.50229],[46.99295,24.50244],[46.99329,24.50292],[46.99387,24.50341],[46.99409,24.50401],[46.99456,24.50427],[46.99481,24.50472],[46.99486,24.50526],[46.9952,24.5054],[46.99591,24.50592],[46.99641,24.50641],[46.99692,24.50666],[46.99704,24.50708],[46.99746,24.50764],[46.99817,24.50831],[46.99846,24.5088],[46.99812,24.50991],[46.99813,24.51022],[46.99858,24.51074],[46.99888,24.51158],[46.9988,24.51242],[46.9991,24.51294],[46.99917,24.51351],[46.99882,24.51382],[46.99883,24.51428],[46.99818,24.51391],[46.99733,24.51325],[46.99674,24.51436],[46.99652,24.51503],[46.99647,24.51553],[46.99601,24.51646],[46.99596,24.51733],[46.99581,24.51797],[46.99522,24.51882],[46.99528,24.52033],[46.99512,24.52122],[46.99527,24.52153],[46.99544,24.52252],[46.99543,24.5234],[46.99456,24.52443],[46.9944,24.52479],[46.9925,24.52602],[46.99169,24.52665],[46.99164,24.52723],[46.99144,24.52754],[46.99143,24.52782],[46.99149,24.5284],[46.99178,24.52966],[46.99183,24.5305],[46.99178,24.53098],[46.99153,24.53142],[46.99047,24.53237],[46.98931,24.53258],[46.98895,24.53284],[46.98811,24.5339],[46.98746,24.53449],[46.98715,24.5347],[46.98647,24.53493],[46.98617,24.53526],[46.98603,24.53562],[46.98604,24.53628],[46.98633,24.53687],[46.98651,24.53811],[46.98688,24.53852],[46.9871,24.5385],[46.98772,24.53801],[46.98776,24.53818],[46.98768,24.53833],[46.98777,24.53853],[46.98797,24.53864],[46.98831,24.53852],[46.98865,24.53823],[46.98893,24.53814],[46.98905,24.53823],[46.9891,24.5388],[46.98926,24.53918],[46.98975,24.53917],[46.9899,24.53922],[46.98997,24.53934],[46.99017,24.53987],[46.99,24.54009],[46.98999,24.54037],[46.98974,24.54056],[46.9902,24.54094],[46.99047,24.54104],[46.99053,24.54116],[46.99053,24.5413],[46.99041,24.5414],[46.98979,24.54151],[46.98967,24.5416],[46.98971,24.54189],[46.98999,24.54221],[46.98985,24.54261],[46.98973,24.54272],[46.98981,24.54301],[46.99021,24.54325],[46.99069,24.54327],[46.99112,24.54343],[46.99159,24.54343],[46.99242,24.54377],[46.99362,24.54465],[46.99397,24.54493],[46.99426,24.54531],[46.99426,24.54545],[46.99446,24.54582],[46.99495,24.54616],[46.99549,24.54745],[46.99617,24.54802],[46.99632,24.54873],[46.99676,24.54906],[46.99709,24.54953],[46.99759,24.54985],[46.99827,24.55013],[46.9987,24.55054],[46.99901,24.55056],[46.99953,24.55085],[47.00092,24.5523],[47.00149,24.55249],[47.00197,24.55284],[47.00226,24.55294],[47.00268,24.55377],[47.00282,24.55337],[47.0034,24.55349],[47.00356,24.55373],[47.00353,24.55443],[47.00369,24.55464],[47.00428,24.55505],[47.00581,24.55681],[47.00665,24.55834],[47.00648,24.55943],[47.00666,24.56031],[47.00674,24.56151],[47.00637,24.56293],[47.00583,24.56441],[47.00609,24.56647],[47.00617,24.56878],[47.00572,24.57202],[47.00517,24.57436],[47.00514,24.57738],[47.00524,24.57892],[47.00566,24.58039],[47.00612,24.58163],[47.00679,24.58255],[47.00693,24.58356],[47.00535,24.58446],[47.00347,24.58449],[47.0025,24.58498],[47.00144,24.58539],[47.00018,24.58623],[46.99878,24.58602],[46.99804,24.58637],[46.99771,24.58637],[46.99646,24.58575],[46.9957,24.58576],[46.9949,24.58606],[46.99458,24.58621],[46.99398,24.58672],[46.99389,24.58808],[46.99398,24.58831],[46.99419,24.58848],[46.99371,24.58913],[46.99331,24.58908],[46.99198,24.5898],[46.99134,24.58989],[46.99073,24.58948],[46.99073,24.58894],[46.99061,24.5884],[46.99038,24.5881],[46.99044,24.58751],[46.9895,24.58724],[46.98958,24.58692],[46.99086,24.58588],[46.99164,24.58593],[46.99169,24.58572],[46.99147,24.58541],[46.99004,24.58499],[46.98944,24.58472],[46.9888,24.58475],[46.98832,24.58452],[46.98821,24.58434],[46.98835,24.58419],[46.98884,24.58433],[46.98987,24.58421],[46.99014,24.58403],[46.99044,24.58427],[46.9909,24.58414],[46.99113,24.58424],[46.99162,24.58413],[46.99196,24.58426],[46.99218,24.58446],[46.99243,24.58448],[46.99272,24.58438],[46.99284,24.58413],[46.99314,24.58406],[46.99337,24.58412],[46.99296,24.58347],[46.99284,24.58303],[46.9928,24.58222],[46.99192,24.58208],[46.99045,24.58206],[46.98958,24.58176],[46.98956,24.5816],[46.99025,24.58137],[46.99103,24.58095],[46.9882,24.57943],[46.98797,24.57919],[46.98739,24.57959],[46.98761,24.58009],[46.98772,24.58062],[46.98759,24.58082],[46.98732,24.58085],[46.98722,24.58099],[46.98708,24.58204],[46.98678,24.58252],[46.98651,24.58278],[46.98576,24.58288],[46.98481,24.58316],[46.98443,24.58316],[46.98426,24.58305],[46.98436,24.58286],[46.98466,24.58282],[46.98484,24.5827],[46.98489,24.58244],[46.98472,24.58198],[46.98474,24.58156],[46.98167,24.58183],[46.98103,24.58208],[46.9798,24.58285],[46.97852,24.58293],[46.97838,24.58267],[46.97845,24.58239],[46.97895,24.58175],[46.97895,24.58157],[46.97744,24.58138],[46.9771,24.58111],[46.97667,24.581],[46.97578,24.58109],[46.97528,24.58077],[46.97517,24.5805],[46.97472,24.58049],[46.9743,24.58066],[46.97418,24.58058],[46.97426,24.58033],[46.97451,24.58016],[46.97525,24.5801],[46.97596,24.58034],[46.97642,24.57999],[46.97715,24.5801],[46.97735,24.57989],[46.9775,24.5799],[46.97773,24.58007],[46.97803,24.58008],[46.97859,24.57991],[46.97934,24.57985],[46.98011,24.5803],[46.98013,24.58016],[46.97974,24.57973],[46.98004,24.57941],[46.98073,24.57912],[46.98118,24.57918],[46.98145,24.57931],[46.98168,24.57948],[46.98169,24.57976],[46.98216,24.57941],[46.98275,24.57936],[46.9838,24.57941],[46.98413,24.57913],[46.98355,24.57902],[46.98333,24.57885],[46.98333,24.57844],[46.98342,24.57817],[46.98365,24.57799],[46.98407,24.57783],[46.98481,24.57776],[46.98457,24.5776],[46.98387,24.57737],[46.98353,24.5769],[46.98348,24.57663],[46.98355,24.57651],[46.98401,24.57615],[46.9846,24.57606],[46.98586,24.57658],[46.98601,24.5766],[46.98605,24.57647],[46.98504,24.57566],[46.9845,24.57538],[46.98405,24.57537],[46.98362,24.5755],[46.98288,24.57601],[46.98277,24.57611],[46.98277,24.57626],[46.98301,24.57661],[46.98288,24.57685],[46.98242,24.57722],[46.98202,24.5774],[46.98098,24.57859],[46.98072,24.57874],[46.98012,24.57887],[46.97954,24.57929],[46.9785,24.57916],[46.97746,24.57932],[46.97688,24.5792],[46.97568,24.57928],[46.97553,24.57926],[46.97507,24.57889],[46.97494,24.57865],[46.97479,24.57867],[46.97473,24.5788],[46.97472,24.57907],[46.97486,24.57932],[46.97482,24.57946],[46.97453,24.57977],[46.97426,24.57988],[46.97366,24.5799],[46.97338,24.5798],[46.97258,24.57877],[46.97245,24.5787],[46.972,24.57872],[46.97105,24.57941],[46.9697,24.58004],[46.96866,24.58001],[46.96692,24.58047],[46.96572,24.5805],[46.9655,24.58069],[46.96528,24.5812],[46.96487,24.58159],[46.96428,24.58148],[46.96394,24.58121],[46.96369,24.58136],[46.96338,24.58142],[46.96264,24.58131],[46.96219,24.58102],[46.96209,24.58077],[46.96196,24.5807],[46.96091,24.58072],[46.96067,24.58056],[46.96061,24.58043],[46.96063,24.58002],[46.96051,24.57993],[46.96036,24.57996],[46.95961,24.58047],[46.95881,24.58051]]]},"properties":{"district_id":"riyadh-al-bariyah","name_ar":"البرية","name_en":"Al Bariyah","city":"riyadh","source_codes":["70030076562015760"]}},{"type":"Feature","id":"riyadh-al-basatin","geometry":{"type":"Polygon","coordinates":[[[47.12668,25.16792],[47.10456,25.08816],[47.13174,25.09229],[47.14751,25.09286],[47.20317,25.10155],[47.22883,25.10174],[47.23413,25.10218],[47.24956,25.1073],[47.25898,25.11141],[47.28845,25.11643],[47.28964,25.11698],[47.28145,25.13753],[47.27031,25.16623],[47.21343,25.16594],[47.12668,25.16792]]]},"properties":{"district_id":"riyadh-al-basatin","name_ar":"البساتين","name_en":"Al Basatin","city":"riyadh","source_codes":["70030076562065704"]}},{"type":"Feature","id":"riyadh-al-bashayer","geometry":{"type":"Polygon","coordinates":[[[46.87316,24.96818],[46.85751,24.98536],[46.85406,24.98937],[46.85226,24.99164],[46.85098,24.99395],[46.8501,24.99444],[46.84885,24.99469],[46.84238,25.00041],[46.83548,25.00546],[46.82889,25.00984],[46.8228,25.01297],[46.81942,25.01455],[46.80681,25.01976],[46.79367,25.02513],[46.78302,25.0286],[46.77314,25.03077],[46.76503,25.03173],[46.7612,25.03186],[46.76303,25.02592],[46.76978,25.00548],[46.77292,24.99542],[46.78,24.97394],[46.78081,24.97182],[46.78172,24.96977],[46.78343,24.96671],[46.78484,24.96462],[46.78654,24.96235],[46.78788,24.9608],[46.78924,24.95943],[46.79842,24.95123],[46.80309,24.94688],[46.80956,24.94112],[46.81027,24.94041],[46.81563,24.93576],[46.82302,24.92916],[46.82828,24.92478],[46.83191,24.9213],[46.83435,24.91836],[46.83602,24.91595],[46.83752,24.9134],[46.83915,24.90983],[46.84007,24.90706],[46.84063,24.90498],[46.84733,24.90571],[46.85263,24.90801],[46.8542,24.91249],[46.85572,24.91584],[46.85618,24.91746],[46.85516,24.91857],[46.85671,24.91931],[46.85692,24.92005],[46.85719,24.9271],[46.86053,24.93392],[46.86333,24.93851],[46.8707,24.95958],[46.86736,24.9658],[46.87316,24.96818]]]},"properties":{"district_id":"riyadh-al-bashayer","name_ar":"البشاير","name_en":"Al-Bashayer","city":"riyadh","source_codes":["70030076562065712"]}},{"type":"Feature","id":"riyadh-al-bayan","geometry":{"type":"Polygon","coordinates":[[[46.88452,24.8859],[46.86749,24.90524],[46.84315,24.89203],[46.84427,24.88583],[46.85049,24.85427],[46.85081,24.85234],[46.85111,24.84894],[46.85109,24.84536],[46.8508,24.84283],[46.85008,24.83944],[46.85163,24.84045],[46.85327,24.8418],[46.85581,24.84458],[46.85979,24.8493],[46.86179,24.85149],[46.86496,24.85465],[46.86933,24.85851],[46.87084,24.86025],[46.87173,24.86162],[46.87232,24.86277],[46.87257,24.86336],[46.87346,24.86638],[46.87394,24.86774],[46.87454,24.86906],[46.87557,24.87091],[46.87606,24.87198],[46.87652,24.87336],[46.87719,24.87659],[46.87756,24.87767],[46.87803,24.87872],[46.87894,24.8802],[46.88004,24.8815],[46.8822,24.88376],[46.88452,24.8859]]]},"properties":{"district_id":"riyadh-al-bayan","name_ar":"البيان","name_en":"Al Bayan","city":"riyadh","source_codes":["70030076562015763"]}},{"type":"Feature","id":"riyadh-al-butaiha","geometry":{"type":"Polygon","coordinates":[[[46.7188,24.62058],[46.72236,24.62082],[46.721,24.62316],[46.72019,24.62288],[46.71842,24.62247],[46.71786,24.62223],[46.7188,24.62058]]]},"properties":{"district_id":"riyadh-al-butaiha","name_ar":"البطيحا","name_en":"Al Butaiha","city":"riyadh","source_codes":["70030076562019245"]}},{"type":"Feature","id":"riyadh-al-dahou","geometry":{"type":"Polygon","coordinates":[[[46.71566,24.63116],[46.71466,24.63092],[46.71464,24.63028],[46.71394,24.63016],[46.71367,24.63067],[46.71225,24.63026],[46.71212,24.63004],[46.71396,24.62787],[46.71625,24.62945],[46.71566,24.63116]]]},"properties":{"district_id":"riyadh-al-dahou","name_ar":"الدحو","name_en":"Al Dahou","city":"riyadh","source_codes":["70030076562014239"]}},{"type":"Feature","id":"riyadh-al-dana","geometry":{"type":"Polygon","coordinates":[[[47.24972,25.07066],[47.2391,25.10383],[47.23413,25.10218],[47.22883,25.10174],[47.21118,25.10161],[47.21894,25.06057],[47.24972,25.07066]]]},"properties":{"district_id":"riyadh-al-dana","name_ar":"الدانة","name_en":"Al Dana","city":"riyadh","source_codes":["70030076562015771"]}},{"type":"Feature","id":"riyadh-al-dar-al-baida","geometry":{"type":"Polygon","coordinates":[[[46.8265,24.57359],[46.82446,24.57489],[46.8217,24.57687],[46.80882,24.58741],[46.80645,24.58505],[46.80535,24.58423],[46.80439,24.58367],[46.79598,24.58],[46.75806,24.56138],[46.76913,24.54253],[46.81424,24.56391],[46.82185,24.5676],[46.82246,24.56812],[46.8265,24.57359]]]},"properties":{"district_id":"riyadh-al-dar-al-baida","name_ar":"الدار البيضاء","name_en":"Al Dar Al Baida","city":"riyadh","source_codes":["70030076562029746"]}},{"type":"Feature","id":"riyadh-al-dhubbat","geometry":{"type":"Polygon","coordinates":[[[46.72327,24.69263],[46.7232,24.69357],[46.72123,24.69304],[46.71804,24.6924],[46.71846,24.67089],[46.71821,24.667],[46.72753,24.66643],[46.72806,24.66651],[46.72906,24.66708],[46.72817,24.66839],[46.72781,24.66865],[46.72774,24.66968],[46.72788,24.66999],[46.72829,24.67034],[46.72833,24.67049],[46.72327,24.69263]]]},"properties":{"district_id":"riyadh-al-dhubbat","name_ar":"الضباط","name_en":"Al Dhubbat","city":"riyadh","source_codes":["70030076562015814"]}},{"type":"Feature","id":"riyadh-al-difaa","geometry":{"type":"Polygon","coordinates":[[[46.84834,24.59279],[46.8214,24.59843],[46.82103,24.59671],[46.82222,24.59434],[46.82214,24.59409],[46.82197,24.59388],[46.81501,24.59101],[46.81366,24.59016],[46.81151,24.5892],[46.81024,24.58852],[46.80882,24.58741],[46.8217,24.57687],[46.82446,24.57489],[46.8265,24.57359],[46.8325,24.58141],[46.8329,24.58175],[46.83329,24.58192],[46.83383,24.58199],[46.83796,24.58173],[46.83932,24.58129],[46.84141,24.58002],[46.84239,24.57962],[46.84291,24.57951],[46.84659,24.57938],[46.84755,24.57953],[46.85159,24.58091],[46.85218,24.58126],[46.85385,24.58255],[46.85435,24.5831],[46.85468,24.58374],[46.85601,24.58911],[46.8541,24.58972],[46.8519,24.59065],[46.84995,24.59172],[46.84834,24.59279]]]},"properties":{"district_id":"riyadh-al-difaa","name_ar":"الدفاع","name_en":"Al Difaa","city":"riyadh","source_codes":["70030076562015772"]}},{"type":"Feature","id":"riyadh-al-dirah","geometry":{"type":"Polygon","coordinates":[[[46.71412,24.63839],[46.70386,24.63771],[46.70437,24.6331],[46.70459,24.63149],[46.70484,24.63069],[46.705,24.62935],[46.70497,24.62883],[46.70581,24.62277],[46.70815,24.62428],[46.70997,24.62532],[46.71119,24.62626],[46.71285,24.62709],[46.71396,24.62787],[46.71215,24.62993],[46.71213,24.63011],[46.71222,24.63024],[46.71367,24.63067],[46.71394,24.63016],[46.71464,24.63028],[46.71466,24.63092],[46.71566,24.63116],[46.71625,24.62945],[46.71734,24.63],[46.71688,24.63063],[46.71663,24.63121],[46.71642,24.63227],[46.7164,24.63279],[46.71656,24.63367],[46.71756,24.63611],[46.7178,24.63793],[46.71412,24.63839]]]},"properties":{"district_id":"riyadh-al-dirah","name_ar":"الديرة","name_en":"Al Dirah","city":"riyadh","source_codes":["70030076562015773"]}},{"type":"Feature","id":"riyadh-al-dubiyah","geometry":{"type":"Polygon","coordinates":[[[46.71432,24.61895],[46.71188,24.62662],[46.71119,24.62626],[46.71006,24.61751],[46.71002,24.61698],[46.71432,24.61895]]]},"properties":{"district_id":"riyadh-al-dubiyah","name_ar":"الدوبية","name_en":"Al Dubiyah","city":"riyadh","source_codes":["70030076562019273"]}},{"type":"Feature","id":"riyadh-al-duraihemiyah","geometry":{"type":"Polygon","coordinates":[[[46.70313,24.59612],[46.70149,24.59613],[46.69802,24.59564],[46.69691,24.59534],[46.69576,24.59473],[46.69534,24.59519],[46.69446,24.59546],[46.68536,24.58571],[46.68747,24.58281],[46.69035,24.58452],[46.69177,24.5851],[46.69344,24.58554],[46.69478,24.58573],[46.70105,24.58623],[46.70338,24.58625],[46.7053,24.58615],[46.70526,24.58684],[46.70492,24.58876],[46.70313,24.59612]]]},"properties":{"district_id":"riyadh-al-duraihemiyah","name_ar":"الدريهمية","name_en":"Al Duraihemiyah","city":"riyadh","source_codes":["70030076562024245"]}},{"type":"Feature","id":"riyadh-al-faisaliyah","geometry":{"type":"Polygon","coordinates":[[[46.79197,24.6535],[46.7621,24.64119],[46.76098,24.64081],[46.76,24.64062],[46.7653,24.62285],[46.76561,24.62137],[46.76597,24.61794],[46.76608,24.61742],[46.7665,24.61646],[46.76745,24.61525],[46.76849,24.61701],[46.76944,24.61843],[46.77052,24.61967],[46.7716,24.62074],[46.77307,24.62198],[46.77435,24.62286],[46.77568,24.62364],[46.77744,24.62448],[46.77953,24.62523],[46.78159,24.62573],[46.79443,24.62777],[46.79598,24.62808],[46.79776,24.62857],[46.8,24.6294],[46.80215,24.63001],[46.80337,24.63045],[46.80081,24.6358],[46.79197,24.6535]]]},"properties":{"district_id":"riyadh-al-faisaliyah","name_ar":"الفيصلية","name_en":"Al Faisaliyah","city":"riyadh","source_codes":["70030076562022399"]}},{"type":"Feature","id":"riyadh-al-fakhriyah","geometry":{"type":"Polygon","coordinates":[[[46.69323,24.64696],[46.69239,24.6472],[46.69122,24.64812],[46.69086,24.64863],[46.69012,24.65018],[46.6896,24.64976],[46.68922,24.64924],[46.68902,24.64876],[46.68885,24.64795],[46.68859,24.64735],[46.68809,24.64684],[46.6876,24.64655],[46.68704,24.6464],[46.68296,24.64604],[46.68202,24.64588],[46.6778,24.64418],[46.67237,24.64284],[46.67524,24.63376],[46.67602,24.63383],[46.67648,24.63396],[46.68657,24.63897],[46.69293,24.64143],[46.69323,24.64696]]]},"properties":{"district_id":"riyadh-al-fakhriyah","name_ar":"الفاخرية","name_en":"Al Fakhriyah","city":"riyadh","source_codes":["70030076562022395"]}},{"type":"Feature","id":"riyadh-al-falah","geometry":{"type":"Polygon","coordinates":[[[46.72231,24.7926],[46.71505,24.80699],[46.71417,24.80904],[46.69611,24.80141],[46.70435,24.78504],[46.72231,24.7926]]]},"properties":{"district_id":"riyadh-al-falah","name_ar":"الفلاح","name_en":"Al Falah","city":"riyadh","source_codes":["70030076562017628"]}},{"type":"Feature","id":"riyadh-al-farouq","geometry":{"type":"Polygon","coordinates":[[[46.79197,24.6535],[46.78698,24.66344],[46.78598,24.66508],[46.78462,24.66691],[46.76534,24.65882],[46.75455,24.65414],[46.75786,24.64764],[46.76,24.64062],[46.76098,24.64081],[46.7621,24.64119],[46.79197,24.6535]]]},"properties":{"district_id":"riyadh-al-farouq","name_ar":"الفاروق","name_en":"Al Farouq","city":"riyadh","source_codes":["70030076562019314"]}},{"type":"Feature","id":"riyadh-al-fayha","geometry":{"type":"Polygon","coordinates":[[[46.82703,24.6776],[46.81675,24.6959],[46.80923,24.69267],[46.79599,24.68608],[46.80625,24.66787],[46.82703,24.6776]]]},"properties":{"district_id":"riyadh-al-fayha","name_ar":"الفيحاء","name_en":"Al Fayha","city":"riyadh","source_codes":["70030076562019320"]}},{"type":"Feature","id":"riyadh-al-fursan","geometry":{"type":"Polygon","coordinates":[[[47.2254,25.02646],[47.22274,25.02608],[47.21915,25.02578],[47.21086,25.02557],[47.2078,25.02536],[47.20476,25.02504],[47.20105,25.02448],[47.19784,25.0239],[47.19188,25.02249],[47.18888,25.02161],[47.18568,25.02054],[47.18209,25.01919],[47.17914,25.01794],[47.17682,25.01689],[47.17411,25.01552],[47.16734,25.01175],[47.16299,25.00954],[47.1585,25.00753],[47.15325,25.00549],[47.14798,25.00375],[47.14153,25.00204],[47.1362,25.00094],[47.12923,24.99989],[47.12952,24.99867],[47.1298,24.99819],[47.13176,24.99754],[47.13237,24.99684],[47.13264,24.99561],[47.13305,24.99465],[47.1336,24.99393],[47.14581,24.98814],[47.14751,24.98797],[47.14976,24.98701],[47.15147,24.98579],[47.15343,24.98519],[47.15571,24.98471],[47.15692,24.98476],[47.15826,24.98456],[47.1593,24.98397],[47.15995,24.98379],[47.16058,24.98393],[47.16114,24.98428],[47.16157,24.98442],[47.16585,24.98388],[47.16716,24.98362],[47.16895,24.98321],[47.171,24.98228],[47.1722,24.98202],[47.1742,24.982],[47.17493,24.98234],[47.17579,24.9826],[47.17678,24.98312],[47.17764,24.98377],[47.1786,24.98426],[47.1813,24.98497],[47.18442,24.98537],[47.1892,24.98527],[47.19289,24.98462],[47.19439,24.9846],[47.19571,24.98499],[47.19641,24.98564],[47.19876,24.98719],[47.19991,24.98723],[47.20249,24.98683],[47.20442,24.98645],[47.20592,24.98628],[47.20752,24.98595],[47.20935,24.98605],[47.2111,24.98659],[47.21256,24.98752],[47.21353,24.98855],[47.21595,24.99213],[47.21769,24.99428],[47.21919,24.99569],[47.22039,24.99663],[47.22148,24.99727],[47.22244,24.99761],[47.22355,24.99748],[47.2271,24.99677],[47.22959,24.9967],[47.23065,24.99688],[47.2254,25.02646]]]},"properties":{"district_id":"riyadh-al-fursan","name_ar":"الفرسان","name_en":"Al Fursan","city":"riyadh","source_codes":["70030076562019319"]}},{"type":"Feature","id":"riyadh-al-futah","geometry":{"type":"Polygon","coordinates":[[[46.71509,24.64664],[46.71477,24.64641],[46.71032,24.64545],[46.70618,24.64442],[46.70552,24.64441],[46.70302,24.64484],[46.70386,24.63771],[46.71412,24.63839],[46.7178,24.63793],[46.7179,24.63944],[46.71767,24.64093],[46.71509,24.64664]]]},"properties":{"district_id":"riyadh-al-futah","name_ar":"الفوطة","name_en":"Al Futah","city":"riyadh","source_codes":["70030076562017629"]}},{"type":"Feature","id":"riyadh-al-ghadir","geometry":{"type":"Polygon","coordinates":[[[46.66838,24.7699],[46.66021,24.78628],[46.64323,24.77915],[46.6408,24.77372],[46.64725,24.761],[46.66838,24.7699]]]},"properties":{"district_id":"riyadh-al-ghadir","name_ar":"الغدير","name_en":"Al Ghadir","city":"riyadh","source_codes":["70030076562017624"]}},{"type":"Feature","id":"riyadh-al-ghannamiyah","geometry":{"type":"Polygon","coordinates":[[[46.82121,24.49698],[46.79975,24.48344],[46.79929,24.48402],[46.7987,24.48367],[46.79707,24.48191],[46.79661,24.48104],[46.79501,24.47939],[46.79445,24.4786],[46.79381,24.47795],[46.79181,24.47473],[46.79132,24.47353],[46.7911,24.47246],[46.79011,24.47048],[46.78986,24.46951],[46.78972,24.46763],[46.79003,24.46616],[46.7903,24.46538],[46.79069,24.46472],[46.79217,24.46238],[46.7933,24.46083],[46.79389,24.4598],[46.79425,24.45943],[46.79484,24.459],[46.79596,24.45718],[46.79715,24.45581],[46.79795,24.45511],[46.81414,24.45937],[46.80945,24.46577],[46.80784,24.46892],[46.81969,24.47381],[46.82174,24.47449],[46.82271,24.4747],[46.83156,24.47772],[46.83259,24.47799],[46.84062,24.47962],[46.84107,24.47977],[46.8522,24.48776],[46.82121,24.49698]]]},"properties":{"district_id":"riyadh-al-ghannamiyah","name_ar":"الغنامية","name_en":"Al Ghannamiyah","city":"riyadh","source_codes":["70030076562022394"]}},{"type":"Feature","id":"riyadh-al-hada","geometry":{"type":"Polygon","coordinates":[[[46.63685,24.68596],[46.63581,24.6865],[46.63469,24.6869],[46.63852,24.68117],[46.63908,24.67996],[46.6394,24.67884],[46.6395,24.678],[46.6395,24.67715],[46.63938,24.67631],[46.63918,24.67556],[46.63886,24.67476],[46.63845,24.674],[46.63738,24.67269],[46.63611,24.67169],[46.63459,24.67093],[46.63227,24.67022],[46.62754,24.66893],[46.62345,24.66767],[46.62158,24.66694],[46.61972,24.6661],[46.61748,24.66492],[46.61501,24.66343],[46.60445,24.65683],[46.60524,24.65495],[46.60541,24.65476],[46.60571,24.65465],[46.60597,24.65468],[46.60619,24.6548],[46.60912,24.65733],[46.61022,24.6569],[46.61227,24.65632],[46.61536,24.65565],[46.61699,24.65503],[46.61878,24.65403],[46.62098,24.65231],[46.62339,24.65014],[46.62419,24.64957],[46.62782,24.6483],[46.63093,24.64747],[46.63231,24.64698],[46.63535,24.64533],[46.63679,24.64472],[46.63786,24.64403],[46.63887,24.64374],[46.63978,24.64315],[46.6409,24.64269],[46.64154,24.6422],[46.64209,24.642],[46.64267,24.64156],[46.64383,24.64091],[46.64499,24.64419],[46.64608,24.6498],[46.66632,24.64928],[46.66668,24.65376],[46.66633,24.65381],[46.66498,24.65759],[46.66397,24.65913],[46.66493,24.65936],[46.66419,24.66175],[46.66443,24.6618],[46.66369,24.6642],[46.66434,24.66485],[46.66276,24.66663],[46.66138,24.66662],[46.66065,24.66621],[46.66054,24.66668],[46.65914,24.66871],[46.6589,24.67034],[46.65865,24.67148],[46.63685,24.68596]]]},"properties":{"district_id":"riyadh-al-hada","name_ar":"الهدا","name_en":"Al Hada","city":"riyadh","source_codes":["70030076562015740"]}},{"type":"Feature","id":"riyadh-al-haer","geometry":{"type":"Polygon","coordinates":[[[46.90545,24.47238],[46.88831,24.47742],[46.85745,24.48619],[46.8522,24.48776],[46.84107,24.47977],[46.84062,24.47962],[46.83259,24.47799],[46.83156,24.47772],[46.82271,24.4747],[46.82174,24.47449],[46.81969,24.47381],[46.80784,24.46892],[46.80945,24.46577],[46.81414,24.45937],[46.79795,24.45511],[46.79838,24.45458],[46.79906,24.45416],[46.80036,24.45319],[46.801,24.45252],[46.80161,24.45207],[46.802,24.45166],[46.80296,24.44976],[46.80441,24.44766],[46.80481,24.44643],[46.80481,24.44598],[46.80491,24.44572],[46.8059,24.44445],[46.80684,24.4435],[46.80787,24.44224],[46.80842,24.4418],[46.80897,24.44123],[46.81138,24.4399],[46.81429,24.43878],[46.81542,24.43847],[46.81925,24.43796],[46.81996,24.43775],[46.82106,24.43697],[46.82277,24.43557],[46.82319,24.43506],[46.82358,24.43434],[46.82377,24.43356],[46.82378,24.43276],[46.82354,24.43182],[46.82326,24.43146],[46.8228,24.43104],[46.82227,24.43071],[46.82051,24.43005],[46.81966,24.42951],[46.81605,24.4279],[46.81522,24.42735],[46.81428,24.42627],[46.8135,24.42561],[46.81296,24.42468],[46.81241,24.42398],[46.81206,24.42304],[46.81198,24.42188],[46.81222,24.4209],[46.81282,24.41988],[46.81808,24.4142],[46.81842,24.41393],[46.81954,24.41324],[46.82101,24.41272],[46.82234,24.41253],[46.82391,24.41262],[46.82466,24.41252],[46.82589,24.41222],[46.82706,24.41175],[46.82833,24.41098],[46.82942,24.41],[46.8303,24.40886],[46.83093,24.40759],[46.8313,24.40623],[46.83139,24.40484],[46.83124,24.40368],[46.83082,24.40234],[46.83026,24.40129],[46.8297,24.40051],[46.82683,24.39775],[46.82503,24.39562],[46.82458,24.3947],[46.82423,24.39373],[46.82399,24.39274],[46.82387,24.39173],[46.82389,24.39053],[46.82408,24.38925],[46.82444,24.38807],[46.82502,24.38683],[46.8273,24.38472],[46.82834,24.38395],[46.82859,24.38387],[46.82859,24.38343],[46.82836,24.38215],[46.82838,24.38019],[46.82878,24.37863],[46.82906,24.37816],[46.82956,24.37759],[46.83027,24.3782],[46.82996,24.37898],[46.82983,24.37989],[46.82948,24.38051],[46.82952,24.3818],[46.82996,24.38245],[46.8309,24.3827],[46.83336,24.3831],[46.83356,24.38307],[46.83386,24.38259],[46.83443,24.3832],[46.83553,24.38343],[46.83727,24.38353],[46.83749,24.38311],[46.83802,24.3835],[46.8384,24.38362],[46.84014,24.38366],[46.84142,24.38358],[46.84171,24.38347],[46.84186,24.38325],[46.84195,24.3829],[46.84183,24.38282],[46.84112,24.38293],[46.8409,24.38283],[46.8409,24.38273],[46.84176,24.38247],[46.84232,24.3826],[46.84245,24.38274],[46.84259,24.38338],[46.84279,24.38346],[46.84451,24.38346],[46.84484,24.38338],[46.84531,24.38342],[46.8469,24.38331],[46.84695,24.38327],[46.8467,24.38272],[46.8467,24.38245],[46.84678,24.38156],[46.84691,24.38152],[46.84703,24.38244],[46.84752,24.38306],[46.84793,24.38324],[46.84835,24.3833],[46.85008,24.38316],[46.85084,24.38244],[46.85089,24.38223],[46.85069,24.38157],[46.85108,24.38156],[46.85133,24.38166],[46.85149,24.38186],[46.85169,24.38229],[46.85179,24.38296],[46.85214,24.38305],[46.85617,24.38329],[46.86103,24.38419],[46.8614,24.38409],[46.86161,24.38387],[46.86159,24.38358],[46.86136,24.383],[46.86142,24.38285],[46.86168,24.38291],[46.86222,24.38342],[46.86233,24.38389],[46.86227,24.38448],[46.86254,24.38467],[46.86321,24.38486],[46.86598,24.38536],[46.86924,24.3858],[46.86963,24.38578],[46.87002,24.38539],[46.8701,24.38513],[46.87026,24.38509],[46.87035,24.38518],[46.87044,24.38568],[46.87069,24.38578],[46.87359,24.38572],[46.87393,24.38562],[46.87408,24.38535],[46.87401,24.38503],[46.87391,24.38484],[46.87348,24.38451],[46.87325,24.38407],[46.87327,24.38384],[46.87359,24.38377],[46.87375,24.38406],[46.8743,24.38432],[46.87498,24.38547],[46.87533,24.3855],[46.87612,24.38522],[46.8772,24.38512],[46.87831,24.38485],[46.8784,24.38471],[46.87832,24.38443],[46.87794,24.38401],[46.87793,24.38376],[46.87775,24.38336],[46.87839,24.38376],[46.87937,24.38455],[46.88112,24.38427],[46.88329,24.38375],[46.88495,24.38311],[46.88617,24.38305],[46.88658,24.38277],[46.88698,24.38277],[46.88749,24.38261],[46.88787,24.38229],[46.88788,24.38207],[46.88716,24.38116],[46.88713,24.38086],[46.88746,24.38123],[46.88802,24.38154],[46.88879,24.38166],[46.88944,24.38174],[46.89017,24.38167],[46.89106,24.38146],[46.89131,24.38135],[46.89131,24.38103],[46.89139,24.38096],[46.89193,24.38111],[46.89218,24.38106],[46.89419,24.38024],[46.89534,24.37938],[46.89554,24.37918],[46.89552,24.37885],[46.89569,24.37874],[46.8962,24.37862],[46.89657,24.37839],[46.89695,24.3783],[46.89728,24.37803],[46.89783,24.37795],[46.89937,24.37727],[46.89964,24.37706],[46.8996,24.3769],[46.89927,24.37702],[46.89886,24.37674],[46.89853,24.37674],[46.8982,24.37639],[46.89824,24.37618],[46.89844,24.37627],[46.89865,24.37626],[46.8988,24.37614],[46.89862,24.37597],[46.89864,24.37589],[46.89898,24.37582],[46.89889,24.37561],[46.89905,24.37553],[46.89966,24.37549],[46.89969,24.37541],[46.89932,24.37508],[46.8993,24.37491],[46.89934,24.37481],[46.89946,24.37482],[46.89943,24.37454],[46.89958,24.37427],[46.89969,24.37425],[46.89981,24.37446],[46.89993,24.37454],[46.89998,24.3745],[46.89985,24.37409],[46.90016,24.37369],[46.90031,24.37374],[46.90071,24.37413],[46.90088,24.37405],[46.90106,24.3742],[46.90083,24.37449],[46.901,24.37508],[46.90101,24.37556],[46.90113,24.3756],[46.90145,24.37543],[46.9013,24.37517],[46.90139,24.37499],[46.90159,24.37488],[46.90182,24.37501],[46.90174,24.37487],[46.90199,24.37455],[46.9021,24.37452],[46.90237,24.37464],[46.90234,24.37437],[46.90252,24.37427],[46.90299,24.37424],[46.90313,24.37439],[46.90335,24.37438],[46.9038,24.37419],[46.90406,24.37397],[46.90444,24.37311],[46.90466,24.37173],[46.90472,24.37002],[46.90485,24.36965],[46.90494,24.3689],[46.90504,24.36863],[46.90559,24.36811],[46.90565,24.36749],[46.90576,24.36729],[46.9057,24.36618],[46.9058,24.36551],[46.90623,24.36482],[46.90658,24.36472],[46.90669,24.36455],[46.90627,24.36378],[46.90648,24.36301],[46.90723,24.3612],[46.90728,24.36085],[46.90753,24.36034],[46.90848,24.35943],[46.90856,24.35917],[46.90921,24.35843],[46.91154,24.35664],[46.91367,24.35533],[46.91468,24.35454],[46.91524,24.35432],[46.91501,24.35406],[46.91459,24.35385],[46.91456,24.35366],[46.91505,24.35322],[46.91583,24.35302],[46.91638,24.35331],[46.91852,24.3524],[46.91837,24.35213],[46.91839,24.35197],[46.91883,24.35171],[46.91894,24.35184],[46.91906,24.35184],[46.91898,24.35158],[46.91903,24.35115],[46.91917,24.351],[46.91988,24.35082],[46.91993,24.35079],[46.91984,24.35072],[46.91994,24.35066],[46.92014,24.35074],[46.92082,24.35066],[46.92065,24.35043],[46.9207,24.35028],[46.92107,24.35046],[46.92137,24.35023],[46.92212,24.3504],[46.92359,24.34973],[46.9244,24.34918],[46.92485,24.34914],[46.92592,24.34878],[46.92626,24.34853],[46.92788,24.34794],[46.92843,24.34828],[46.93246,24.34701],[46.93294,24.34702],[46.93342,24.34661],[46.93512,24.34619],[46.93662,24.34563],[46.93856,24.34482],[46.94062,24.34378],[46.94136,24.34316],[46.94192,24.34231],[46.94407,24.34515],[46.95037,24.35283],[46.95026,24.3534],[46.94958,24.35526],[46.94946,24.35642],[46.94937,24.35902],[46.9513,24.36293],[46.95259,24.3658],[46.95406,24.36883],[46.95498,24.37115],[46.95539,24.37641],[46.95535,24.37748],[46.95413,24.38683],[46.95419,24.3892],[46.9548,24.39203],[46.95497,24.3943],[46.95629,24.40096],[46.96466,24.40553],[46.97375,24.40289],[46.97836,24.40246],[46.97758,24.40414],[46.97743,24.40494],[46.97744,24.40685],[46.97762,24.40873],[46.97809,24.41025],[46.94614,24.42443],[46.90808,24.47193],[46.90794,24.47265],[46.90744,24.47302],[46.90636,24.47241],[46.90594,24.47233],[46.90545,24.47238]],[[46.87404,24.4523],[46.88326,24.45554],[46.88588,24.44921],[46.87671,24.44595],[46.87404,24.4523]]]},"properties":{"district_id":"riyadh-al-haer","name_ar":"الحائر","name_en":"Al Haer","city":"riyadh","source_codes":["70030076562015764"]}},{"type":"Feature","id":"riyadh-al-hamra","geometry":{"type":"Polygon","coordinates":[[[46.7765,24.77634],[46.76852,24.78709],[46.76777,24.78838],[46.7663,24.7912],[46.73059,24.77617],[46.73885,24.75982],[46.74404,24.76197],[46.75911,24.76769],[46.76776,24.77128],[46.77026,24.77254],[46.7765,24.77634]]]},"properties":{"district_id":"riyadh-al-hamra","name_ar":"الحمراء","name_en":"Al Hamra","city":"riyadh","source_codes":["70030076562019262"]}},{"type":"Feature","id":"riyadh-al-hazm","geometry":{"type":"Polygon","coordinates":[[[46.65907,24.55536],[46.6576,24.55656],[46.6564,24.55777],[46.65584,24.55874],[46.65569,24.55933],[46.65569,24.55979],[46.65529,24.55906],[46.65343,24.55693],[46.65245,24.55613],[46.65228,24.5558],[46.65232,24.55541],[46.65198,24.55506],[46.65159,24.55504],[46.65115,24.55518],[46.65079,24.55513],[46.64926,24.55308],[46.64878,24.55288],[46.64797,24.55274],[46.64631,24.55276],[46.64577,24.55221],[46.64523,24.55186],[46.64438,24.55156],[46.64334,24.55093],[46.64148,24.54887],[46.63992,24.54679],[46.63899,24.546],[46.63759,24.54571],[46.63646,24.54475],[46.63525,24.54423],[46.63409,24.54397],[46.63252,24.54378],[46.63077,24.54337],[46.62917,24.54322],[46.62839,24.5429],[46.62693,24.54259],[46.6266,24.54001],[46.62532,24.54007],[46.62403,24.53982],[46.6236,24.53966],[46.62307,24.53928],[46.62189,24.53772],[46.62196,24.53763],[46.62265,24.53744],[46.62463,24.5366],[46.62511,24.5356],[46.62528,24.53388],[46.62586,24.53269],[46.62555,24.53134],[46.62554,24.53079],[46.62572,24.52943],[46.62601,24.52897],[46.626,24.52789],[46.62573,24.52681],[46.64512,24.51704],[46.6462,24.5187],[46.65032,24.52664],[46.65147,24.52834],[46.67062,24.55164],[46.66813,24.55363],[46.65907,24.55536]]]},"properties":{"district_id":"riyadh-al-hazm","name_ar":"الحزم","name_en":"Al Hazm","city":"riyadh","source_codes":["70030076562014236"]}},{"type":"Feature","id":"riyadh-al-iskan","geometry":{"type":"Polygon","coordinates":[[[46.86922,24.58594],[46.86799,24.58643],[46.8665,24.58686],[46.8573,24.58878],[46.85601,24.58911],[46.85468,24.58374],[46.8545,24.58334],[46.85385,24.58255],[46.85171,24.58097],[46.84771,24.57958],[46.84708,24.57943],[46.84643,24.57938],[46.84291,24.57951],[46.84172,24.57986],[46.8395,24.5812],[46.83836,24.58164],[46.83734,24.58182],[46.83383,24.58199],[46.83329,24.58192],[46.8329,24.58175],[46.8325,24.58141],[46.8265,24.57359],[46.84967,24.55875],[46.851,24.56051],[46.8513,24.56031],[46.85783,24.569],[46.86808,24.58236],[46.86848,24.58304],[46.86877,24.58376],[46.86921,24.58561],[46.86922,24.58594]]]},"properties":{"district_id":"riyadh-al-iskan","name_ar":"الإسكان","name_en":"Al Iskan","city":"riyadh","source_codes":["70030076562019236"]}},{"type":"Feature","id":"riyadh-al-izdihar","geometry":{"type":"Polygon","coordinates":[[[46.73059,24.77617],[46.72231,24.7926],[46.70435,24.78504],[46.71266,24.76861],[46.73059,24.77617]]]},"properties":{"district_id":"riyadh-al-izdihar","name_ar":"الإزدهار","name_en":"Al Izdihar","city":"riyadh","source_codes":["70030076562020605"]}},{"type":"Feature","id":"riyadh-al-janadriyah","geometry":{"type":"Polygon","coordinates":[[[46.99706,24.94484],[46.99413,24.94498],[46.9906,24.94492],[46.98722,24.94457],[46.98337,24.94385],[46.98014,24.94297],[46.97649,24.94163],[46.97349,24.94024],[46.97203,24.93946],[46.97002,24.9382],[46.9687,24.93734],[46.96688,24.93596],[46.96389,24.93336],[46.96106,24.93044],[46.95971,24.92919],[46.95791,24.92775],[46.95599,24.92645],[46.95396,24.92529],[46.95183,24.92429],[46.94962,24.92345],[46.94558,24.92222],[46.94419,24.92171],[46.94194,24.92072],[46.93937,24.91933],[46.93696,24.91772],[46.93215,24.914],[46.92847,24.91151],[46.92386,24.90883],[46.917,24.90533],[46.91377,24.90331],[46.91202,24.90203],[46.91035,24.90067],[46.90622,24.89682],[46.905,24.89588],[46.90371,24.89504],[46.90164,24.89395],[46.89981,24.89322],[46.89792,24.89266],[46.89486,24.89197],[46.89267,24.89124],[46.89093,24.89046],[46.88895,24.88933],[46.88689,24.88785],[46.88452,24.8859],[46.8822,24.88376],[46.88004,24.8815],[46.8793,24.88066],[46.87861,24.87972],[46.87767,24.87794],[46.87712,24.87632],[46.87659,24.87365],[46.87617,24.87225],[46.8757,24.87117],[46.8747,24.86938],[46.87394,24.86774],[46.87346,24.86638],[46.87257,24.86336],[46.87232,24.86277],[46.87173,24.86162],[46.87104,24.86052],[46.87023,24.85948],[46.86933,24.85851],[46.86496,24.85465],[46.86179,24.85149],[46.85979,24.8493],[46.85581,24.84458],[46.85327,24.8418],[46.85163,24.84045],[46.85008,24.83944],[46.84864,24.83239],[46.84622,24.82337],[46.84589,24.82124],[46.84591,24.81908],[46.84632,24.81693],[46.84708,24.81484],[46.84801,24.81315],[46.85835,24.79681],[46.85893,24.79573],[46.8593,24.79481],[46.85957,24.79386],[46.85971,24.79289],[46.85974,24.7919],[46.85965,24.7909],[46.85944,24.78992],[46.85911,24.78896],[46.85813,24.78721],[46.86316,24.79386],[46.87273,24.80678],[46.8931,24.8345],[46.89411,24.83576],[46.89546,24.83723],[46.89643,24.83814],[46.89856,24.83983],[46.94662,24.87647],[46.96101,24.89179],[46.97895,24.90797],[46.98049,24.90948],[46.98208,24.91152],[46.99121,24.92636],[46.99313,24.93049],[46.99396,24.9328],[46.99479,24.93552],[46.99537,24.93685],[46.99599,24.93802],[46.99731,24.93998],[46.99868,24.94155],[47.00002,24.94282],[47.00198,24.94433],[46.99706,24.94484]]]},"properties":{"district_id":"riyadh-al-janadriyah","name_ar":"الجنادرية","name_en":"Al Janadriyah","city":"riyadh","source_codes":["70030076562069252"]}},{"type":"Feature","id":"riyadh-al-jaradiyah","geometry":{"type":"Polygon","coordinates":[[[46.70655,24.61729],[46.70077,24.61804],[46.70004,24.61821],[46.69954,24.61846],[46.69881,24.61907],[46.69363,24.62616],[46.69252,24.62681],[46.69232,24.62703],[46.69223,24.62731],[46.69193,24.62691],[46.69137,24.62646],[46.69186,24.62278],[46.69321,24.61476],[46.69383,24.61304],[46.6948,24.61209],[46.69533,24.61091],[46.69537,24.61046],[46.69557,24.61011],[46.69857,24.61091],[46.70104,24.61175],[46.70243,24.61229],[46.7068,24.61421],[46.70655,24.61729]]]},"properties":{"district_id":"riyadh-al-jaradiyah","name_ar":"الجرادية","name_en":"Al Jaradiyah","city":"riyadh","source_codes":["70030076562020610"]}},{"type":"Feature","id":"riyadh-al-jazeera","geometry":{"type":"Polygon","coordinates":[[[46.79599,24.68608],[46.79327,24.68477],[46.79091,24.68384],[46.77757,24.67958],[46.77783,24.67819],[46.77819,24.67686],[46.77868,24.67554],[46.77942,24.67396],[46.78063,24.67201],[46.78532,24.66601],[46.78678,24.66378],[46.79709,24.64326],[46.81528,24.65182],[46.79599,24.68608]]]},"properties":{"district_id":"riyadh-al-jazeera","name_ar":"الجزيرة","name_en":"Al Jazeera","city":"riyadh","source_codes":["70030076562019258"]}},{"type":"Feature","id":"riyadh-al-khair","geometry":{"type":"Polygon","coordinates":[[[46.49548,25.07299],[46.48981,25.08363],[46.4664,25.12836],[46.44498,25.14821],[46.42168,25.16226],[46.40126,25.17942],[46.38794,25.17057],[46.3788,25.15706],[46.38689,25.12955],[46.37366,25.12355],[46.37379,25.09689],[46.37513,25.06684],[46.37661,25.03739],[46.42172,25.03695],[46.44913,25.02193],[46.45115,25.02066],[46.45304,25.01922],[46.45434,25.01811],[46.45658,25.01597],[46.46995,25.03377],[46.47112,25.03513],[46.47217,25.03614],[46.47361,25.03732],[46.48377,25.04465],[46.48594,25.04612],[46.48814,25.04742],[46.50576,25.05629],[46.50673,25.05625],[46.50757,25.05596],[46.5079,25.05608],[46.50824,25.05585],[46.5086,25.05575],[46.50874,25.05576],[46.50906,25.05601],[46.50918,25.05595],[46.5096,25.05599],[46.50973,25.05592],[46.50978,25.0558],[46.50945,25.05558],[46.50941,25.0554],[46.50993,25.05523],[46.51018,25.055],[46.5104,25.05473],[46.51034,25.05426],[46.51053,25.05419],[46.50701,25.07253],[46.49911,25.07168],[46.49548,25.07299]]]},"properties":{"district_id":"riyadh-al-khair","name_ar":"الخير","name_en":"Al Khair","city":"riyadh","source_codes":["70030076562014238"]}},{"type":"Feature","id":"riyadh-al-khaleej","geometry":{"type":"Polygon","coordinates":[[[46.82947,24.78112],[46.81807,24.79676],[46.79321,24.78137],[46.79113,24.78018],[46.78934,24.77941],[46.78745,24.77887],[46.78107,24.77788],[46.77984,24.77763],[46.77835,24.77716],[46.7765,24.77634],[46.78536,24.7644],[46.78477,24.76404],[46.79023,24.75676],[46.82947,24.78112]]]},"properties":{"district_id":"riyadh-al-khaleej","name_ar":"الخليج","name_en":"Al Khaleej","city":"riyadh","source_codes":["70030076562015770"]}},{"type":"Feature","id":"riyadh-al-khalidiyah","geometry":{"type":"Polygon","coordinates":[[[46.76745,24.61525],[46.7665,24.61646],[46.76608,24.61742],[46.76597,24.61794],[46.76561,24.62137],[46.76538,24.62256],[46.76191,24.63423],[46.75704,24.63399],[46.75725,24.63331],[46.73918,24.6302],[46.74133,24.62506],[46.74174,24.62443],[46.74228,24.62391],[46.74281,24.62356],[46.74338,24.62331],[46.74565,24.6228],[46.74687,24.62232],[46.75804,24.61499],[46.75926,24.61449],[46.7654,24.61236],[46.76637,24.61364],[46.76745,24.61525]]]},"properties":{"district_id":"riyadh-al-khalidiyah","name_ar":"الخالدية","name_en":"Al Khalidiyah","city":"riyadh","source_codes":["70030076562020615"]}},{"type":"Feature","id":"riyadh-al-khuzama","geometry":{"type":"MultiPolygon","coordinates":[[[[46.5986,24.72669],[46.59835,24.72627],[46.59799,24.72592],[46.59754,24.72568],[46.59275,24.72542],[46.59112,24.70981],[46.59185,24.70977],[46.59431,24.70936],[46.59794,24.70923],[46.60224,24.71441],[46.60698,24.71988],[46.5986,24.72669]]],[[[46.62007,24.70851],[46.61917,24.70962],[46.61818,24.71068],[46.61627,24.71235],[46.60698,24.71988],[46.60224,24.71441],[46.59794,24.70923],[46.59845,24.70912],[46.60014,24.70841],[46.60161,24.70728],[46.60207,24.70673],[46.60268,24.70579],[46.60403,24.70279],[46.60587,24.70108],[46.60829,24.6993],[46.61073,24.69768],[46.61221,24.69658],[46.61253,24.69625],[46.61472,24.69475],[46.61572,24.69373],[46.61678,24.69331],[46.61733,24.69337],[46.61797,24.69415],[46.61836,24.69512],[46.61856,24.69632],[46.61944,24.69297],[46.62776,24.69718],[46.62007,24.70851]]]]},"properties":{"district_id":"riyadh-al-khuzama","name_ar":"الخزامى","name_en":"Al Khuzama","city":"riyadh","source_codes":["70030076562014153","70030076562019264"]}},{"type":"Feature","id":"riyadh-al-mahdiyah","geometry":{"type":"Polygon","coordinates":[[[46.57218,24.67267],[46.57106,24.67367],[46.57113,24.67391],[46.57098,24.67427],[46.56934,24.67471],[46.56983,24.67566],[46.56984,24.67596],[46.56894,24.676],[46.56408,24.6735],[46.56227,24.6731],[46.56079,24.67304],[46.55978,24.67284],[46.55928,24.67273],[46.55907,24.67239],[46.55817,24.67234],[46.55654,24.67272],[46.55555,24.67305],[46.55505,24.67331],[46.55416,24.67296],[46.5541,24.67284],[46.5537,24.67289],[46.55352,24.67281],[46.55319,24.67293],[46.55278,24.67296],[46.55099,24.67245],[46.55101,24.67265],[46.55088,24.67289],[46.55119,24.67317],[46.55303,24.6738],[46.55351,24.67379],[46.55358,24.67399],[46.55165,24.67478],[46.55156,24.67452],[46.55096,24.67362],[46.55009,24.67284],[46.54851,24.67181],[46.54802,24.67175],[46.54687,24.6712],[46.5444,24.67153],[46.54427,24.67175],[46.54372,24.67172],[46.54356,24.67168],[46.54345,24.67144],[46.54303,24.67112],[46.54298,24.67096],[46.54249,24.67071],[46.54247,24.67059],[46.54132,24.67005],[46.54057,24.6699],[46.54037,24.66996],[46.54037,24.67005],[46.5407,24.67016],[46.54088,24.67046],[46.54102,24.67108],[46.54089,24.67131],[46.54063,24.67131],[46.54014,24.67099],[46.53906,24.67007],[46.53853,24.67008],[46.53831,24.67018],[46.53851,24.6704],[46.53897,24.6714],[46.53875,24.67155],[46.53828,24.67131],[46.53857,24.67103],[46.53817,24.67093],[46.53804,24.67119],[46.53793,24.67125],[46.53705,24.67122],[46.53665,24.67086],[46.53624,24.6701],[46.53595,24.66975],[46.53555,24.66935],[46.53522,24.66917],[46.53519,24.66899],[46.53501,24.66883],[46.53503,24.66863],[46.53408,24.6683],[46.53343,24.66752],[46.53299,24.66684],[46.53248,24.66658],[46.53192,24.66655],[46.53085,24.66668],[46.53056,24.6668],[46.53017,24.66681],[46.52989,24.66657],[46.52956,24.66661],[46.52841,24.66636],[46.52834,24.66594],[46.52814,24.6658],[46.52821,24.66612],[46.52799,24.66612],[46.52781,24.66601],[46.52748,24.66645],[46.52782,24.66641],[46.52767,24.66695],[46.52785,24.66695],[46.52804,24.66677],[46.52831,24.66676],[46.52844,24.66684],[46.52846,24.66714],[46.52865,24.66756],[46.52938,24.66828],[46.53029,24.66853],[46.53077,24.66847],[46.5306,24.66875],[46.53029,24.669],[46.52985,24.66898],[46.52959,24.6689],[46.52939,24.66874],[46.52844,24.66861],[46.52742,24.66828],[46.52724,24.66772],[46.52702,24.66766],[46.52709,24.66792],[46.52685,24.66851],[46.52693,24.66925],[46.52639,24.66889],[46.52575,24.6687],[46.52581,24.66836],[46.52566,24.6683],[46.52515,24.66834],[46.52469,24.66821],[46.52423,24.66845],[46.5246,24.66855],[46.5243,24.66877],[46.52423,24.66896],[46.5244,24.66901],[46.52424,24.66922],[46.52357,24.669],[46.52338,24.66913],[46.52327,24.66901],[46.52335,24.6688],[46.5232,24.66865],[46.52287,24.66869],[46.52273,24.66857],[46.52302,24.66843],[46.52299,24.66814],[46.52272,24.66788],[46.52281,24.66752],[46.52256,24.66732],[46.52229,24.66694],[46.52241,24.66675],[46.52186,24.66681],[46.52175,24.66662],[46.52187,24.66641],[46.52133,24.66607],[46.52106,24.66637],[46.52067,24.66621],[46.52006,24.6653],[46.51948,24.66608],[46.51972,24.66602],[46.51983,24.66626],[46.51942,24.66669],[46.51951,24.66685],[46.52003,24.66674],[46.52088,24.6673],[46.52081,24.66746],[46.52106,24.66772],[46.52024,24.66771],[46.52064,24.6681],[46.52034,24.66811],[46.5206,24.66827],[46.52116,24.66842],[46.52101,24.66872],[46.51999,24.66841],[46.51966,24.66853],[46.51971,24.66876],[46.51982,24.66882],[46.51971,24.66892],[46.5194,24.66896],[46.51947,24.66914],[46.51954,24.66924],[46.52007,24.66942],[46.51972,24.66968],[46.51974,24.66978],[46.51985,24.66988],[46.52018,24.66988],[46.52089,24.66977],[46.5206,24.67016],[46.5207,24.6704],[46.52248,24.67082],[46.52244,24.67103],[46.52227,24.67113],[46.52186,24.67165],[46.52155,24.6719],[46.52096,24.67213],[46.52063,24.67234],[46.52043,24.67196],[46.52036,24.67153],[46.51998,24.67124],[46.51998,24.67101],[46.51897,24.6702],[46.5182,24.66975],[46.51822,24.66952],[46.5179,24.66929],[46.51773,24.66903],[46.51746,24.66909],[46.51716,24.66933],[46.51654,24.66898],[46.51618,24.66906],[46.51574,24.66905],[46.51554,24.66889],[46.5151,24.66879],[46.51402,24.66912],[46.51353,24.6688],[46.51292,24.66792],[46.51209,24.66819],[46.51175,24.66793],[46.51151,24.66788],[46.51144,24.66759],[46.51129,24.66766],[46.51089,24.66716],[46.51091,24.66692],[46.51039,24.66648],[46.51076,24.66583],[46.51064,24.66534],[46.50828,24.66396],[46.50789,24.66354],[46.50775,24.66298],[46.50781,24.66267],[46.50802,24.66228],[46.50649,24.66129],[46.50628,24.66155],[46.50597,24.66168],[46.5058,24.66158],[46.50541,24.66081],[46.50512,24.66063],[46.50505,24.66038],[46.50462,24.66012],[46.50445,24.66013],[46.50435,24.66027],[46.50397,24.66006],[46.50339,24.65952],[46.50296,24.6589],[46.50261,24.65892],[46.50248,24.65901],[46.5027,24.65917],[46.50321,24.65992],[46.50332,24.66022],[46.50396,24.66095],[46.50461,24.6615],[46.50513,24.66225],[46.50546,24.6628],[46.5058,24.6645],[46.50604,24.66515],[46.50698,24.66688],[46.50833,24.6685],[46.5061,24.66721],[46.50536,24.66629],[46.50471,24.66434],[46.50445,24.66381],[46.50267,24.66244],[46.50276,24.66218],[46.50247,24.66182],[46.50221,24.66184],[46.50205,24.66195],[46.50196,24.66173],[46.50216,24.6616],[46.50166,24.6613],[46.50151,24.66111],[46.50151,24.66089],[46.50177,24.66048],[46.50177,24.66028],[46.5015,24.65984],[46.50138,24.65922],[46.50107,24.65914],[46.50049,24.65993],[46.50037,24.65973],[46.50048,24.65943],[46.50025,24.65881],[46.49992,24.65841],[46.4997,24.65843],[46.49923,24.65897],[46.49899,24.65887],[46.49899,24.65867],[46.49885,24.65839],[46.49898,24.65827],[46.49902,24.65785],[46.49878,24.65757],[46.49827,24.65727],[46.49831,24.65708],[46.49825,24.65686],[46.49801,24.65635],[46.49777,24.65614],[46.49755,24.65625],[46.4974,24.6565],[46.4974,24.65664],[46.4972,24.65672],[46.49719,24.6574],[46.49712,24.65758],[46.49684,24.65777],[46.49731,24.65823],[46.49707,24.65857],[46.49693,24.65813],[46.49667,24.65813],[46.49671,24.65785],[46.49657,24.65759],[46.49664,24.65723],[46.49659,24.65693],[46.49643,24.65669],[46.49577,24.65663],[46.49582,24.65697],[46.4957,24.6571],[46.49575,24.65718],[46.49569,24.6573],[46.49507,24.65718],[46.49489,24.65674],[46.49488,24.6564],[46.49497,24.6563],[46.49488,24.6562],[46.4951,24.65581],[46.49488,24.65566],[46.49468,24.65566],[46.49454,24.65524],[46.49467,24.65504],[46.4947,24.65469],[46.49462,24.65441],[46.49435,24.65437],[46.49399,24.65468],[46.49378,24.65464],[46.49342,24.6535],[46.49326,24.65328],[46.49312,24.65285],[46.49299,24.65273],[46.49268,24.65289],[46.49284,24.65346],[46.49267,24.65346],[46.49231,24.65306],[46.49158,24.6527],[46.49153,24.6528],[46.49185,24.65312],[46.49209,24.6532],[46.49245,24.65369],[46.49274,24.65385],[46.4931,24.65433],[46.49343,24.6552],[46.49342,24.65582],[46.49397,24.65655],[46.49415,24.65718],[46.4942,24.65769],[46.49452,24.65798],[46.49515,24.65835],[46.49571,24.65899],[46.49623,24.65928],[46.49826,24.66161],[46.49877,24.66194],[46.49977,24.66232],[46.5008,24.66286],[46.50123,24.66322],[46.50145,24.66375],[46.5018,24.66411],[46.50392,24.66543],[46.50422,24.66586],[46.50454,24.66606],[46.50496,24.66655],[46.50453,24.66643],[46.50425,24.66612],[46.50296,24.66535],[46.50173,24.66785],[46.50131,24.66821],[46.50082,24.66847],[46.49934,24.66869],[46.4989,24.66853],[46.49871,24.66815],[46.49819,24.66777],[46.49773,24.66761],[46.49709,24.66675],[46.49593,24.66456],[46.4954,24.66452],[46.49499,24.66404],[46.49446,24.664],[46.49397,24.66385],[46.49365,24.66332],[46.49262,24.66268],[46.49163,24.66156],[46.49229,24.66086],[46.49273,24.66017],[46.49276,24.65948],[46.49223,24.65912],[46.49138,24.65893],[46.4912,24.65856],[46.49127,24.6583],[46.48938,24.65716],[46.48939,24.65612],[46.4892,24.65547],[46.48842,24.65436],[46.48774,24.6538],[46.48738,24.65274],[46.48713,24.65232],[46.48651,24.65169],[46.48578,24.65137],[46.48533,24.65133],[46.48448,24.65104],[46.48423,24.65074],[46.4835,24.65033],[46.48335,24.65033],[46.48366,24.65061],[46.48366,24.65073],[46.48328,24.65071],[46.48226,24.64998],[46.48212,24.6494],[46.48192,24.6493],[46.48183,24.64874],[46.4815,24.64867],[46.48099,24.64815],[46.481,24.64796],[46.48005,24.64742],[46.47958,24.6469],[46.47922,24.6467],[46.47833,24.64574],[46.47742,24.64516],[46.4772,24.64492],[46.47656,24.64366],[46.47612,24.64327],[46.47594,24.64323],[46.47574,24.64289],[46.47541,24.64269],[46.47536,24.64242],[46.47518,24.64227],[46.47482,24.64159],[46.47508,24.6411],[46.47501,24.64092],[46.47479,24.64086],[46.47455,24.64094],[46.47437,24.64074],[46.47404,24.64065],[46.47399,24.64081],[46.47366,24.64063],[46.47342,24.64063],[46.47351,24.64079],[46.47313,24.64076],[46.47296,24.64106],[46.4731,24.64118],[46.47409,24.64127],[46.47369,24.6414],[46.474,24.64143],[46.47385,24.6417],[46.47412,24.64203],[46.47386,24.6423],[46.47382,24.6425],[46.47362,24.64258],[46.47369,24.6428],[46.47314,24.64301],[46.47249,24.64271],[46.47195,24.6422],[46.47175,24.64141],[46.47145,24.64072],[46.47126,24.64047],[46.47095,24.6405],[46.47024,24.64028],[46.46995,24.63986],[46.47019,24.63912],[46.47009,24.63873],[46.46989,24.63853],[46.47002,24.63818],[46.46988,24.63794],[46.47013,24.6379],[46.47023,24.6378],[46.47059,24.63788],[46.47069,24.63766],[46.47137,24.63739],[46.47091,24.63681],[46.47053,24.63677],[46.47036,24.63685],[46.46993,24.63629],[46.46911,24.63608],[46.46917,24.63572],[46.46933,24.63566],[46.46961,24.63563],[46.47014,24.63587],[46.47041,24.63589],[46.47034,24.63539],[46.4705,24.63526],[46.47008,24.63417],[46.47006,24.63226],[46.46993,24.63242],[46.46966,24.63204],[46.46981,24.63194],[46.46932,24.63158],[46.46948,24.63148],[46.4689,24.63103],[46.46846,24.63089],[46.46833,24.63103],[46.46851,24.63137],[46.46833,24.63145],[46.46833,24.63155],[46.46847,24.63177],[46.46878,24.63201],[46.46863,24.63246],[46.46814,24.63194],[46.46802,24.63142],[46.46783,24.63125],[46.46799,24.63087],[46.46758,24.63029],[46.4675,24.62987],[46.46764,24.62923],[46.46832,24.62832],[46.46793,24.62741],[46.468,24.62712],[46.46762,24.62579],[46.46729,24.62522],[46.46713,24.62454],[46.46753,24.6243],[46.46778,24.62387],[46.4681,24.62199],[46.46855,24.62122],[46.46892,24.61996],[46.46974,24.61907],[46.47156,24.61823],[46.47341,24.61826],[46.47399,24.61865],[46.47382,24.61943],[46.47322,24.62005],[46.47085,24.62141],[46.47029,24.62217],[46.47031,24.62278],[46.47073,24.62303],[46.47146,24.62315],[46.47203,24.62311],[46.47451,24.62238],[46.476,24.62174],[46.4768,24.6217],[46.47765,24.62177],[46.4778,24.62191],[46.47934,24.62208],[46.47955,24.62238],[46.47991,24.62262],[46.4806,24.62278],[46.48151,24.62241],[46.48222,24.62145],[46.4834,24.62083],[46.48424,24.62094],[46.48429,24.62143],[46.48685,24.62355],[46.48727,24.624],[46.48773,24.62493],[46.48862,24.62562],[46.48951,24.62607],[46.49003,24.62656],[46.49204,24.62742],[46.49573,24.62878],[46.49461,24.62872],[46.4934,24.62836],[46.49208,24.62771],[46.4905,24.62715],[46.48928,24.62699],[46.48833,24.62707],[46.48812,24.62687],[46.48787,24.62614],[46.4857,24.62533],[46.48411,24.62531],[46.48194,24.62503],[46.47929,24.62504],[46.47771,24.6254],[46.48102,24.62584],[46.48335,24.62627],[46.48552,24.62674],[46.48605,24.62699],[46.48588,24.62742],[46.4846,24.62764],[46.48321,24.62801],[46.48172,24.6286],[46.48171,24.62881],[46.48453,24.62886],[46.48654,24.62898],[46.48775,24.62944],[46.48473,24.62954],[46.48169,24.62998],[46.48004,24.63037],[46.47928,24.63085],[46.47789,24.63121],[46.47736,24.63161],[46.47886,24.63141],[46.48104,24.63146],[46.48178,24.63119],[46.48459,24.63119],[46.49065,24.63141],[46.49248,24.63203],[46.49433,24.6325],[46.49491,24.6324],[46.49578,24.63274],[46.49673,24.63263],[46.49776,24.63272],[46.49784,24.63445],[46.49937,24.63436],[46.49963,24.63443],[46.49964,24.63507],[46.50096,24.6353],[46.50149,24.63554],[46.50325,24.6356],[46.50412,24.63535],[46.50438,24.63495],[46.50446,24.63454],[46.50517,24.6351],[46.50614,24.63485],[46.50657,24.63428],[46.50815,24.63427],[46.50841,24.63378],[46.50928,24.63337],[46.50954,24.63297],[46.51034,24.63257],[46.51153,24.63245],[46.51138,24.63287],[46.51015,24.63288],[46.51007,24.63353],[46.51043,24.63416],[46.51079,24.6344],[46.51061,24.63464],[46.51132,24.63496],[46.51316,24.63478],[46.51386,24.63445],[46.51396,24.63465],[46.5136,24.63509],[46.51335,24.63558],[46.5137,24.6359],[46.51362,24.6363],[46.51186,24.63648],[46.51213,24.63687],[46.51302,24.63743],[46.51311,24.63775],[46.51214,24.63784],[46.51276,24.63807],[46.51268,24.63879],[46.51216,24.63896],[46.5112,24.63953],[46.51014,24.63906],[46.50952,24.6385],[46.509,24.63825],[46.50713,24.63757],[46.50696,24.63797],[46.50824,24.63865],[46.50873,24.63907],[46.50952,24.63907],[46.50997,24.63954],[46.50883,24.63971],[46.50847,24.63924],[46.50742,24.63901],[46.5068,24.63909],[46.50627,24.63886],[46.5061,24.63918],[46.50513,24.63919],[46.50505,24.63967],[46.50602,24.63974],[46.50585,24.64015],[46.5076,24.64013],[46.50814,24.64101],[46.50948,24.64104],[46.5106,24.6409],[46.51086,24.64074],[46.51183,24.64113],[46.51208,24.64008],[46.51305,24.64007],[46.51367,24.64063],[46.51385,24.64111],[46.51447,24.64126],[46.51573,24.64125],[46.51675,24.64108],[46.51806,24.64018],[46.51885,24.64002],[46.51955,24.64057],[46.51956,24.64097],[46.51897,24.64152],[46.51861,24.64204],[46.52178,24.64201],[46.52178,24.64233],[46.52108,24.64226],[46.52081,24.64251],[46.52126,24.64266],[46.52029,24.64275],[46.51818,24.64277],[46.51774,24.64253],[46.51695,24.64238],[46.51678,24.64262],[46.51704,24.64278],[46.51617,24.64295],[46.51769,24.64343],[46.5188,24.64324],[46.52145,24.64394],[46.52206,24.64337],[46.52258,24.64336],[46.52227,24.64373],[46.52222,24.64402],[46.52277,24.64386],[46.52373,24.64375],[46.52452,24.64321],[46.52517,24.64299],[46.52575,24.64341],[46.52627,24.64357],[46.52998,24.64546],[46.52987,24.64558],[46.5282,24.64563],[46.52787,24.64535],[46.52728,24.64533],[46.52704,24.64551],[46.52617,24.64571],[46.52592,24.64567],[46.52586,24.64551],[46.52597,24.64531],[46.52549,24.64471],[46.52515,24.64464],[46.52463,24.64475],[46.52356,24.64465],[46.52307,24.64469],[46.52231,24.64493],[46.52226,24.64508],[46.52263,24.64505],[46.52317,24.64482],[46.52366,24.64482],[46.52509,24.64514],[46.5256,24.64558],[46.52477,24.64567],[46.52488,24.64572],[46.52585,24.64591],[46.52718,24.64574],[46.52638,24.64603],[46.52546,24.64621],[46.52471,24.64616],[46.52493,24.64638],[46.52442,24.6466],[46.52652,24.64646],[46.52694,24.64627],[46.52778,24.64564],[46.52899,24.64612],[46.52962,24.64626],[46.5298,24.64655],[46.53033,24.64689],[46.53059,24.64732],[46.53117,24.64778],[46.532,24.64787],[46.53217,24.6481],[46.53128,24.64811],[46.53043,24.64792],[46.52977,24.64755],[46.52904,24.6473],[46.52807,24.64755],[46.52726,24.64728],[46.52601,24.64733],[46.52321,24.64796],[46.52354,24.64821],[46.52441,24.64828],[46.525,24.64816],[46.52685,24.64798],[46.5281,24.64821],[46.52936,24.64827],[46.5298,24.64843],[46.52943,24.64867],[46.52709,24.649],[46.52749,24.64927],[46.52802,24.64926],[46.52853,24.6495],[46.52986,24.64968],[46.53061,24.65013],[46.53121,24.64983],[46.53204,24.64974],[46.53386,24.65052],[46.53476,24.65083],[46.53524,24.65088],[46.53583,24.65108],[46.5364,24.65137],[46.53952,24.65178],[46.54,24.65177],[46.54036,24.65201],[46.54099,24.6522],[46.54143,24.65248],[46.54263,24.65268],[46.54321,24.65327],[46.54411,24.65386],[46.54444,24.65426],[46.54471,24.65489],[46.54498,24.65521],[46.54452,24.65525],[46.54413,24.6552],[46.54335,24.65457],[46.54233,24.65426],[46.54202,24.65428],[46.54156,24.65393],[46.54147,24.65405],[46.54161,24.65421],[46.54268,24.6546],[46.54323,24.65495],[46.54371,24.6554],[46.54356,24.65556],[46.54253,24.65527],[46.54075,24.65555],[46.54059,24.65514],[46.53958,24.65447],[46.53954,24.65463],[46.54018,24.65518],[46.54047,24.65561],[46.54038,24.65576],[46.53857,24.65589],[46.5383,24.65577],[46.53827,24.65606],[46.53803,24.65628],[46.53777,24.65626],[46.53746,24.65636],[46.53847,24.65653],[46.53832,24.65683],[46.53837,24.65695],[46.53854,24.65685],[46.53884,24.65637],[46.53977,24.65612],[46.54023,24.6561],[46.54052,24.65625],[46.541,24.65637],[46.5424,24.65637],[46.54335,24.65628],[46.54388,24.65668],[46.54404,24.65705],[46.54435,24.65735],[46.54481,24.65724],[46.54506,24.65704],[46.54579,24.65751],[46.54673,24.65764],[46.54706,24.65748],[46.54725,24.65748],[46.54794,24.65695],[46.54807,24.65699],[46.5494,24.65867],[46.54954,24.65897],[46.54985,24.65927],[46.54998,24.65946],[46.54992,24.65964],[46.55025,24.66016],[46.55082,24.66063],[46.55159,24.66104],[46.55217,24.66149],[46.55308,24.66173],[46.55361,24.66196],[46.55381,24.66194],[46.55407,24.66173],[46.55505,24.66159],[46.55617,24.6612],[46.55657,24.66099],[46.55689,24.66069],[46.5572,24.66023],[46.55713,24.66171],[46.55733,24.66176],[46.55768,24.66236],[46.55792,24.66254],[46.55807,24.66289],[46.55831,24.66292],[46.5588,24.66342],[46.55929,24.66367],[46.56127,24.66446],[46.5627,24.66478],[46.56358,24.6648],[46.56498,24.66565],[46.56502,24.66582],[46.56491,24.66596],[46.56491,24.66609],[46.56513,24.66619],[46.56525,24.66639],[46.56529,24.66662],[46.56445,24.66676],[46.564,24.66593],[46.56311,24.66534],[46.56263,24.66514],[46.56161,24.66502],[46.56135,24.66522],[46.56091,24.66509],[46.55877,24.67056],[46.55936,24.67092],[46.55972,24.67098],[46.56056,24.67091],[46.56158,24.67023],[46.56155,24.67043],[46.56169,24.67056],[46.56245,24.66989],[46.56512,24.66952],[46.56781,24.66957],[46.56899,24.66986],[46.56986,24.66931],[46.57099,24.66893],[46.5727,24.66811],[46.57342,24.6676],[46.57393,24.66693],[46.57501,24.66598],[46.57626,24.66551],[46.57684,24.66553],[46.57985,24.66611],[46.5822,24.6661],[46.58579,24.66562],[46.5868,24.66538],[46.58955,24.66439],[46.59069,24.66416],[46.59195,24.66425],[46.59254,24.66419],[46.59369,24.66434],[46.59506,24.66408],[46.59633,24.66404],[46.59961,24.66291],[46.60043,24.66281],[46.60102,24.66286],[46.60404,24.6625],[46.60523,24.66612],[46.60581,24.66843],[46.60513,24.66857],[46.60302,24.66839],[46.60204,24.66861],[46.60179,24.66856],[46.60153,24.66861],[46.6014,24.66852],[46.60048,24.66897],[46.60035,24.66907],[46.60035,24.66921],[46.60002,24.66914],[46.59994,24.66922],[46.59977,24.6689],[46.5995,24.66871],[46.5995,24.66851],[46.59901,24.66782],[46.59868,24.66757],[46.59841,24.66713],[46.59823,24.66702],[46.59825,24.66688],[46.59817,24.66679],[46.59769,24.66692],[46.59742,24.66687],[46.59658,24.66694],[46.59638,24.66685],[46.59634,24.66672],[46.59603,24.66676],[46.59556,24.66652],[46.59502,24.66656],[46.59479,24.66639],[46.59477,24.66628],[46.59458,24.6662],[46.59451,24.66633],[46.59429,24.66635],[46.59436,24.66644],[46.5943,24.66653],[46.5946,24.66664],[46.5947,24.66684],[46.59493,24.66702],[46.59493,24.6671],[46.59512,24.66719],[46.59503,24.66732],[46.59486,24.66738],[46.59503,24.66743],[46.59582,24.66738],[46.59604,24.6675],[46.59688,24.6676],[46.59739,24.66777],[46.59781,24.66851],[46.59777,24.66928],[46.59785,24.66969],[46.59767,24.66971],[46.59749,24.66958],[46.59739,24.66965],[46.59675,24.66966],[46.59621,24.66939],[46.59577,24.66927],[46.595,24.66866],[46.59448,24.6684],[46.59393,24.66782],[46.59249,24.66762],[46.59157,24.66771],[46.59006,24.66722],[46.58909,24.66705],[46.58835,24.66658],[46.58737,24.66637],[46.58015,24.66698],[46.57923,24.66718],[46.57778,24.66721],[46.57779,24.66777],[46.57818,24.66793],[46.57885,24.6684],[46.57859,24.66877],[46.57743,24.66962],[46.57692,24.66974],[46.57646,24.67007],[46.57642,24.67023],[46.57624,24.67027],[46.57618,24.67046],[46.57594,24.67058],[46.57418,24.67098],[46.57401,24.67114],[46.57363,24.67117],[46.57341,24.67133],[46.57311,24.67127],[46.57294,24.67142],[46.5718,24.67172],[46.57159,24.67189],[46.57118,24.67192],[46.57116,24.67204],[46.57218,24.67267]]]},"properties":{"district_id":"riyadh-al-mahdiyah","name_ar":"المهدية","name_en":"Al Mahdiyah","city":"riyadh","source_codes":["70030076562020562"]}},{"type":"Feature","id":"riyadh-al-majd","geometry":{"type":"Polygon","coordinates":[[[47.26573,25.04258],[47.27073,25.04448],[47.27512,25.04584],[47.28034,25.04715],[47.28404,25.04823],[47.28843,25.04974],[47.29168,25.05097],[47.29488,25.0523],[47.29804,25.05372],[47.30179,25.05562],[47.30723,25.05864],[47.30965,25.05975],[47.31213,25.06074],[47.31064,25.06426],[47.30132,25.08766],[47.24972,25.07066],[47.25413,25.05692],[47.26074,25.04029],[47.26573,25.04258]]]},"properties":{"district_id":"riyadh-al-majd","name_ar":"المجد","name_en":"Al Majd","city":"riyadh","source_codes":["70030076562015730"]}},{"type":"Feature","id":"riyadh-al-malaz","geometry":{"type":"Polygon","coordinates":[[[46.74282,24.67919],[46.74268,24.67968],[46.74088,24.68177],[46.74011,24.68134],[46.73936,24.68112],[46.72646,24.67884],[46.72833,24.67049],[46.72829,24.67034],[46.72788,24.66999],[46.72774,24.66968],[46.72781,24.66865],[46.72817,24.66839],[46.72906,24.66708],[46.72806,24.66651],[46.72753,24.66643],[46.71821,24.667],[46.71753,24.65805],[46.71615,24.65122],[46.73324,24.6469],[46.73387,24.64848],[46.73418,24.64954],[46.73736,24.65195],[46.73804,24.65236],[46.73878,24.65267],[46.73957,24.65287],[46.74037,24.65297],[46.75271,24.65354],[46.7535,24.65371],[46.75455,24.65414],[46.74843,24.66582],[46.74282,24.67919]]]},"properties":{"district_id":"riyadh-al-malaz","name_ar":"الملز","name_en":"Al Malaz","city":"riyadh","source_codes":["70030076562015731"]}},{"type":"Feature","id":"riyadh-al-malqa","geometry":{"type":"Polygon","coordinates":[[[46.61411,24.82658],[46.58613,24.8148],[46.58465,24.81407],[46.58326,24.81319],[46.58149,24.81169],[46.58,24.80995],[46.57441,24.801],[46.57379,24.80018],[46.57316,24.79955],[46.57205,24.79878],[46.5708,24.79822],[46.5648,24.79684],[46.56803,24.78515],[46.56872,24.78327],[46.57251,24.77493],[46.58268,24.77875],[46.58299,24.7788],[46.58488,24.77895],[46.58708,24.7788],[46.58938,24.77788],[46.59052,24.77762],[46.5917,24.77762],[46.59286,24.77786],[46.63067,24.79378],[46.61411,24.82658]]]},"properties":{"district_id":"riyadh-al-malqa","name_ar":"الملقا","name_en":"Al Malqa","city":"riyadh","source_codes":["70030076562017645"]}},{"type":"Feature","id":"riyadh-al-manakh","geometry":{"type":"Polygon","coordinates":[[[46.81783,24.61555],[46.81627,24.6162],[46.81354,24.61693],[46.81261,24.61726],[46.81133,24.61795],[46.81038,24.61868],[46.80972,24.61936],[46.80901,24.62032],[46.80657,24.62437],[46.80475,24.62759],[46.80337,24.63045],[46.80215,24.63001],[46.8,24.6294],[46.79776,24.62857],[46.79598,24.62808],[46.79443,24.62777],[46.78124,24.62567],[46.77887,24.62502],[46.77673,24.62416],[46.77501,24.62326],[46.7737,24.62243],[46.77217,24.62125],[46.77078,24.61994],[46.76933,24.61827],[46.76703,24.6146],[46.7654,24.61236],[46.76787,24.61144],[46.77027,24.61022],[46.77196,24.60916],[46.77621,24.60603],[46.77733,24.60534],[46.79616,24.59565],[46.80434,24.59081],[46.80639,24.58937],[46.80882,24.58741],[46.81024,24.58852],[46.81151,24.5892],[46.81366,24.59016],[46.81501,24.59101],[46.82197,24.59388],[46.82214,24.59409],[46.82222,24.59434],[46.82103,24.59671],[46.8214,24.59843],[46.84834,24.59279],[46.84724,24.59364],[46.84591,24.59483],[46.84045,24.60058],[46.83791,24.60283],[46.83524,24.60471],[46.81783,24.61555]]]},"properties":{"district_id":"riyadh-al-manakh","name_ar":"المناخ","name_en":"Al Manakh","city":"riyadh","source_codes":["70030076562017646"]}},{"type":"Feature","id":"riyadh-al-manar","geometry":{"type":"Polygon","coordinates":[[[46.81119,24.72272],[46.79978,24.73814],[46.78335,24.72793],[46.79474,24.71259],[46.81119,24.72272]]]},"properties":{"district_id":"riyadh-al-manar","name_ar":"المنار","name_en":"Al Manar","city":"riyadh","source_codes":["70030076562017649"]}},{"type":"Feature","id":"riyadh-al-mansouria","geometry":{"type":"MultiPolygon","coordinates":[[[[46.83051,24.50591],[46.83389,24.50988],[46.80707,24.53556],[46.79594,24.55523],[46.76913,24.54253],[46.7728,24.53629],[46.77326,24.53531],[46.77367,24.53404],[46.77386,24.53301],[46.77479,24.52517],[46.77483,24.52366],[46.77477,24.52192],[46.77492,24.51986],[46.77668,24.5121],[46.77691,24.51138],[46.77755,24.51001],[46.77849,24.5087],[46.7793,24.50785],[46.78206,24.50539],[46.78326,24.50409],[46.78434,24.50272],[46.78511,24.5032],[46.78601,24.5036],[46.78703,24.50384],[46.78799,24.50388],[46.80437,24.50187],[46.82121,24.49698],[46.82411,24.49904],[46.82662,24.50115],[46.82807,24.5027],[46.83051,24.50591]]],[[[46.82119,24.49699],[46.80437,24.50187],[46.78799,24.50388],[46.78703,24.50384],[46.78601,24.5036],[46.78511,24.5032],[46.78434,24.50272],[46.79975,24.48344],[46.82119,24.49699]]]]},"properties":{"district_id":"riyadh-al-mansouria","name_ar":"المنصورية","name_en":"Al Mansouria","city":"riyadh","source_codes":["70030076562024258","70030076562024259"]}},{"type":"Feature","id":"riyadh-al-mansurah","geometry":{"type":"Polygon","coordinates":[[[46.75864,24.61472],[46.7575,24.61529],[46.74739,24.62199],[46.72832,24.6109],[46.73407,24.59968],[46.73515,24.59741],[46.73598,24.59602],[46.7373,24.59428],[46.75721,24.60531],[46.759,24.60645],[46.76075,24.60775],[46.76211,24.6089],[46.76337,24.6101],[46.7654,24.61236],[46.75864,24.61472]]]},"properties":{"district_id":"riyadh-al-mansurah","name_ar":"المنصورة","name_en":"Al Mansurah","city":"riyadh","source_codes":["70030076562031247"]}},{"type":"Feature","id":"riyadh-al-marqab","geometry":{"type":"Polygon","coordinates":[[[46.7366,24.63965],[46.73595,24.6398],[46.7199,24.63804],[46.7178,24.63793],[46.71756,24.63611],[46.71656,24.63367],[46.71641,24.63302],[46.71642,24.63227],[46.71677,24.63085],[46.71734,24.63],[46.7366,24.63965]]]},"properties":{"district_id":"riyadh-al-marqab","name_ar":"المرقب","name_en":"Al Marqab","city":"riyadh","source_codes":["70030076562017635"]}},{"type":"Feature","id":"riyadh-al-marwah","geometry":{"type":"Polygon","coordinates":[[[46.69267,24.54403],[46.67472,24.55643],[46.67143,24.55267],[46.65881,24.5373],[46.67553,24.52559],[46.67627,24.52528],[46.67748,24.52521],[46.68823,24.53829],[46.68866,24.53918],[46.69267,24.54403]]]},"properties":{"district_id":"riyadh-al-marwah","name_ar":"المروة","name_en":"Al Marwah","city":"riyadh","source_codes":["70030076562017637"]}},{"type":"Feature","id":"riyadh-al-masani","geometry":{"type":"Polygon","coordinates":[[[46.74318,24.58659],[46.74194,24.58834],[46.7373,24.59428],[46.72895,24.58972],[46.72647,24.58858],[46.72378,24.58755],[46.72075,24.58659],[46.71746,24.58581],[46.71392,24.58524],[46.71225,24.58512],[46.7109,24.58511],[46.71137,24.58369],[46.7131,24.58089],[46.71433,24.57924],[46.71503,24.57848],[46.71617,24.57782],[46.71684,24.57731],[46.71766,24.57649],[46.71934,24.57504],[46.71994,24.57435],[46.72091,24.57363],[46.72124,24.57329],[46.72242,24.57194],[46.72238,24.57165],[46.72197,24.57138],[46.72201,24.57114],[46.72318,24.57079],[46.72369,24.5703],[46.72524,24.56828],[46.72632,24.56742],[46.72759,24.56527],[46.72823,24.56455],[46.72864,24.56373],[46.72996,24.56204],[46.73133,24.56103],[46.73205,24.5606],[46.73246,24.55955],[46.73331,24.55857],[46.73366,24.55751],[46.73458,24.55635],[46.73647,24.55331],[46.73648,24.55268],[46.73692,24.55218],[46.73743,24.55172],[46.73838,24.5512],[46.73857,24.55122],[46.73888,24.55146],[46.73915,24.55153],[46.74079,24.55132],[46.74187,24.55136],[46.74209,24.55146],[46.74241,24.55106],[46.74299,24.55052],[46.74504,24.5498],[46.74608,24.54922],[46.74645,24.54874],[46.74688,24.54759],[46.74774,24.54631],[46.75079,24.54229],[46.7523,24.54044],[46.75344,24.5395],[46.75521,24.53776],[46.75634,24.53631],[46.75697,24.53563],[46.75769,24.53502],[46.75941,24.53379],[46.76052,24.53261],[46.76109,24.53171],[46.7617,24.52863],[46.76211,24.52752],[46.76219,24.52614],[46.76208,24.52572],[46.76232,24.52524],[46.7627,24.52475],[46.76277,24.52336],[46.7622,24.52074],[46.76219,24.51925],[46.76236,24.5172],[46.7625,24.51678],[46.76276,24.51641],[46.76395,24.51516],[46.76495,24.5143],[46.76606,24.51358],[46.76727,24.513],[46.77367,24.51087],[46.77445,24.51079],[46.77559,24.51096],[46.77731,24.51045],[46.77668,24.5121],[46.77492,24.51986],[46.77477,24.52192],[46.77483,24.52366],[46.77479,24.52517],[46.77383,24.53323],[46.77353,24.53455],[46.77312,24.53565],[46.7728,24.53629],[46.74318,24.58659]]]},"properties":{"district_id":"riyadh-al-masani","name_ar":"المصانع","name_en":"Al Masani","city":"riyadh","source_codes":["70030076562020548"]}},{"type":"Feature","id":"riyadh-al-mashriq","geometry":{"type":"Polygon","coordinates":[[[47.02154,24.94581],[47.02582,24.94701],[47.0317,24.94901],[47.03347,24.94968],[47.03777,24.95149],[47.04235,24.95367],[47.04512,24.95521],[47.04815,24.95728],[47.05057,24.95925],[47.05133,24.95995],[47.05559,24.96439],[47.0682,24.97808],[47.07014,24.97997],[47.07218,24.98171],[47.07431,24.98331],[47.07718,24.98499],[47.08018,24.98649],[47.0844,25.00048],[47.08598,25.00546],[47.02367,25.01964],[47.02584,24.97388],[47.02582,24.97291],[47.02563,24.97172],[47.02515,24.97034],[47.02468,24.96947],[47.02324,24.96722],[47.0218,24.96477],[47.02095,24.96282],[47.02031,24.96093],[47.01968,24.95824],[47.01932,24.95532],[47.01927,24.95359],[47.01941,24.95187],[47.01934,24.94977],[47.01886,24.94802],[47.01853,24.94737],[47.01768,24.946],[47.01673,24.94483],[47.02154,24.94581]]]},"properties":{"district_id":"riyadh-al-mashriq","name_ar":"المشرق","name_en":"Al Mashriq","city":"riyadh","source_codes":["70030076562017640"]}},{"type":"Feature","id":"riyadh-al-masyaf","geometry":{"type":"Polygon","coordinates":[[[46.69468,24.76104],[46.68638,24.77748],[46.66838,24.7699],[46.67669,24.75346],[46.69468,24.76104]]]},"properties":{"district_id":"riyadh-al-masyaf","name_ar":"المصيف","name_en":"Al Masyaf","city":"riyadh","source_codes":["70030076562017642"]}},{"type":"Feature","id":"riyadh-al-mathar","geometry":{"type":"Polygon","coordinates":[[[46.65706,24.67453],[46.65597,24.67475],[46.6538,24.67541],[46.65254,24.67553],[46.66159,24.66951],[46.67037,24.66235],[46.67872,24.65656],[46.67935,24.65712],[46.68498,24.66091],[46.6784,24.67446],[46.67812,24.67541],[46.67007,24.67489],[46.66365,24.67522],[46.66265,24.67509],[46.66101,24.67468],[46.65963,24.67446],[46.65828,24.67442],[46.65706,24.67453]]]},"properties":{"district_id":"riyadh-al-mathar","name_ar":"المعذر","name_en":"Al Mathar","city":"riyadh","source_codes":["70030076562017644"]}},{"type":"Feature","id":"riyadh-al-misfat","geometry":{"type":"Polygon","coordinates":[[[46.93644,24.50185],[46.9338,24.50408],[46.93154,24.50586],[46.92896,24.50778],[46.92615,24.5097],[46.8653,24.54873],[46.84404,24.52096],[46.84087,24.51902],[46.83928,24.51715],[46.83389,24.50988],[46.83051,24.50591],[46.82845,24.50319],[46.82737,24.5019],[46.82625,24.50082],[46.82411,24.49904],[46.82121,24.49698],[46.85745,24.48619],[46.88831,24.47742],[46.90539,24.4724],[46.90584,24.47233],[46.90636,24.47241],[46.90737,24.473],[46.90753,24.473],[46.90798,24.47258],[46.908,24.4721],[46.90808,24.47193],[46.94614,24.42443],[46.97814,24.41023],[46.97925,24.41354],[46.98044,24.41776],[46.98105,24.42034],[46.98664,24.42265],[46.99105,24.42871],[46.99262,24.43067],[46.99534,24.43449],[46.99755,24.43257],[47.00457,24.43891],[46.93644,24.50185]],[[46.97739,24.4448],[46.98302,24.44051],[46.97862,24.43561],[46.972,24.4401],[46.97365,24.44194],[46.9743,24.44148],[46.97739,24.4448]]]},"properties":{"district_id":"riyadh-al-misfat","name_ar":"المصفاة","name_en":"Al Misfat","city":"riyadh","source_codes":["70030076562020549"]}},{"type":"Feature","id":"riyadh-al-mishael","geometry":{"type":"Polygon","coordinates":[[[46.91336,24.59644],[46.90829,24.60424],[46.90741,24.60592],[46.90555,24.61035],[46.90508,24.61312],[46.90375,24.61834],[46.90354,24.62176],[46.90299,24.62585],[46.90203,24.62736],[46.90149,24.63129],[46.90141,24.63562],[46.90005,24.63813],[46.89952,24.63884],[46.89857,24.6406],[46.8984,24.64211],[46.8985,24.64303],[46.8984,24.64385],[46.89689,24.64586],[46.83084,24.61498],[46.83062,24.61479],[46.82527,24.61222],[46.82406,24.61171],[46.83524,24.60471],[46.83791,24.60283],[46.84045,24.60058],[46.84478,24.59598],[46.84643,24.59435],[46.84834,24.59279],[46.85058,24.59135],[46.85299,24.59016],[46.85562,24.58921],[46.8573,24.58878],[46.8665,24.58686],[46.86799,24.58643],[46.86922,24.58594],[46.8693,24.5866],[46.86979,24.58724],[46.86964,24.58907],[46.8717,24.58933],[46.8934,24.59449],[46.89545,24.59531],[46.90111,24.59637],[46.90197,24.59646],[46.91336,24.59644]]]},"properties":{"district_id":"riyadh-al-mishael","name_ar":"المشاعل","name_en":"Al Mishael","city":"riyadh","source_codes":["70030076562020547"]}},{"type":"Feature","id":"riyadh-al-muhammadiyah","geometry":{"type":"Polygon","coordinates":[[[46.66403,24.72778],[46.65557,24.74455],[46.63367,24.73531],[46.64095,24.72929],[46.6427,24.72757],[46.64357,24.72649],[46.64442,24.72522],[46.64685,24.72051],[46.66403,24.72778]]]},"properties":{"district_id":"riyadh-al-muhammadiyah","name_ar":"المحمدية","name_en":"Al Muhammadiyah","city":"riyadh","source_codes":["70030076562022412"]}},{"type":"Feature","id":"riyadh-al-munisiyah","geometry":{"type":"Polygon","coordinates":[[[46.79393,24.82281],[46.7762,24.85775],[46.7416,24.84007],[46.74479,24.83334],[46.75047,24.82202],[46.75803,24.80766],[46.79393,24.82281]]]},"properties":{"district_id":"riyadh-al-munisiyah","name_ar":"المونسية","name_en":"Al Munisiyah","city":"riyadh","source_codes":["70030076562065790"]}},{"type":"Feature","id":"riyadh-al-murabbah","geometry":{"type":"Polygon","coordinates":[[[46.71821,24.667],[46.71316,24.66704],[46.71235,24.66677],[46.71045,24.66591],[46.70953,24.66827],[46.70925,24.66928],[46.70822,24.67506],[46.70817,24.67598],[46.70853,24.67976],[46.7084,24.68043],[46.70799,24.68138],[46.70261,24.67443],[46.7015,24.67314],[46.70011,24.67172],[46.69862,24.67037],[46.69582,24.66821],[46.69929,24.66525],[46.69992,24.66438],[46.70031,24.66346],[46.70059,24.66204],[46.70297,24.64553],[46.70302,24.64484],[46.70552,24.64441],[46.70618,24.64442],[46.71032,24.64545],[46.71477,24.64641],[46.71514,24.64669],[46.71523,24.64692],[46.71532,24.64774],[46.71615,24.65122],[46.71748,24.65768],[46.71762,24.65879],[46.71821,24.667]]]},"properties":{"district_id":"riyadh-al-murabbah","name_ar":"المربع","name_en":"Al Murabbah","city":"riyadh","source_codes":["70030076562017634"]}},{"type":"Feature","id":"riyadh-al-murjan","geometry":{"type":"Polygon","coordinates":[[[46.86749,24.90524],[46.89245,24.91894],[46.91191,24.92587],[46.87315,24.96818],[46.86736,24.9658],[46.8707,24.95958],[46.86333,24.93851],[46.86053,24.93392],[46.85719,24.9271],[46.85692,24.92005],[46.85671,24.91931],[46.85516,24.91857],[46.85618,24.91746],[46.85572,24.91584],[46.8542,24.91249],[46.85263,24.90801],[46.84733,24.90571],[46.84063,24.90498],[46.84315,24.89203],[46.86749,24.90524]]]},"properties":{"district_id":"riyadh-al-murjan","name_ar":"المرجان","name_en":"Al Murjan","city":"riyadh","source_codes":["70030076562019324"]}},{"type":"Feature","id":"riyadh-al-mursalat","geometry":{"type":"Polygon","coordinates":[[[46.70311,24.74424],[46.69468,24.76104],[46.67669,24.75346],[46.68517,24.73669],[46.70311,24.74424]]]},"properties":{"district_id":"riyadh-al-mursalat","name_ar":"المرسلات","name_en":"Al Mursalat","city":"riyadh","source_codes":["70030076562022414"]}},{"type":"Feature","id":"riyadh-al-muruj","geometry":{"type":"Polygon","coordinates":[[[46.67669,24.75346],[46.66838,24.7699],[46.64725,24.761],[46.65556,24.74456],[46.67669,24.75346]]]},"properties":{"district_id":"riyadh-al-muruj","name_ar":"المروج","name_en":"Al Muruj","city":"riyadh","source_codes":["70030076562017638"]}},{"type":"Feature","id":"riyadh-al-mutamarat","geometry":{"type":"Polygon","coordinates":[[[46.69582,24.66821],[46.69352,24.67031],[46.69257,24.67145],[46.692,24.67243],[46.68878,24.67881],[46.68481,24.67713],[46.68276,24.6764],[46.68045,24.67579],[46.67812,24.67541],[46.6784,24.67446],[46.68498,24.66091],[46.69582,24.66821]]]},"properties":{"district_id":"riyadh-al-mutamarat","name_ar":"المؤتمرات","name_en":"Al Mutamarat","city":"riyadh","source_codes":["70030076562024250"]}},{"type":"Feature","id":"riyadh-al-nada","geometry":{"type":"Polygon","coordinates":[[[46.69611,24.80141],[46.68778,24.81782],[46.66984,24.81026],[46.67812,24.79387],[46.69611,24.80141]]]},"properties":{"district_id":"riyadh-al-nada","name_ar":"الندى","name_en":"Al Nada","city":"riyadh","source_codes":["70030076562015732"]}},{"type":"Feature","id":"riyadh-al-nadwah","geometry":{"type":"Polygon","coordinates":[[[46.88932,24.79648],[46.88916,24.79669],[46.87273,24.80678],[46.86153,24.79173],[46.87831,24.78145],[46.88932,24.79648]]]},"properties":{"district_id":"riyadh-al-nadwah","name_ar":"الندوة","name_en":"Al Nadwah","city":"riyadh","source_codes":["70030076562017658"]}},{"type":"Feature","id":"riyadh-al-nafl","geometry":{"type":"Polygon","coordinates":[[[46.66838,24.7699],[46.68638,24.77748],[46.67812,24.79387],[46.66021,24.78628],[46.66838,24.7699]]]},"properties":{"district_id":"riyadh-al-nafl","name_ar":"النفل","name_en":"Al Nafl","city":"riyadh","source_codes":["70030076562015735"]}},{"type":"Feature","id":"riyadh-al-nahdah","geometry":{"type":"Polygon","coordinates":[[[46.84132,24.76485],[46.82947,24.78112],[46.79023,24.75676],[46.8027,24.73996],[46.83739,24.76156],[46.83952,24.7632],[46.84132,24.76485]]]},"properties":{"district_id":"riyadh-al-nahdah","name_ar":"النهضة","name_en":"Al Nahdah","city":"riyadh","source_codes":["70030076562017672"]}},{"type":"Feature","id":"riyadh-al-nakhbah","geometry":{"type":"Polygon","coordinates":[[[47.3126,25.0163],[47.3126,25.01664],[47.31201,25.01738],[47.31192,25.01805],[47.31193,25.01952],[47.31183,25.01969],[47.31133,25.01989],[47.31108,25.02024],[47.31114,25.02056],[47.31156,25.0215],[47.31225,25.02267],[47.31272,25.02365],[47.31316,25.02421],[47.3154,25.02656],[47.31632,25.027],[47.31783,25.02749],[47.321,25.02882],[47.32249,25.0296],[47.3231,25.03007],[47.32472,25.03106],[47.31213,25.06074],[47.30965,25.05975],[47.30723,25.05864],[47.30179,25.05562],[47.29804,25.05372],[47.29409,25.05196],[47.29087,25.05065],[47.2855,25.0487],[47.28331,25.048],[47.2796,25.04696],[47.27586,25.04604],[47.27218,25.04496],[47.26857,25.0437],[47.26573,25.04258],[47.26043,25.04014],[47.2515,25.03538],[47.24856,25.03393],[47.2429,25.03151],[47.24054,25.03059],[47.23679,25.02928],[47.23324,25.02821],[47.23093,25.02756],[47.22893,25.0271],[47.2254,25.02646],[47.23065,24.99688],[47.23262,24.99722],[47.23585,24.99828],[47.23915,24.99993],[47.24045,25.00093],[47.24125,25.00178],[47.24248,25.00284],[47.24341,25.00348],[47.24433,25.00376],[47.24564,25.00377],[47.24734,25.0033],[47.24824,25.00275],[47.24966,25.00153],[47.25098,25.00005],[47.25171,24.99887],[47.25215,24.99776],[47.25808,24.99767],[47.25988,24.99771],[47.26037,24.99779],[47.26076,24.99822],[47.26128,24.99911],[47.26239,25.00014],[47.26379,25.00117],[47.26493,25.0014],[47.26602,25.00177],[47.26672,25.00176],[47.26757,25.00157],[47.26838,25.0019],[47.2687,25.0023],[47.26903,25.00302],[47.26947,25.00314],[47.27033,25.00296],[47.27144,25.00214],[47.27185,25.00147],[47.27229,24.99817],[47.27231,24.99701],[47.2726,24.99349],[47.27279,24.99236],[47.27324,24.99168],[47.27452,24.99093],[47.27698,24.99023],[47.27879,24.99012],[47.28156,24.99035],[47.28246,24.99058],[47.28335,24.99111],[47.28375,24.99204],[47.28546,24.99501],[47.28678,24.99632],[47.28739,24.99557],[47.28772,24.99584],[47.28917,24.99857],[47.28944,24.9989],[47.28979,24.99912],[47.2906,24.99954],[47.29702,25.00091],[47.29994,25.00169],[47.30083,25.00245],[47.30187,25.00353],[47.30248,25.00435],[47.30371,25.00692],[47.30508,25.00859],[47.30687,25.01113],[47.30741,25.01055],[47.30841,25.00983],[47.31082,25.0076],[47.31099,25.00758],[47.3112,25.00912],[47.3126,25.0163]]]},"properties":{"district_id":"riyadh-al-nakhbah","name_ar":"النخبة","name_en":"Al Nakhbah","city":"riyadh","source_codes":["70030076562017650"]}},{"type":"Feature","id":"riyadh-al-nakheel","geometry":{"type":"Polygon","coordinates":[[[46.65556,24.74456],[46.64725,24.761],[46.5953,24.7391],[46.59274,24.73783],[46.59043,24.73635],[46.59216,24.73315],[46.59314,24.73176],[46.59433,24.73037],[46.59597,24.72884],[46.60211,24.72384],[46.60497,24.72678],[46.60708,24.72854],[46.62224,24.74409],[46.62297,24.74354],[46.62489,24.74236],[46.6258,24.7417],[46.63367,24.73531],[46.65556,24.74456]]]},"properties":{"district_id":"riyadh-al-nakheel","name_ar":"النخيل","name_en":"Al Nakheel","city":"riyadh","source_codes":["70030076562017651"]}},{"type":"Feature","id":"riyadh-al-namuthajiyah","geometry":{"type":"Polygon","coordinates":[[[46.70228,24.65018],[46.70055,24.66232],[46.70025,24.66365],[46.69983,24.66454],[46.69917,24.66538],[46.69582,24.66821],[46.68498,24.66091],[46.69092,24.64852],[46.69141,24.64794],[46.69239,24.6472],[46.69296,24.647],[46.69705,24.64617],[46.70026,24.64835],[46.70228,24.65018]]]},"properties":{"district_id":"riyadh-al-namuthajiyah","name_ar":"النموذجية","name_en":"Al Namuthajiyah","city":"riyadh","source_codes":["70030076562024260"]}},{"type":"Feature","id":"riyadh-al-narjas","geometry":{"type":"Polygon","coordinates":[[[46.60274,24.97931],[46.59297,24.97194],[46.59114,24.97086],[46.58922,24.97001],[46.66984,24.81026],[46.68888,24.81829],[46.69072,24.81895],[46.69264,24.81938],[46.69471,24.81958],[46.69644,24.81955],[46.70075,24.81914],[46.70118,24.81936],[46.60274,24.97931]]]},"properties":{"district_id":"riyadh-al-narjas","name_ar":"النرجس","name_en":"Al Narjas","city":"riyadh","source_codes":["70030076562017659"]}},{"type":"Feature","id":"riyadh-al-nasiriyah","geometry":{"type":"Polygon","coordinates":[[[46.69012,24.65018],[46.68498,24.66091],[46.67935,24.65712],[46.67834,24.65625],[46.66994,24.65048],[46.67237,24.64284],[46.6778,24.64418],[46.68202,24.64588],[46.68296,24.64604],[46.68704,24.6464],[46.6876,24.64655],[46.68809,24.64684],[46.68859,24.64735],[46.68885,24.64795],[46.68902,24.64876],[46.68922,24.64924],[46.6896,24.64976],[46.69012,24.65018]]]},"properties":{"district_id":"riyadh-al-nasiriyah","name_ar":"الناصرية","name_en":"Al Nasiriyah","city":"riyadh","source_codes":["70030076562022419"]}},{"type":"Feature","id":"riyadh-al-nazim","geometry":{"type":"Polygon","coordinates":[[[47.04114,24.95308],[47.03628,24.95085],[47.0317,24.94901],[47.02582,24.94701],[47.02154,24.94581],[47.01872,24.94519],[47.01649,24.94479],[47.01431,24.94449],[47.01168,24.94424],[47.00645,24.94408],[47.00198,24.94433],[47.00002,24.94282],[46.99893,24.94181],[46.99774,24.94052],[46.9967,24.93915],[46.99599,24.93802],[46.99537,24.93685],[46.99479,24.93552],[46.99396,24.9328],[46.99313,24.93049],[46.99249,24.929],[46.99098,24.92593],[46.98827,24.92167],[46.98208,24.91152],[46.98084,24.90988],[46.97961,24.90858],[46.96101,24.89179],[46.94662,24.87647],[46.89736,24.83891],[46.89643,24.83814],[46.89484,24.8366],[46.8931,24.8345],[46.87273,24.80678],[46.88916,24.79669],[46.90597,24.77468],[46.90555,24.77313],[46.93951,24.77686],[46.94027,24.7781],[46.94814,24.79719],[46.94872,24.79817],[46.94945,24.79905],[46.95626,24.8044],[46.96448,24.81075],[46.9662,24.812],[46.96679,24.8123],[46.96799,24.81274],[46.97533,24.81448],[46.97305,24.82248],[46.97305,24.82281],[46.97652,24.83085],[46.97742,24.83439],[46.97767,24.83502],[46.97796,24.83553],[46.97878,24.83634],[46.99653,24.84572],[46.99754,24.84622],[47.00237,24.84819],[47.00309,24.84863],[47.00376,24.84922],[47.01232,24.85861],[47.01318,24.85924],[47.01739,24.86172],[47.01839,24.8626],[47.02021,24.86503],[47.0208,24.86548],[47.02118,24.86561],[47.02268,24.86582],[47.03223,24.86786],[47.04263,24.87044],[47.0435,24.87076],[47.04429,24.87127],[47.05432,24.87995],[47.05484,24.8803],[47.05543,24.88054],[47.05605,24.88069],[47.05685,24.8807],[47.06233,24.87985],[47.05472,24.91735],[47.05352,24.92213],[47.05262,24.92495],[47.05097,24.92929],[47.04114,24.95308]]]},"properties":{"district_id":"riyadh-al-nazim","name_ar":"النظيم","name_en":"Al Nazim","city":"riyadh","source_codes":["70030076562017664"]}},{"type":"Feature","id":"riyadh-al-noor","geometry":{"type":"Polygon","coordinates":[[[46.83497,24.6169],[46.81528,24.65182],[46.79709,24.64326],[46.80081,24.6358],[46.80475,24.62759],[46.80657,24.62437],[46.80901,24.62032],[46.81004,24.61901],[46.81113,24.61809],[46.81195,24.61758],[46.81284,24.61717],[46.816,24.61629],[46.81783,24.61555],[46.82406,24.61171],[46.82527,24.61222],[46.83062,24.61479],[46.83084,24.61498],[46.83497,24.6169]]]},"properties":{"district_id":"riyadh-al-noor","name_ar":"النور","name_en":"Al Noor","city":"riyadh","source_codes":["70030076562015739"]}},{"type":"Feature","id":"riyadh-al-nuzha","geometry":{"type":"Polygon","coordinates":[[[46.72112,24.75187],[46.71266,24.76861],[46.69468,24.76104],[46.70311,24.74424],[46.72112,24.75187]]]},"properties":{"district_id":"riyadh-al-nuzha","name_ar":"النزهة","name_en":"Al Nuzha","city":"riyadh","source_codes":["70030076562017661"]}},{"type":"Feature","id":"riyadh-al-ola","geometry":{"type":"Polygon","coordinates":[[[47.18148,25.0535],[47.09836,25.04438],[47.0844,25.00048],[47.08018,24.98649],[47.08276,24.98759],[47.08487,24.98836],[47.08906,24.98942],[47.09333,24.99015],[47.09739,24.99045],[47.10177,24.99104],[47.10526,24.99163],[47.10852,24.99238],[47.11238,24.99348],[47.11703,24.99508],[47.12114,24.99679],[47.12509,24.99866],[47.12712,24.99939],[47.12923,24.99989],[47.13544,25.00081],[47.14002,25.0017],[47.14522,25.00298],[47.14993,25.00436],[47.15621,25.0066],[47.16157,25.00887],[47.16658,25.01134],[47.17476,25.01586],[47.17734,25.01713],[47.18061,25.01858],[47.18431,25.02005],[47.18749,25.02117],[47.19134,25.02234],[47.19459,25.02318],[47.18948,25.03484],[47.18167,25.03205],[47.18148,25.0535]]]},"properties":{"district_id":"riyadh-al-ola","name_ar":"العلا","name_en":"Al Ola","city":"riyadh","source_codes":["70030076562015721"]}},{"type":"Feature","id":"riyadh-al-olaya","geometry":{"type":"MultiPolygon","coordinates":[[[[46.67812,24.67541],[46.68045,24.67579],[46.68276,24.6764],[46.68481,24.67713],[46.68878,24.67881],[46.67199,24.71206],[46.67037,24.71129],[46.66357,24.7084],[46.67807,24.67957],[46.67833,24.67875],[46.67839,24.67808],[46.67812,24.67541]]],[[[46.68195,24.71647],[46.67199,24.71206],[46.68878,24.67881],[46.69965,24.6834],[46.69892,24.68495],[46.69886,24.68538],[46.69892,24.68581],[46.70332,24.69695],[46.69995,24.695],[46.69617,24.6934],[46.69191,24.70185],[46.69122,24.7059],[46.69042,24.70758],[46.6873,24.70625],[46.68195,24.71647]]],[[[46.69823,24.67004],[46.70011,24.67172],[46.7015,24.67314],[46.70342,24.67547],[46.70158,24.67958],[46.69965,24.6834],[46.68878,24.67881],[46.692,24.67243],[46.69268,24.67129],[46.69352,24.67031],[46.69582,24.66821],[46.69823,24.67004]]]]},"properties":{"district_id":"riyadh-al-olaya","name_ar":"العليا","name_en":"Al Olaya","city":"riyadh","source_codes":["70030076562017616","70030076562017618","70030076562017619"]}},{"type":"Feature","id":"riyadh-al-oud","geometry":{"type":"Polygon","coordinates":[[[46.71734,24.63],[46.72029,24.62594],[46.72181,24.6248],[46.72224,24.62432],[46.72312,24.62269],[46.72537,24.61763],[46.73541,24.62105],[46.73505,24.62286],[46.73491,24.6264],[46.73466,24.6273],[46.73365,24.6291],[46.73306,24.63051],[46.73129,24.63199],[46.7309,24.6324],[46.72881,24.63574],[46.71734,24.63]]]},"properties":{"district_id":"riyadh-al-oud","name_ar":"العود","name_en":"Al Oud","city":"riyadh","source_codes":["70030076562015723"]}},{"type":"Feature","id":"riyadh-al-qadisiyah","geometry":{"type":"Polygon","coordinates":[[[46.84599,24.81847],[46.84586,24.82062],[46.84609,24.82276],[46.84864,24.83239],[46.85008,24.83944],[46.84881,24.83876],[46.84748,24.83819],[46.84505,24.83744],[46.82433,24.83326],[46.82009,24.8323],[46.81574,24.83113],[46.81144,24.82979],[46.80721,24.8283],[46.80387,24.827],[46.79785,24.82446],[46.81567,24.80002],[46.82752,24.80867],[46.83572,24.81438],[46.83631,24.81344],[46.84599,24.81847]]]},"properties":{"district_id":"riyadh-al-qadisiyah","name_ar":"القادسية","name_en":"Al Qadisiyah","city":"riyadh","source_codes":["70030076562022408"]}},{"type":"Feature","id":"riyadh-al-qirwan","geometry":{"type":"Polygon","coordinates":[[[46.57036,24.79809],[46.57123,24.79838],[46.57244,24.79901],[46.57349,24.79986],[46.57408,24.80052],[46.57461,24.80131],[46.57963,24.80942],[46.58019,24.81022],[46.58103,24.81122],[46.58197,24.81214],[46.58381,24.81357],[46.58494,24.81423],[46.58613,24.8148],[46.61411,24.82658],[46.55153,24.95006],[46.54456,24.94564],[46.53343,24.94052],[46.52982,24.93743],[46.52645,24.93336],[46.51585,24.92644],[46.51074,24.92433],[46.50212,24.9198],[46.49826,24.9157],[46.4964,24.91363],[46.49812,24.91315],[46.50048,24.91227],[46.50235,24.91143],[46.50468,24.9102],[46.51094,24.90678],[46.51976,24.90171],[46.5216,24.90043],[46.52332,24.89901],[46.5246,24.89779],[46.52578,24.89649],[46.52864,24.89282],[46.54404,24.87201],[46.54639,24.86855],[46.54856,24.86485],[46.54969,24.86242],[46.55097,24.8589],[46.55189,24.8553],[46.55263,24.85039],[46.5531,24.84566],[46.55431,24.83015],[46.55464,24.82827],[46.55523,24.82595],[46.55585,24.82413],[46.56112,24.81028],[46.5648,24.79684],[46.57036,24.79809]]]},"properties":{"district_id":"riyadh-al-qirwan","name_ar":"القيروان","name_en":"Al Qirwan","city":"riyadh","source_codes":["70030076562022409"]}},{"type":"Feature","id":"riyadh-al-quds","geometry":{"type":"Polygon","coordinates":[[[46.76998,24.75316],[46.75911,24.76769],[46.74404,24.76197],[46.73885,24.75982],[46.74882,24.74005],[46.76998,24.75316]]]},"properties":{"district_id":"riyadh-al-quds","name_ar":"القدس","name_en":"Al Quds","city":"riyadh","source_codes":["70030076562015726"]}},{"type":"Feature","id":"riyadh-al-qura","geometry":{"type":"Polygon","coordinates":[[[46.71604,24.62762],[46.71733,24.62814],[46.71625,24.62945],[46.71396,24.62787],[46.7148,24.62689],[46.71604,24.62762]]]},"properties":{"district_id":"riyadh-al-qura","name_ar":"القرى","name_en":"Al Qura","city":"riyadh","source_codes":["70030076562015727"]}},{"type":"Feature","id":"riyadh-al-rabih","geometry":{"type":"Polygon","coordinates":[[[46.67812,24.79387],[46.66984,24.81026],[46.65289,24.80313],[46.65188,24.80271],[46.65291,24.80063],[46.65124,24.79708],[46.64323,24.77915],[46.66021,24.78628],[46.67812,24.79387]]]},"properties":{"district_id":"riyadh-al-rabih","name_ar":"الربيع","name_en":"Al Rabih","city":"riyadh","source_codes":["70030076562015784"]}},{"type":"Feature","id":"riyadh-al-rabiyah","geometry":{"type":"Polygon","coordinates":[[[46.97218,25.00866],[46.97176,25.00857],[46.97155,25.00816],[46.97112,25.0081],[46.97082,25.00797],[46.97044,25.00795],[46.97018,25.00773],[46.97006,25.00775],[46.97008,25.00788],[46.96987,25.00788],[46.87315,24.96818],[46.91191,24.92587],[46.92675,24.9311],[46.92761,24.93153],[46.95808,24.95215],[46.96691,24.95805],[46.96722,24.95832],[46.9783,24.95969],[46.98005,24.96004],[46.98125,24.96041],[46.99724,24.96636],[46.99858,24.9668],[46.99984,24.96708],[47.00129,24.96727],[47.0029,24.96727],[47.00427,24.96713],[47.00615,24.96665],[47.00795,24.96583],[47.01098,24.96408],[47.01278,24.96323],[47.01399,24.96298],[47.01854,24.96342],[47.0203,24.96329],[47.02105,24.96307],[47.0218,24.96477],[47.02504,24.97011],[47.02556,24.97148],[47.02582,24.97291],[47.02584,24.97388],[47.02451,25.00185],[47.00793,24.99192],[47.00711,24.99235],[47.00661,24.99364],[47.0054,24.9948],[47.00135,24.99612],[46.99877,24.99615],[46.99812,24.99714],[46.99343,24.99547],[46.99295,24.99617],[46.99201,24.99652],[46.99164,24.99689],[46.99088,24.99726],[46.98875,24.99816],[46.98737,24.99781],[46.98663,24.99743],[46.986,24.9966],[46.98561,24.99694],[46.98519,24.99756],[46.9844,24.99819],[46.98421,24.99794],[46.98369,24.99772],[46.98361,24.99845],[46.98312,24.99854],[46.98297,24.9989],[46.98249,24.99919],[46.98273,24.99944],[46.9824,24.99972],[46.98263,25.00053],[46.98149,25.0001],[46.98108,24.99977],[46.98097,25.00002],[46.98095,25.00061],[46.98036,25.00061],[46.98036,25.00034],[46.98017,25.00017],[46.97957,25.00068],[46.97976,25.00107],[46.97973,25.0016],[46.97937,25.00172],[46.97936,25.00202],[46.97888,25.00184],[46.97808,25.0018],[46.97809,25.00156],[46.97798,25.00151],[46.97742,25.00151],[46.9774,25.00137],[46.97759,25.00122],[46.97738,25.00107],[46.97724,25.00106],[46.97716,25.00125],[46.97702,25.00123],[46.97701,25.00146],[46.97676,25.00159],[46.97661,25.00149],[46.97667,25.00129],[46.97658,25.00128],[46.97656,25.00113],[46.97646,25.00108],[46.97667,25.00102],[46.97666,25.00069],[46.97684,25.00054],[46.97667,25.00051],[46.97652,25.00063],[46.97627,25.00053],[46.97622,25.00074],[46.97597,25.001],[46.97599,25.00117],[46.97577,25.00132],[46.97546,25.00173],[46.97552,25.0021],[46.97562,25.00215],[46.97549,25.00229],[46.97552,25.00245],[46.97542,25.00252],[46.97545,25.00265],[46.97563,25.00273],[46.97594,25.00314],[46.97575,25.00312],[46.97549,25.00285],[46.97529,25.00282],[46.97521,25.00298],[46.97509,25.00292],[46.97514,25.00308],[46.9747,25.00316],[46.97467,25.00323],[46.97475,25.00331],[46.97461,25.00327],[46.97448,25.00337],[46.97424,25.0033],[46.97419,25.00339],[46.97428,25.00358],[46.97413,25.00363],[46.97414,25.00377],[46.97389,25.00392],[46.97406,25.00419],[46.97387,25.00412],[46.97381,25.0042],[46.9742,25.00483],[46.97393,25.00487],[46.97379,25.00504],[46.97381,25.00519],[46.974,25.00545],[46.97444,25.00562],[46.9746,25.00583],[46.97461,25.00603],[46.97471,25.00609],[46.97445,25.00608],[46.97438,25.00635],[46.97418,25.00636],[46.97419,25.00665],[46.97396,25.00662],[46.97394,25.00644],[46.97364,25.00634],[46.97352,25.00644],[46.97349,25.00662],[46.97333,25.00669],[46.97316,25.00661],[46.97312,25.00643],[46.97278,25.00646],[46.97326,25.00603],[46.97318,25.006],[46.97284,25.00619],[46.97266,25.00611],[46.97251,25.00615],[46.97249,25.00644],[46.97282,25.00671],[46.97291,25.0071],[46.97312,25.00728],[46.97297,25.00739],[46.97303,25.00755],[46.97279,25.00752],[46.97285,25.00772],[46.97278,25.00779],[46.97264,25.00767],[46.97252,25.00732],[46.9723,25.00733],[46.9723,25.00748],[46.97253,25.00771],[46.9727,25.00809],[46.9727,25.00825],[46.97244,25.00853],[46.97218,25.00866]]]},"properties":{"district_id":"riyadh-al-rabiyah","name_ar":"الرابية","name_en":"Al Rabiyah","city":"riyadh","source_codes":["70030076562065705"]}},{"type":"Feature","id":"riyadh-al-rabwah","geometry":{"type":"Polygon","coordinates":[[[46.77122,24.70031],[46.76996,24.70274],[46.76857,24.70488],[46.76175,24.7145],[46.74508,24.70411],[46.73272,24.69591],[46.7315,24.69528],[46.73181,24.6946],[46.73337,24.68673],[46.73801,24.68483],[46.74088,24.68177],[46.74458,24.68455],[46.74625,24.68553],[46.74761,24.68608],[46.7543,24.68831],[46.76039,24.67303],[46.76303,24.67408],[46.76543,24.67535],[46.76688,24.67599],[46.77757,24.67958],[46.77657,24.68527],[46.77607,24.68749],[46.77513,24.69052],[46.77122,24.70031]]]},"properties":{"district_id":"riyadh-al-rabwah","name_ar":"الربوة","name_en":"Al Rabwah","city":"riyadh","source_codes":["70030076562015781"]}},{"type":"Feature","id":"riyadh-al-raed","geometry":{"type":"Polygon","coordinates":[[[46.6541,24.7044],[46.65264,24.70743],[46.65139,24.71127],[46.65094,24.71238],[46.64685,24.72051],[46.63729,24.71647],[46.63562,24.7156],[46.63404,24.71458],[46.63286,24.71367],[46.63177,24.71268],[46.62319,24.70391],[46.62978,24.69419],[46.6541,24.7044]]]},"properties":{"district_id":"riyadh-al-raed","name_ar":"الرائد","name_en":"Al Raed","city":"riyadh","source_codes":["70030076562015777"]}},{"type":"Feature","id":"riyadh-al-rafiha","geometry":{"type":"Polygon","coordinates":[[[46.66994,24.65048],[46.66905,24.64995],[46.66812,24.64957],[46.66734,24.64938],[46.66632,24.64928],[46.64608,24.6498],[46.64499,24.64419],[46.64383,24.64091],[46.64925,24.63768],[46.65032,24.63685],[46.6507,24.63639],[46.65144,24.63569],[46.65247,24.63503],[46.6541,24.63449],[46.65509,24.63404],[46.65689,24.63361],[46.65874,24.63302],[46.65941,24.63263],[46.66064,24.63215],[46.6646,24.63093],[46.66604,24.6306],[46.66717,24.63012],[46.66774,24.62977],[46.6686,24.62904],[46.66953,24.62776],[46.67007,24.62712],[46.67129,24.62592],[46.6717,24.62529],[46.67344,24.62518],[46.67662,24.62527],[46.67686,24.62727],[46.67692,24.62842],[46.66994,24.65048]]]},"properties":{"district_id":"riyadh-al-rafiha","name_ar":"الرفيعة","name_en":"Al Rafiha","city":"riyadh","source_codes":["70030076562019279"]}},{"type":"Feature","id":"riyadh-al-rahmaniyah","geometry":{"type":"Polygon","coordinates":[[[46.67037,24.71129],[46.67199,24.71206],[46.66403,24.72778],[46.64685,24.72051],[46.65094,24.71238],[46.65139,24.71127],[46.65264,24.70743],[46.6541,24.7044],[46.67037,24.71129]]]},"properties":{"district_id":"riyadh-al-rahmaniyah","name_ar":"الرحمانية","name_en":"Al Rahmaniyah","city":"riyadh","source_codes":["70030076562024246"]}},{"type":"Feature","id":"riyadh-al-rawabi","geometry":{"type":"Polygon","coordinates":[[[46.80955,24.69282],[46.80332,24.70116],[46.80291,24.70183],[46.80146,24.70381],[46.80084,24.7046],[46.79997,24.70548],[46.79474,24.71259],[46.77833,24.70227],[46.78187,24.69755],[46.77348,24.69469],[46.77513,24.69052],[46.77607,24.68749],[46.77657,24.68527],[46.77757,24.67958],[46.79091,24.68384],[46.79327,24.68477],[46.80955,24.69282]]]},"properties":{"district_id":"riyadh-al-rawabi","name_ar":"الروابي","name_en":"Al Rawabi","city":"riyadh","source_codes":["70030076562019285"]}},{"type":"Feature","id":"riyadh-al-rawdah","geometry":{"type":"Polygon","coordinates":[[[46.76998,24.75316],[46.74882,24.74005],[46.76175,24.7145],[46.78701,24.73021],[46.76998,24.75316]]]},"properties":{"district_id":"riyadh-al-rawdah","name_ar":"الروضة","name_en":"Al Rawdah","city":"riyadh","source_codes":["70030076562015791"]}},{"type":"Feature","id":"riyadh-al-raya","geometry":{"type":"Polygon","coordinates":[[[47.2254,25.02646],[47.21894,25.06057],[47.18148,25.0535],[47.18167,25.03205],[47.18948,25.03484],[47.19459,25.02318],[47.20015,25.02433],[47.20379,25.02492],[47.20628,25.02521],[47.21162,25.02561],[47.21915,25.02578],[47.22274,25.02608],[47.2254,25.02646]]]},"properties":{"district_id":"riyadh-al-raya","name_ar":"الراية","name_en":"Al Raya","city":"riyadh","source_codes":["70030076562015778"]}},{"type":"Feature","id":"riyadh-al-rayan","geometry":{"type":"Polygon","coordinates":[[[46.79474,24.71259],[46.78335,24.72793],[46.76175,24.7145],[46.76857,24.70488],[46.76996,24.70274],[46.77122,24.70031],[46.77348,24.69469],[46.78187,24.69755],[46.77833,24.70227],[46.79474,24.71259]]]},"properties":{"district_id":"riyadh-al-rayan","name_ar":"الريان","name_en":"Al Rayan","city":"riyadh","source_codes":["70030076562015798"]}},{"type":"Feature","id":"riyadh-al-rehab","geometry":{"type":"Polygon","coordinates":[[[47.30132,25.08766],[47.28964,25.11698],[47.28845,25.11643],[47.25898,25.11141],[47.24956,25.1073],[47.2391,25.10383],[47.24972,25.07066],[47.30132,25.08766]]]},"properties":{"district_id":"riyadh-al-rehab","name_ar":"الرحاب","name_en":"Al Rehab","city":"riyadh","source_codes":["70030076562015786"]}},{"type":"Feature","id":"riyadh-al-rimal","geometry":{"type":"Polygon","coordinates":[[[46.69134,25.105],[46.68804,25.10275],[46.67892,25.09514],[46.67965,25.09539],[46.68029,25.0954],[46.68091,25.09524],[46.68145,25.09491],[46.70771,25.06598],[46.71196,25.06113],[46.7124,25.06052],[46.71273,25.05986],[46.71298,25.05898],[46.71305,25.05807],[46.71293,25.05717],[46.71271,25.05649],[46.71238,25.05583],[46.71194,25.05523],[46.71142,25.0547],[46.69988,25.04527],[46.69907,25.0447],[46.69012,25.03974],[46.6839,25.03895],[46.68028,25.03826],[46.68116,25.00719],[46.66708,25.00395],[46.66772,25.00105],[46.66761,25.00021],[46.66768,24.99986],[46.67051,24.99837],[46.67265,24.99486],[46.6749,24.99836],[46.67824,24.99802],[46.67985,24.99875],[46.69093,24.99932],[46.69718,24.99936],[46.7018,25.00077],[46.70566,24.99752],[46.70942,24.99315],[46.71222,24.99026],[46.71669,24.98524],[46.72258,24.98161],[46.7266,24.98182],[46.72905,24.9821],[46.73184,24.97807],[46.7382,24.97507],[46.74529,24.96839],[46.74607,24.96747],[46.75771,24.94906],[46.76468,24.9375],[46.80472,24.87231],[46.7762,24.85775],[46.79393,24.82281],[46.80637,24.82798],[46.81059,24.82951],[46.81488,24.83087],[46.81922,24.83208],[46.82327,24.83303],[46.84541,24.83753],[46.84782,24.83832],[46.85008,24.83944],[46.8508,24.84283],[46.85112,24.84578],[46.85109,24.84943],[46.85074,24.85282],[46.84427,24.88583],[46.84299,24.89301],[46.84063,24.90498],[46.84007,24.90706],[46.83889,24.91049],[46.83775,24.91296],[46.83598,24.91601],[46.83396,24.91887],[46.83168,24.92155],[46.82789,24.92513],[46.82302,24.92916],[46.81563,24.93576],[46.81027,24.94041],[46.80956,24.94112],[46.80309,24.94688],[46.79842,24.95123],[46.78924,24.95943],[46.78744,24.96129],[46.78582,24.96328],[46.7837,24.96629],[46.78218,24.96889],[46.78124,24.97083],[46.78042,24.97282],[46.77869,24.97782],[46.77207,24.99805],[46.76951,25.00629],[46.76303,25.02592],[46.7612,25.03186],[46.7484,25.07065],[46.74204,25.08934],[46.74395,25.09118],[46.74303,25.09202],[46.74056,25.09523],[46.73505,25.10372],[46.73461,25.10368],[46.73426,25.10386],[46.72868,25.10206],[46.70753,25.08917],[46.70468,25.08714],[46.69134,25.105]]]},"properties":{"district_id":"riyadh-al-rimal","name_ar":"الرمال","name_en":"Al Rimal","city":"riyadh","source_codes":["70030076562015789"]}},{"type":"Feature","id":"riyadh-al-rimayah","geometry":{"type":"Polygon","coordinates":[[[46.90555,24.77313],[46.90597,24.77468],[46.88932,24.79648],[46.87831,24.78145],[46.86153,24.79173],[46.85731,24.7861],[46.844,24.76789],[46.84285,24.76647],[46.84132,24.76485],[46.85674,24.74427],[46.866,24.75005],[46.86684,24.75046],[46.86777,24.75071],[46.86874,24.75079],[46.88998,24.75079],[46.89001,24.76331],[46.90506,24.7635],[46.90555,24.77313]]]},"properties":{"district_id":"riyadh-al-rimayah","name_ar":"الرماية","name_en":"Al Rimayah","city":"riyadh","source_codes":["70030076562019283"]}},{"type":"Feature","id":"riyadh-al-risalah","geometry":{"type":"Polygon","coordinates":[[[47.22893,25.0271],[47.23093,25.02756],[47.23324,25.02821],[47.23679,25.02928],[47.24054,25.03059],[47.2429,25.03151],[47.24856,25.03393],[47.2515,25.03538],[47.26074,25.04029],[47.25413,25.05692],[47.24972,25.07066],[47.21894,25.06057],[47.2254,25.02646],[47.22893,25.0271]]]},"properties":{"district_id":"riyadh-al-risalah","name_ar":"الرسالة","name_en":"Al Risalah","city":"riyadh","source_codes":["70030076562019277"]}},{"type":"Feature","id":"riyadh-al-saada","geometry":{"type":"Polygon","coordinates":[[[46.85651,24.69122],[46.8559,24.70053],[46.8553,24.71758],[46.82766,24.70043],[46.81675,24.6959],[46.82703,24.6776],[46.85568,24.69103],[46.85651,24.69122]]]},"properties":{"district_id":"riyadh-al-saada","name_ar":"السعادة","name_en":"Al Saada","city":"riyadh","source_codes":["70030076562019295"]}},{"type":"Feature","id":"riyadh-al-safa","geometry":{"type":"Polygon","coordinates":[[[46.78462,24.66691],[46.78083,24.67175],[46.77957,24.67367],[46.77882,24.67521],[46.77831,24.67653],[46.77783,24.67819],[46.77757,24.67958],[46.76688,24.67599],[46.76571,24.67549],[46.76364,24.67437],[46.76241,24.67381],[46.76039,24.67303],[46.75596,24.67154],[46.75112,24.66957],[46.75081,24.66936],[46.74937,24.66782],[46.7487,24.66696],[46.74828,24.66613],[46.75455,24.65414],[46.76534,24.65882],[46.78462,24.66691]]]},"properties":{"district_id":"riyadh-al-safa","name_ar":"الصفا","name_en":"Al Safa","city":"riyadh","source_codes":["70030076562015719"]}},{"type":"Feature","id":"riyadh-al-sahab","geometry":{"type":"Polygon","coordinates":[[[47.01278,24.96323],[47.01098,24.96408],[47.00795,24.96583],[47.00615,24.96665],[47.00427,24.96713],[47.0029,24.96727],[47.00129,24.96727],[46.99984,24.96708],[46.99858,24.9668],[46.99724,24.96636],[46.98125,24.96041],[46.98005,24.96004],[46.9783,24.95969],[46.96722,24.95832],[46.96691,24.95805],[46.95808,24.95215],[46.92761,24.93153],[46.92675,24.9311],[46.91191,24.92587],[46.92627,24.91018],[46.92847,24.91151],[46.93094,24.91314],[46.93333,24.91487],[46.93735,24.918],[46.93896,24.91908],[46.94064,24.92005],[46.94283,24.92114],[46.94465,24.92189],[46.94917,24.9233],[46.9514,24.92411],[46.95354,24.92508],[46.95599,24.92645],[46.95791,24.92775],[46.95971,24.92919],[46.96106,24.93044],[46.96309,24.93257],[46.96472,24.93413],[46.96644,24.93561],[46.9687,24.93734],[46.97136,24.93905],[46.973,24.93999],[46.97497,24.94097],[46.97752,24.94205],[46.98067,24.94313],[46.98337,24.94385],[46.98666,24.94449],[46.99001,24.94488],[46.99295,24.94499],[46.99589,24.94492],[47.00233,24.9443],[47.00645,24.94408],[47.01168,24.94424],[47.01431,24.94449],[47.01673,24.94483],[47.01768,24.946],[47.01853,24.94737],[47.01886,24.94802],[47.01934,24.94977],[47.01941,24.95187],[47.01927,24.95428],[47.0195,24.95705],[47.01975,24.95864],[47.02011,24.96022],[47.02105,24.96307],[47.0203,24.96329],[47.01854,24.96342],[47.01399,24.96298],[47.01278,24.96323]]]},"properties":{"district_id":"riyadh-al-sahab","name_ar":"السحاب","name_en":"Al Sahab","city":"riyadh","source_codes":["70030076562015803"]}},{"type":"Feature","id":"riyadh-al-sahafa","geometry":{"type":"Polygon","coordinates":[[[46.6436,24.81912],[46.62239,24.81019],[46.6408,24.77372],[46.65124,24.79708],[46.65291,24.80063],[46.6436,24.81912]]]},"properties":{"district_id":"riyadh-al-sahafa","name_ar":"الصحافة","name_en":"Al Sahafa","city":"riyadh","source_codes":["70030076562019307"]}},{"type":"Feature","id":"riyadh-al-salam","geometry":{"type":"Polygon","coordinates":[[[46.82766,24.70043],[46.81119,24.72272],[46.79474,24.71259],[46.79997,24.70548],[46.80084,24.7046],[46.80146,24.70381],[46.80291,24.70183],[46.80332,24.70116],[46.80955,24.69282],[46.81624,24.69569],[46.82766,24.70043]]]},"properties":{"district_id":"riyadh-al-salam","name_ar":"السلام","name_en":"Al Salam","city":"riyadh","source_codes":["70030076562015809"]}},{"type":"Feature","id":"riyadh-al-salihiyah","geometry":{"type":"Polygon","coordinates":[[[46.73918,24.6302],[46.73818,24.63258],[46.73746,24.63452],[46.7366,24.63965],[46.72881,24.63574],[46.7309,24.6324],[46.73129,24.63199],[46.73306,24.63051],[46.73366,24.62908],[46.73447,24.62936],[46.73918,24.6302]]]},"properties":{"district_id":"riyadh-al-salihiyah","name_ar":"الصالحية","name_en":"Al Salihiyah","city":"riyadh","source_codes":["70030076562020633"]}},{"type":"Feature","id":"riyadh-al-sarhiyah","geometry":{"type":"Polygon","coordinates":[[[46.5788,24.72558],[46.57665,24.72635],[46.57558,24.72687],[46.57478,24.72625],[46.57337,24.72494],[46.57336,24.72481],[46.5731,24.72446],[46.57192,24.72229],[46.57145,24.72094],[46.5712,24.71993],[46.57098,24.71759],[46.5703,24.71546],[46.56996,24.71482],[46.56885,24.71327],[46.56869,24.71291],[46.56864,24.71221],[46.56889,24.71164],[46.56909,24.71144],[46.56948,24.71126],[46.57147,24.71087],[46.57294,24.71032],[46.57339,24.70986],[46.57394,24.70957],[46.57475,24.70868],[46.57572,24.70781],[46.57727,24.70688],[46.57847,24.70649],[46.58009,24.7063],[46.58157,24.70649],[46.58308,24.70689],[46.58732,24.70773],[46.58797,24.70808],[46.58874,24.70896],[46.58923,24.70933],[46.58967,24.7095],[46.59112,24.70981],[46.59275,24.72542],[46.58295,24.72504],[46.5809,24.72502],[46.5788,24.72558]]]},"properties":{"district_id":"riyadh-al-sarhiyah","name_ar":"السرحية","name_en":"Al Sarhiyah","city":"riyadh","source_codes":["70030076562014154"]}},{"type":"Feature","id":"riyadh-al-sharafiyah","geometry":{"type":"Polygon","coordinates":[[[46.66279,24.66857],[46.66128,24.66973],[46.65865,24.67148],[46.6589,24.67034],[46.65914,24.66871],[46.66054,24.66668],[46.66065,24.66621],[46.66138,24.66662],[46.66276,24.66663],[46.66434,24.66485],[46.66369,24.6642],[46.66443,24.6618],[46.66419,24.66175],[46.66493,24.65936],[46.66397,24.65913],[46.66498,24.65759],[46.66633,24.65381],[46.66668,24.65376],[46.66632,24.64928],[46.66793,24.64951],[46.6694,24.65014],[46.67872,24.65656],[46.67037,24.66235],[46.66279,24.66857]]]},"properties":{"district_id":"riyadh-al-sharafiyah","name_ar":"الشرفية","name_en":"Al Sharafiyah","city":"riyadh","source_codes":["70030076562019299"]}},{"type":"Feature","id":"riyadh-al-shifa","geometry":{"type":"Polygon","coordinates":[[[46.70684,24.58594],[46.7053,24.58615],[46.70521,24.58501],[46.70482,24.58362],[46.70368,24.5812],[46.70327,24.58058],[46.70249,24.5797],[46.70113,24.57864],[46.69651,24.57543],[46.69562,24.5747],[46.69049,24.5703],[46.68488,24.56519],[46.67639,24.55801],[46.67472,24.55643],[46.69267,24.54403],[46.71009,24.56514],[46.71105,24.56621],[46.71182,24.56675],[46.71283,24.56727],[46.71369,24.56758],[46.71459,24.5678],[46.71653,24.56849],[46.71981,24.56992],[46.72205,24.57111],[46.72198,24.5714],[46.72242,24.57173],[46.72237,24.57201],[46.72095,24.5736],[46.72008,24.57423],[46.71934,24.57504],[46.71766,24.57649],[46.71684,24.57731],[46.71617,24.57782],[46.71503,24.57848],[46.71433,24.57924],[46.7131,24.58089],[46.71137,24.58369],[46.7109,24.58511],[46.7096,24.58528],[46.70684,24.58594]]]},"properties":{"district_id":"riyadh-al-shifa","name_ar":"الشفا","name_en":"Al Shifa","city":"riyadh","source_codes":["70030076562014245"]}},{"type":"Feature","id":"riyadh-al-shohda","geometry":{"type":"Polygon","coordinates":[[[46.5986,24.72669],[46.59539,24.72935],[46.5936,24.73119],[46.59216,24.73315],[46.59043,24.73635],[46.58882,24.73511],[46.58666,24.73303],[46.58498,24.73097],[46.58443,24.72993],[46.58396,24.72867],[46.58363,24.72691],[46.58356,24.72539],[46.58362,24.72508],[46.59304,24.72542],[46.59754,24.72568],[46.59799,24.72592],[46.59835,24.72627],[46.5986,24.72669]]]},"properties":{"district_id":"riyadh-al-shohda","name_ar":"الشهداء","name_en":"Al Shohda","city":"riyadh","source_codes":["70030076562014155"]}},{"type":"Feature","id":"riyadh-al-shualah","geometry":{"type":"Polygon","coordinates":[[[47.18148,25.0535],[47.18108,25.0981],[47.14751,25.09286],[47.13174,25.09229],[47.11268,25.08939],[47.09836,25.04438],[47.10374,25.04497],[47.18148,25.0535]]]},"properties":{"district_id":"riyadh-al-shualah","name_ar":"الشعلة","name_en":"Al Shualah","city":"riyadh","source_codes":["70030076562015811"]}},{"type":"Feature","id":"riyadh-al-shumaisi","geometry":{"type":"Polygon","coordinates":[[[46.70497,24.62883],[46.705,24.62935],[46.70484,24.63069],[46.7047,24.63102],[46.69234,24.6298],[46.69223,24.62747],[46.69236,24.62697],[46.69258,24.62676],[46.69336,24.62638],[46.69363,24.62616],[46.69881,24.61907],[46.69929,24.61861],[46.69973,24.61835],[46.70077,24.61804],[46.70655,24.61729],[46.70497,24.62883]]]},"properties":{"district_id":"riyadh-al-shumaisi","name_ar":"الشميسي","name_en":"Al Shumaisi","city":"riyadh","source_codes":["70030076562019304"]}},{"type":"Feature","id":"riyadh-al-sidrah","geometry":{"type":"Polygon","coordinates":[[[46.88588,24.44921],[46.88326,24.45554],[46.87404,24.4523],[46.87671,24.44595],[46.88588,24.44921]]]},"properties":{"district_id":"riyadh-al-sidrah","name_ar":"السدرة","name_en":"Al Sidrah","city":"riyadh","source_codes":["70030076562015804"]}},{"type":"Feature","id":"riyadh-al-sulaimaniyah","geometry":{"type":"MultiPolygon","coordinates":[[[[46.69294,24.72132],[46.68195,24.71647],[46.6873,24.70625],[46.69042,24.70758],[46.69122,24.7059],[46.69191,24.70185],[46.69617,24.6934],[46.69995,24.695],[46.70332,24.69695],[46.69892,24.68581],[46.69886,24.68538],[46.69892,24.68495],[46.69965,24.6834],[46.70825,24.68698],[46.70992,24.68751],[46.71173,24.68794],[46.71258,24.68827],[46.71332,24.68868],[46.71398,24.68918],[46.71548,24.69086],[46.71611,24.69142],[46.71698,24.69197],[46.71804,24.6924],[46.71772,24.7045],[46.71778,24.70506],[46.71798,24.7058],[46.71798,24.70614],[46.71787,24.70642],[46.70608,24.71017],[46.69892,24.7135],[46.69781,24.71438],[46.69556,24.71682],[46.69434,24.71856],[46.69294,24.72132]]],[[[46.71322,24.68807],[46.71382,24.68904],[46.71314,24.68857],[46.71223,24.68811],[46.70956,24.68742],[46.70825,24.68698],[46.69965,24.6834],[46.70158,24.67958],[46.70342,24.67547],[46.71322,24.68807]]]]},"properties":{"district_id":"riyadh-al-sulaimaniyah","name_ar":"السليمانية","name_en":"Al Sulaimaniyah","city":"riyadh","source_codes":["70030076562026122","70030076562026124"]}},{"type":"Feature","id":"riyadh-al-sulay","geometry":{"type":"Polygon","coordinates":[[[46.85701,24.66252],[46.85711,24.66491],[46.85651,24.69122],[46.85568,24.69103],[46.80625,24.66787],[46.83497,24.6169],[46.89689,24.64586],[46.89779,24.65304],[46.89935,24.65555],[46.86464,24.65469],[46.85739,24.65459],[46.85701,24.66252]]]},"properties":{"district_id":"riyadh-al-sulay","name_ar":"السلي","name_en":"Al Sulay","city":"riyadh","source_codes":["70030076562014241"]}},{"type":"Feature","id":"riyadh-al-suwaidi","geometry":{"type":"Polygon","coordinates":[[[46.70313,24.59615],[46.70304,24.59705],[46.70308,24.59794],[46.70325,24.59883],[46.70353,24.59969],[46.70422,24.60094],[46.70527,24.60219],[46.7058,24.60295],[46.7066,24.60467],[46.70397,24.60377],[46.7018,24.60247],[46.69743,24.60125],[46.69188,24.59876],[46.68553,24.5981],[46.6851,24.59797],[46.6845,24.59767],[46.68101,24.59553],[46.67826,24.59946],[46.67811,24.59926],[46.67798,24.59934],[46.67729,24.60035],[46.67752,24.60065],[46.67745,24.60146],[46.67732,24.60167],[46.67626,24.60232],[46.67599,24.60287],[46.676,24.6035],[46.67587,24.60361],[46.67547,24.60368],[46.67543,24.604],[46.67527,24.60399],[46.67526,24.60411],[46.67462,24.6039],[46.67467,24.60375],[46.67449,24.60364],[46.67389,24.60294],[46.67335,24.6026],[46.67294,24.60215],[46.6727,24.60204],[46.6725,24.60158],[46.67267,24.60065],[46.67253,24.60016],[46.67228,24.59994],[46.67168,24.59966],[46.67125,24.59917],[46.67104,24.59905],[46.67068,24.59939],[46.67057,24.59964],[46.67105,24.60031],[46.67161,24.60065],[46.6716,24.60107],[46.67133,24.60169],[46.67109,24.60156],[46.67075,24.60106],[46.6703,24.60071],[46.67009,24.60059],[46.66949,24.60047],[46.66884,24.6005],[46.66782,24.60073],[46.66526,24.60094],[46.66423,24.60088],[46.66387,24.60077],[46.66366,24.60051],[46.66347,24.5999],[46.66321,24.59957],[46.66296,24.59837],[46.66266,24.59798],[46.66228,24.59717],[46.66186,24.59678],[46.66108,24.59641],[46.66095,24.59626],[46.6607,24.59619],[46.66026,24.59585],[46.65822,24.59534],[46.65789,24.59515],[46.65771,24.59478],[46.65768,24.59432],[46.65774,24.59413],[46.6576,24.59344],[46.65764,24.5932],[46.65735,24.59276],[46.65586,24.59195],[46.65482,24.59113],[46.65355,24.59],[46.65413,24.5892],[46.6541,24.58907],[46.65278,24.58828],[46.66123,24.57688],[46.69295,24.59651],[46.69313,24.59595],[46.69334,24.59578],[46.69526,24.59523],[46.69576,24.59473],[46.69691,24.59534],[46.69802,24.59564],[46.70149,24.59613],[46.70313,24.59615]]]},"properties":{"district_id":"riyadh-al-suwaidi","name_ar":"السويدي","name_en":"Al Suwaidi","city":"riyadh","source_codes":["70030076562019297"]}},{"type":"Feature","id":"riyadh-al-taawon","geometry":{"type":"Polygon","coordinates":[[[46.71266,24.76861],[46.70435,24.78504],[46.68638,24.77748],[46.69468,24.76104],[46.71266,24.76861]]]},"properties":{"district_id":"riyadh-al-taawon","name_ar":"التعاون","name_en":"Al Taawon","city":"riyadh","source_codes":["70030076562019250"]}},{"type":"Feature","id":"riyadh-al-tadamon","geometry":{"type":"Polygon","coordinates":[[[47.10456,25.08816],[47.12668,25.16792],[47.09812,25.16875],[47.09468,25.16329],[47.09395,25.16226],[47.06048,25.12256],[47.05933,25.12103],[47.05834,25.11941],[47.05754,25.11778],[47.0568,25.11574],[47.04791,25.07953],[47.10456,25.08816]]]},"properties":{"district_id":"riyadh-al-tadamon","name_ar":"التضامن","name_en":"Al Tadamon","city":"riyadh","source_codes":["70030076562019249"]}},{"type":"Feature","id":"riyadh-al-uraija","geometry":{"type":"Polygon","coordinates":[[[46.65154,24.63561],[46.65115,24.63594],[46.65013,24.63511],[46.64972,24.63468],[46.64896,24.63347],[46.64822,24.63184],[46.64814,24.63106],[46.64815,24.62964],[46.6478,24.6291],[46.64737,24.62873],[46.64683,24.62842],[46.64542,24.62804],[46.64394,24.62711],[46.64219,24.62562],[46.64118,24.62498],[46.63976,24.62336],[46.63972,24.62316],[46.64179,24.62323],[46.64179,24.62306],[46.6416,24.62275],[46.64191,24.62264],[46.64181,24.62246],[46.64151,24.62248],[46.64124,24.62229],[46.64123,24.62204],[46.64171,24.62177],[46.64209,24.62048],[46.64248,24.62031],[46.64226,24.62023],[46.64205,24.62001],[46.64143,24.61896],[46.64158,24.61866],[46.64142,24.61802],[46.6415,24.61761],[46.6431,24.61768],[46.64402,24.6178],[46.65046,24.61753],[46.65147,24.61778],[46.65198,24.618],[46.65276,24.61852],[46.65369,24.61935],[46.65683,24.61846],[46.65689,24.61859],[46.65811,24.6181],[46.65835,24.6181],[46.65848,24.61761],[46.65925,24.61783],[46.65946,24.61776],[46.65962,24.61784],[46.65999,24.61828],[46.66054,24.61838],[46.66058,24.61866],[46.65975,24.61863],[46.65899,24.61834],[46.65897,24.61851],[46.65939,24.61867],[46.65964,24.61892],[46.65895,24.61909],[46.65895,24.61895],[46.65818,24.61871],[46.65803,24.6188],[46.6587,24.6191],[46.65867,24.61921],[46.65831,24.61927],[46.65849,24.6194],[46.66025,24.61925],[46.66035,24.61969],[46.66011,24.62011],[46.66032,24.62019],[46.66047,24.62065],[46.66073,24.62071],[46.6609,24.62059],[46.66105,24.61954],[46.66135,24.61932],[46.66143,24.61901],[46.662,24.61836],[46.66257,24.61819],[46.663,24.61822],[46.66335,24.61832],[46.66348,24.61846],[46.66299,24.61966],[46.66302,24.61991],[46.6633,24.61985],[46.66359,24.61935],[46.66362,24.61909],[46.6638,24.61901],[46.66407,24.61862],[46.66433,24.61851],[46.66476,24.61847],[46.66531,24.61855],[46.6654,24.61863],[46.66546,24.61885],[46.66513,24.61925],[46.66499,24.61986],[46.66514,24.62],[46.66536,24.61991],[46.66555,24.61918],[46.66571,24.61891],[46.66604,24.61888],[46.66682,24.61818],[46.66706,24.61814],[46.66715,24.61803],[46.66755,24.61786],[46.66796,24.61711],[46.66798,24.61648],[46.66791,24.61609],[46.66818,24.61613],[46.66898,24.61593],[46.66921,24.61675],[46.66969,24.61749],[46.67287,24.62044],[46.67301,24.62073],[46.67313,24.62154],[46.67305,24.6225],[46.67287,24.62313],[46.67202,24.62486],[46.67136,24.62583],[46.67007,24.62712],[46.66915,24.62822],[46.6686,24.62904],[46.66756,24.62989],[46.66646,24.63045],[46.6646,24.63093],[46.66064,24.63215],[46.65941,24.63263],[46.65874,24.63302],[46.65739,24.63346],[46.65509,24.63404],[46.6541,24.63449],[46.65261,24.63496],[46.65154,24.63561]]]},"properties":{"district_id":"riyadh-al-uraija","name_ar":"العريجاء","name_en":"Al Uraija","city":"riyadh","source_codes":["70030076562022381"]}},{"type":"Feature","id":"riyadh-al-wadi","geometry":{"type":"Polygon","coordinates":[[[46.70435,24.78504],[46.69611,24.80141],[46.67812,24.79387],[46.68638,24.77748],[46.70435,24.78504]]]},"properties":{"district_id":"riyadh-al-wadi","name_ar":"الوادي","name_en":"Al Wadi","city":"riyadh","source_codes":["70030076562017679"]}},{"type":"Feature","id":"riyadh-al-wahah","geometry":{"type":"Polygon","coordinates":[[[46.7258,24.74262],[46.72112,24.75187],[46.70311,24.74424],[46.70886,24.73291],[46.71112,24.73679],[46.72365,24.72905],[46.7258,24.74262]]]},"properties":{"district_id":"riyadh-al-wahah","name_ar":"الواحة","name_en":"Al Wahah","city":"riyadh","source_codes":["70030076562017677"]}},{"type":"Feature","id":"riyadh-al-wasita","geometry":{"type":"Polygon","coordinates":[[[46.71761,24.62051],[46.7188,24.62058],[46.71628,24.62516],[46.71396,24.62787],[46.71285,24.62709],[46.71304,24.6267],[46.71337,24.62615],[46.71487,24.62411],[46.71761,24.62051]]]},"properties":{"district_id":"riyadh-al-wasita","name_ar":"الوسيطا","name_en":"Al Wasita","city":"riyadh","source_codes":["70030076562020572"]}},{"type":"Feature","id":"riyadh-al-wisam","geometry":{"type":"Polygon","coordinates":[[[46.88662,24.88764],[46.88832,24.88891],[46.88992,24.88992],[46.89127,24.89063],[46.89303,24.89138],[46.89449,24.89186],[46.89792,24.89266],[46.89981,24.89322],[46.90164,24.89395],[46.90337,24.89484],[46.90469,24.89566],[46.90592,24.89658],[46.90708,24.89757],[46.91035,24.90067],[46.91245,24.90236],[46.91422,24.90361],[46.91748,24.90559],[46.92256,24.90814],[46.92627,24.91018],[46.91191,24.92587],[46.89245,24.91894],[46.86749,24.90524],[46.88452,24.8859],[46.88662,24.88764]]]},"properties":{"district_id":"riyadh-al-wisam","name_ar":"الوسام","name_en":"Al Wisam","city":"riyadh","source_codes":["70030076562017688"]}},{"type":"Feature","id":"riyadh-al-wisham","geometry":{"type":"Polygon","coordinates":[[[46.70228,24.65018],[46.70026,24.64835],[46.69705,24.64617],[46.69323,24.64696],[46.6927,24.63702],[46.70386,24.63771],[46.70297,24.64553],[46.70228,24.65018]]]},"properties":{"district_id":"riyadh-al-wisham","name_ar":"الوشام","name_en":"Al Wisham","city":"riyadh","source_codes":["70030076562017690"]}},{"type":"Feature","id":"riyadh-al-wizarat","geometry":{"type":"Polygon","coordinates":[[[46.71846,24.67106],[46.71804,24.6924],[46.71662,24.69177],[46.71595,24.69129],[46.71533,24.6907],[46.71444,24.68963],[46.71382,24.68904],[46.71322,24.68807],[46.70799,24.68138],[46.7084,24.68043],[46.70853,24.67976],[46.70817,24.67598],[46.70822,24.67506],[46.70925,24.66928],[46.70953,24.66827],[46.71045,24.66591],[46.71235,24.66677],[46.71316,24.66704],[46.71821,24.667],[46.71846,24.67106]]]},"properties":{"district_id":"riyadh-al-wizarat","name_ar":"الوزارات","name_en":"Al Wizarat","city":"riyadh","source_codes":["70030076562022423"]}},{"type":"Feature","id":"riyadh-al-woroud","geometry":{"type":"Polygon","coordinates":[[[46.69294,24.72132],[46.68517,24.73669],[46.66404,24.72777],[46.67199,24.71206],[46.69294,24.72132]]]},"properties":{"district_id":"riyadh-al-woroud","name_ar":"الورود","name_en":"Al Woroud","city":"riyadh","source_codes":["70030076562017685"]}},{"type":"Feature","id":"riyadh-al-yamama","geometry":{"type":"Polygon","coordinates":[[[46.71953,24.60723],[46.71611,24.60599],[46.71548,24.60584],[46.71459,24.60582],[46.71187,24.60607],[46.71077,24.60605],[46.71184,24.59048],[46.71182,24.58995],[46.71156,24.58943],[46.71095,24.58878],[46.7102,24.58832],[46.70684,24.58594],[46.70934,24.58533],[46.71064,24.58513],[46.71184,24.5851],[46.71392,24.58524],[46.717,24.58572],[46.71976,24.58634],[46.7222,24.58702],[46.725,24.58799],[46.7237,24.59044],[46.72314,24.59211],[46.72254,24.5955],[46.72227,24.60076],[46.72187,24.60307],[46.72133,24.60468],[46.71953,24.60723]]]},"properties":{"district_id":"riyadh-al-yamama","name_ar":"اليمامة","name_en":"Al Yamama","city":"riyadh","source_codes":["70030076562020579"]}},{"type":"Feature","id":"riyadh-al-yarmuk","geometry":{"type":"Polygon","coordinates":[[[46.80893,24.80926],[46.79785,24.82446],[46.75803,24.80766],[46.7663,24.7912],[46.80893,24.80926]]]},"properties":{"district_id":"riyadh-al-yarmuk","name_ar":"اليرموك","name_en":"Al Yarmuk","city":"riyadh","source_codes":["70030076562020577"]}},{"type":"Feature","id":"riyadh-al-yasmeen","geometry":{"type":"Polygon","coordinates":[[[46.65329,24.84306],[46.61411,24.82658],[46.62239,24.81019],[46.6436,24.81912],[46.65188,24.80271],[46.66984,24.81026],[46.65329,24.84306]]]},"properties":{"district_id":"riyadh-al-yasmeen","name_ar":"الياسمين","name_en":"Al Yasmeen","city":"riyadh","source_codes":["70030076562022427"]}},{"type":"Feature","id":"riyadh-al-zaher","geometry":{"type":"Polygon","coordinates":[[[47.11268,25.08939],[47.04791,25.07953],[47.04653,25.07406],[47.04556,25.07134],[47.04441,25.06868],[47.02673,25.03464],[47.02585,25.03308],[47.025,25.03123],[47.02407,25.02861],[47.02375,25.02727],[47.02355,25.02591],[47.02346,25.02419],[47.02367,25.01964],[47.08598,25.00546],[47.11268,25.08939]]]},"properties":{"district_id":"riyadh-al-zaher","name_ar":"الزاهر","name_en":"Al Zaher","city":"riyadh","source_codes":["70030076562015799"]}},{"type":"Feature","id":"riyadh-al-zahra","geometry":{"type":"Polygon","coordinates":[[[46.74088,24.68177],[46.73801,24.68483],[46.73337,24.68673],[46.73181,24.6946],[46.7315,24.69528],[46.73003,24.69483],[46.7232,24.69357],[46.72327,24.69263],[46.72646,24.67884],[46.73936,24.68112],[46.74011,24.68134],[46.74088,24.68177]]]},"properties":{"district_id":"riyadh-al-zahra","name_ar":"الزهراء","name_en":"Al Zahra","city":"riyadh","source_codes":["70030076562019290"]}},{"type":"Feature","id":"riyadh-al-zahrah","geometry":{"type":"Polygon","coordinates":[[[46.64823,24.56902],[46.65345,24.57202],[46.66123,24.57688],[46.64976,24.59237],[46.63027,24.58043],[46.64163,24.56494],[46.64823,24.56902]]]},"properties":{"district_id":"riyadh-al-zahrah","name_ar":"الزهرة","name_en":"Al Zahrah","city":"riyadh","source_codes":["70030076562015800"]}},{"type":"Feature","id":"riyadh-al-zohour","geometry":{"type":"Polygon","coordinates":[[[47.21894,25.06057],[47.21118,25.10161],[47.20317,25.10155],[47.18108,25.0981],[47.18148,25.0535],[47.21894,25.06057]]]},"properties":{"district_id":"riyadh-al-zohour","name_ar":"الزهور","name_en":"Al Zohour","city":"riyadh","source_codes":["70030076562015801"]}},{"type":"Feature","id":"riyadh-ash-shohda","geometry":{"type":"Polygon","coordinates":[[[46.74855,24.78374],[46.74029,24.80017],[46.72231,24.7926],[46.73059,24.77617],[46.74855,24.78374]]]},"properties":{"district_id":"riyadh-ash-shohda","name_ar":"الشهداء","name_en":"Ash-Shohda","city":"riyadh","source_codes":["70030076562019305"]}},{"type":"Feature","id":"riyadh-assafarat","geometry":{"type":"Polygon","coordinates":[[[46.62776,24.69718],[46.61944,24.69297],[46.61856,24.69632],[46.61836,24.69512],[46.61797,24.69415],[46.61733,24.69337],[46.6163,24.69232],[46.61569,24.69099],[46.61516,24.69021],[46.61472,24.68983],[46.61392,24.68931],[46.61354,24.68889],[46.61334,24.6885],[46.61285,24.68693],[46.61226,24.68581],[46.6118,24.68532],[46.60852,24.68232],[46.60784,24.68147],[46.60731,24.68054],[46.60712,24.67967],[46.60729,24.67602],[46.60698,24.67372],[46.60724,24.67195],[46.60722,24.6716],[46.60594,24.66896],[46.60536,24.66658],[46.60389,24.66209],[46.60367,24.66102],[46.60359,24.65948],[46.60365,24.65875],[46.60385,24.65798],[46.60445,24.65683],[46.61501,24.66343],[46.61748,24.66492],[46.61927,24.66588],[46.62112,24.66674],[46.62345,24.66767],[46.62754,24.66893],[46.63282,24.67038],[46.63496,24.67108],[46.63591,24.67156],[46.63688,24.67224],[46.63765,24.67297],[46.63834,24.67385],[46.63879,24.67461],[46.63915,24.67545],[46.63938,24.67631],[46.6395,24.67715],[46.6395,24.678],[46.6394,24.67884],[46.63891,24.68039],[46.63852,24.68117],[46.63773,24.68242],[46.62776,24.69718]]]},"properties":{"district_id":"riyadh-assafarat","name_ar":"السفارات","name_en":"Assafarat","city":"riyadh","source_codes":["70030076562020629"]}},{"type":"Feature","id":"riyadh-badr","geometry":{"type":"Polygon","coordinates":[[[46.72252,24.57102],[46.72205,24.57111],[46.71981,24.56992],[46.71749,24.56887],[46.71508,24.56796],[46.71347,24.56751],[46.71262,24.56718],[46.71163,24.56664],[46.71087,24.56604],[46.68866,24.53918],[46.68823,24.53829],[46.67748,24.52521],[46.68245,24.5249],[46.68303,24.52471],[46.68322,24.52444],[46.68338,24.52362],[46.68356,24.52339],[46.68403,24.52305],[46.68409,24.52225],[46.68403,24.52206],[46.68327,24.52178],[46.68273,24.52126],[46.68237,24.52104],[46.69223,24.5142],[46.68399,24.50428],[46.68663,24.50293],[46.68907,24.50131],[46.69129,24.49944],[46.69244,24.49826],[46.6935,24.49701],[46.69541,24.49811],[46.69629,24.49847],[46.69725,24.49869],[46.69804,24.49873],[46.69895,24.49866],[46.70091,24.49818],[46.7014,24.49818],[46.70198,24.49829],[46.70249,24.49851],[46.70303,24.49891],[46.70383,24.50013],[46.70429,24.50072],[46.70462,24.501],[46.70503,24.5012],[46.70545,24.5013],[46.70588,24.5013],[46.70638,24.50118],[46.70683,24.50085],[46.70706,24.50035],[46.70697,24.49815],[46.70716,24.49627],[46.70731,24.49597],[46.70756,24.49571],[46.70789,24.49553],[46.70824,24.49545],[46.70911,24.49556],[46.7099,24.49584],[46.71241,24.49745],[46.71282,24.49769],[46.71327,24.49784],[46.71378,24.49786],[46.71426,24.49773],[46.71513,24.49711],[46.71577,24.49687],[46.71641,24.49688],[46.71698,24.49713],[46.71734,24.49749],[46.71755,24.49804],[46.71746,24.49874],[46.71714,24.50002],[46.71715,24.50063],[46.71726,24.50123],[46.71749,24.50182],[46.71771,24.5021],[46.7181,24.50234],[46.71855,24.50243],[46.72064,24.50244],[46.72125,24.50227],[46.72172,24.50189],[46.72216,24.50119],[46.72264,24.50061],[46.72383,24.49962],[46.72562,24.49856],[46.72758,24.49779],[46.72833,24.49796],[46.72948,24.49882],[46.73061,24.49931],[46.73167,24.49948],[46.73315,24.49941],[46.73384,24.4992],[46.73434,24.49893],[46.73513,24.49808],[46.73617,24.49749],[46.73702,24.49726],[46.73921,24.49707],[46.74101,24.49666],[46.74278,24.49595],[46.7446,24.49485],[46.74564,24.4946],[46.74797,24.49483],[46.75052,24.49468],[46.754,24.49514],[46.75499,24.49517],[46.75627,24.49507],[46.75693,24.49518],[46.75768,24.49561],[46.7588,24.49687],[46.75983,24.49771],[46.7618,24.49952],[46.76244,24.49987],[46.76331,24.50007],[46.76646,24.50014],[46.7673,24.4999],[46.76809,24.49956],[46.76883,24.49913],[46.76949,24.4986],[46.7721,24.49568],[46.77294,24.49506],[46.77373,24.4947],[46.77433,24.49465],[46.77489,24.49473],[46.77631,24.49539],[46.77724,24.49573],[46.77845,24.49602],[46.77996,24.49619],[46.78111,24.49666],[46.78143,24.49707],[46.7817,24.49761],[46.78201,24.49895],[46.78248,24.50015],[46.7827,24.50098],[46.78338,24.50188],[46.78434,24.50272],[46.78385,24.50337],[46.78179,24.50566],[46.77874,24.50842],[46.77794,24.5094],[46.77731,24.51045],[46.77559,24.51096],[46.77445,24.51079],[46.77367,24.51087],[46.76727,24.513],[46.76606,24.51358],[46.76495,24.5143],[46.76395,24.51516],[46.76276,24.51641],[46.7625,24.51678],[46.76236,24.5172],[46.76219,24.51925],[46.7622,24.52074],[46.76277,24.52336],[46.7627,24.52475],[46.76232,24.52524],[46.76208,24.52572],[46.76219,24.52614],[46.76211,24.52752],[46.7617,24.52863],[46.76109,24.53171],[46.76052,24.53261],[46.75941,24.53379],[46.75769,24.53502],[46.75697,24.53563],[46.75634,24.53631],[46.75521,24.53776],[46.75344,24.5395],[46.7523,24.54044],[46.75079,24.54229],[46.74774,24.54631],[46.74688,24.54759],[46.74645,24.54874],[46.74608,24.54922],[46.74504,24.5498],[46.74299,24.55052],[46.74241,24.55106],[46.74209,24.55146],[46.74187,24.55136],[46.74079,24.55132],[46.73915,24.55153],[46.73888,24.55146],[46.73857,24.55122],[46.73838,24.5512],[46.73743,24.55172],[46.73704,24.55206],[46.7365,24.55263],[46.73647,24.55331],[46.73458,24.55635],[46.73366,24.55751],[46.73331,24.55857],[46.73246,24.55955],[46.73205,24.5606],[46.73133,24.56103],[46.72996,24.56204],[46.72864,24.56373],[46.72823,24.56455],[46.72759,24.56527],[46.72632,24.56742],[46.72524,24.56828],[46.72415,24.56978],[46.72353,24.57047],[46.72318,24.57079],[46.72252,24.57102]]]},"properties":{"district_id":"riyadh-badr","name_ar":"بدر","name_en":"Badr","city":"riyadh","source_codes":["70030076562014197"]}},{"type":"Feature","id":"riyadh-benban","geometry":{"type":"Polygon","coordinates":[[[46.50673,25.05625],[46.50576,25.05629],[46.48882,25.04778],[46.48701,25.04678],[46.48377,25.04465],[46.47361,25.03732],[46.47266,25.03656],[46.47112,25.03513],[46.46995,25.03377],[46.45658,25.01597],[46.46428,25.0089],[46.4658,25.00731],[46.46666,25.00625],[46.46812,25.00414],[46.46931,25.00195],[46.46993,25.00055],[46.47059,24.99877],[46.47107,24.99678],[46.47135,24.9947],[46.47145,24.99242],[46.47094,24.98547],[46.47088,24.98351],[46.4705,24.96294],[46.47044,24.95519],[46.47065,24.9509],[46.47142,24.94443],[46.47219,24.92988],[46.47256,24.92677],[46.47303,24.92505],[46.47388,24.92313],[46.47447,24.92218],[46.47508,24.92141],[46.47583,24.92061],[46.47679,24.91981],[46.4783,24.91888],[46.48031,24.918],[46.48393,24.91678],[46.4964,24.91363],[46.49826,24.9157],[46.50212,24.9198],[46.51074,24.92433],[46.51585,24.92644],[46.52645,24.93336],[46.52982,24.93743],[46.53343,24.94052],[46.54456,24.94564],[46.56833,24.9607],[46.57028,24.96184],[46.5715,24.96246],[46.5905,24.97055],[46.59177,24.9712],[46.59325,24.97214],[46.60274,24.97931],[46.59533,24.99133],[46.5987,24.9941],[46.6006,24.99549],[46.60141,24.99599],[46.60314,24.99751],[46.60548,25.00158],[46.60691,25.00117],[46.60939,25.0025],[46.611,25.0038],[46.61136,25.00415],[46.61162,25.00575],[46.61038,25.01244],[46.60426,25.02443],[46.60294,25.0232],[46.60208,25.0228],[46.60079,25.02249],[46.60025,25.02244],[46.59903,25.02256],[46.59854,25.02274],[46.59425,25.02528],[46.59365,25.0255],[46.59233,25.0318],[46.59182,25.03393],[46.59087,25.03765],[46.59036,25.03909],[46.58667,25.0431],[46.57261,25.03252],[46.56558,25.03796],[46.56454,25.03865],[46.56452,25.03948],[46.56463,25.03999],[46.56419,25.04049],[46.56385,25.04168],[46.56286,25.04143],[46.56239,25.04112],[46.5623,25.04094],[46.56229,25.04061],[46.56215,25.04046],[46.56176,25.04061],[46.56132,25.04038],[46.56102,25.04035],[46.56102,25.04044],[46.56035,25.04094],[46.5591,25.04097],[46.55884,25.04086],[46.55819,25.04091],[46.55799,25.04106],[46.55799,25.04128],[46.55775,25.04202],[46.55694,25.04168],[46.55647,25.04136],[46.55626,25.04119],[46.55615,25.04089],[46.55535,25.04123],[46.55496,25.04123],[46.55473,25.04112],[46.55462,25.0412],[46.55411,25.04118],[46.55387,25.04093],[46.55376,25.04042],[46.55356,25.04059],[46.55347,25.04084],[46.55318,25.04121],[46.55272,25.04144],[46.55236,25.04176],[46.5512,25.04198],[46.55076,25.04175],[46.55027,25.04168],[46.54951,25.04175],[46.54903,25.04145],[46.54841,25.04131],[46.54787,25.04078],[46.547,25.04092],[46.54622,25.04087],[46.54588,25.04054],[46.54543,25.04034],[46.54506,25.04004],[46.54484,25.03969],[46.54475,25.03934],[46.54454,25.03935],[46.5443,25.03951],[46.5435,25.03948],[46.54328,25.03966],[46.54312,25.04018],[46.54277,25.0405],[46.54239,25.0407],[46.54166,25.04075],[46.54127,25.04059],[46.54101,25.04063],[46.54043,25.04024],[46.54029,25.04024],[46.54012,25.04006],[46.53955,25.04013],[46.53922,25.03989],[46.53855,25.03999],[46.53795,25.03997],[46.53744,25.03934],[46.53709,25.03942],[46.53644,25.03981],[46.53602,25.03997],[46.53534,25.03999],[46.53504,25.04011],[46.53454,25.03999],[46.53438,25.0402],[46.53446,25.04072],[46.53416,25.041],[46.53367,25.04118],[46.53294,25.0412],[46.53248,25.0415],[46.53194,25.0414],[46.53167,25.04161],[46.53132,25.04163],[46.53008,25.04245],[46.52944,25.04251],[46.52821,25.04198],[46.52715,25.04252],[46.52658,25.04258],[46.52658,25.04326],[46.52639,25.04322],[46.52589,25.04277],[46.52508,25.04299],[46.52511,25.04313],[46.52478,25.04363],[46.52448,25.04399],[46.52424,25.04415],[46.52353,25.04426],[46.52312,25.04413],[46.52301,25.04397],[46.52196,25.04389],[46.5217,25.04427],[46.52125,25.04449],[46.5212,25.04475],[46.52083,25.04505],[46.52037,25.04524],[46.51992,25.04568],[46.51941,25.0459],[46.51937,25.04624],[46.51899,25.04655],[46.51852,25.04674],[46.51733,25.04678],[46.51694,25.04697],[46.51657,25.04699],[46.51621,25.04723],[46.51574,25.04732],[46.51551,25.04757],[46.51524,25.04765],[46.51521,25.0479],[46.51466,25.04839],[46.51508,25.04888],[46.51509,25.04915],[46.51488,25.04942],[46.51448,25.04967],[46.51448,25.04993],[46.51461,25.05015],[46.51441,25.05042],[46.51441,25.05067],[46.51409,25.0509],[46.51424,25.05102],[46.51466,25.05109],[46.51498,25.05138],[46.5154,25.05161],[46.51567,25.05215],[46.51569,25.05248],[46.51541,25.05298],[46.51523,25.05292],[46.51465,25.05317],[46.51458,25.05328],[46.51462,25.0534],[46.51444,25.0535],[46.51417,25.05346],[46.51382,25.05351],[46.51342,25.05323],[46.51321,25.05323],[46.51315,25.05347],[46.51288,25.05367],[46.51304,25.05403],[46.51301,25.05415],[46.51234,25.05439],[46.51166,25.05428],[46.51109,25.05455],[46.51098,25.05431],[46.51058,25.05418],[46.51037,25.0542],[46.51037,25.05479],[46.50993,25.05523],[46.50941,25.0554],[46.50945,25.05558],[46.50978,25.0558],[46.50973,25.05592],[46.5096,25.05599],[46.50918,25.05595],[46.50906,25.05601],[46.50874,25.05576],[46.5086,25.05575],[46.50824,25.05585],[46.5079,25.05608],[46.50757,25.05596],[46.50673,25.05625]]]},"properties":{"district_id":"riyadh-benban","name_ar":"بنبان","name_en":"Benban","city":"riyadh","source_codes":["70030076562015743"]}},{"type":"Feature","id":"riyadh-dahiyat-namar","geometry":{"type":"Polygon","coordinates":[[[46.58838,24.54995],[46.58728,24.55128],[46.58684,24.55126],[46.58674,24.55085],[46.58712,24.54906],[46.58769,24.54863],[46.58837,24.54836],[46.58941,24.54809],[46.58975,24.54777],[46.5894,24.5474],[46.58905,24.5472],[46.58887,24.54683],[46.58858,24.54668],[46.58916,24.54662],[46.58968,24.54703],[46.59037,24.54676],[46.58996,24.5464],[46.58921,24.54641],[46.58852,24.54631],[46.58834,24.54594],[46.58834,24.54568],[46.58822,24.54537],[46.58856,24.54499],[46.58803,24.54416],[46.58781,24.54469],[46.58752,24.54479],[46.58753,24.54516],[46.58736,24.54564],[46.58731,24.54616],[46.58697,24.5468],[46.58663,24.54701],[46.58652,24.54738],[46.58629,24.54744],[46.58601,24.54765],[46.58595,24.54786],[46.58566,24.54771],[46.58521,24.54803],[46.58354,24.54815],[46.5824,24.54921],[46.58206,24.54943],[46.58149,24.54943],[46.5801,24.54908],[46.57982,24.54929],[46.57976,24.54977],[46.58046,24.55002],[46.58029,24.55044],[46.58,24.5505],[46.58024,24.55076],[46.58064,24.55081],[46.58073,24.551],[46.57835,24.55096],[46.57775,24.55079],[46.57786,24.55037],[46.57861,24.55057],[46.57861,24.55025],[46.57803,24.55],[46.57872,24.54999],[46.57849,24.54962],[46.57923,24.54919],[46.57968,24.54872],[46.58014,24.54855],[46.58164,24.54885],[46.5826,24.54774],[46.58311,24.54684],[46.58374,24.54641],[46.58442,24.54609],[46.58448,24.54583],[46.58217,24.54559],[46.58189,24.54549],[46.58171,24.54533],[46.58137,24.54549],[46.58102,24.54534],[46.58085,24.5455],[46.58056,24.54555],[46.58039,24.54534],[46.58044,24.54508],[46.58004,24.54524],[46.57976,24.54546],[46.57768,24.54506],[46.57762,24.54485],[46.57785,24.54479],[46.57934,24.54472],[46.57963,24.54477],[46.5794,24.54446],[46.57997,24.54398],[46.58071,24.54361],[46.5814,24.5436],[46.58053,24.54271],[46.5795,24.54294],[46.5788,24.54289],[46.57828,24.54263],[46.57851,24.5424],[46.57787,24.54204],[46.57637,24.54144],[46.57408,24.54031],[46.57396,24.54004],[46.57366,24.54026],[46.57265,24.54055],[46.57171,24.54214],[46.57065,24.54314],[46.5694,24.54397],[46.56856,24.54393],[46.56808,24.54377],[46.56838,24.54338],[46.56825,24.54322],[46.56784,24.54339],[46.56754,24.54383],[46.56671,24.54417],[46.56659,24.54444],[46.56582,24.54505],[46.56511,24.54528],[46.56403,24.54545],[46.5626,24.54552],[46.56211,24.54525],[46.56158,24.54553],[46.56122,24.54537],[46.56116,24.54553],[46.56002,24.54527],[46.55984,24.54506],[46.55989,24.54451],[46.55983,24.54429],[46.55852,24.54474],[46.55798,24.54541],[46.55799,24.54568],[46.55763,24.54612],[46.55637,24.54586],[46.5559,24.54592],[46.55566,24.54614],[46.55555,24.54669],[46.55561,24.54691],[46.55531,24.54718],[46.55466,24.54763],[46.55442,24.54768],[46.554,24.54741],[46.55388,24.54742],[46.55317,24.54813],[46.55222,24.54864],[46.55198,24.54848],[46.55322,24.54726],[46.55348,24.54686],[46.55327,24.54638],[46.55291,24.54639],[46.55267,24.54683],[46.55262,24.5471],[46.55173,24.54766],[46.55208,24.54694],[46.5519,24.54678],[46.55147,24.54662],[46.55098,24.54559],[46.55062,24.54542],[46.54906,24.54528],[46.54894,24.54495],[46.54893,24.54435],[46.54881,24.54419],[46.54857,24.54419],[46.5484,24.54457],[46.5481,24.54485],[46.54787,24.54524],[46.54727,24.54557],[46.54614,24.54597],[46.5459,24.54613],[46.54572,24.54608],[46.54548,24.54613],[46.54537,24.54668],[46.54471,24.5468],[46.54448,24.54697],[46.54371,24.5484],[46.54342,24.54862],[46.54319,24.54917],[46.54289,24.54939],[46.54277,24.54966],[46.54254,24.54994],[46.54224,24.55011],[46.54164,24.55022],[46.54117,24.55056],[46.54057,24.55067],[46.54021,24.55062],[46.5411,24.55012],[46.54104,24.54979],[46.54056,24.54991],[46.54109,24.54946],[46.54073,24.54881],[46.54108,24.54848],[46.54125,24.54711],[46.54012,24.54816],[46.53976,24.54833],[46.53899,24.5485],[46.53809,24.54884],[46.5375,24.5489],[46.53732,24.54917],[46.53678,24.54891],[46.53618,24.54935],[46.53493,24.54947],[46.53463,24.54937],[46.53474,24.54893],[46.53438,24.54855],[46.53366,24.5485],[46.53318,24.54834],[46.53264,24.54834],[46.53204,24.54824],[46.53111,24.54765],[46.53069,24.54749],[46.5311,24.54688],[46.53181,24.54649],[46.53247,24.54649],[46.53307,24.54626],[46.53576,24.54612],[46.53611,24.54595],[46.53534,24.54596],[46.53467,24.5457],[46.53449,24.54548],[46.5321,24.54572],[46.53132,24.54551],[46.52947,24.54564],[46.52569,24.54562],[46.52527,24.54541],[46.5252,24.54393],[46.52579,24.5436],[46.52633,24.54348],[46.5265,24.54321],[46.5271,24.54276],[46.52787,24.54243],[46.52721,24.54249],[46.52643,24.54244],[46.52601,24.54223],[46.52511,24.54207],[46.52445,24.54175],[46.52564,24.54136],[46.52528,24.54114],[46.52462,24.5412],[46.52426,24.54115],[46.52396,24.54094],[46.52301,24.541],[46.52271,24.54117],[46.52229,24.54123],[46.52121,24.54107],[46.52089,24.54063],[46.51851,24.54044],[46.51809,24.54012],[46.51773,24.54013],[46.51737,24.54029],[46.51731,24.54046],[46.51701,24.54062],[46.51618,24.54085],[46.51565,24.54124],[46.51547,24.54162],[46.51386,24.54208],[46.51302,24.54181],[46.51242,24.54198],[46.51184,24.54229],[46.51099,24.54238],[46.51199,24.54111],[46.5133,24.54017],[46.51383,24.53962],[46.51484,24.53922],[46.51616,24.53899],[46.51758,24.53761],[46.51769,24.53734],[46.51609,24.53795],[46.51519,24.53851],[46.51478,24.53868],[46.51424,24.53868],[46.51299,24.53913],[46.51137,24.53888],[46.51143,24.53942],[46.51166,24.53959],[46.51124,24.53981],[46.51142,24.54014],[46.51107,24.54047],[46.51028,24.53966],[46.50925,24.53907],[46.50889,24.53825],[46.50859,24.53842],[46.50849,24.53942],[46.50855,24.53979],[46.50837,24.54006],[46.50752,24.53958],[46.50722,24.53914],[46.50686,24.53942],[46.50712,24.5404],[46.50772,24.54072],[46.50748,24.54122],[46.50688,24.54101],[46.50604,24.54047],[46.50556,24.54047],[46.50593,24.54102],[46.50599,24.54156],[46.50612,24.54189],[46.50606,24.54211],[46.50582,24.54211],[46.50552,24.5419],[46.5048,24.54163],[46.50456,24.54169],[46.50498,24.54201],[46.50499,24.54245],[46.50517,24.54266],[46.50493,24.54278],[46.50463,24.54262],[46.50445,24.54267],[46.50445,24.54311],[46.5047,24.54322],[46.50446,24.54338],[46.50422,24.54338],[46.50411,24.54453],[46.50375,24.54432],[46.50339,24.54432],[46.50328,24.5446],[46.50328,24.54509],[46.50304,24.54509],[46.50221,24.54548],[46.50203,24.54565],[46.50149,24.54576],[46.50096,24.54604],[46.5003,24.54599],[46.50009,24.54648],[46.49971,24.54704],[46.49918,24.54754],[46.49859,24.54787],[46.49638,24.54855],[46.49602,24.54888],[46.49549,24.549],[46.49483,24.54889],[46.49399,24.54901],[46.49351,24.54874],[46.49326,24.54836],[46.49325,24.54754],[46.49343,24.54705],[46.4942,24.54649],[46.49431,24.54611],[46.49467,24.54561],[46.49586,24.54516],[46.49592,24.545],[46.49442,24.5449],[46.49418,24.54513],[46.49359,24.54524],[46.49281,24.54519],[46.49227,24.54526],[46.49173,24.54553],[46.4918,24.54586],[46.4915,24.54608],[46.4909,24.54603],[46.49006,24.54582],[46.4897,24.54539],[46.48934,24.54561],[46.48922,24.54578],[46.48958,24.54599],[46.48911,24.54616],[46.48887,24.54649],[46.48828,24.54672],[46.48732,24.54689],[46.4872,24.54656],[46.4876,24.54536],[46.48813,24.54437],[46.4895,24.54413],[46.49099,24.54324],[46.49146,24.5428],[46.49206,24.54269],[46.4942,24.54179],[46.49492,24.54173],[46.4954,24.54183],[46.49527,24.54123],[46.49509,24.54118],[46.4945,24.54124],[46.49395,24.54092],[46.49324,24.54125],[46.49205,24.54219],[46.49098,24.54281],[46.49027,24.54303],[46.48926,24.54397],[46.48848,24.54403],[46.48812,24.54393],[46.48699,24.54438],[46.48663,24.54416],[46.48604,24.54461],[46.48514,24.5445],[46.48412,24.54468],[46.48447,24.54418],[46.48417,24.54375],[46.48458,24.54331],[46.48614,24.54335],[46.48614,24.54302],[46.4868,24.54328],[46.48716,24.54328],[46.48679,24.54285],[46.48691,24.54274],[46.48727,24.54268],[46.48853,24.54299],[46.48877,24.54261],[46.4887,24.54223],[46.4884,24.54217],[46.48792,24.54234],[46.48739,24.54235],[46.48708,24.54219],[46.48667,24.54252],[46.48607,24.54247],[46.48553,24.54231],[46.48493,24.54199],[46.48427,24.54194],[46.48385,24.54167],[46.48432,24.54139],[46.48384,24.54085],[46.48491,24.54029],[46.48604,24.54006],[46.48598,24.53979],[46.48538,24.53963],[46.48507,24.53925],[46.48496,24.53953],[46.48436,24.53981],[46.48368,24.54039],[46.48299,24.54065],[46.48271,24.54066],[46.48232,24.54118],[46.48209,24.54092],[46.48208,24.54051],[46.48146,24.54051],[46.48094,24.5401],[46.4811,24.53974],[46.48224,24.53962],[46.48127,24.53932],[46.48155,24.53905],[46.48223,24.53879],[46.48195,24.53858],[46.48132,24.53848],[46.48081,24.53859],[46.47915,24.5384],[46.47921,24.53819],[46.47977,24.53787],[46.48023,24.53777],[46.48107,24.53718],[46.48142,24.53734],[46.48193,24.53707],[46.48181,24.53692],[46.48198,24.53666],[46.48449,24.53679],[46.48386,24.53648],[46.48374,24.53622],[46.48391,24.53612],[46.48476,24.53616],[46.48494,24.53631],[46.48539,24.53636],[46.48642,24.53682],[46.48671,24.53703],[46.48722,24.53681],[46.48733,24.53593],[46.48778,24.53603],[46.48835,24.53602],[46.48755,24.53551],[46.48749,24.53504],[46.48782,24.53478],[46.48913,24.53461],[46.48999,24.53481],[46.49051,24.53517],[46.49251,24.53572],[46.49291,24.53592],[46.49371,24.53612],[46.49508,24.53627],[46.49484,24.53585],[46.49444,24.53539],[46.49393,24.53534],[46.49359,24.53545],[46.4925,24.53541],[46.4921,24.53494],[46.49198,24.53463],[46.49214,24.5339],[46.48992,24.53397],[46.48964,24.53377],[46.48946,24.53325],[46.489,24.53294],[46.48866,24.53305],[46.48797,24.53306],[46.48673,24.53369],[46.48611,24.53411],[46.48538,24.53496],[46.48481,24.53543],[46.48357,24.53591],[46.48157,24.53614],[46.48072,24.53636],[46.47999,24.53673],[46.47914,24.53746],[46.47886,24.53825],[46.47864,24.53825],[46.4783,24.53862],[46.47825,24.53898],[46.47774,24.53946],[46.47553,24.54073],[46.47437,24.54108],[46.47297,24.54101],[46.472,24.54087],[46.47138,24.54113],[46.46893,24.54121],[46.46813,24.54116],[46.46756,24.5407],[46.4659,24.54035],[46.46573,24.54025],[46.46595,24.53994],[46.46652,24.53977],[46.46738,24.53997],[46.46772,24.54013],[46.46823,24.54018],[46.4688,24.53991],[46.46914,24.53959],[46.46971,24.53938],[46.47021,24.53891],[46.47044,24.53844],[46.47083,24.53833],[46.47288,24.53825],[46.47334,24.53815],[46.47316,24.53789],[46.47236,24.53769],[46.47213,24.53748],[46.47219,24.53706],[46.47253,24.53696],[46.47298,24.537],[46.47281,24.53685],[46.47224,24.53665],[46.47315,24.53659],[46.47332,24.53674],[46.47468,24.53626],[46.4736,24.53596],[46.47257,24.53586],[46.47206,24.53566],[46.47143,24.53587],[46.47081,24.53588],[46.47046,24.53562],[46.47148,24.53515],[46.47199,24.53514],[46.47165,24.53493],[46.47182,24.53483],[46.47227,24.53488],[46.47256,24.53519],[46.47267,24.53487],[46.4717,24.53452],[46.46965,24.53428],[46.46816,24.53356],[46.46759,24.53357],[46.46741,24.53331],[46.4669,24.53311],[46.46605,24.53337],[46.46554,24.53364],[46.46451,24.53344],[46.4638,24.53369],[46.4633,24.53376],[46.46296,24.53361],[46.46074,24.5341],[46.45817,24.53329],[46.45737,24.53283],[46.45724,24.532],[46.45845,24.53282],[46.45925,24.53312],[46.46051,24.53342],[46.46079,24.53316],[46.46038,24.5327],[46.46078,24.53269],[46.46113,24.5329],[46.46084,24.53243],[46.46112,24.53238],[46.46147,24.53269],[46.461,24.5317],[46.46174,24.53216],[46.46232,24.53299],[46.46283,24.53288],[46.46335,24.53303],[46.46334,24.53262],[46.46355,24.53272],[46.46397,24.53219],[46.46414,24.53245],[46.46419,24.53219],[46.46454,24.53224],[46.4646,24.53245],[46.4647,24.53208],[46.46493,24.53203],[46.46505,24.53249],[46.46534,24.53254],[46.46556,24.53244],[46.46533,24.53213],[46.46533,24.53171],[46.46567,24.53181],[46.46596,24.53212],[46.46641,24.5318],[46.46641,24.53149],[46.46726,24.53174],[46.46858,24.53199],[46.46937,24.53198],[46.4696,24.53188],[46.46903,24.53152],[46.46743,24.53128],[46.46674,24.53107],[46.46514,24.53015],[46.46456,24.52969],[46.464,24.52985],[46.4632,24.52975],[46.46301,24.5298],[46.46297,24.52969],[46.46325,24.52949],[46.46336,24.52928],[46.46365,24.52933],[46.4637,24.52897],[46.46404,24.52907],[46.46438,24.52881],[46.46249,24.52747],[46.46203,24.52727],[46.4616,24.52723],[46.46128,24.52691],[46.46055,24.52718],[46.4601,24.5277],[46.45959,24.52781],[46.45924,24.52766],[46.45816,24.52803],[46.45754,24.52845],[46.45686,24.52867],[46.45581,24.52985],[46.45157,24.5295],[46.44937,24.52713],[46.44795,24.52586],[46.44564,24.52448],[46.44507,24.52482],[46.44441,24.52548],[46.44195,24.52847],[46.43756,24.52591],[46.43606,24.52523],[46.43451,24.52465],[46.43252,24.52407],[46.43047,24.52366],[46.4284,24.52342],[46.4263,24.52335],[46.42462,24.52342],[46.4231,24.52358],[46.42158,24.52383],[46.42005,24.5242],[46.41776,24.52496],[46.41294,24.527],[46.41374,24.52593],[46.41658,24.52429],[46.41674,24.52382],[46.41674,24.52358],[46.41683,24.52351],[46.41712,24.52382],[46.41765,24.52406],[46.41788,24.52404],[46.41844,24.52375],[46.41908,24.52319],[46.41921,24.52298],[46.41932,24.52246],[46.42004,24.52271],[46.42107,24.52237],[46.42114,24.52213],[46.42126,24.52203],[46.42118,24.52157],[46.42126,24.5214],[46.42184,24.52123],[46.42178,24.52062],[46.42194,24.52052],[46.42234,24.52048],[46.42245,24.52014],[46.42296,24.52007],[46.42318,24.52028],[46.42355,24.52023],[46.42347,24.51987],[46.4237,24.51989],[46.42379,24.5198],[46.42389,24.51966],[46.4239,24.51945],[46.42407,24.5192],[46.4244,24.51906],[46.42469,24.5187],[46.42512,24.51905],[46.42545,24.51902],[46.42603,24.51913],[46.42639,24.51898],[46.42645,24.5188],[46.42616,24.51848],[46.42661,24.51842],[46.4268,24.5183],[46.42647,24.51789],[46.4264,24.51768],[46.4266,24.51771],[46.42718,24.51806],[46.4275,24.518],[46.42782,24.51779],[46.42782,24.51749],[46.42746,24.51702],[46.42723,24.51646],[46.42729,24.51614],[46.42725,24.51564],[46.42748,24.5154],[46.4278,24.51525],[46.42841,24.51548],[46.42904,24.51662],[46.42943,24.51709],[46.42969,24.51733],[46.43031,24.51767],[46.43092,24.51779],[46.4315,24.51778],[46.43169,24.51769],[46.43185,24.51716],[46.43188,24.5166],[46.43163,24.51519],[46.43225,24.51503],[46.43276,24.51535],[46.43331,24.51529],[46.43518,24.51462],[46.43549,24.51432],[46.43559,24.51411],[46.43571,24.51311],[46.43531,24.51192],[46.43457,24.51116],[46.43462,24.51098],[46.43565,24.51152],[46.43622,24.51151],[46.43737,24.51108],[46.43783,24.51105],[46.43864,24.5108],[46.43912,24.51043],[46.43949,24.50988],[46.43954,24.50968],[46.43973,24.5097],[46.44019,24.51032],[46.4406,24.51039],[46.44162,24.51025],[46.4417,24.51043],[46.44231,24.51077],[46.44342,24.51073],[46.4457,24.51032],[46.44637,24.50987],[46.44674,24.50946],[46.44694,24.50905],[46.4472,24.50768],[46.44658,24.5071],[46.44706,24.50673],[46.44749,24.50628],[46.44779,24.50583],[46.44784,24.5055],[46.44809,24.50561],[46.44815,24.50597],[46.44862,24.50672],[46.44929,24.50683],[46.44975,24.5066],[46.44996,24.50637],[46.45038,24.50629],[46.4506,24.50614],[46.45186,24.50501],[46.45238,24.50467],[46.45259,24.50442],[46.45306,24.50341],[46.45303,24.50283],[46.45315,24.50257],[46.45336,24.50246],[46.45409,24.50257],[46.45503,24.50319],[46.45559,24.50309],[46.45602,24.50278],[46.45634,24.50232],[46.45637,24.50215],[46.45586,24.50041],[46.4562,24.50069],[46.45651,24.50113],[46.45725,24.5017],[46.4575,24.50175],[46.45801,24.50158],[46.45894,24.50108],[46.45922,24.50075],[46.45947,24.49974],[46.45968,24.49947],[46.46037,24.49966],[46.46112,24.49975],[46.46163,24.49932],[46.46193,24.49875],[46.46198,24.49852],[46.46254,24.49785],[46.46263,24.49752],[46.46258,24.49686],[46.46216,24.49644],[46.46246,24.49616],[46.46288,24.49616],[46.46355,24.49657],[46.46423,24.49793],[46.46444,24.49784],[46.46474,24.4975],[46.46536,24.49731],[46.46556,24.49707],[46.46571,24.49655],[46.46591,24.49632],[46.46632,24.49612],[46.46657,24.49556],[46.46652,24.49532],[46.46595,24.49537],[46.46585,24.49528],[46.46584,24.49495],[46.46594,24.49481],[46.4661,24.49476],[46.46599,24.49424],[46.46573,24.49397],[46.46511,24.49355],[46.46536,24.49321],[46.46562,24.49326],[46.46661,24.49424],[46.46697,24.49447],[46.46739,24.49517],[46.46764,24.49517],[46.4681,24.4946],[46.4682,24.49436],[46.46814,24.49374],[46.4684,24.49369],[46.46845,24.4936],[46.46844,24.49327],[46.46797,24.49266],[46.46797,24.49229],[46.46818,24.49247],[46.46865,24.49346],[46.46896,24.49373],[46.47,24.49425],[46.47055,24.49424],[46.471,24.49405],[46.47217,24.49318],[46.47228,24.49299],[46.47231,24.49263],[46.47184,24.49227],[46.47206,24.49192],[46.47497,24.49032],[46.47531,24.48995],[46.47534,24.48955],[46.47508,24.48903],[46.47464,24.48881],[46.47221,24.48895],[46.47102,24.4889],[46.47036,24.48902],[46.47021,24.48897],[46.47036,24.48885],[46.47095,24.4887],[46.4717,24.48864],[46.47198,24.48852],[46.47251,24.488],[46.47254,24.48774],[46.47224,24.48652],[46.47246,24.48674],[46.47278,24.48683],[46.47356,24.48682],[46.47415,24.48653],[46.47577,24.48623],[46.47676,24.48573],[46.47717,24.4853],[46.47719,24.48449],[46.47577,24.48388],[46.4756,24.48202],[46.47534,24.48116],[46.47513,24.48071],[46.47512,24.48045],[46.47537,24.4801],[46.47532,24.47955],[46.47519,24.47915],[46.47527,24.47896],[46.47667,24.4793],[46.47761,24.4794],[46.47826,24.48002],[46.479,24.48044],[46.47973,24.48045],[46.48102,24.47897],[46.48237,24.47824],[46.48315,24.47735],[46.48375,24.47568],[46.48502,24.47481],[46.48625,24.47441],[46.48756,24.47309],[46.48793,24.47228],[46.48846,24.47242],[46.48847,24.47258],[46.48793,24.47321],[46.48772,24.47402],[46.48772,24.47507],[46.48788,24.47613],[46.48979,24.47662],[46.49081,24.47604],[46.49245,24.47549],[46.49554,24.47481],[46.4977,24.47459],[46.49814,24.47403],[46.49777,24.47567],[46.49848,24.47645],[46.49966,24.47664],[46.50052,24.47628],[46.50113,24.47689],[46.50189,24.47679],[46.50187,24.47737],[46.50162,24.47813],[46.50163,24.47854],[46.50224,24.47938],[46.50281,24.47943],[46.50326,24.47934],[46.50367,24.47907],[46.50452,24.47816],[46.50557,24.47859],[46.50545,24.47923],[46.50486,24.47997],[46.50483,24.48043],[46.50512,24.48069],[46.50525,24.48075],[46.5067,24.48027],[46.50743,24.48017],[46.5076,24.48043],[46.50767,24.48084],[46.50778,24.48227],[46.50768,24.48241],[46.50766,24.48288],[46.5095,24.48309],[46.51026,24.48271],[46.51069,24.48165],[46.51087,24.48049],[46.5115,24.47984],[46.51408,24.47762],[46.51516,24.47746],[46.51655,24.4764],[46.51631,24.47526],[46.51589,24.47466],[46.51635,24.47367],[46.51632,24.47111],[46.51609,24.47032],[46.51547,24.46951],[46.51544,24.46904],[46.51502,24.46847],[46.51577,24.46741],[46.51643,24.46671],[46.51738,24.4664],[46.51737,24.46597],[46.51762,24.46519],[46.51837,24.46471],[46.51843,24.46439],[46.51897,24.46406],[46.51954,24.46388],[46.51998,24.46312],[46.52007,24.46254],[46.52003,24.46228],[46.51983,24.46172],[46.51902,24.46043],[46.51901,24.45959],[46.51849,24.45872],[46.51808,24.45843],[46.51715,24.45827],[46.51645,24.45789],[46.51603,24.45761],[46.51542,24.45694],[46.51522,24.45651],[46.51657,24.45728],[46.51763,24.45811],[46.51795,24.45826],[46.51906,24.45822],[46.52017,24.45762],[46.5208,24.45756],[46.52157,24.45775],[46.52197,24.45822],[46.52246,24.45851],[46.52297,24.45856],[46.52365,24.45849],[46.52403,24.45834],[46.52511,24.45726],[46.52566,24.45716],[46.52638,24.45745],[46.52705,24.45751],[46.5275,24.45737],[46.52773,24.4574],[46.52804,24.45704],[46.52837,24.45695],[46.5287,24.45658],[46.52893,24.45649],[46.52916,24.45622],[46.52938,24.45624],[46.52911,24.45637],[46.52872,24.45686],[46.52844,24.457],[46.52844,24.45714],[46.52825,24.45717],[46.52712,24.45773],[46.52676,24.4583],[46.52633,24.4587],[46.52634,24.45906],[46.52655,24.45928],[46.52605,24.46005],[46.52559,24.46044],[46.52519,24.46098],[46.52503,24.46155],[46.52478,24.4616],[46.52515,24.46213],[46.5259,24.46226],[46.52564,24.46249],[46.52493,24.46363],[46.52459,24.46403],[46.52497,24.46486],[46.52503,24.46534],[46.52484,24.46555],[46.52471,24.46608],[46.52482,24.46626],[46.52445,24.46651],[46.52503,24.46658],[46.52497,24.46726],[46.52537,24.46778],[46.52568,24.4676],[46.52571,24.46688],[46.52739,24.46627],[46.52763,24.46592],[46.52793,24.46494],[46.52849,24.46452],[46.52863,24.46455],[46.52925,24.46429],[46.52991,24.4643],[46.53036,24.46412],[46.53082,24.46487],[46.53113,24.46498],[46.53115,24.4648],[46.53179,24.46394],[46.53223,24.46375],[46.53285,24.46397],[46.53321,24.4642],[46.53401,24.46133],[46.53452,24.46107],[46.53439,24.46167],[46.53522,24.4628],[46.5351,24.46345],[46.53541,24.46385],[46.53588,24.46321],[46.5367,24.46284],[46.53754,24.46399],[46.53811,24.46332],[46.53882,24.46374],[46.53923,24.46309],[46.54039,24.46219],[46.54111,24.46218],[46.54149,24.46189],[46.54179,24.46211],[46.54296,24.46194],[46.54345,24.4616],[46.54365,24.46121],[46.54386,24.46156],[46.5453,24.46218],[46.54606,24.46217],[46.54645,24.46198],[46.5478,24.46086],[46.54849,24.46056],[46.54874,24.45996],[46.54958,24.45945],[46.55018,24.45939],[46.55081,24.45912],[46.55096,24.45924],[46.55196,24.45925],[46.55022,24.45968],[46.55065,24.46026],[46.55106,24.46042],[46.55045,24.46097],[46.54943,24.46127],[46.54923,24.4616],[46.54941,24.46191],[46.54987,24.46192],[46.54989,24.46204],[46.55081,24.46198],[46.55134,24.46168],[46.55399,24.46115],[46.55429,24.46097],[46.55548,24.46101],[46.55489,24.46132],[46.5541,24.46135],[46.5532,24.46161],[46.55273,24.46159],[46.55193,24.46175],[46.55147,24.46211],[46.55103,24.46224],[46.55019,24.46266],[46.54937,24.46273],[46.54917,24.46292],[46.54872,24.46286],[46.54755,24.46293],[46.54661,24.46272],[46.54633,24.46277],[46.54576,24.46246],[46.54503,24.46303],[46.54449,24.46302],[46.54414,24.46316],[46.54388,24.46298],[46.54365,24.46317],[46.54373,24.46347],[46.54357,24.46378],[46.54304,24.46386],[46.54243,24.46364],[46.54152,24.46379],[46.54089,24.46487],[46.5399,24.46497],[46.53971,24.46518],[46.53816,24.46536],[46.53748,24.46513],[46.53739,24.46558],[46.53607,24.46589],[46.53588,24.46612],[46.53534,24.46622],[46.53451,24.46596],[46.53372,24.46626],[46.53442,24.46767],[46.534,24.46771],[46.53352,24.468],[46.53318,24.46834],[46.53249,24.46843],[46.53222,24.46856],[46.53113,24.46849],[46.5311,24.46874],[46.53166,24.46904],[46.53173,24.46918],[46.53105,24.4694],[46.53159,24.46967],[46.53108,24.46996],[46.53081,24.46989],[46.53073,24.47004],[46.53038,24.47006],[46.53034,24.47033],[46.53123,24.47067],[46.53176,24.47041],[46.53233,24.46993],[46.53311,24.46967],[46.53353,24.46983],[46.53353,24.47008],[46.53395,24.47007],[46.53421,24.47027],[46.5348,24.47043],[46.53582,24.47039],[46.53826,24.46998],[46.53874,24.46976],[46.53915,24.46979],[46.53936,24.46967],[46.53965,24.46967],[46.54015,24.46951],[46.54082,24.46965],[46.54125,24.4696],[46.54172,24.4698],[46.54277,24.46946],[46.54299,24.46927],[46.54311,24.46928],[46.54328,24.46906],[46.54359,24.46912],[46.54386,24.46893],[46.5442,24.46901],[46.54417,24.4694],[46.5445,24.46935],[46.54508,24.46944],[46.54525,24.46924],[46.54572,24.46931],[46.54566,24.46938],[46.54599,24.46947],[46.54616,24.46924],[46.54652,24.46935],[46.54745,24.46918],[46.54808,24.46926],[46.54876,24.46908],[46.5488,24.46941],[46.54954,24.46948],[46.54952,24.46956],[46.5491,24.46975],[46.54811,24.4699],[46.54814,24.47007],[46.54913,24.47025],[46.54915,24.47101],[46.5488,24.47105],[46.54873,24.47096],[46.54764,24.47084],[46.54747,24.47075],[46.54727,24.47081],[46.54692,24.47078],[46.54665,24.47066],[46.54663,24.47044],[46.54642,24.47013],[46.54614,24.47003],[46.546,24.4701],[46.54565,24.47005],[46.54542,24.47012],[46.54541,24.4702],[46.54575,24.47059],[46.54568,24.47075],[46.54521,24.47106],[46.54465,24.47085],[46.54428,24.47087],[46.54355,24.47039],[46.54371,24.47038],[46.5435,24.47018],[46.5431,24.47023],[46.54302,24.47038],[46.54334,24.47057],[46.54341,24.4709],[46.54153,24.47024],[46.54019,24.46998],[46.53937,24.46997],[46.53611,24.47061],[46.53517,24.47089],[46.53301,24.47192],[46.53261,24.47223],[46.53282,24.47234],[46.53245,24.47263],[46.53188,24.4727],[46.53101,24.47301],[46.5311,24.47336],[46.53157,24.47348],[46.53247,24.4734],[46.53295,24.47374],[46.53303,24.47402],[46.53222,24.47448],[46.53232,24.47464],[46.53201,24.47493],[46.53205,24.47511],[46.53259,24.47472],[46.53309,24.47468],[46.53304,24.47494],[46.53319,24.47508],[46.53321,24.47487],[46.53348,24.47466],[46.53362,24.47463],[46.53377,24.47472],[46.53471,24.47398],[46.53498,24.47405],[46.53513,24.47425],[46.53633,24.47386],[46.53818,24.47387],[46.53744,24.47443],[46.53696,24.47503],[46.53688,24.47497],[46.5368,24.4752],[46.5367,24.47516],[46.5364,24.47541],[46.53593,24.47609],[46.5358,24.4759],[46.53576,24.47623],[46.53566,24.47641],[46.53577,24.47649],[46.53559,24.47651],[46.53551,24.47639],[46.53549,24.47651],[46.53522,24.47659],[46.53474,24.47654],[46.53446,24.47669],[46.53471,24.47712],[46.53481,24.47702],[46.53552,24.47684],[46.53566,24.47711],[46.53575,24.47683],[46.53684,24.47694],[46.53689,24.47703],[46.53697,24.47696],[46.5373,24.47712],[46.53742,24.47705],[46.53784,24.47713],[46.53802,24.47701],[46.53822,24.47705],[46.53883,24.47686],[46.53952,24.47696],[46.53966,24.47715],[46.53954,24.47761],[46.53963,24.47772],[46.5392,24.47786],[46.53898,24.47805],[46.53987,24.47795],[46.54044,24.4785],[46.54071,24.47854],[46.54082,24.4787],[46.54124,24.47872],[46.54137,24.47885],[46.54151,24.47872],[46.54175,24.47868],[46.54181,24.47874],[46.54198,24.47864],[46.54235,24.4787],[46.54245,24.47862],[46.54277,24.47861],[46.54336,24.47838],[46.54417,24.47791],[46.54407,24.47861],[46.54418,24.47871],[46.54416,24.47882],[46.54457,24.47906],[46.54505,24.47919],[46.54562,24.47923],[46.5458,24.47941],[46.54599,24.47945],[46.54603,24.47958],[46.54627,24.47966],[46.54632,24.47959],[46.5467,24.4798],[46.54713,24.47976],[46.54735,24.47972],[46.54787,24.47931],[46.54801,24.47903],[46.54868,24.47858],[46.54904,24.47848],[46.5492,24.47852],[46.55052,24.47787],[46.55099,24.47732],[46.55148,24.4772],[46.55226,24.47719],[46.55278,24.47699],[46.55317,24.47669],[46.55351,24.47666],[46.55402,24.47649],[46.55482,24.47604],[46.55523,24.47597],[46.55545,24.47583],[46.55567,24.47579],[46.55594,24.47559],[46.55647,24.47484],[46.55663,24.4743],[46.55701,24.4739],[46.5572,24.47327],[46.5578,24.47283],[46.55974,24.4721],[46.56059,24.4714],[46.5614,24.47124],[46.5613,24.47092],[46.56169,24.47067],[46.56196,24.46999],[46.56195,24.4694],[46.56248,24.46914],[46.56283,24.46823],[46.56276,24.4678],[46.56306,24.46745],[46.56399,24.46705],[46.56431,24.46713],[46.5652,24.46661],[46.5655,24.46614],[46.56585,24.46624],[46.56596,24.46618],[46.56594,24.46596],[46.56628,24.46569],[46.56658,24.46561],[46.56696,24.4653],[46.56735,24.4654],[46.56764,24.46525],[46.56829,24.46461],[46.56854,24.4647],[46.5688,24.46463],[46.56908,24.46427],[46.56971,24.4643],[46.57045,24.46332],[46.57048,24.46311],[46.57109,24.46293],[46.57075,24.46272],[46.57124,24.46184],[46.57211,24.4609],[46.57301,24.46047],[46.57369,24.45981],[46.57414,24.45926],[46.57438,24.45853],[46.5747,24.45828],[46.5749,24.45757],[46.57576,24.4574],[46.57585,24.45702],[46.57611,24.45676],[46.57645,24.45611],[46.57682,24.45621],[46.57826,24.45603],[46.57848,24.45595],[46.57882,24.4554],[46.57889,24.4547],[46.579,24.45447],[46.57932,24.45431],[46.57979,24.45441],[46.58039,24.45415],[46.5805,24.45394],[46.57993,24.45377],[46.57989,24.45355],[46.58025,24.45358],[46.5807,24.45334],[46.5815,24.45319],[46.58213,24.4533],[46.58233,24.4531],[46.58204,24.45263],[46.5816,24.45233],[46.58135,24.4519],[46.58172,24.45186],[46.58234,24.45127],[46.58274,24.45055],[46.5829,24.44989],[46.58293,24.44927],[46.58275,24.44877],[46.58207,24.44821],[46.58073,24.44638],[46.58076,24.44612],[46.58098,24.44572],[46.58108,24.44573],[46.58156,24.44641],[46.58307,24.44717],[46.58364,24.44713],[46.58416,24.44664],[46.58438,24.44671],[46.58517,24.4466],[46.58573,24.44642],[46.58696,24.44544],[46.58738,24.44537],[46.58753,24.44543],[46.58753,24.44578],[46.58698,24.44668],[46.58683,24.44706],[46.5868,24.44761],[46.58722,24.44795],[46.58752,24.44802],[46.58865,24.44801],[46.58907,24.44797],[46.58981,24.44748],[46.59206,24.44639],[46.59299,24.44582],[46.59355,24.44575],[46.59396,24.44558],[46.59426,24.44512],[46.59444,24.44461],[46.5947,24.44433],[46.59515,24.44405],[46.59537,24.44398],[46.59575,24.44401],[46.59602,24.44424],[46.59677,24.44451],[46.59644,24.44482],[46.5948,24.44591],[46.59435,24.44633],[46.59357,24.44685],[46.59237,24.44749],[46.59192,24.44787],[46.59185,24.44818],[46.59246,24.44841],[46.59306,24.44882],[46.59315,24.44999],[46.5938,24.4504],[46.59388,24.45064],[46.59385,24.45154],[46.59363,24.45216],[46.59289,24.45274],[46.59291,24.45299],[46.59313,24.45309],[46.59531,24.45306],[46.59755,24.45248],[46.59852,24.45205],[46.59975,24.45131],[46.60057,24.45065],[46.60209,24.44877],[46.60275,24.44776],[46.6032,24.44604],[46.60319,24.44565],[46.60331,24.44546],[46.60343,24.44555],[46.6035,24.44615],[46.60376,24.44685],[46.60402,24.44903],[46.604,24.44927],[46.60373,24.44983],[46.60375,24.45],[46.60391,24.45013],[46.60468,24.45013],[46.60503,24.45003],[46.60586,24.44953],[46.60636,24.44907],[46.60694,24.44798],[46.60708,24.44735],[46.60724,24.44712],[46.60729,24.4466],[46.6077,24.44509],[46.60761,24.44487],[46.60794,24.44451],[46.60811,24.44418],[46.60801,24.44355],[46.6078,24.4432],[46.60787,24.44302],[46.6086,24.44218],[46.60863,24.44146],[46.60936,24.44131],[46.60977,24.44115],[46.60996,24.44097],[46.61067,24.44094],[46.60949,24.44221],[46.60938,24.44244],[46.60958,24.44347],[46.60971,24.44377],[46.61,24.44408],[46.61017,24.44415],[46.61061,24.44412],[46.61054,24.4452],[46.61023,24.44562],[46.61018,24.44577],[46.61025,24.44588],[46.61168,24.44593],[46.61257,24.44564],[46.61323,24.4456],[46.61339,24.4457],[46.61362,24.44572],[46.61473,24.44494],[46.6151,24.4445],[46.61519,24.44409],[46.6159,24.4442],[46.61654,24.44387],[46.61761,24.44449],[46.61669,24.44588],[46.61582,24.44763],[46.61103,24.46026],[46.61072,24.46146],[46.61047,24.46349],[46.61055,24.46513],[46.61081,24.4665],[46.61138,24.46815],[46.61235,24.47011],[46.61315,24.47148],[46.61777,24.47878],[46.62123,24.48407],[46.61249,24.48868],[46.61307,24.48961],[46.61253,24.48989],[46.61621,24.49591],[46.59332,24.5082],[46.59353,24.50847],[46.59457,24.50889],[46.59571,24.50952],[46.59683,24.51091],[46.5971,24.51145],[46.59706,24.5128],[46.59694,24.5133],[46.59679,24.51353],[46.59697,24.51335],[46.59611,24.51436],[46.59659,24.51563],[46.59685,24.51576],[46.59705,24.51598],[46.59744,24.51694],[46.59785,24.51728],[46.59797,24.51757],[46.59825,24.51793],[46.59879,24.51836],[46.59907,24.51848],[46.59928,24.51919],[46.59975,24.51998],[46.60032,24.52219],[46.60019,24.52273],[46.6002,24.52318],[46.59996,24.52372],[46.59985,24.52422],[46.60006,24.52433],[46.60022,24.52455],[46.60177,24.52496],[46.60215,24.52497],[46.60282,24.52526],[46.60316,24.52528],[46.60346,24.52542],[46.60404,24.52573],[46.60454,24.52618],[46.60482,24.52661],[46.605,24.52675],[46.60486,24.52619],[46.60426,24.52516],[46.60512,24.52491],[46.60511,24.52427],[46.60481,24.52401],[46.60441,24.52392],[46.60366,24.52391],[46.60468,24.52363],[46.60481,24.52346],[46.60461,24.52309],[46.6038,24.52262],[46.60323,24.52249],[46.602,24.5224],[46.60215,24.52227],[46.60255,24.52221],[46.60326,24.52232],[46.60346,24.52224],[46.60323,24.52208],[46.60307,24.52172],[46.60261,24.5211],[46.60284,24.52112],[46.60366,24.52168],[46.60415,24.52166],[46.60459,24.52176],[46.60556,24.52221],[46.6062,24.52216],[46.6066,24.52277],[46.60697,24.52307],[46.60796,24.52427],[46.60894,24.52433],[46.6092,24.52454],[46.6102,24.52479],[46.61124,24.52574],[46.61124,24.52608],[46.61129,24.52621],[46.61142,24.52623],[46.61166,24.52681],[46.61158,24.52706],[46.61173,24.52755],[46.61164,24.52761],[46.61163,24.52792],[46.61147,24.52791],[46.61144,24.52806],[46.61165,24.52913],[46.61228,24.53006],[46.61218,24.53015],[46.61258,24.5307],[46.61292,24.53105],[46.61329,24.53113],[46.61466,24.53181],[46.61524,24.53237],[46.61606,24.5329],[46.61603,24.53303],[46.61618,24.53322],[46.61645,24.53337],[46.61657,24.53373],[46.61684,24.53396],[46.61699,24.53423],[46.61713,24.53479],[46.61722,24.53439],[46.61735,24.53465],[46.61786,24.53487],[46.61801,24.53503],[46.61809,24.53531],[46.61845,24.53547],[46.61871,24.53549],[46.61868,24.53559],[46.61891,24.53577],[46.61924,24.53584],[46.62189,24.53772],[46.62307,24.53928],[46.6236,24.53966],[46.62403,24.53982],[46.62532,24.54007],[46.6266,24.54001],[46.62701,24.54326],[46.62417,24.54873],[46.62333,24.54927],[46.62268,24.54946],[46.62219,24.54953],[46.62108,24.5495],[46.61982,24.54907],[46.61909,24.54904],[46.61894,24.54896],[46.61856,24.54851],[46.61709,24.54784],[46.61599,24.5478],[46.61515,24.54739],[46.6139,24.5472],[46.61325,24.54729],[46.61242,24.54752],[46.61121,24.54899],[46.61062,24.54932],[46.60951,24.54934],[46.60934,24.5495],[46.60952,24.54976],[46.60942,24.5499],[46.60901,24.54991],[46.60889,24.54955],[46.60854,24.54935],[46.60846,24.54908],[46.60911,24.54828],[46.60964,24.54795],[46.60994,24.54697],[46.60982,24.54666],[46.60937,24.54698],[46.60856,24.54683],[46.60804,24.54689],[46.60752,24.54674],[46.60729,24.54713],[46.60677,24.54769],[46.6065,24.54775],[46.60628,24.54796],[46.60631,24.54804],[46.60614,24.54833],[46.60563,24.54893],[46.60514,24.54937],[46.60436,24.54964],[46.60384,24.54944],[46.60362,24.54906],[46.60319,24.54875],[46.60169,24.549],[46.60124,24.54888],[46.60101,24.54874],[46.60096,24.54859],[46.60102,24.54842],[46.60152,24.54773],[46.60213,24.54769],[46.60261,24.54726],[46.60293,24.54712],[46.60392,24.5473],[46.60419,24.54725],[46.60424,24.54712],[46.60419,24.54688],[46.60371,24.54658],[46.60395,24.54626],[46.60493,24.54547],[46.60504,24.54526],[46.60486,24.545],[46.60439,24.54493],[46.60344,24.54512],[46.60315,24.54552],[46.60149,24.54696],[46.60059,24.54759],[46.59927,24.54811],[46.59668,24.54859],[46.59425,24.54849],[46.5933,24.54872],[46.59258,24.54902],[46.5921,24.54911],[46.59187,24.54925],[46.59137,24.54908],[46.59061,24.54957],[46.59055,24.54924],[46.59037,24.54909],[46.59025,24.54915],[46.59021,24.54942],[46.59009,24.5496],[46.58987,24.54929],[46.58954,24.54921],[46.58887,24.54936],[46.58854,24.54976],[46.58833,24.54973],[46.58838,24.54995]]]},"properties":{"district_id":"riyadh-dahiyat-namar","name_ar":"ضاحية نمار","name_en":"Dahiyat Namar","city":"riyadh","source_codes":["70030076562027868"]}},{"type":"Feature","id":"riyadh-dhahrat-al-badiea","geometry":{"type":"Polygon","coordinates":[[[46.67492,24.60654],[46.6746,24.60668],[46.67285,24.60826],[46.67207,24.6094],[46.67192,24.61002],[46.67036,24.61296],[46.66976,24.61349],[46.66952,24.6138],[46.6668,24.6137],[46.66518,24.61336],[46.66404,24.61294],[46.66348,24.61263],[46.64381,24.60056],[46.64221,24.6027],[46.62268,24.59076],[46.63027,24.58043],[46.64976,24.59237],[46.65278,24.58828],[46.6541,24.58907],[46.65413,24.5892],[46.65355,24.59],[46.65482,24.59113],[46.65586,24.59195],[46.65735,24.59276],[46.65764,24.5932],[46.6576,24.59344],[46.65774,24.59413],[46.65768,24.59432],[46.65771,24.59478],[46.65789,24.59515],[46.65822,24.59534],[46.66026,24.59585],[46.6607,24.59619],[46.66095,24.59626],[46.66108,24.59641],[46.66186,24.59678],[46.66228,24.59717],[46.66266,24.59798],[46.66296,24.59837],[46.66321,24.59957],[46.66347,24.5999],[46.66366,24.60051],[46.66387,24.60077],[46.66423,24.60088],[46.66526,24.60094],[46.66782,24.60073],[46.66884,24.6005],[46.66949,24.60047],[46.67009,24.60059],[46.6703,24.60071],[46.67075,24.60106],[46.67109,24.60156],[46.67133,24.60169],[46.6716,24.60107],[46.67161,24.60065],[46.67105,24.60031],[46.67057,24.59964],[46.67068,24.59939],[46.67104,24.59905],[46.67125,24.59917],[46.67168,24.59966],[46.67228,24.59994],[46.67253,24.60016],[46.67267,24.60065],[46.6725,24.60158],[46.6727,24.60204],[46.67294,24.60215],[46.67335,24.6026],[46.67389,24.60294],[46.67449,24.60364],[46.67467,24.60375],[46.67462,24.6039],[46.67526,24.60411],[46.67527,24.60399],[46.67543,24.604],[46.67547,24.60368],[46.67587,24.60361],[46.676,24.6035],[46.67599,24.60287],[46.67626,24.60232],[46.67732,24.60167],[46.67745,24.60146],[46.67754,24.60084],[46.67752,24.60065],[46.67729,24.60035],[46.67798,24.59934],[46.67811,24.59926],[46.67826,24.59946],[46.67841,24.59985],[46.67821,24.59985],[46.67802,24.60066],[46.6781,24.60121],[46.67801,24.60176],[46.67738,24.60244],[46.67705,24.60305],[46.6767,24.60319],[46.67663,24.60412],[46.6765,24.60452],[46.67787,24.60498],[46.67921,24.60591],[46.67855,24.60592],[46.67778,24.60609],[46.67685,24.60618],[46.67492,24.60654]]]},"properties":{"district_id":"riyadh-dhahrat-al-badiea","name_ar":"ظهرة البديعة","name_en":"Dhahrat Al Badiea","city":"riyadh","source_codes":["70030076562029728"]}},{"type":"Feature","id":"riyadh-dhahrat-laban","geometry":{"type":"Polygon","coordinates":[[[46.57116,24.66301],[46.57114,24.66309],[46.57061,24.6631],[46.56932,24.66286],[46.56889,24.66266],[46.56844,24.66231],[46.56819,24.66228],[46.56749,24.66192],[46.56718,24.66195],[46.56549,24.66112],[46.5651,24.66105],[46.56476,24.66084],[46.5637,24.66056],[46.56274,24.66047],[46.56181,24.66015],[46.56156,24.65986],[46.56153,24.65959],[46.56131,24.65933],[46.56082,24.65831],[46.56055,24.65819],[46.56036,24.6579],[46.55984,24.6574],[46.55912,24.65716],[46.55905,24.65704],[46.55835,24.65676],[46.55795,24.65675],[46.5579,24.65665],[46.55749,24.65667],[46.55452,24.65633],[46.5541,24.65646],[46.55386,24.65676],[46.55384,24.65698],[46.55372,24.65714],[46.55363,24.65714],[46.55362,24.65664],[46.55357,24.65647],[46.55336,24.65625],[46.5533,24.65558],[46.5531,24.65546],[46.55279,24.65481],[46.55228,24.65405],[46.55176,24.65362],[46.55128,24.65299],[46.54987,24.65212],[46.54999,24.65188],[46.5499,24.65168],[46.54997,24.6515],[46.54982,24.65123],[46.5498,24.651],[46.54931,24.65065],[46.54887,24.6508],[46.54838,24.65066],[46.54809,24.65069],[46.54773,24.65038],[46.54742,24.64993],[46.54734,24.64968],[46.547,24.64936],[46.54659,24.64916],[46.54573,24.64804],[46.54545,24.64791],[46.54548,24.64782],[46.54524,24.64767],[46.54476,24.64678],[46.54437,24.64634],[46.54337,24.6458],[46.54297,24.64542],[46.54263,24.64524],[46.54219,24.64523],[46.54161,24.64483],[46.54111,24.64441],[46.54119,24.64414],[46.54091,24.64385],[46.54056,24.64372],[46.54051,24.64357],[46.54027,24.64357],[46.5401,24.64331],[46.54004,24.643],[46.53501,24.64209],[46.53455,24.64225],[46.53426,24.64174],[46.53413,24.64178],[46.53359,24.64086],[46.53352,24.64086],[46.53323,24.64025],[46.53312,24.6393],[46.53301,24.63926],[46.5326,24.63827],[46.53184,24.63739],[46.52949,24.63636],[46.52754,24.63635],[46.5271,24.63644],[46.52682,24.63663],[46.52656,24.63645],[46.52637,24.6359],[46.52646,24.63477],[46.52729,24.63362],[46.52771,24.63387],[46.52784,24.63365],[46.52583,24.63238],[46.52559,24.6324],[46.52538,24.63226],[46.52578,24.63125],[46.52452,24.63077],[46.52432,24.63103],[46.52404,24.63086],[46.52412,24.63021],[46.52041,24.62793],[46.51896,24.62839],[46.51729,24.62753],[46.5166,24.62739],[46.51367,24.62649],[46.51316,24.6262],[46.51284,24.62591],[46.51246,24.62595],[46.51207,24.62636],[46.51011,24.62529],[46.50872,24.62488],[46.50568,24.6271],[46.50603,24.62736],[46.50587,24.62753],[46.50548,24.62726],[46.50535,24.62739],[46.50429,24.62652],[46.50357,24.62741],[46.50275,24.62639],[46.50306,24.62602],[46.50196,24.62516],[46.50108,24.62464],[46.50014,24.62423],[46.49838,24.62392],[46.49741,24.6234],[46.49652,24.62276],[46.49647,24.6219],[46.4969,24.62134],[46.49752,24.62101],[46.49607,24.62013],[46.49543,24.6206],[46.494,24.61967],[46.49401,24.6195],[46.49424,24.61921],[46.49159,24.61763],[46.49303,24.61574],[46.49055,24.61429],[46.48944,24.61336],[46.48886,24.61318],[46.48775,24.61242],[46.48797,24.61177],[46.48725,24.6114],[46.48714,24.61116],[46.48077,24.61029],[46.47798,24.61029],[46.47752,24.61165],[46.4782,24.61182],[46.47907,24.61191],[46.48325,24.61187],[46.48326,24.61271],[46.48244,24.61285],[46.48277,24.61301],[46.48276,24.61317],[46.483,24.61327],[46.48291,24.61335],[46.48245,24.61316],[46.48161,24.61305],[46.48085,24.61313],[46.48032,24.61304],[46.47961,24.61276],[46.4795,24.61282],[46.47964,24.613],[46.47961,24.61309],[46.4786,24.61359],[46.47848,24.61343],[46.47764,24.61304],[46.47739,24.61272],[46.47685,24.61247],[46.47639,24.61212],[46.47513,24.61173],[46.47501,24.61177],[46.47491,24.61197],[46.47497,24.61209],[46.47585,24.61279],[46.47586,24.61294],[46.47576,24.61306],[46.47559,24.61301],[46.47523,24.61281],[46.47517,24.61269],[46.47504,24.61271],[46.47487,24.6126],[46.47451,24.61226],[46.4726,24.61135],[46.47229,24.61138],[46.47196,24.61123],[46.47182,24.61099],[46.47075,24.61035],[46.47005,24.60982],[46.46978,24.60996],[46.46957,24.60994],[46.46799,24.60919],[46.46786,24.60924],[46.46803,24.61012],[46.4689,24.61065],[46.46906,24.6106],[46.46961,24.61083],[46.46969,24.6108],[46.46976,24.61088],[46.46975,24.6112],[46.46994,24.61132],[46.46956,24.61169],[46.46776,24.61057],[46.46764,24.61062],[46.46746,24.61105],[46.46782,24.6114],[46.46804,24.61171],[46.46807,24.61191],[46.46787,24.6121],[46.46804,24.61233],[46.46775,24.61246],[46.46725,24.61246],[46.46556,24.6114],[46.4655,24.61148],[46.46527,24.61151],[46.46514,24.61141],[46.46464,24.6115],[46.46425,24.61135],[46.4639,24.61109],[46.46367,24.61111],[46.46319,24.61082],[46.46307,24.61033],[46.46287,24.61018],[46.46265,24.6102],[46.46263,24.61001],[46.46225,24.61008],[46.46221,24.60991],[46.46195,24.60982],[46.46154,24.60986],[46.46152,24.60968],[46.46129,24.60973],[46.46091,24.61019],[46.4608,24.61136],[46.46068,24.61143],[46.45935,24.61068],[46.4592,24.61048],[46.45919,24.60988],[46.45893,24.60964],[46.45865,24.60826],[46.45685,24.60847],[46.45652,24.60659],[46.45641,24.60652],[46.45633,24.60546],[46.45722,24.60533],[46.45772,24.60495],[46.45765,24.60451],[46.4584,24.6044],[46.45851,24.60512],[46.45959,24.60498],[46.45948,24.60422],[46.45985,24.60345],[46.46056,24.60336],[46.4605,24.60302],[46.46407,24.60256],[46.46421,24.60305],[46.46471,24.60301],[46.46478,24.60353],[46.46383,24.60373],[46.46387,24.604],[46.46361,24.60407],[46.46375,24.60487],[46.46883,24.60421],[46.47034,24.60321],[46.47029,24.60289],[46.47134,24.60278],[46.47348,24.6028],[46.47496,24.603],[46.47488,24.60332],[46.47596,24.60351],[46.47767,24.60404],[46.47786,24.60371],[46.47838,24.60338],[46.47856,24.60334],[46.47856,24.6032],[46.47885,24.60302],[46.47993,24.60299],[46.48093,24.60333],[46.48082,24.6035],[46.48211,24.60385],[46.48232,24.6038],[46.48242,24.60352],[46.48384,24.60395],[46.48402,24.60349],[46.48445,24.60362],[46.48474,24.60288],[46.48551,24.60311],[46.48435,24.60591],[46.4853,24.60612],[46.48556,24.60572],[46.48581,24.60581],[46.48576,24.60596],[46.48586,24.60599],[46.48559,24.60672],[46.48726,24.6072],[46.48746,24.60695],[46.488,24.60664],[46.48835,24.6065],[46.48925,24.6064],[46.49031,24.60636],[46.49035,24.60685],[46.49221,24.60691],[46.4922,24.60666],[46.49348,24.6066],[46.49347,24.60633],[46.49488,24.60636],[46.49594,24.60652],[46.49639,24.6053],[46.49789,24.60574],[46.49747,24.60696],[46.49872,24.60748],[46.49874,24.60757],[46.50009,24.60839],[46.50025,24.60834],[46.50223,24.60569],[46.50246,24.60563],[46.5026,24.60583],[46.5031,24.60549],[46.50337,24.60543],[46.5038,24.60551],[46.50404,24.60528],[46.5042,24.60551],[46.50511,24.60527],[46.50517,24.6045],[46.50075,24.60293],[46.50093,24.60276],[46.50207,24.60275],[46.50249,24.60196],[46.50291,24.60157],[46.50407,24.60156],[46.50519,24.6018],[46.50575,24.60165],[46.50633,24.60202],[46.50691,24.60205],[46.50816,24.60113],[46.50828,24.60079],[46.50852,24.60074],[46.5089,24.60025],[46.5091,24.60017],[46.50968,24.60018],[46.50966,24.59978],[46.50988,24.59965],[46.51004,24.59964],[46.5102,24.59941],[46.51015,24.59913],[46.51032,24.59906],[46.51058,24.59912],[46.51089,24.59896],[46.5112,24.59896],[46.51129,24.59891],[46.51126,24.59875],[46.51137,24.59875],[46.51148,24.59857],[46.51237,24.59848],[46.5126,24.59855],[46.51289,24.59825],[46.51356,24.5979],[46.51367,24.59793],[46.51371,24.59776],[46.51383,24.59769],[46.51422,24.59758],[46.51527,24.59777],[46.51595,24.59772],[46.51618,24.59781],[46.5162,24.59814],[46.5151,24.59937],[46.51499,24.59967],[46.51527,24.60041],[46.5157,24.60086],[46.51626,24.60078],[46.51682,24.59994],[46.51745,24.59952],[46.51769,24.59895],[46.51953,24.60145],[46.52002,24.60114],[46.5205,24.60065],[46.52156,24.60201],[46.52229,24.60267],[46.52314,24.60305],[46.52613,24.60291],[46.52775,24.60264],[46.52913,24.60222],[46.5308,24.60194],[46.53182,24.60167],[46.53339,24.60165],[46.53368,24.60217],[46.5341,24.60242],[46.53455,24.60294],[46.53427,24.60347],[46.53314,24.60426],[46.53315,24.60517],[46.53258,24.60518],[46.53287,24.60582],[46.53373,24.60608],[46.5344,24.60607],[46.53501,24.60661],[46.53489,24.60737],[46.53432,24.60789],[46.53433,24.60839],[46.5349,24.6088],[46.53685,24.60903],[46.53765,24.60903],[46.54045,24.60861],[46.54117,24.609],[46.54124,24.60984],[46.53955,24.60994],[46.53761,24.61071],[46.53624,24.61074],[46.53572,24.61091],[46.53534,24.61114],[46.53323,24.61065],[46.53265,24.6113],[46.53252,24.61195],[46.53306,24.61231],[46.53381,24.61259],[46.53505,24.6127],[46.53567,24.61296],[46.53908,24.61241],[46.54107,24.61265],[46.54167,24.61328],[46.54209,24.61394],[46.54238,24.61459],[46.54333,24.61482],[46.54452,24.61483],[46.54722,24.61428],[46.54792,24.61375],[46.54949,24.61373],[46.55078,24.61411],[46.55273,24.6151],[46.55336,24.61565],[46.55323,24.6163],[46.55152,24.61671],[46.55167,24.61734],[46.55236,24.61798],[46.55403,24.61898],[46.55478,24.61926],[46.55577,24.61938],[46.55745,24.61897],[46.55872,24.61882],[46.56201,24.61881],[46.56449,24.61904],[46.56549,24.61877],[46.56795,24.61753],[46.56978,24.61701],[46.57053,24.61696],[46.57337,24.61963],[46.57486,24.62115],[46.57769,24.62442],[46.58092,24.62884],[46.59547,24.64928],[46.59669,24.65083],[46.59805,24.65228],[46.59998,24.65395],[46.60207,24.65544],[46.60445,24.65683],[46.60317,24.65754],[46.60189,24.65765],[46.60142,24.65738],[46.60126,24.65607],[46.60055,24.65596],[46.60002,24.65605],[46.60014,24.65645],[46.60036,24.65649],[46.60006,24.65676],[46.59963,24.65756],[46.59918,24.65785],[46.59859,24.65734],[46.5975,24.65613],[46.59678,24.65571],[46.59651,24.65511],[46.59626,24.65508],[46.59616,24.6554],[46.5954,24.6553],[46.59535,24.65563],[46.596,24.65628],[46.59628,24.65688],[46.59647,24.65755],[46.59554,24.65759],[46.59536,24.65708],[46.59494,24.65708],[46.59372,24.65607],[46.59356,24.65553],[46.59292,24.65448],[46.59267,24.65423],[46.59217,24.65409],[46.59204,24.6542],[46.59143,24.65414],[46.59116,24.65486],[46.59188,24.65497],[46.59181,24.65546],[46.59203,24.656],[46.59194,24.65639],[46.59117,24.65631],[46.59053,24.65648],[46.58995,24.65627],[46.58892,24.65611],[46.5887,24.65638],[46.58831,24.65645],[46.5881,24.65678],[46.58862,24.65674],[46.58869,24.65707],[46.58931,24.65737],[46.59047,24.65775],[46.59066,24.65772],[46.59145,24.65794],[46.59237,24.65853],[46.59275,24.65858],[46.59276,24.65875],[46.59223,24.65875],[46.59196,24.65854],[46.592,24.65867],[46.59193,24.65874],[46.59086,24.65871],[46.59073,24.65881],[46.59093,24.659],[46.59165,24.65903],[46.59195,24.65913],[46.59234,24.65963],[46.59222,24.65978],[46.59222,24.65993],[46.59291,24.65988],[46.5932,24.65995],[46.59348,24.66016],[46.59293,24.66006],[46.59105,24.66008],[46.58987,24.65931],[46.5896,24.65925],[46.58936,24.6593],[46.58842,24.65919],[46.58785,24.65903],[46.58646,24.65912],[46.58637,24.65919],[46.58634,24.65896],[46.58599,24.65868],[46.58571,24.65863],[46.58556,24.65875],[46.58556,24.65888],[46.5857,24.65895],[46.58586,24.65919],[46.58586,24.65944],[46.58604,24.65973],[46.58633,24.65986],[46.5866,24.65987],[46.58667,24.66001],[46.58702,24.66009],[46.58801,24.66056],[46.5867,24.66087],[46.58659,24.66096],[46.58638,24.66088],[46.58603,24.66097],[46.58575,24.66079],[46.58583,24.66075],[46.58572,24.66061],[46.58557,24.66058],[46.58424,24.65955],[46.58337,24.65907],[46.58325,24.65915],[46.58298,24.65894],[46.58295,24.65882],[46.58243,24.65859],[46.58185,24.65855],[46.58168,24.65825],[46.5815,24.65811],[46.58113,24.658],[46.58047,24.6575],[46.58048,24.65779],[46.58021,24.65791],[46.58004,24.65789],[46.57993,24.65774],[46.58,24.65756],[46.5798,24.65744],[46.57961,24.65786],[46.57987,24.65822],[46.58049,24.65841],[46.58092,24.65879],[46.58099,24.65931],[46.58126,24.65958],[46.58195,24.65976],[46.58234,24.66016],[46.58245,24.66015],[46.58317,24.66094],[46.58346,24.66108],[46.58367,24.66147],[46.58363,24.66166],[46.58298,24.66172],[46.58157,24.66142],[46.5808,24.66062],[46.5797,24.6601],[46.57936,24.65973],[46.57917,24.66001],[46.57907,24.65995],[46.579,24.66003],[46.57927,24.66031],[46.57971,24.66117],[46.57967,24.66121],[46.57947,24.66109],[46.57904,24.66101],[46.57892,24.66065],[46.57825,24.66007],[46.57781,24.66],[46.57742,24.65977],[46.57736,24.65933],[46.57724,24.65914],[46.57728,24.65881],[46.57709,24.65883],[46.57711,24.65896],[46.57678,24.65914],[46.57674,24.65995],[46.57689,24.66035],[46.57755,24.6608],[46.57756,24.66097],[46.57679,24.66097],[46.5765,24.66079],[46.57637,24.66079],[46.57608,24.66056],[46.57538,24.6602],[46.57539,24.66007],[46.57517,24.65991],[46.57493,24.65922],[46.57464,24.65893],[46.5744,24.65842],[46.57415,24.6582],[46.57319,24.65787],[46.57301,24.65751],[46.57269,24.65748],[46.57253,24.65736],[46.57267,24.65712],[46.57265,24.65699],[46.57219,24.65686],[46.57207,24.65691],[46.57203,24.65702],[46.57235,24.65722],[46.5722,24.6576],[46.57208,24.65757],[46.57211,24.65774],[46.57258,24.65791],[46.57247,24.65837],[46.57313,24.65901],[46.57341,24.65907],[46.57337,24.6593],[46.57355,24.65946],[46.57348,24.65988],[46.57354,24.66025],[46.57368,24.66046],[46.57362,24.66068],[46.57377,24.66095],[46.57364,24.66105],[46.57293,24.66049],[46.57261,24.66006],[46.57205,24.65966],[46.57189,24.6594],[46.57081,24.65877],[46.57037,24.65869],[46.57009,24.65842],[46.57006,24.65829],[46.56942,24.65809],[46.56933,24.658],[46.56922,24.65742],[46.56913,24.65731],[46.56918,24.65713],[46.56892,24.65669],[46.56848,24.65638],[46.56763,24.65607],[46.56734,24.65558],[46.56699,24.6553],[46.56696,24.65509],[46.56668,24.65501],[46.56648,24.65481],[46.56607,24.65511],[46.56639,24.65563],[46.56635,24.65575],[46.56661,24.65611],[46.5666,24.65642],[46.56668,24.65661],[46.56698,24.65702],[46.56715,24.65706],[46.56716,24.65712],[46.56653,24.65695],[46.5661,24.65697],[46.56541,24.65645],[46.56527,24.65644],[46.56474,24.65613],[46.56401,24.65682],[46.56374,24.65739],[46.56447,24.65746],[46.56465,24.65756],[46.56466,24.65773],[46.56501,24.65818],[46.56573,24.6584],[46.56603,24.65857],[46.56576,24.65869],[46.56491,24.65855],[46.56457,24.65863],[46.56433,24.65872],[46.56398,24.65914],[46.56424,24.65923],[46.5646,24.65908],[46.56565,24.65942],[46.56632,24.65941],[46.56739,24.66007],[46.56761,24.66012],[46.56818,24.66],[46.5684,24.66005],[46.56853,24.66039],[46.56879,24.6607],[46.56979,24.66133],[46.56974,24.66144],[46.56888,24.66124],[46.56852,24.66138],[46.56852,24.66146],[46.56927,24.66176],[46.56941,24.66211],[46.56991,24.66234],[46.57034,24.66242],[46.57056,24.66269],[46.57076,24.66269],[46.57116,24.66301]]]},"properties":{"district_id":"riyadh-dhahrat-laban","name_ar":"ظهرة لبن","name_en":"Dhahrat Laban","city":"riyadh","source_codes":["70030076562022462"]}},{"type":"Feature","id":"riyadh-dirab","geometry":{"type":"Polygon","coordinates":[[[46.62511,24.5356],[46.62463,24.5366],[46.62265,24.53744],[46.62196,24.53763],[46.62189,24.53772],[46.61924,24.53584],[46.61891,24.53577],[46.61868,24.53559],[46.61871,24.53549],[46.61845,24.53547],[46.61809,24.53531],[46.61801,24.53503],[46.61786,24.53487],[46.61735,24.53465],[46.61722,24.53439],[46.61713,24.53479],[46.61699,24.53423],[46.61684,24.53396],[46.61657,24.53373],[46.61645,24.53337],[46.61618,24.53322],[46.61603,24.53303],[46.61606,24.5329],[46.61524,24.53237],[46.61466,24.53181],[46.61329,24.53113],[46.61292,24.53105],[46.61218,24.53015],[46.61228,24.53006],[46.61165,24.52913],[46.61154,24.52834],[46.61144,24.52821],[46.61147,24.52791],[46.61163,24.52792],[46.61164,24.52761],[46.61173,24.52755],[46.61158,24.52706],[46.61166,24.52681],[46.61142,24.52623],[46.61129,24.52621],[46.61124,24.52608],[46.61124,24.52574],[46.6102,24.52479],[46.6092,24.52454],[46.60894,24.52433],[46.60796,24.52427],[46.60697,24.52307],[46.6066,24.52277],[46.6062,24.52216],[46.60556,24.52221],[46.60459,24.52176],[46.60415,24.52166],[46.60366,24.52168],[46.60284,24.52112],[46.60261,24.5211],[46.60307,24.52172],[46.60323,24.52208],[46.60346,24.52224],[46.60326,24.52232],[46.60255,24.52221],[46.60215,24.52227],[46.602,24.5224],[46.60323,24.52249],[46.6038,24.52262],[46.60461,24.52309],[46.60481,24.52346],[46.60468,24.52363],[46.60366,24.52391],[46.60441,24.52392],[46.60481,24.52401],[46.60511,24.52427],[46.60512,24.52491],[46.60426,24.52516],[46.60486,24.52619],[46.605,24.52675],[46.60482,24.52661],[46.60454,24.52618],[46.60404,24.52573],[46.60316,24.52528],[46.60282,24.52526],[46.60215,24.52497],[46.60177,24.52496],[46.60022,24.52455],[46.60006,24.52433],[46.59985,24.52422],[46.59996,24.52372],[46.6002,24.52318],[46.60019,24.52273],[46.60032,24.52219],[46.59975,24.51998],[46.59928,24.51919],[46.59907,24.51848],[46.59879,24.51836],[46.59825,24.51793],[46.59797,24.51757],[46.59785,24.51728],[46.59744,24.51694],[46.59705,24.51598],[46.59685,24.51576],[46.59659,24.51563],[46.59611,24.51436],[46.59697,24.51335],[46.59679,24.51353],[46.59694,24.5133],[46.59706,24.5128],[46.5971,24.51145],[46.59683,24.51091],[46.59571,24.50952],[46.59457,24.50889],[46.59353,24.50847],[46.59332,24.5082],[46.61621,24.49591],[46.61253,24.48989],[46.61307,24.48961],[46.61249,24.48868],[46.62123,24.48407],[46.63784,24.50999],[46.63875,24.51116],[46.63953,24.51198],[46.64344,24.51521],[46.6442,24.51595],[46.64512,24.51704],[46.62573,24.52681],[46.626,24.52789],[46.62601,24.52897],[46.62572,24.52943],[46.62554,24.53079],[46.62555,24.53134],[46.62586,24.53269],[46.62528,24.53388],[46.62511,24.5356]]]},"properties":{"district_id":"riyadh-dirab","name_ar":"ديراب","name_en":"Dirab","city":"riyadh","source_codes":["70030076562015744"]}},{"type":"Feature","id":"riyadh-eastern-al-naseem","geometry":{"type":"Polygon","coordinates":[[[46.84132,24.76485],[46.83952,24.7632],[46.83739,24.76156],[46.82026,24.75087],[46.84823,24.71317],[46.86975,24.72656],[46.86741,24.734],[46.86699,24.73493],[46.86632,24.73604],[46.86548,24.73705],[46.8645,24.73794],[46.86031,24.7408],[46.85872,24.74198],[46.85781,24.74289],[46.84132,24.76485]]]},"properties":{"district_id":"riyadh-eastern-al-naseem","name_ar":"النسيم الشرقي","name_en":"Eastern Al Naseem","city":"riyadh","source_codes":["70030076562029749"]}},{"type":"Feature","id":"riyadh-eshbilia","geometry":{"type":"Polygon","coordinates":[[[46.80893,24.80926],[46.7663,24.7912],[46.76777,24.78838],[46.76852,24.78709],[46.7765,24.77634],[46.77835,24.77716],[46.78014,24.7777],[46.7868,24.77874],[46.78871,24.77921],[46.79084,24.78004],[46.79321,24.78137],[46.81807,24.79676],[46.80893,24.80926]]]},"properties":{"district_id":"riyadh-eshbilia","name_ar":"إشبيلية","name_en":"Eshbilia","city":"riyadh","source_codes":["70030076562019227"]}},{"type":"Feature","id":"riyadh-ghabira","geometry":{"type":"Polygon","coordinates":[[[46.74739,24.62199],[46.74669,24.6224],[46.74592,24.62272],[46.74323,24.62337],[46.7426,24.62369],[46.74201,24.62414],[46.74133,24.62506],[46.73918,24.6302],[46.73447,24.62936],[46.73366,24.62908],[46.73466,24.6273],[46.73488,24.6266],[46.73505,24.62286],[46.73541,24.62105],[46.72537,24.61763],[46.72832,24.6109],[46.74739,24.62199]]]},"properties":{"district_id":"riyadh-ghabira","name_ar":"غبيرا","name_en":"Ghabira","city":"riyadh","source_codes":["70030076562015750"]}},{"type":"Feature","id":"riyadh-ghornata","geometry":{"type":"Polygon","coordinates":[[[46.74855,24.78374],[46.7663,24.7912],[46.75803,24.80766],[46.74029,24.80017],[46.74855,24.78374]]]},"properties":{"district_id":"riyadh-ghornata","name_ar":"غرناطة","name_en":"Ghornata","city":"riyadh","source_codes":["70030076562017701"]}},{"type":"Feature","id":"riyadh-hiteen","geometry":{"type":"Polygon","coordinates":[[[46.62933,24.75344],[46.61271,24.78622],[46.59267,24.7778],[46.59131,24.77759],[46.59014,24.77768],[46.58919,24.77794],[46.58708,24.7788],[46.58645,24.77888],[46.58456,24.77894],[46.58299,24.7788],[46.58268,24.77875],[46.57251,24.77493],[46.57794,24.76301],[46.58123,24.7562],[46.5821,24.75424],[46.58338,24.75104],[46.58579,24.74413],[46.58622,24.74314],[46.58724,24.74122],[46.58949,24.73793],[46.59043,24.73635],[46.59274,24.73783],[46.5953,24.7391],[46.62933,24.75344]]]},"properties":{"district_id":"riyadh-hiteen","name_ar":"حطين","name_en":"Hiteen","city":"riyadh","source_codes":["70030076562014210"]}},{"type":"Feature","id":"riyadh-imam-muhammad-bin-saud-islamic-university","geometry":{"type":"Polygon","coordinates":[[[46.72192,24.83021],[46.72164,24.83092],[46.72091,24.83082],[46.71836,24.82947],[46.71793,24.82914],[46.71692,24.82813],[46.71625,24.82708],[46.70075,24.81914],[46.69609,24.81957],[46.69367,24.81951],[46.69232,24.81933],[46.69072,24.81895],[46.68948,24.81853],[46.68778,24.81782],[46.69611,24.80141],[46.71417,24.80904],[46.7139,24.80992],[46.71366,24.81114],[46.71356,24.81276],[46.71379,24.81477],[46.7143,24.81656],[46.7153,24.81881],[46.71854,24.82547],[46.71952,24.82707],[46.72039,24.82832],[46.72192,24.83021]]]},"properties":{"district_id":"riyadh-imam-muhammad-bin-saud-islamic-university","name_ar":"جامعة الإمام محمد بن سعود الإسلامية","name_en":"Imam Muhammad Bin Saud Islamic University","city":"riyadh","source_codes":["70030076562031281"]}},{"type":"Feature","id":"riyadh-industrial","geometry":{"type":"Polygon","coordinates":[[[46.76,24.64062],[46.75786,24.64764],[46.75455,24.65414],[46.7535,24.65371],[46.75271,24.65354],[46.74037,24.65297],[46.73957,24.65287],[46.73878,24.65267],[46.73804,24.65236],[46.73736,24.65195],[46.73418,24.64954],[46.73387,24.64848],[46.73324,24.6469],[46.73316,24.64609],[46.73336,24.64535],[46.73374,24.6447],[46.73515,24.64309],[46.73592,24.64207],[46.73634,24.64108],[46.7366,24.63965],[46.73684,24.63956],[46.73797,24.63948],[46.76,24.64062]]]},"properties":{"district_id":"riyadh-industrial","name_ar":"الصناعية","name_en":"Industrial","city":"riyadh","source_codes":["70030076562022376"]}},{"type":"Feature","id":"riyadh-industrial-al-batha","geometry":{"type":"Polygon","coordinates":[[[46.7366,24.63965],[46.73746,24.63452],[46.73818,24.63258],[46.73918,24.6302],[46.75725,24.63331],[46.75704,24.63399],[46.76191,24.63423],[46.76,24.64062],[46.73785,24.63948],[46.73697,24.63954],[46.7366,24.63965]]]},"properties":{"district_id":"riyadh-industrial-al-batha","name_ar":"الصناعية (البطحاء)","name_en":"Industrial (Al Batha)","city":"riyadh","source_codes":["70030076562020638"]}},{"type":"Feature","id":"riyadh-irqah","geometry":{"type":"Polygon","coordinates":[[[46.60207,24.70673],[46.60148,24.7074],[46.60037,24.70827],[46.59825,24.70918],[46.59722,24.70928],[46.59431,24.70936],[46.59137,24.70981],[46.59062,24.70972],[46.58923,24.70933],[46.58874,24.70896],[46.58797,24.70808],[46.58732,24.70773],[46.58308,24.70689],[46.58157,24.70649],[46.57999,24.70631],[46.57847,24.70649],[46.57727,24.70688],[46.57671,24.70621],[46.5751,24.7047],[46.56909,24.69972],[46.56611,24.69702],[46.56327,24.69383],[46.55967,24.68884],[46.55857,24.68667],[46.55786,24.68437],[46.55736,24.68172],[46.55722,24.67916],[46.55728,24.67722],[46.55846,24.67693],[46.55972,24.67682],[46.56085,24.67685],[46.56163,24.67701],[46.5629,24.67742],[46.56374,24.67782],[46.56566,24.67853],[46.56595,24.67889],[46.56573,24.67941],[46.56512,24.6798],[46.5644,24.6801],[46.56394,24.68018],[46.56377,24.68043],[46.56374,24.68065],[46.56403,24.68061],[46.56416,24.6808],[46.5643,24.68079],[46.56521,24.68049],[46.56627,24.6807],[46.56691,24.68065],[46.56785,24.68031],[46.56855,24.68022],[46.56919,24.68001],[46.57085,24.68],[46.5715,24.67988],[46.57227,24.67963],[46.57308,24.67917],[46.57443,24.67737],[46.57479,24.67721],[46.57508,24.67618],[46.57591,24.67638],[46.57638,24.67599],[46.57653,24.67547],[46.57691,24.67517],[46.57829,24.67444],[46.57839,24.67429],[46.57891,24.67402],[46.57913,24.67359],[46.58081,24.6727],[46.58115,24.67234],[46.58247,24.67165],[46.58267,24.67135],[46.58399,24.67066],[46.58477,24.6706],[46.58905,24.67168],[46.5892,24.67179],[46.58998,24.67198],[46.59013,24.67221],[46.59003,24.67271],[46.59309,24.67345],[46.59377,24.67441],[46.59376,24.6745],[46.59402,24.67458],[46.59397,24.67481],[46.59378,24.67489],[46.59384,24.67496],[46.59544,24.67536],[46.59648,24.6755],[46.59737,24.6755],[46.59837,24.67537],[46.59949,24.67509],[46.60094,24.67442],[46.60172,24.67437],[46.60089,24.67376],[46.60187,24.67271],[46.60222,24.67257],[46.60343,24.67254],[46.60353,24.6728],[46.6037,24.67288],[46.60388,24.67277],[46.60493,24.67276],[46.6058,24.67262],[46.60615,24.67269],[46.60625,24.67282],[46.60622,24.67335],[46.60643,24.67353],[46.60648,24.67381],[46.60654,24.67387],[46.60699,24.67383],[46.60729,24.67602],[46.60712,24.67967],[46.60723,24.68032],[46.60751,24.68094],[46.60804,24.68176],[46.60852,24.68232],[46.61219,24.68573],[46.61285,24.68693],[46.61334,24.6885],[46.61354,24.68889],[46.61392,24.68931],[46.61472,24.68983],[46.61516,24.69021],[46.61569,24.69099],[46.6163,24.69232],[46.61733,24.69337],[46.61678,24.69331],[46.61572,24.69373],[46.61472,24.69475],[46.61253,24.69625],[46.61221,24.69658],[46.61073,24.69768],[46.60829,24.6993],[46.60587,24.70108],[46.60403,24.70279],[46.60274,24.70567],[46.60207,24.70673]]]},"properties":{"district_id":"riyadh-irqah","name_ar":"عرقة","name_en":"Irqah","city":"riyadh","source_codes":["70030076562014226"]}},{"type":"Feature","id":"riyadh-jabrah","geometry":{"type":"Polygon","coordinates":[[[46.71625,24.62945],[46.71733,24.62814],[46.71604,24.62762],[46.7148,24.62689],[46.71628,24.62516],[46.71786,24.62223],[46.71842,24.62247],[46.72019,24.62288],[46.721,24.62316],[46.72236,24.62082],[46.72388,24.62093],[46.72305,24.62283],[46.72216,24.62445],[46.72181,24.6248],[46.72029,24.62594],[46.71734,24.63],[46.71625,24.62945]]]},"properties":{"district_id":"riyadh-jabrah","name_ar":"جبرة","name_en":"Jabrah","city":"riyadh","source_codes":["70030076562014207"]}},{"type":"Feature","id":"riyadh-jareer","geometry":{"type":"Polygon","coordinates":[[[46.76039,24.67303],[46.7543,24.68831],[46.74761,24.68608],[46.74625,24.68553],[46.74458,24.68455],[46.74088,24.68177],[46.74268,24.67968],[46.74282,24.67919],[46.74828,24.66613],[46.74884,24.66717],[46.74937,24.66782],[46.75099,24.6695],[46.75596,24.67154],[46.76039,24.67303]]]},"properties":{"district_id":"riyadh-jareer","name_ar":"جرير","name_en":"Jareer","city":"riyadh","source_codes":["70030076562014208"]}},{"type":"Feature","id":"riyadh-king-abdulaziz","geometry":{"type":"Polygon","coordinates":[[[46.73303,24.73929],[46.7347,24.74779],[46.73369,24.74959],[46.73137,24.7485],[46.72846,24.74823],[46.72966,24.74605],[46.72623,24.74542],[46.72365,24.72905],[46.71112,24.73679],[46.70701,24.72972],[46.7047,24.72379],[46.69894,24.72663],[46.6947,24.72503],[46.69352,24.72557],[46.69286,24.72441],[46.69425,24.72201],[46.6929,24.7214],[46.69434,24.71856],[46.69556,24.71682],[46.69781,24.71438],[46.69858,24.71373],[46.69946,24.7132],[46.70608,24.71017],[46.71787,24.70642],[46.718,24.70592],[46.71775,24.70492],[46.71772,24.70436],[46.71804,24.6924],[46.72123,24.69304],[46.72346,24.69362],[46.73003,24.69483],[46.73171,24.69537],[46.73272,24.69591],[46.74428,24.70359],[46.74659,24.70505],[46.7462,24.70557],[46.74613,24.70653],[46.7462,24.71248],[46.74551,24.7126],[46.7451,24.71284],[46.74492,24.71305],[46.7445,24.71438],[46.7442,24.71497],[46.74377,24.71508],[46.74326,24.715],[46.74009,24.7223],[46.73954,24.72364],[46.73964,24.72368],[46.73904,24.72491],[46.73968,24.72534],[46.74086,24.72664],[46.74181,24.72786],[46.74179,24.72872],[46.74049,24.72942],[46.73954,24.72805],[46.73618,24.72868],[46.73758,24.73432],[46.73959,24.73486],[46.741,24.73768],[46.73616,24.73979],[46.73432,24.73936],[46.73208,24.73783],[46.73303,24.73929]]]},"properties":{"district_id":"riyadh-king-abdulaziz","name_ar":"الملك عبدالعزيز","name_en":"King Abdulaziz","city":"riyadh","source_codes":["70030076562029796"]}},{"type":"Feature","id":"riyadh-king-abdullah","geometry":{"type":"Polygon","coordinates":[[[46.7258,24.74262],[46.72623,24.74542],[46.72966,24.74605],[46.72846,24.74823],[46.73137,24.7485],[46.73369,24.74959],[46.7347,24.74779],[46.73303,24.73929],[46.73208,24.73783],[46.73432,24.73936],[46.73616,24.73979],[46.741,24.73768],[46.73959,24.73486],[46.73758,24.73432],[46.73618,24.72868],[46.73954,24.72805],[46.74049,24.72942],[46.74179,24.72872],[46.74181,24.72786],[46.74086,24.72664],[46.73968,24.72534],[46.73904,24.72491],[46.73964,24.72368],[46.73954,24.72364],[46.74009,24.7223],[46.74326,24.715],[46.74377,24.71508],[46.7442,24.71497],[46.7445,24.71438],[46.74492,24.71305],[46.7451,24.71284],[46.74551,24.7126],[46.7462,24.71248],[46.74613,24.70653],[46.7462,24.70557],[46.74659,24.70505],[46.76175,24.7145],[46.73885,24.75982],[46.73402,24.75776],[46.72112,24.75187],[46.7258,24.74262]]]},"properties":{"district_id":"riyadh-king-abdullah","name_ar":"الملك عبدالله","name_en":"King Abdullah","city":"riyadh","source_codes":["70030076562029747"]}},{"type":"Feature","id":"riyadh-king-fahd","geometry":{"type":"Polygon","coordinates":[[[46.68517,24.73669],[46.67669,24.75346],[46.65556,24.74456],[46.66404,24.72777],[46.68517,24.73669]]]},"properties":{"district_id":"riyadh-king-fahd","name_ar":"الملك فهد","name_en":"King Fahd","city":"riyadh","source_codes":["70030076562024256"]}},{"type":"Feature","id":"riyadh-king-faisal","geometry":{"type":"Polygon","coordinates":[[[46.79023,24.75676],[46.78477,24.76404],[46.78536,24.7644],[46.7765,24.77634],[46.77026,24.77254],[46.76885,24.77179],[46.75911,24.76769],[46.77452,24.74703],[46.79023,24.75676]]]},"properties":{"district_id":"riyadh-king-faisal","name_ar":"الملك فيصل","name_en":"King Faisal","city":"riyadh","source_codes":["70030076562026128"]}},{"type":"Feature","id":"riyadh-king-saud-university","geometry":{"type":"Polygon","coordinates":[[[46.6258,24.7417],[46.62489,24.74236],[46.62297,24.74354],[46.62224,24.74409],[46.60708,24.72854],[46.60497,24.72678],[46.60211,24.72384],[46.61627,24.71235],[46.61791,24.71093],[46.61917,24.70962],[46.62007,24.70851],[46.62319,24.70391],[46.63177,24.71268],[46.63286,24.71367],[46.63404,24.71458],[46.63562,24.7156],[46.63729,24.71647],[46.64685,24.72051],[46.64442,24.72522],[46.64357,24.72649],[46.6427,24.72757],[46.64095,24.72929],[46.6258,24.7417]]]},"properties":{"district_id":"riyadh-king-saud-university","name_ar":"جامعة الملك سعود","name_en":"King Saud University","city":"riyadh","source_codes":["70030076562031231"]}},{"type":"Feature","id":"riyadh-laban","geometry":{"type":"MultiPolygon","coordinates":[[[[46.61699,24.65503],[46.61536,24.65565],[46.61227,24.65632],[46.61022,24.6569],[46.60912,24.65733],[46.60619,24.6548],[46.60597,24.65468],[46.60564,24.65466],[46.60541,24.65476],[46.60524,24.65495],[46.60445,24.65683],[46.60171,24.6552],[46.59965,24.65368],[46.59777,24.652],[46.59594,24.64991],[46.57838,24.62532],[46.5844,24.61253],[46.58661,24.61287],[46.58664,24.61374],[46.58693,24.61449],[46.58721,24.61487],[46.58839,24.61568],[46.58895,24.61592],[46.5896,24.61634],[46.5903,24.61619],[46.59114,24.61673],[46.59182,24.61676],[46.5927,24.61716],[46.594,24.61829],[46.59443,24.61912],[46.59614,24.62099],[46.59699,24.62264],[46.59786,24.62221],[46.59798,24.62156],[46.59877,24.62155],[46.59973,24.62128],[46.60035,24.62119],[46.60072,24.62069],[46.59936,24.61756],[46.60031,24.61663],[46.60077,24.61531],[46.60154,24.61667],[46.60199,24.61677],[46.60196,24.6171],[46.60213,24.61744],[46.60314,24.61781],[46.60384,24.61849],[46.60411,24.61887],[46.60523,24.61857],[46.60458,24.61804],[46.60335,24.61733],[46.6033,24.61709],[46.60381,24.61719],[46.60393,24.61691],[46.60429,24.617],[46.60438,24.61731],[46.60597,24.61752],[46.60639,24.61697],[46.60631,24.61631],[46.60499,24.61587],[46.60454,24.61552],[46.60474,24.61512],[46.60685,24.6158],[46.60696,24.61577],[46.60723,24.61646],[46.60753,24.61686],[46.60756,24.61772],[46.60773,24.61811],[46.60906,24.61863],[46.60917,24.61848],[46.60852,24.618],[46.60857,24.61776],[46.60911,24.6178],[46.60915,24.61702],[46.60888,24.61662],[46.60908,24.61649],[46.60942,24.61691],[46.60953,24.6169],[46.60974,24.61711],[46.61006,24.61774],[46.61022,24.61779],[46.61054,24.61749],[46.61042,24.61681],[46.61047,24.61647],[46.61007,24.6159],[46.61029,24.61577],[46.61084,24.61588],[46.61095,24.61632],[46.61111,24.61651],[46.61186,24.61631],[46.61197,24.6165],[46.61149,24.6167],[46.61149,24.6169],[46.61155,24.61709],[46.61181,24.61724],[46.61171,24.61772],[46.61183,24.61816],[46.61215,24.6185],[46.61237,24.61888],[46.61253,24.61898],[46.61301,24.61883],[46.61322,24.61853],[46.61342,24.61795],[46.61379,24.61785],[46.61539,24.61822],[46.61603,24.61816],[46.61662,24.6183],[46.61879,24.61926],[46.61911,24.61959],[46.61954,24.61983],[46.62035,24.6206],[46.62056,24.62065],[46.62066,24.62021],[46.62098,24.62025],[46.62131,24.62054],[46.62131,24.62103],[46.62217,24.62131],[46.62254,24.62136],[46.62276,24.62155],[46.62312,24.62106],[46.62344,24.62086],[46.62311,24.62013],[46.6237,24.62042],[46.62413,24.62041],[46.62513,24.62006],[46.62534,24.61991],[46.62374,24.61964],[46.62443,24.61939],[46.62618,24.61898],[46.62655,24.61849],[46.62676,24.61791],[46.62559,24.61792],[46.6251,24.61758],[46.62424,24.6172],[46.62414,24.61759],[46.62367,24.61833],[46.62314,24.61828],[46.62292,24.61804],[46.62308,24.61765],[46.62334,24.61741],[46.62233,24.61708],[46.622,24.61679],[46.6212,24.61665],[46.62072,24.61637],[46.61987,24.61637],[46.61907,24.61619],[46.61821,24.61576],[46.61773,24.61591],[46.61639,24.6151],[46.61597,24.6152],[46.61501,24.61521],[46.61442,24.61536],[46.6141,24.61522],[46.61351,24.61474],[46.6142,24.61464],[46.61543,24.61462],[46.61606,24.61418],[46.61632,24.61413],[46.61712,24.61426],[46.61761,24.61445],[46.61771,24.61426],[46.61743,24.61343],[46.61743,24.61319],[46.61711,24.61295],[46.617,24.61276],[46.61631,24.61325],[46.61599,24.61335],[46.6153,24.61297],[46.61482,24.61293],[46.6138,24.61265],[46.61312,24.61319],[46.61248,24.61339],[46.61205,24.61315],[46.61168,24.61311],[46.61126,24.6134],[46.61092,24.6138],[46.61063,24.61373],[46.61052,24.61357],[46.61034,24.61368],[46.61012,24.6134],[46.60983,24.61357],[46.60941,24.613],[46.61013,24.61307],[46.61062,24.61322],[46.6104,24.61283],[46.61162,24.61262],[46.61178,24.61242],[46.6121,24.61237],[46.61193,24.61218],[46.61135,24.61219],[46.61098,24.61229],[46.61006,24.61181],[46.61022,24.61181],[46.61006,24.61166],[46.60916,24.61163],[46.60931,24.61099],[46.60994,24.61069],[46.6101,24.61069],[46.61037,24.61093],[46.61059,24.61137],[46.61091,24.61136],[46.61134,24.61155],[46.61176,24.6114],[46.61214,24.6114],[46.61272,24.61149],[46.61331,24.61144],[46.61379,24.61153],[46.61464,24.61152],[46.61523,24.61166],[46.61555,24.61165],[46.6165,24.6114],[46.61719,24.61135],[46.61751,24.61144],[46.61757,24.61124],[46.61729,24.61076],[46.61697,24.61052],[46.61665,24.61082],[46.61623,24.61101],[46.61644,24.61033],[46.61707,24.61003],[46.61723,24.60989],[46.61675,24.6096],[46.61616,24.60975],[46.61558,24.61005],[46.61431,24.6105],[46.61287,24.61056],[46.61223,24.61028],[46.61173,24.60917],[46.61173,24.60897],[46.6112,24.60898],[46.61157,24.60849],[46.61109,24.60849],[46.61145,24.60805],[46.61188,24.60795],[46.61188,24.60771],[46.61155,24.60756],[46.61124,24.60766],[46.61096,24.6076],[46.61134,24.60634],[46.61218,24.60508],[46.61312,24.60566],[46.61319,24.60628],[46.61304,24.60667],[46.61308,24.60706],[46.61333,24.60744],[46.61339,24.60783],[46.61325,24.60847],[46.61338,24.60905],[46.61389,24.60913],[46.61416,24.6089],[46.6144,24.60882],[46.61473,24.60851],[46.61441,24.60713],[46.61447,24.60693],[46.61481,24.60712],[46.61493,24.60743],[46.61502,24.60734],[46.61533,24.60745],[46.61541,24.60726],[46.61554,24.60731],[46.61557,24.60747],[46.61597,24.60794],[46.61597,24.60808],[46.61616,24.6081],[46.61646,24.60788],[46.61703,24.60785],[46.61721,24.60776],[46.61706,24.6069],[46.61712,24.60681],[46.6176,24.60684],[46.61757,24.60731],[46.61769,24.60742],[46.618,24.60734],[46.61812,24.60742],[46.61812,24.60764],[46.61758,24.60814],[46.61801,24.60847],[46.6185,24.60862],[46.61912,24.60954],[46.61922,24.61018],[46.61946,24.6106],[46.61947,24.61138],[46.61957,24.61163],[46.61957,24.61196],[46.61937,24.61271],[46.6196,24.6144],[46.61973,24.61459],[46.61991,24.61445],[46.6199,24.61369],[46.62022,24.61279],[46.62152,24.61202],[46.62114,24.61131],[46.62096,24.61125],[46.62081,24.61103],[46.62062,24.61056],[46.62028,24.61035],[46.62034,24.6101],[46.62015,24.60968],[46.62,24.6096],[46.62023,24.60868],[46.62007,24.60821],[46.62044,24.60846],[46.62059,24.60874],[46.62082,24.60959],[46.621,24.60989],[46.6218,24.61041],[46.62211,24.6108],[46.6225,24.61093],[46.62269,24.61121],[46.62312,24.61137],[46.62358,24.61222],[46.62581,24.61367],[46.62664,24.6141],[46.62645,24.61372],[46.62645,24.61347],[46.62572,24.61309],[46.62513,24.61234],[46.62422,24.61208],[46.62372,24.61117],[46.62359,24.61056],[46.62292,24.61015],[46.62282,24.60982],[46.62252,24.6096],[46.62278,24.60924],[46.62242,24.60819],[46.62158,24.60757],[46.6214,24.60729],[46.62098,24.60627],[46.62101,24.60614],[46.62124,24.60613],[46.62203,24.60692],[46.62352,24.60789],[46.62391,24.6085],[46.62403,24.60928],[46.62508,24.60995],[46.62525,24.6107],[46.62547,24.61097],[46.62614,24.6111],[46.62678,24.61177],[46.62719,24.61207],[46.62743,24.61209],[46.62739,24.61176],[46.62752,24.61168],[46.62813,24.61263],[46.6284,24.61444],[46.62856,24.61468],[46.6288,24.61468],[46.62919,24.61393],[46.62934,24.61347],[46.62975,24.61296],[46.62991,24.613],[46.62984,24.61526],[46.63,24.6155],[46.63036,24.61548],[46.63074,24.61527],[46.63117,24.61528],[46.63133,24.61538],[46.63146,24.61591],[46.63173,24.61607],[46.63241,24.61673],[46.63279,24.61751],[46.63314,24.61847],[46.63357,24.61894],[46.63362,24.61836],[46.63353,24.61791],[46.63309,24.61717],[46.63306,24.61684],[46.63386,24.61758],[46.6342,24.61805],[46.63432,24.61846],[46.63478,24.61832],[46.63492,24.61807],[46.63523,24.61801],[46.6352,24.61817],[46.63551,24.6187],[46.63596,24.61864],[46.63636,24.61869],[46.63648,24.6186],[46.63659,24.61816],[46.63656,24.61794],[46.63647,24.61788],[46.63662,24.61771],[46.63662,24.6176],[46.63616,24.61736],[46.63615,24.61653],[46.63567,24.616],[46.63516,24.61586],[46.63461,24.61529],[46.63461,24.61489],[46.63515,24.61559],[46.63584,24.61574],[46.63621,24.61616],[46.63636,24.61661],[46.63664,24.61669],[46.63667,24.61694],[46.63762,24.61762],[46.63771,24.61776],[46.63766,24.61834],[46.63754,24.61851],[46.63764,24.61931],[46.63746,24.61973],[46.63689,24.62012],[46.63708,24.6204],[46.63744,24.62009],[46.63768,24.62],[46.63768,24.61981],[46.63786,24.61945],[46.63807,24.61942],[46.63819,24.61953],[46.63816,24.61983],[46.63829,24.62016],[46.63921,24.62079],[46.64012,24.6207],[46.64051,24.62075],[46.64072,24.62066],[46.64096,24.62044],[46.64102,24.62019],[46.64098,24.6198],[46.64083,24.61966],[46.64062,24.61961],[46.64055,24.61928],[46.64058,24.61878],[46.64082,24.61853],[46.64078,24.61828],[46.6406,24.61795],[46.64084,24.61772],[46.64077,24.61748],[46.64092,24.61744],[46.64117,24.61755],[46.64146,24.61751],[46.6415,24.61761],[46.64142,24.61802],[46.64158,24.61866],[46.64143,24.61896],[46.64205,24.62001],[46.64226,24.62023],[46.64248,24.62031],[46.64209,24.62048],[46.64171,24.62177],[46.64123,24.62204],[46.64124,24.62229],[46.64151,24.62248],[46.64181,24.62246],[46.64191,24.62264],[46.6416,24.62275],[46.64179,24.62306],[46.64179,24.62323],[46.63972,24.62316],[46.63976,24.62336],[46.64118,24.62498],[46.64219,24.62562],[46.64394,24.62711],[46.64542,24.62804],[46.64683,24.62842],[46.64737,24.62873],[46.6478,24.6291],[46.64815,24.62964],[46.64818,24.63167],[46.64877,24.63308],[46.64972,24.63468],[46.65013,24.63511],[46.65115,24.63594],[46.65032,24.63685],[46.64925,24.63768],[46.64438,24.64054],[46.64353,24.64113],[46.64278,24.64149],[46.64216,24.64196],[46.64159,24.64217],[46.6409,24.64269],[46.63978,24.64315],[46.63887,24.64374],[46.63786,24.64403],[46.63679,24.64472],[46.63535,24.64533],[46.63202,24.6471],[46.62935,24.64794],[46.62782,24.6483],[46.62407,24.64963],[46.62328,24.65024],[46.62098,24.65231],[46.61878,24.65403],[46.61699,24.65503]]],[[[46.58412,24.61313],[46.57838,24.62532],[46.5757,24.62207],[46.57337,24.61963],[46.56945,24.61597],[46.56735,24.61412],[46.56393,24.61088],[46.56454,24.61061],[46.56513,24.61067],[46.56587,24.61106],[46.56618,24.61151],[46.56648,24.61172],[46.56677,24.61176],[46.5689,24.61175],[46.56977,24.61152],[46.5716,24.61139],[46.57286,24.61159],[46.57303,24.61201],[46.57563,24.61173],[46.5755,24.61076],[46.57488,24.60955],[46.5732,24.60828],[46.57288,24.6078],[46.57193,24.60518],[46.57306,24.60357],[46.57353,24.60376],[46.57409,24.60428],[46.57454,24.60513],[46.57475,24.60588],[46.575,24.60633],[46.57531,24.60656],[46.57533,24.60699],[46.57576,24.60704],[46.57593,24.60693],[46.57574,24.60637],[46.57541,24.60616],[46.57535,24.60598],[46.5759,24.60599],[46.57637,24.60626],[46.57661,24.60697],[46.57811,24.60896],[46.5792,24.60971],[46.57916,24.61005],[46.57949,24.61042],[46.58,24.61063],[46.5818,24.6124],[46.58255,24.61251],[46.58283,24.61263],[46.58325,24.61261],[46.58412,24.61313]]]]},"properties":{"district_id":"riyadh-laban","name_ar":"لبن","name_en":"Laban","city":"riyadh","source_codes":["70030076562014198","70030076562014199"]}},{"type":"Feature","id":"riyadh-manfuha-al-jadidah","geometry":{"type":"Polygon","coordinates":[[[46.72388,24.62093],[46.71761,24.62051],[46.72118,24.61578],[46.7165,24.61228],[46.71598,24.61367],[46.71542,24.6155],[46.71476,24.61801],[46.71432,24.61895],[46.71002,24.61698],[46.71077,24.60605],[46.71187,24.60607],[46.71471,24.60581],[46.71581,24.6059],[46.71953,24.60723],[46.72682,24.6101],[46.72832,24.6109],[46.72388,24.62093]]]},"properties":{"district_id":"riyadh-manfuha-al-jadidah","name_ar":"منفوحة الجديدة","name_en":"Manfuha Al Jadidah","city":"riyadh","source_codes":["70030076562029786"]}},{"type":"Feature","id":"riyadh-manfuhah","geometry":{"type":"Polygon","coordinates":[[[46.73571,24.59643],[46.73515,24.59741],[46.73407,24.59968],[46.72832,24.6109],[46.72682,24.6101],[46.71953,24.60723],[46.72109,24.60513],[46.72145,24.60443],[46.7218,24.6034],[46.72227,24.60076],[46.72254,24.5955],[46.72303,24.59257],[46.72329,24.59158],[46.7237,24.59044],[46.725,24.58799],[46.72729,24.58894],[46.72954,24.59002],[46.7373,24.59428],[46.73571,24.59643]]]},"properties":{"district_id":"riyadh-manfuhah","name_ar":"منفوحة","name_en":"Manfuhah","city":"riyadh","source_codes":["70030076562017704"]}},{"type":"Feature","id":"riyadh-meakal","geometry":{"type":"Polygon","coordinates":[[[46.71761,24.62051],[46.71337,24.62615],[46.71285,24.62709],[46.71188,24.62662],[46.71312,24.62285],[46.71414,24.61944],[46.71432,24.61895],[46.71761,24.62051]]]},"properties":{"district_id":"riyadh-meakal","name_ar":"معكال","name_en":"Meakal","city":"riyadh","source_codes":["70030076562015756"]}},{"type":"Feature","id":"riyadh-moghrazat","geometry":{"type":"Polygon","coordinates":[[[46.73885,24.75982],[46.73059,24.77617],[46.71266,24.76861],[46.72112,24.75187],[46.73402,24.75776],[46.73885,24.75982]]]},"properties":{"district_id":"riyadh-moghrazat","name_ar":"مغرزات","name_en":"Moghrazat","city":"riyadh","source_codes":["70030076562017703"]}},{"type":"Feature","id":"riyadh-muayzilah","geometry":{"type":"Polygon","coordinates":[[[46.84736,24.81426],[46.84671,24.81572],[46.84624,24.81723],[46.84599,24.81847],[46.83631,24.81344],[46.83572,24.81438],[46.82752,24.80867],[46.81567,24.80002],[46.84132,24.76485],[46.84285,24.76647],[46.844,24.76789],[46.85813,24.78721],[46.85911,24.78896],[46.85944,24.78992],[46.85965,24.7909],[46.85975,24.79215],[46.85961,24.79362],[46.8593,24.79481],[46.85871,24.79617],[46.84736,24.81426]]]},"properties":{"district_id":"riyadh-muayzilah","name_ar":"المعيزيلة","name_en":"Muayzilah","city":"riyadh","source_codes":["70030076562024252"]}},{"type":"Feature","id":"riyadh-namar","geometry":{"type":"Polygon","coordinates":[[[46.7053,24.58615],[46.70338,24.58625],[46.70105,24.58623],[46.69478,24.58573],[46.69317,24.58549],[46.69131,24.58493],[46.68958,24.58412],[46.68666,24.58227],[46.68559,24.5814],[46.68342,24.57931],[46.68188,24.57815],[46.67224,24.57216],[46.6706,24.57127],[46.66803,24.57022],[46.66432,24.56918],[46.66284,24.56881],[46.65743,24.56775],[46.65586,24.56735],[46.65412,24.56668],[46.65212,24.56559],[46.65569,24.55979],[46.65567,24.55948],[46.6558,24.55888],[46.65619,24.55805],[46.65724,24.55689],[46.65907,24.55536],[46.66813,24.55363],[46.67062,24.55164],[46.67388,24.55554],[46.67639,24.55801],[46.68488,24.56519],[46.69049,24.5703],[46.69562,24.5747],[46.69651,24.57543],[46.70113,24.57864],[46.70249,24.5797],[46.70327,24.58058],[46.70368,24.5812],[46.70482,24.58362],[46.70521,24.58501],[46.7053,24.58615]]]},"properties":{"district_id":"riyadh-namar","name_ar":"نمار","name_en":"Namar","city":"riyadh","source_codes":["70030076623858977"]}},{"type":"Feature","id":"riyadh-new-industrial-city","geometry":{"type":"Polygon","coordinates":[[[46.8826,24.57335],[46.88142,24.57422],[46.87958,24.57592],[46.87427,24.58225],[46.87332,24.58323],[46.87252,24.58394],[46.87144,24.58472],[46.87029,24.58541],[46.86922,24.58594],[46.86921,24.58561],[46.86877,24.58376],[46.86848,24.58304],[46.86808,24.58236],[46.85783,24.569],[46.8513,24.56031],[46.851,24.56051],[46.84967,24.55875],[46.92615,24.5097],[46.93083,24.5064],[46.93546,24.5027],[46.94314,24.51019],[46.94471,24.51224],[46.94567,24.51414],[46.94617,24.51561],[46.94647,24.51711],[46.94659,24.51852],[46.94654,24.52006],[46.94636,24.5213],[46.94597,24.52278],[46.9454,24.52421],[46.94466,24.52557],[46.94395,24.5266],[46.93989,24.53184],[46.93603,24.53669],[46.93306,24.53985],[46.92992,24.54261],[46.92803,24.54406],[46.92607,24.54543],[46.8826,24.57335]]]},"properties":{"district_id":"riyadh-new-industrial-city","name_ar":"المدينة الصناعية الجديدة","name_en":"New Industrial City","city":"riyadh","source_codes":["70030076562031269"]}},{"type":"Feature","id":"riyadh-north-mathar","geometry":{"type":"Polygon","coordinates":[[[46.67811,24.67541],[46.67839,24.67808],[46.67833,24.67875],[46.67807,24.67957],[46.66357,24.7084],[46.6541,24.7044],[46.65912,24.6945],[46.66588,24.68402],[46.6662,24.68302],[46.66624,24.68132],[46.66645,24.68031],[46.66868,24.67582],[46.669,24.67491],[46.67072,24.67491],[46.67811,24.67541]]]},"properties":{"district_id":"riyadh-north-mathar","name_ar":"المعذر الشمالي","name_en":"North Mathar","city":"riyadh","source_codes":["70030076562029770"]}},{"type":"Feature","id":"riyadh-olaishah","geometry":{"type":"Polygon","coordinates":[[[46.69293,24.64143],[46.68657,24.63897],[46.67648,24.63396],[46.67602,24.63383],[46.67524,24.63376],[46.67692,24.62842],[46.67686,24.62727],[46.67662,24.62527],[46.68866,24.62547],[46.69081,24.62617],[46.69137,24.62646],[46.69193,24.62691],[46.69223,24.62731],[46.69293,24.64143]]]},"properties":{"district_id":"riyadh-olaishah","name_ar":"عليشة","name_en":"Olaishah","city":"riyadh","source_codes":["70030076562015749"]}},{"type":"Feature","id":"riyadh-oraid","geometry":{"type":"Polygon","coordinates":[[[46.78434,24.50272],[46.78338,24.50188],[46.7827,24.50098],[46.78248,24.50015],[46.78201,24.49895],[46.7817,24.49761],[46.78143,24.49707],[46.78111,24.49666],[46.77996,24.49619],[46.77845,24.49602],[46.77724,24.49573],[46.77631,24.49539],[46.7751,24.4948],[46.77433,24.49465],[46.7735,24.49476],[46.77226,24.49555],[46.77152,24.49627],[46.76998,24.49811],[46.76883,24.49913],[46.7677,24.49975],[46.76646,24.50014],[46.76331,24.50007],[46.76272,24.49996],[46.76217,24.49975],[46.7618,24.49952],[46.75983,24.49771],[46.75887,24.49693],[46.75767,24.4956],[46.75727,24.49532],[46.75683,24.49515],[46.75624,24.49507],[46.75499,24.49517],[46.754,24.49514],[46.75052,24.49468],[46.74797,24.49483],[46.74595,24.49459],[46.74534,24.49464],[46.7446,24.49485],[46.74278,24.49595],[46.74101,24.49666],[46.73921,24.49707],[46.73702,24.49726],[46.73617,24.49749],[46.73513,24.49808],[46.73434,24.49893],[46.73384,24.4992],[46.73315,24.49941],[46.73167,24.49948],[46.73061,24.49931],[46.72948,24.49882],[46.72833,24.49796],[46.72758,24.49779],[46.72589,24.49843],[46.72407,24.49945],[46.72264,24.50061],[46.72159,24.50203],[46.72116,24.50231],[46.72064,24.50244],[46.71836,24.50241],[46.71793,24.50226],[46.71754,24.5019],[46.71722,24.50108],[46.71713,24.50033],[46.71718,24.49972],[46.71746,24.49874],[46.71755,24.49804],[46.71734,24.49749],[46.71689,24.49707],[46.7163,24.49686],[46.71577,24.49687],[46.71513,24.49711],[46.71426,24.49773],[46.71378,24.49786],[46.71327,24.49784],[46.71282,24.49769],[46.71241,24.49745],[46.7099,24.49584],[46.70928,24.4956],[46.70845,24.49545],[46.70804,24.49548],[46.70769,24.49562],[46.7074,24.49586],[46.7072,24.49617],[46.70706,24.49691],[46.70697,24.49815],[46.70705,24.50042],[46.70692,24.50073],[46.70667,24.501],[46.70598,24.50128],[46.70523,24.50126],[46.70452,24.50093],[46.70368,24.49993],[46.70303,24.49891],[46.70261,24.49858],[46.70209,24.49833],[46.70152,24.49819],[46.70091,24.49818],[46.69965,24.49853],[46.69871,24.49869],[46.69784,24.49873],[46.69705,24.49866],[46.69566,24.49823],[46.69467,24.49774],[46.6935,24.49701],[46.69277,24.49683],[46.69262,24.49683],[46.69197,24.4973],[46.69097,24.49836],[46.69004,24.49883],[46.68917,24.49899],[46.68721,24.49891],[46.6868,24.49898],[46.68581,24.49926],[46.68401,24.50005],[46.68314,24.50028],[46.68283,24.50025],[46.6825,24.50007],[46.6823,24.49976],[46.68245,24.49853],[46.68312,24.49723],[46.68312,24.49663],[46.68298,24.49593],[46.68282,24.49549],[46.68258,24.49531],[46.6822,24.49534],[46.68089,24.49649],[46.68014,24.49691],[46.67888,24.49722],[46.67737,24.49735],[46.67609,24.4973],[46.67503,24.49712],[46.67402,24.49642],[46.67294,24.49553],[46.67231,24.49474],[46.67181,24.49378],[46.67159,24.49359],[46.67133,24.49351],[46.67096,24.49354],[46.67065,24.49374],[46.67046,24.49479],[46.67023,24.49508],[46.66993,24.49522],[46.66952,24.49522],[46.66868,24.49488],[46.66775,24.49465],[46.66627,24.49455],[46.66569,24.4946],[46.66545,24.49469],[46.66501,24.49495],[46.66453,24.49541],[46.66418,24.49546],[46.66394,24.49532],[46.6636,24.49479],[46.66334,24.49418],[46.66301,24.49394],[46.66252,24.4937],[46.66117,24.49329],[46.66008,24.49282],[46.65914,24.49167],[46.65868,24.49081],[46.65823,24.4904],[46.65784,24.49024],[46.65746,24.49022],[46.65567,24.49079],[46.65511,24.49069],[46.65484,24.49051],[46.65419,24.48971],[46.65348,24.48917],[46.6531,24.48907],[46.65238,24.48914],[46.65172,24.4891],[46.65156,24.48902],[46.65136,24.48881],[46.65118,24.48831],[46.65118,24.48796],[46.6513,24.48757],[46.65123,24.48741],[46.64966,24.48702],[46.64832,24.48616],[46.64793,24.48612],[46.6475,24.4863],[46.64673,24.48735],[46.64625,24.48783],[46.64591,24.48803],[46.64536,24.4881],[46.64424,24.48798],[46.64302,24.48803],[46.64249,24.48785],[46.64221,24.48753],[46.64202,24.48696],[46.64197,24.48605],[46.64184,24.48548],[46.64163,24.485],[46.64124,24.48468],[46.6408,24.48459],[46.64026,24.48472],[46.63991,24.48499],[46.63946,24.48559],[46.63919,24.48568],[46.63884,24.48554],[46.6378,24.48483],[46.63696,24.48464],[46.63608,24.48463],[46.63561,24.48448],[46.63514,24.48401],[46.63491,24.48325],[46.63481,24.48131],[46.63509,24.48017],[46.63503,24.4799],[46.63488,24.47974],[46.63465,24.47965],[46.63325,24.47963],[46.63273,24.47955],[46.63228,24.47925],[46.63213,24.47891],[46.63251,24.47801],[46.63259,24.47741],[46.63255,24.47703],[46.63217,24.47662],[46.63026,24.47578],[46.62937,24.47525],[46.62928,24.47503],[46.6296,24.4739],[46.62966,24.47336],[46.62957,24.47283],[46.62926,24.47258],[46.62899,24.47253],[46.6283,24.47279],[46.62759,24.47288],[46.62647,24.47268],[46.6252,24.4722],[46.62489,24.47217],[46.62384,24.47257],[46.62211,24.47338],[46.62167,24.4735],[46.62098,24.47351],[46.61972,24.47319],[46.61868,24.47322],[46.61797,24.47312],[46.61619,24.47346],[46.61473,24.47398],[46.61235,24.47011],[46.61138,24.46815],[46.61081,24.4665],[46.61055,24.46513],[46.61047,24.46349],[46.61072,24.46146],[46.61135,24.4593],[46.61564,24.44807],[46.61623,24.44674],[46.61686,24.44559],[46.61761,24.4445],[46.62083,24.44103],[46.62135,24.44034],[46.62187,24.43933],[46.62222,24.43827],[46.6224,24.43705],[46.62241,24.43623],[46.6222,24.43445],[46.62517,24.43313],[46.62641,24.43281],[46.62778,24.43275],[46.62864,24.43253],[46.62897,24.43235],[46.62971,24.43227],[46.63491,24.4355],[46.63588,24.4357],[46.64255,24.43432],[46.64326,24.43427],[46.64532,24.43472],[46.64581,24.4347],[46.6465,24.43445],[46.64696,24.43408],[46.65132,24.42807],[46.6521,24.42753],[46.65304,24.4273],[46.65386,24.42739],[46.65453,24.42766],[46.65504,24.42807],[46.65847,24.43177],[46.65912,24.43213],[46.66001,24.43234],[46.66663,24.43191],[46.67943,24.42983],[46.68016,24.42957],[46.68214,24.42863],[46.68265,24.42829],[46.68317,24.42775],[46.69055,24.41532],[46.691,24.41475],[46.69159,24.41429],[46.69214,24.41403],[46.69275,24.41385],[46.69786,24.41285],[46.69975,24.41265],[46.70186,24.41263],[46.71045,24.41353],[46.71196,24.41353],[46.71392,24.41427],[46.7162,24.41448],[46.71854,24.41533],[46.71883,24.41534],[46.71912,24.41516],[46.71924,24.41484],[46.71953,24.41245],[46.7192,24.4122],[46.71921,24.41128],[46.71905,24.41014],[46.71948,24.40674],[46.72044,24.40685],[46.72115,24.40672],[46.72182,24.40648],[46.72217,24.40654],[46.72195,24.40728],[46.72157,24.40784],[46.72115,24.40825],[46.72098,24.40872],[46.7221,24.41009],[46.72561,24.41054],[46.72588,24.41047],[46.72624,24.40979],[46.72653,24.40987],[46.72684,24.40981],[46.72725,24.41055],[46.72753,24.41055],[46.72793,24.41088],[46.72812,24.4109],[46.72823,24.41078],[46.72888,24.41094],[46.72915,24.41095],[46.72919,24.41065],[46.72965,24.41043],[46.73019,24.41046],[46.73051,24.41038],[46.73119,24.41077],[46.73168,24.41035],[46.73191,24.4103],[46.73292,24.41154],[46.7336,24.4118],[46.73455,24.41185],[46.73496,24.41154],[46.73514,24.41094],[46.73537,24.41101],[46.73553,24.4113],[46.73667,24.41246],[46.7371,24.4124],[46.73727,24.4123],[46.73831,24.41256],[46.73892,24.41258],[46.73929,24.41248],[46.73988,24.4126],[46.74004,24.41251],[46.74003,24.41227],[46.7405,24.41241],[46.74141,24.41244],[46.74169,24.41256],[46.74196,24.41256],[46.74198,24.41238],[46.74313,24.41242],[46.74372,24.41219],[46.74383,24.41164],[46.74396,24.41143],[46.74391,24.41126],[46.74351,24.4109],[46.74349,24.41022],[46.74312,24.40983],[46.74167,24.40948],[46.74151,24.40931],[46.74147,24.40877],[46.74094,24.40809],[46.74092,24.40796],[46.74133,24.40792],[46.74199,24.40852],[46.74238,24.40906],[46.7433,24.40902],[46.74393,24.4092],[46.74474,24.40984],[46.74514,24.41026],[46.74572,24.41032],[46.74619,24.41018],[46.7466,24.40976],[46.7467,24.40946],[46.74667,24.40906],[46.7471,24.40855],[46.74768,24.40746],[46.74763,24.40684],[46.74687,24.40634],[46.74687,24.40609],[46.74721,24.40572],[46.74811,24.4057],[46.74854,24.40548],[46.7486,24.40501],[46.74906,24.40488],[46.74927,24.40446],[46.74928,24.40427],[46.74901,24.4035],[46.74853,24.40278],[46.74605,24.40066],[46.74544,24.4003],[46.7434,24.39971],[46.74295,24.39969],[46.74228,24.39901],[46.74173,24.3986],[46.74094,24.39888],[46.73999,24.3981],[46.73951,24.3979],[46.73936,24.39775],[46.74082,24.39771],[46.74107,24.39746],[46.74098,24.3967],[46.74052,24.39577],[46.74028,24.39493],[46.73954,24.39378],[46.74064,24.39297],[46.7413,24.39331],[46.74209,24.39439],[46.74315,24.39638],[46.74369,24.3969],[46.74474,24.39755],[46.74544,24.39782],[46.7466,24.39796],[46.74796,24.39839],[46.74856,24.39875],[46.75036,24.40068],[46.75082,24.40106],[46.7514,24.40117],[46.75198,24.40101],[46.75233,24.4006],[46.75274,24.39992],[46.75309,24.39907],[46.75379,24.39801],[46.75387,24.39769],[46.75332,24.39727],[46.75145,24.39669],[46.75089,24.39633],[46.75079,24.3959],[46.75064,24.39565],[46.75033,24.39551],[46.74996,24.39551],[46.74972,24.39534],[46.75053,24.39529],[46.75078,24.39549],[46.75155,24.39641],[46.7523,24.39663],[46.75344,24.3965],[46.75438,24.39625],[46.75505,24.39592],[46.75565,24.39477],[46.75558,24.39441],[46.75483,24.39273],[46.75431,24.39215],[46.75393,24.39191],[46.75352,24.39184],[46.75175,24.39195],[46.75166,24.39186],[46.75179,24.39172],[46.75214,24.39159],[46.75348,24.3915],[46.75476,24.39179],[46.75545,24.39218],[46.75616,24.39277],[46.75666,24.39298],[46.75708,24.39309],[46.75759,24.39281],[46.758,24.39237],[46.75823,24.3918],[46.75823,24.39157],[46.75801,24.39129],[46.75745,24.39101],[46.75721,24.39098],[46.75712,24.39087],[46.75727,24.39074],[46.75828,24.39068],[46.75881,24.39035],[46.75935,24.39021],[46.75971,24.38992],[46.75995,24.38958],[46.75988,24.38912],[46.76033,24.38902],[46.76092,24.38871],[46.76139,24.38826],[46.76167,24.3877],[46.76181,24.38681],[46.76166,24.38601],[46.76104,24.38493],[46.76118,24.38449],[46.76119,24.38373],[46.76163,24.38344],[46.76246,24.38448],[46.76255,24.38456],[46.76273,24.38454],[46.76298,24.3831],[46.76305,24.38291],[46.76326,24.38274],[46.7636,24.38294],[46.7638,24.38345],[46.76487,24.38537],[46.76521,24.3857],[46.76571,24.38592],[46.76875,24.38628],[46.76935,24.38617],[46.76979,24.38597],[46.77018,24.38567],[46.77023,24.38547],[46.77094,24.38596],[46.77135,24.38605],[46.77309,24.3862],[46.77395,24.38635],[46.77436,24.38631],[46.77477,24.38618],[46.77506,24.38586],[46.77521,24.3855],[46.77516,24.38486],[46.77499,24.38456],[46.77502,24.38441],[46.77511,24.38439],[46.77556,24.38494],[46.77566,24.38552],[46.77604,24.38623],[46.77664,24.38671],[46.77739,24.38694],[46.77892,24.38716],[46.78184,24.38791],[46.78201,24.38763],[46.78212,24.38669],[46.78251,24.38616],[46.78266,24.38581],[46.78273,24.38588],[46.78267,24.38633],[46.78246,24.3869],[46.78248,24.38716],[46.78269,24.38763],[46.78306,24.38816],[46.78363,24.38859],[46.78485,24.3891],[46.78617,24.38925],[46.78633,24.3892],[46.7866,24.38906],[46.78702,24.38848],[46.78704,24.38825],[46.78672,24.38792],[46.78628,24.38769],[46.7861,24.38742],[46.7859,24.38727],[46.78584,24.38706],[46.78634,24.38756],[46.78733,24.38832],[46.78735,24.389],[46.7875,24.38921],[46.78749,24.38969],[46.7876,24.38982],[46.7884,24.39017],[46.79013,24.39067],[46.79039,24.39068],[46.79174,24.39033],[46.79202,24.38972],[46.79208,24.38973],[46.79216,24.38999],[46.79233,24.39017],[46.79236,24.39039],[46.79212,24.39088],[46.79213,24.3911],[46.79235,24.39135],[46.79443,24.39225],[46.79563,24.39239],[46.79578,24.39258],[46.79661,24.39301],[46.79743,24.39334],[46.79833,24.39352],[46.79871,24.39378],[46.80039,24.39444],[46.80104,24.39451],[46.80129,24.39473],[46.80162,24.39489],[46.80278,24.39508],[46.80322,24.39528],[46.80362,24.3953],[46.8041,24.3955],[46.80422,24.3955],[46.80454,24.39528],[46.80483,24.39564],[46.80499,24.39571],[46.80605,24.3959],[46.80653,24.39583],[46.80713,24.39592],[46.80731,24.39576],[46.80771,24.39592],[46.80811,24.39595],[46.80841,24.39588],[46.80875,24.39565],[46.80906,24.39573],[46.8094,24.39557],[46.80967,24.39557],[46.81018,24.39532],[46.8101,24.39493],[46.81088,24.395],[46.81132,24.39473],[46.8114,24.3946],[46.81137,24.39425],[46.81186,24.39421],[46.81245,24.39377],[46.81253,24.39359],[46.81244,24.39323],[46.8125,24.39314],[46.81287,24.3931],[46.81321,24.39285],[46.81314,24.39219],[46.81361,24.39221],[46.81377,24.39211],[46.81651,24.38928],[46.81654,24.38901],[46.81614,24.38849],[46.81664,24.38843],[46.81691,24.38819],[46.81693,24.38756],[46.81646,24.38694],[46.81594,24.38651],[46.81552,24.38634],[46.81421,24.3861],[46.81356,24.38617],[46.8129,24.38639],[46.8128,24.38639],[46.81277,24.38626],[46.81371,24.38581],[46.81447,24.38574],[46.81505,24.38578],[46.81713,24.38639],[46.81802,24.38687],[46.81891,24.38759],[46.81933,24.38722],[46.81998,24.38688],[46.82057,24.38642],[46.82147,24.3854],[46.82146,24.38522],[46.82122,24.38511],[46.82084,24.38511],[46.82084,24.38501],[46.82146,24.38496],[46.82174,24.38506],[46.8219,24.38494],[46.82253,24.38538],[46.82266,24.38538],[46.82343,24.38498],[46.82342,24.38476],[46.82324,24.38442],[46.82326,24.38421],[46.82339,24.38412],[46.82386,24.38435],[46.82469,24.38437],[46.82653,24.3835],[46.82691,24.38323],[46.82698,24.38307],[46.827,24.3827],[46.8268,24.38079],[46.82709,24.37946],[46.82758,24.37827],[46.8275,24.37808],[46.82718,24.37774],[46.82724,24.37733],[46.82707,24.37705],[46.82619,24.37662],[46.82595,24.37665],[46.82583,24.37678],[46.8257,24.37717],[46.8253,24.37748],[46.82353,24.37743],[46.82265,24.37718],[46.82261,24.37708],[46.82265,24.37695],[46.82411,24.37713],[46.82507,24.37712],[46.82527,24.37693],[46.82539,24.37649],[46.82595,24.37617],[46.82628,24.37618],[46.82686,24.37637],[46.82746,24.37641],[46.82817,24.37702],[46.82846,24.37689],[46.82855,24.37673],[46.82956,24.37759],[46.82906,24.37816],[46.82878,24.37863],[46.82838,24.38019],[46.82836,24.38215],[46.82859,24.38343],[46.82859,24.38387],[46.82834,24.38395],[46.8273,24.38472],[46.82502,24.38683],[46.82444,24.38807],[46.82408,24.38925],[46.82389,24.39053],[46.82389,24.39199],[46.82404,24.39299],[46.8243,24.39398],[46.82503,24.39562],[46.8271,24.39803],[46.82954,24.40033],[46.83013,24.40109],[46.83072,24.40212],[46.83119,24.40345],[46.83139,24.40484],[46.8313,24.40623],[46.83093,24.40759],[46.8303,24.40886],[46.82942,24.41],[46.82833,24.41098],[46.82706,24.41175],[46.82589,24.41222],[46.82466,24.41252],[46.82391,24.41262],[46.82234,24.41253],[46.82101,24.41272],[46.81954,24.41324],[46.81842,24.41393],[46.81808,24.4142],[46.81282,24.41988],[46.81222,24.4209],[46.81198,24.42188],[46.81206,24.42304],[46.81241,24.42398],[46.81296,24.42468],[46.8135,24.42561],[46.81428,24.42627],[46.81522,24.42735],[46.81605,24.4279],[46.81966,24.42951],[46.82051,24.43005],[46.82227,24.43071],[46.8228,24.43104],[46.82326,24.43146],[46.82354,24.43182],[46.82376,24.4326],[46.82379,24.4334],[46.82363,24.43418],[46.82328,24.43492],[46.82277,24.43557],[46.82106,24.43697],[46.81996,24.43775],[46.81925,24.43796],[46.81542,24.43847],[46.81374,24.43897],[46.81168,24.43977],[46.80947,24.4409],[46.80897,24.44123],[46.80842,24.4418],[46.80794,24.44217],[46.80684,24.4435],[46.8059,24.44445],[46.80491,24.44572],[46.80481,24.44598],[46.80481,24.44643],[46.80441,24.44766],[46.80296,24.44976],[46.802,24.45166],[46.80161,24.45207],[46.801,24.45252],[46.80036,24.45319],[46.79828,24.45466],[46.79787,24.4552],[46.79715,24.45581],[46.79608,24.45703],[46.79565,24.45762],[46.79488,24.45894],[46.79425,24.45943],[46.79389,24.4598],[46.7933,24.46083],[46.79217,24.46238],[46.79043,24.46515],[46.79003,24.46616],[46.78976,24.46725],[46.78972,24.46782],[46.78983,24.46927],[46.79006,24.47035],[46.79105,24.47234],[46.79132,24.47353],[46.79175,24.47463],[46.79381,24.47795],[46.79445,24.4786],[46.79501,24.47939],[46.79661,24.48104],[46.79694,24.4817],[46.79723,24.4821],[46.79859,24.48358],[46.79929,24.48402],[46.78434,24.50272]]]},"properties":{"district_id":"riyadh-oraid","name_ar":"عريض","name_en":"Oraid","city":"riyadh","source_codes":["70030076562014227"]}},{"type":"Feature","id":"riyadh-oraija-middle","geometry":{"type":"Polygon","coordinates":[[[46.6415,24.6176],[46.64143,24.6175],[46.64117,24.61755],[46.64092,24.61744],[46.64077,24.61748],[46.64084,24.61772],[46.6406,24.61795],[46.64078,24.61828],[46.64082,24.61853],[46.64058,24.61878],[46.64055,24.61928],[46.64062,24.61961],[46.64083,24.61966],[46.64098,24.6198],[46.64102,24.62019],[46.64096,24.62044],[46.64072,24.62066],[46.64051,24.62075],[46.64012,24.6207],[46.63921,24.62079],[46.63829,24.62016],[46.63816,24.61983],[46.63819,24.61953],[46.63807,24.61942],[46.63786,24.61945],[46.63768,24.61981],[46.63768,24.62],[46.63744,24.62009],[46.63708,24.6204],[46.63689,24.62012],[46.63746,24.61973],[46.63764,24.61931],[46.63754,24.61851],[46.63766,24.61834],[46.63771,24.61776],[46.63762,24.61762],[46.63667,24.61694],[46.63664,24.61669],[46.63636,24.61661],[46.63621,24.61616],[46.63584,24.61574],[46.63515,24.61559],[46.63461,24.61489],[46.63461,24.61529],[46.63516,24.61586],[46.63567,24.616],[46.63615,24.61653],[46.63616,24.61736],[46.63662,24.6176],[46.63662,24.61771],[46.63647,24.61788],[46.63656,24.61794],[46.63659,24.61816],[46.63648,24.6186],[46.63636,24.61869],[46.63596,24.61864],[46.63551,24.6187],[46.6352,24.61817],[46.63523,24.61801],[46.63492,24.61807],[46.63478,24.61832],[46.63432,24.61846],[46.6342,24.61805],[46.63386,24.61758],[46.63306,24.61684],[46.63309,24.61717],[46.63353,24.61791],[46.63362,24.61836],[46.63357,24.61894],[46.63314,24.61847],[46.63279,24.61751],[46.63241,24.61673],[46.63173,24.61607],[46.63146,24.61591],[46.63133,24.61538],[46.63117,24.61528],[46.63074,24.61527],[46.63036,24.61548],[46.63,24.6155],[46.62984,24.61526],[46.62991,24.613],[46.62975,24.61296],[46.62934,24.61347],[46.62919,24.61393],[46.6288,24.61468],[46.62856,24.61468],[46.6284,24.61444],[46.62813,24.61263],[46.62752,24.61168],[46.62739,24.61176],[46.62743,24.61209],[46.62719,24.61207],[46.62678,24.61177],[46.62614,24.6111],[46.62547,24.61097],[46.62525,24.6107],[46.62508,24.60995],[46.62403,24.60928],[46.62391,24.6085],[46.62352,24.60789],[46.62203,24.60692],[46.62124,24.60613],[46.62101,24.60614],[46.62098,24.60627],[46.6214,24.60729],[46.62158,24.60757],[46.62242,24.60819],[46.62278,24.60924],[46.62252,24.6096],[46.62282,24.60982],[46.62292,24.61015],[46.62359,24.61056],[46.62372,24.61117],[46.62422,24.61208],[46.62513,24.61234],[46.62572,24.61309],[46.62645,24.61347],[46.62645,24.61372],[46.62664,24.6141],[46.62581,24.61367],[46.62358,24.61222],[46.62312,24.61137],[46.62269,24.61121],[46.6225,24.61093],[46.62211,24.6108],[46.6218,24.61041],[46.621,24.60989],[46.62082,24.60959],[46.62059,24.60874],[46.62044,24.60846],[46.62007,24.60821],[46.62023,24.60868],[46.62,24.6096],[46.62015,24.60968],[46.62034,24.6101],[46.62028,24.61035],[46.62062,24.61056],[46.62081,24.61103],[46.62096,24.61125],[46.62114,24.61131],[46.62152,24.61202],[46.62022,24.61279],[46.6199,24.61369],[46.61991,24.61445],[46.61973,24.61459],[46.6196,24.6144],[46.61937,24.61271],[46.61957,24.61196],[46.61957,24.61163],[46.61947,24.61138],[46.61946,24.6106],[46.61922,24.61018],[46.61912,24.60954],[46.6185,24.60862],[46.61801,24.60847],[46.61758,24.60814],[46.61812,24.60764],[46.61812,24.60742],[46.618,24.60734],[46.61769,24.60742],[46.61757,24.60731],[46.6176,24.60684],[46.61712,24.60681],[46.61706,24.6069],[46.61721,24.60776],[46.61703,24.60785],[46.61646,24.60788],[46.61616,24.6081],[46.61597,24.60808],[46.61597,24.60794],[46.61557,24.60747],[46.61554,24.60731],[46.61541,24.60726],[46.61533,24.60745],[46.61502,24.60734],[46.61493,24.60743],[46.61481,24.60712],[46.61447,24.60693],[46.61441,24.60713],[46.61473,24.60851],[46.6144,24.60882],[46.61416,24.6089],[46.61389,24.60913],[46.61338,24.60905],[46.61325,24.60847],[46.61339,24.60783],[46.61333,24.60744],[46.61308,24.60706],[46.61304,24.60667],[46.61319,24.60628],[46.61312,24.60566],[46.61218,24.60508],[46.62268,24.59076],[46.64221,24.6027],[46.64381,24.60056],[46.66404,24.61294],[46.66487,24.61327],[46.6662,24.61362],[46.66952,24.6138],[46.66919,24.61513],[46.66896,24.61552],[46.66898,24.61593],[46.66818,24.61613],[46.66791,24.61609],[46.66798,24.61648],[46.66796,24.61711],[46.66755,24.61786],[46.66715,24.61803],[46.66706,24.61814],[46.66682,24.61818],[46.66604,24.61888],[46.66571,24.61891],[46.66555,24.61918],[46.66536,24.61991],[46.66514,24.62],[46.66499,24.61986],[46.66513,24.61925],[46.66546,24.61885],[46.6654,24.61863],[46.66531,24.61855],[46.66476,24.61847],[46.66433,24.61851],[46.66407,24.61862],[46.6638,24.61901],[46.66362,24.61909],[46.66359,24.61935],[46.6633,24.61985],[46.66302,24.61991],[46.66299,24.61966],[46.66348,24.61846],[46.66335,24.61832],[46.663,24.61822],[46.66257,24.61819],[46.662,24.61836],[46.66143,24.61901],[46.66135,24.61932],[46.66105,24.61954],[46.6609,24.62059],[46.66072,24.62071],[46.66047,24.62065],[46.66032,24.62019],[46.66011,24.62011],[46.66035,24.61969],[46.66025,24.61925],[46.65849,24.6194],[46.65831,24.61927],[46.65867,24.61921],[46.6587,24.6191],[46.65803,24.6188],[46.65818,24.61871],[46.65895,24.61895],[46.65895,24.61909],[46.65964,24.61892],[46.65939,24.61867],[46.65897,24.61851],[46.65899,24.61834],[46.65975,24.61863],[46.66058,24.61866],[46.66054,24.61838],[46.65999,24.61828],[46.65962,24.61784],[46.65946,24.61776],[46.65925,24.61783],[46.65848,24.61761],[46.65835,24.6181],[46.65811,24.6181],[46.65689,24.61859],[46.65683,24.61846],[46.65369,24.61935],[46.65276,24.61852],[46.65198,24.618],[46.65147,24.61778],[46.65046,24.61753],[46.64402,24.6178],[46.6415,24.6176]]]},"properties":{"district_id":"riyadh-oraija-middle","name_ar":"العريجاء الأوسط","name_en":"Oraija middle","city":"riyadh","source_codes":["70030076562029791"]}},{"type":"Feature","id":"riyadh-qurtubah","geometry":{"type":"Polygon","coordinates":[[[46.75803,24.80766],[46.75047,24.82202],[46.74479,24.83334],[46.7416,24.84007],[46.72291,24.83051],[46.72192,24.83021],[46.72039,24.82832],[46.71952,24.82707],[46.71813,24.82472],[46.71459,24.81725],[46.71392,24.81535],[46.71362,24.81374],[46.71357,24.81218],[46.71375,24.8106],[46.71405,24.80939],[46.71461,24.80792],[46.72231,24.7926],[46.75803,24.80766]]]},"properties":{"district_id":"riyadh-qurtubah","name_ar":"قرطبة","name_en":"Qurtubah","city":"riyadh","source_codes":["70030076562065778"]}},{"type":"Feature","id":"riyadh-salahuddin","geometry":{"type":"Polygon","coordinates":[[[46.70693,24.72954],[46.70886,24.73291],[46.70311,24.74424],[46.68517,24.73669],[46.6929,24.7214],[46.69425,24.72201],[46.69286,24.72441],[46.69352,24.72557],[46.6947,24.72503],[46.69894,24.72663],[46.7047,24.72379],[46.70693,24.72954]]]},"properties":{"district_id":"riyadh-salahuddin","name_ar":"صلاح الدين","name_en":"Salahuddin","city":"riyadh","source_codes":["70030076562027867"]}},{"type":"Feature","id":"riyadh-salam","geometry":{"type":"Polygon","coordinates":[[[46.71002,24.61698],[46.71119,24.62626],[46.70997,24.62532],[46.70815,24.62428],[46.70581,24.62277],[46.70655,24.61729],[46.70899,24.61693],[46.71002,24.61698]]]},"properties":{"district_id":"riyadh-salam","name_ar":"سلام","name_en":"Salam","city":"riyadh","source_codes":["70030076562014216"]}},{"type":"Feature","id":"riyadh-shobra","geometry":{"type":"Polygon","coordinates":[[[46.69446,24.59546],[46.69334,24.59578],[46.69313,24.59595],[46.69295,24.59651],[46.65345,24.57202],[46.64823,24.56902],[46.64163,24.56494],[46.64444,24.5611],[46.64627,24.56198],[46.65278,24.56599],[46.65498,24.56704],[46.65616,24.56744],[46.65743,24.56775],[46.66284,24.56881],[46.66803,24.57022],[46.67025,24.5711],[46.67192,24.57197],[46.6823,24.57843],[46.68369,24.57954],[46.686,24.58176],[46.68747,24.58281],[46.68536,24.58571],[46.69446,24.59546]]]},"properties":{"district_id":"riyadh-shobra","name_ar":"شبرا","name_en":"Shobra","city":"riyadh","source_codes":["70030076562014217"]}},{"type":"Feature","id":"riyadh-siyah","geometry":{"type":"Polygon","coordinates":[[[46.7066,24.60467],[46.70693,24.60584],[46.70705,24.60694],[46.7068,24.61421],[46.70243,24.61229],[46.70104,24.61175],[46.69857,24.61091],[46.69557,24.61011],[46.6963,24.60923],[46.69698,24.60785],[46.69828,24.60567],[46.69908,24.60367],[46.69953,24.60186],[46.7018,24.60247],[46.70397,24.60377],[46.7066,24.60467]]]},"properties":{"district_id":"riyadh-siyah","name_ar":"صياح","name_en":"Siyah","city":"riyadh","source_codes":["70030076562014219"]}},{"type":"Feature","id":"riyadh-skirinah","geometry":{"type":"Polygon","coordinates":[[[46.72118,24.61578],[46.71761,24.62051],[46.71432,24.61895],[46.71476,24.61801],[46.71542,24.6155],[46.71598,24.61367],[46.7165,24.61228],[46.72118,24.61578]]]},"properties":{"district_id":"riyadh-skirinah","name_ar":"سكيرينة","name_en":"Skirinah","city":"riyadh","source_codes":["70030076562020598"]}},{"type":"Feature","id":"riyadh-sultana","geometry":{"type":"Polygon","coordinates":[[[46.69535,24.61062],[46.69462,24.61112],[46.69372,24.61222],[46.69332,24.61241],[46.69291,24.61244],[46.69059,24.612],[46.68692,24.61046],[46.68557,24.6097],[46.68523,24.60948],[46.68259,24.60712],[46.68164,24.60649],[46.68049,24.60608],[46.67921,24.60591],[46.67787,24.60498],[46.6765,24.60452],[46.67663,24.60412],[46.6767,24.60319],[46.67705,24.60305],[46.67738,24.60244],[46.67801,24.60176],[46.6781,24.60121],[46.67802,24.60066],[46.67821,24.59985],[46.67841,24.59985],[46.67826,24.59946],[46.68101,24.59553],[46.6845,24.59767],[46.6851,24.59797],[46.68553,24.5981],[46.69188,24.59876],[46.69743,24.60125],[46.69953,24.60186],[46.69908,24.60367],[46.69828,24.60567],[46.69698,24.60785],[46.6963,24.60923],[46.69586,24.60968],[46.69556,24.61012],[46.69535,24.61062]]]},"properties":{"district_id":"riyadh-sultana","name_ar":"سلطانة","name_en":"Sultana","city":"riyadh","source_codes":["70030076562017696"]}},{"type":"Feature","id":"riyadh-thulaim","geometry":{"type":"Polygon","coordinates":[[[46.73643,24.64074],[46.73623,24.64142],[46.73583,24.64222],[46.73374,24.6447],[46.7274,24.64346],[46.71994,24.64106],[46.71817,24.64038],[46.71783,24.64023],[46.7179,24.63944],[46.7178,24.63793],[46.7199,24.63804],[46.73595,24.6398],[46.7366,24.63965],[46.73643,24.64074]]]},"properties":{"district_id":"riyadh-thulaim","name_ar":"ثليم","name_en":"Thulaim","city":"riyadh","source_codes":["70030076562014206"]}},{"type":"Feature","id":"riyadh-tiba","geometry":{"type":"Polygon","coordinates":[[[46.8265,24.57359],[46.82246,24.56812],[46.82195,24.56766],[46.81424,24.56391],[46.79594,24.55523],[46.80707,24.53556],[46.83389,24.50988],[46.83928,24.51715],[46.84087,24.51902],[46.84404,24.52096],[46.8653,24.54873],[46.8265,24.57359]]]},"properties":{"district_id":"riyadh-tiba","name_ar":"طيبة","name_en":"Tiba","city":"riyadh","source_codes":["70030076562014225"]}},{"type":"Feature","id":"riyadh-tuwaiq","geometry":{"type":"MultiPolygon","coordinates":[[[[46.56333,24.61033],[46.56202,24.61124],[46.56148,24.61136],[46.56105,24.61131],[46.56086,24.61021],[46.56076,24.60998],[46.56017,24.60938],[46.55971,24.60855],[46.55927,24.60821],[46.55878,24.60808],[46.558,24.6072],[46.55733,24.60666],[46.55666,24.6059],[46.556,24.60541],[46.55415,24.60457],[46.55291,24.60413],[46.55179,24.60354],[46.5508,24.60266],[46.54975,24.60139],[46.54904,24.60111],[46.54849,24.60104],[46.54735,24.60118],[46.54675,24.60116],[46.54496,24.60058],[46.54473,24.60032],[46.54372,24.59794],[46.54271,24.59677],[46.54215,24.59583],[46.54183,24.59547],[46.54067,24.59448],[46.54044,24.59417],[46.53973,24.59379],[46.53966,24.59355],[46.53943,24.59356],[46.53615,24.59158],[46.53453,24.59135],[46.53125,24.58971],[46.53026,24.58958],[46.52971,24.58975],[46.52958,24.58959],[46.52777,24.59137],[46.52694,24.59062],[46.5281,24.58948],[46.52826,24.58923],[46.52827,24.58877],[46.52837,24.58853],[46.52818,24.58828],[46.52824,24.58815],[46.52794,24.58786],[46.52742,24.58744],[46.52718,24.58736],[46.52611,24.58732],[46.52376,24.58641],[46.52259,24.58607],[46.52261,24.58588],[46.52325,24.58495],[46.52302,24.58479],[46.52268,24.58435],[46.52248,24.58382],[46.522,24.5838],[46.52167,24.58292],[46.52124,24.58254],[46.51983,24.58182],[46.51818,24.58141],[46.51726,24.58091],[46.51679,24.58077],[46.51631,24.58086],[46.5157,24.58126],[46.5153,24.58168],[46.51521,24.58166],[46.51541,24.581],[46.51554,24.58081],[46.51662,24.57998],[46.51539,24.58006],[46.51498,24.57612],[46.51418,24.57618],[46.51403,24.57604],[46.51372,24.57594],[46.51301,24.57502],[46.51157,24.5738],[46.51088,24.57355],[46.51015,24.5736],[46.50861,24.5722],[46.50741,24.57151],[46.507,24.57158],[46.50667,24.57182],[46.50652,24.57303],[46.50655,24.57367],[46.50694,24.57538],[46.50666,24.57555],[46.5066,24.5758],[46.50674,24.57696],[46.50662,24.57725],[46.50652,24.57686],[46.50617,24.57635],[46.50558,24.57592],[46.50534,24.57502],[46.50505,24.57464],[46.50455,24.57438],[46.50467,24.57393],[46.50421,24.57206],[46.50371,24.57143],[46.50301,24.5709],[46.50152,24.57037],[46.50172,24.56992],[46.50161,24.56929],[46.5014,24.56838],[46.50079,24.56712],[46.49989,24.56605],[46.49827,24.56308],[46.49747,24.56209],[46.49637,24.56102],[46.49647,24.56057],[46.49626,24.55958],[46.49634,24.55867],[46.49584,24.55768],[46.49424,24.55661],[46.49268,24.5559],[46.49054,24.55636],[46.4904,24.55708],[46.49069,24.55753],[46.48984,24.5576],[46.4887,24.55723],[46.48635,24.55718],[46.48386,24.5576],[46.48279,24.55806],[46.48259,24.55852],[46.48253,24.55944],[46.48382,24.56007],[46.48518,24.56091],[46.48804,24.56173],[46.48883,24.56263],[46.48784,24.56271],[46.48705,24.56226],[46.48648,24.56252],[46.48606,24.56298],[46.48585,24.56351],[46.48593,24.56422],[46.48321,24.56334],[46.48236,24.56328],[46.48193,24.56335],[46.48208,24.5638],[46.48173,24.56413],[46.48144,24.56407],[46.47986,24.56298],[46.47893,24.56247],[46.47857,24.56195],[46.47792,24.56163],[46.47763,24.56131],[46.47734,24.56079],[46.47684,24.56047],[46.4762,24.56021],[46.47584,24.56048],[46.47527,24.5599],[46.47512,24.55938],[46.47419,24.55887],[46.47332,24.55783],[46.47224,24.55706],[46.47139,24.557],[46.47018,24.55721],[46.47026,24.55799],[46.47112,24.55857],[46.47127,24.55896],[46.47156,24.55922],[46.47178,24.5598],[46.4715,24.56026],[46.47056,24.55981],[46.46992,24.55936],[46.46807,24.55945],[46.46772,24.55997],[46.46686,24.55979],[46.46615,24.55973],[46.46529,24.55947],[46.46472,24.55961],[46.4638,24.55968],[46.46182,24.56081],[46.46095,24.56023],[46.46073,24.55945],[46.4603,24.55893],[46.45894,24.55843],[46.45851,24.55837],[46.4583,24.55843],[46.45872,24.55797],[46.45874,24.55748],[46.45865,24.55686],[46.45837,24.55641],[46.45792,24.55596],[46.45769,24.55592],[46.45773,24.55563],[46.45736,24.55473],[46.4565,24.55379],[46.45663,24.55342],[46.45662,24.55309],[46.45621,24.55236],[46.45566,24.55191],[46.45435,24.55126],[46.45377,24.55127],[46.45296,24.55148],[46.45291,24.55131],[46.45304,24.55103],[46.45299,24.55074],[46.45245,24.55004],[46.45213,24.54984],[46.45168,24.54976],[46.45101,24.55035],[46.45073,24.54986],[46.4501,24.54941],[46.44865,24.54926],[46.4482,24.54914],[46.44793,24.54873],[46.44806,24.54831],[46.44801,24.54786],[46.44692,24.5475],[46.44647,24.54755],[46.44629,24.54734],[46.44673,24.54668],[46.44673,24.5461],[46.44712,24.54536],[46.44711,24.54441],[46.44693,24.54421],[46.44635,24.54442],[46.44522,24.54464],[46.44464,24.54493],[46.44366,24.54572],[46.44334,24.54548],[46.44314,24.54379],[46.44341,24.54313],[46.44331,24.54243],[46.44294,24.54206],[46.44155,24.54232],[46.44115,24.54282],[46.44012,24.54308],[46.43975,24.54267],[46.43961,24.54205],[46.43978,24.54073],[46.43959,24.54032],[46.43954,24.53958],[46.44055,24.53856],[46.44123,24.538],[46.44172,24.53771],[46.44253,24.53745],[46.44333,24.53666],[46.44319,24.53617],[46.44265,24.53601],[46.44184,24.53606],[46.4409,24.53624],[46.43955,24.53662],[46.4391,24.53642],[46.43801,24.53556],[46.43782,24.53462],[46.43808,24.53396],[46.43877,24.53268],[46.43967,24.53168],[46.44113,24.52963],[46.44136,24.52916],[46.44195,24.52847],[46.46276,24.54061],[46.46597,24.54239],[46.46923,24.54407],[46.47089,24.54488],[46.47956,24.54871],[46.51278,24.56317],[46.51639,24.56498],[46.51947,24.5668],[46.52212,24.56857],[46.52466,24.57049],[46.52659,24.57211],[46.52911,24.57447],[46.53057,24.57599],[46.55196,24.59952],[46.55525,24.60283],[46.56333,24.61033]]],[[[46.57563,24.61173],[46.57479,24.61184],[46.57303,24.61201],[46.57286,24.61159],[46.5716,24.61139],[46.56977,24.61152],[46.5689,24.61175],[46.56677,24.61176],[46.56648,24.61172],[46.56618,24.61151],[46.56587,24.61106],[46.56513,24.61067],[46.56454,24.61061],[46.56393,24.61088],[46.5562,24.60373],[46.55196,24.59952],[46.53057,24.57599],[46.52911,24.57447],[46.52659,24.57211],[46.52466,24.57049],[46.52212,24.56857],[46.51947,24.5668],[46.51639,24.56498],[46.51278,24.56317],[46.47956,24.54871],[46.47089,24.54488],[46.46923,24.54407],[46.46597,24.54239],[46.46276,24.54061],[46.44195,24.52847],[46.44441,24.52548],[46.44507,24.52482],[46.44564,24.52448],[46.44795,24.52586],[46.44937,24.52713],[46.45157,24.5295],[46.45581,24.52985],[46.45686,24.52867],[46.45754,24.52845],[46.45816,24.52803],[46.45924,24.52766],[46.45959,24.52781],[46.4601,24.5277],[46.46055,24.52718],[46.46128,24.52691],[46.4616,24.52723],[46.46203,24.52727],[46.46249,24.52747],[46.46438,24.52881],[46.46404,24.52907],[46.4637,24.52897],[46.46365,24.52933],[46.46336,24.52928],[46.46325,24.52949],[46.46297,24.52969],[46.46301,24.5298],[46.4632,24.52975],[46.464,24.52985],[46.46456,24.52969],[46.46514,24.53015],[46.46674,24.53107],[46.46743,24.53128],[46.46903,24.53152],[46.4696,24.53188],[46.46937,24.53198],[46.46858,24.53199],[46.46726,24.53174],[46.46641,24.53149],[46.46641,24.5318],[46.46596,24.53212],[46.46567,24.53181],[46.46533,24.53171],[46.46533,24.53213],[46.46556,24.53244],[46.46534,24.53254],[46.46505,24.53249],[46.46493,24.53203],[46.4647,24.53208],[46.4646,24.53245],[46.46454,24.53224],[46.46419,24.53219],[46.46414,24.53245],[46.46397,24.53219],[46.46355,24.53272],[46.46334,24.53262],[46.46335,24.53303],[46.46283,24.53288],[46.46232,24.53299],[46.46174,24.53216],[46.461,24.5317],[46.46147,24.53269],[46.46112,24.53238],[46.46084,24.53243],[46.46113,24.5329],[46.46078,24.53269],[46.46038,24.5327],[46.46079,24.53316],[46.46051,24.53342],[46.45925,24.53312],[46.45845,24.53282],[46.45724,24.532],[46.45737,24.53283],[46.45817,24.53329],[46.46074,24.5341],[46.46296,24.53361],[46.4633,24.53376],[46.4638,24.53369],[46.46451,24.53344],[46.46554,24.53364],[46.46605,24.53337],[46.4669,24.53311],[46.46741,24.53331],[46.46759,24.53357],[46.46816,24.53356],[46.46965,24.53428],[46.4717,24.53452],[46.47267,24.53487],[46.47256,24.53519],[46.47227,24.53488],[46.47182,24.53483],[46.47165,24.53493],[46.47199,24.53514],[46.47148,24.53515],[46.47046,24.53562],[46.47081,24.53588],[46.47143,24.53587],[46.47206,24.53566],[46.47257,24.53586],[46.4736,24.53596],[46.47468,24.53626],[46.47332,24.53674],[46.47315,24.53659],[46.47224,24.53665],[46.47281,24.53685],[46.47298,24.537],[46.47253,24.53696],[46.47219,24.53706],[46.47213,24.53748],[46.47236,24.53769],[46.47316,24.53789],[46.47334,24.53815],[46.47288,24.53825],[46.47083,24.53833],[46.47044,24.53844],[46.47021,24.53891],[46.46971,24.53938],[46.46914,24.53959],[46.4688,24.53991],[46.46823,24.54018],[46.46772,24.54013],[46.46738,24.53997],[46.46652,24.53977],[46.46595,24.53994],[46.46573,24.54025],[46.4659,24.54035],[46.46756,24.5407],[46.46813,24.54116],[46.46893,24.54121],[46.47138,24.54113],[46.472,24.54087],[46.47297,24.54101],[46.47437,24.54108],[46.47553,24.54073],[46.47774,24.53946],[46.47825,24.53898],[46.4783,24.53862],[46.47864,24.53825],[46.47886,24.53825],[46.47914,24.53746],[46.47999,24.53673],[46.48072,24.53636],[46.48157,24.53614],[46.48357,24.53591],[46.48481,24.53543],[46.48538,24.53496],[46.48611,24.53411],[46.48673,24.53369],[46.48797,24.53306],[46.48866,24.53305],[46.489,24.53294],[46.48946,24.53325],[46.48964,24.53377],[46.48992,24.53397],[46.49214,24.5339],[46.49198,24.53463],[46.4921,24.53494],[46.4925,24.53541],[46.49359,24.53545],[46.49393,24.53534],[46.49444,24.53539],[46.49484,24.53585],[46.49508,24.53627],[46.49371,24.53612],[46.49291,24.53592],[46.49251,24.53572],[46.49051,24.53517],[46.48999,24.53481],[46.48913,24.53461],[46.48782,24.53478],[46.48749,24.53504],[46.48755,24.53551],[46.48835,24.53602],[46.48778,24.53603],[46.48733,24.53593],[46.48722,24.53681],[46.48671,24.53703],[46.48642,24.53682],[46.48539,24.53636],[46.48494,24.53631],[46.48476,24.53616],[46.48391,24.53612],[46.48374,24.53622],[46.48386,24.53648],[46.48449,24.53679],[46.48198,24.53666],[46.48181,24.53692],[46.48193,24.53707],[46.48142,24.53734],[46.48107,24.53718],[46.48023,24.53777],[46.47977,24.53787],[46.47921,24.53819],[46.47915,24.5384],[46.48081,24.53859],[46.48132,24.53848],[46.48195,24.53858],[46.48223,24.53879],[46.48155,24.53905],[46.48127,24.53932],[46.48224,24.53962],[46.4811,24.53974],[46.48094,24.5401],[46.48146,24.54051],[46.48208,24.54051],[46.48209,24.54092],[46.48232,24.54118],[46.48271,24.54066],[46.48299,24.54065],[46.48368,24.54039],[46.48436,24.53981],[46.48496,24.53953],[46.48507,24.53925],[46.48538,24.53963],[46.48598,24.53979],[46.48604,24.54006],[46.48491,24.54029],[46.48384,24.54085],[46.48432,24.54139],[46.48385,24.54167],[46.48427,24.54194],[46.48493,24.54199],[46.48553,24.54231],[46.48607,24.54247],[46.48667,24.54252],[46.48708,24.54219],[46.48739,24.54235],[46.48792,24.54234],[46.4884,24.54217],[46.4887,24.54223],[46.48877,24.54261],[46.48853,24.54299],[46.48727,24.54268],[46.48691,24.54274],[46.48679,24.54285],[46.48716,24.54328],[46.4868,24.54328],[46.48614,24.54302],[46.48614,24.54335],[46.48458,24.54331],[46.48417,24.54375],[46.48447,24.54418],[46.48412,24.54468],[46.48514,24.5445],[46.48604,24.54461],[46.48663,24.54416],[46.48699,24.54438],[46.48812,24.54393],[46.48848,24.54403],[46.48926,24.54397],[46.49027,24.54303],[46.49098,24.54281],[46.49205,24.54219],[46.49324,24.54125],[46.49395,24.54092],[46.4945,24.54124],[46.49509,24.54118],[46.49527,24.54123],[46.4954,24.54183],[46.49492,24.54173],[46.4942,24.54179],[46.49206,24.54269],[46.49146,24.5428],[46.49099,24.54324],[46.4895,24.54413],[46.48813,24.54437],[46.4876,24.54536],[46.4872,24.54656],[46.48732,24.54689],[46.48828,24.54672],[46.48887,24.54649],[46.48911,24.54616],[46.48958,24.54599],[46.48922,24.54578],[46.48934,24.54561],[46.4897,24.54539],[46.49006,24.54582],[46.4909,24.54603],[46.4915,24.54608],[46.4918,24.54586],[46.49173,24.54553],[46.49227,24.54526],[46.49281,24.54519],[46.49359,24.54524],[46.49418,24.54513],[46.49442,24.5449],[46.49592,24.545],[46.49586,24.54516],[46.49467,24.54561],[46.49431,24.54611],[46.4942,24.54649],[46.49343,24.54705],[46.49325,24.54754],[46.49326,24.54836],[46.49351,24.54874],[46.49399,24.54901],[46.49483,24.54889],[46.49549,24.549],[46.49602,24.54888],[46.49638,24.54855],[46.49859,24.54787],[46.49918,24.54754],[46.49971,24.54704],[46.50009,24.54648],[46.5003,24.54599],[46.50096,24.54604],[46.50149,24.54576],[46.50203,24.54565],[46.50221,24.54548],[46.50304,24.54509],[46.50328,24.54509],[46.50328,24.5446],[46.50339,24.54432],[46.50375,24.54432],[46.50411,24.54453],[46.50422,24.54338],[46.50446,24.54338],[46.5047,24.54322],[46.50445,24.54311],[46.50445,24.54267],[46.50463,24.54262],[46.50493,24.54278],[46.50517,24.54266],[46.50499,24.54245],[46.50498,24.54201],[46.50456,24.54169],[46.5048,24.54163],[46.50552,24.5419],[46.50582,24.54211],[46.50606,24.54211],[46.50612,24.54189],[46.50599,24.54156],[46.50593,24.54102],[46.50556,24.54047],[46.50604,24.54047],[46.50688,24.54101],[46.50748,24.54122],[46.50772,24.54072],[46.50712,24.5404],[46.50686,24.53942],[46.50722,24.53914],[46.50752,24.53958],[46.50837,24.54006],[46.50855,24.53979],[46.50849,24.53942],[46.50859,24.53842],[46.50889,24.53825],[46.50925,24.53907],[46.51028,24.53966],[46.51107,24.54047],[46.51142,24.54014],[46.51124,24.53981],[46.51166,24.53959],[46.51143,24.53942],[46.51137,24.53888],[46.51299,24.53913],[46.51424,24.53868],[46.51478,24.53868],[46.51519,24.53851],[46.51609,24.53795],[46.51769,24.53734],[46.51758,24.53761],[46.51616,24.53899],[46.51484,24.53922],[46.51383,24.53962],[46.5133,24.54017],[46.51199,24.54111],[46.51099,24.54238],[46.51184,24.54229],[46.51242,24.54198],[46.51302,24.54181],[46.51386,24.54208],[46.51547,24.54162],[46.51565,24.54124],[46.51618,24.54085],[46.51701,24.54062],[46.51731,24.54046],[46.51737,24.54029],[46.51773,24.54013],[46.51809,24.54012],[46.51851,24.54044],[46.52089,24.54063],[46.52121,24.54107],[46.52229,24.54123],[46.52271,24.54117],[46.52301,24.541],[46.52396,24.54094],[46.52426,24.54115],[46.52462,24.5412],[46.52528,24.54114],[46.52564,24.54136],[46.52445,24.54175],[46.52511,24.54207],[46.52601,24.54223],[46.52643,24.54244],[46.52721,24.54249],[46.52787,24.54243],[46.5271,24.54276],[46.5265,24.54321],[46.52633,24.54348],[46.52579,24.5436],[46.5252,24.54393],[46.52527,24.54541],[46.52569,24.54562],[46.52947,24.54564],[46.53132,24.54551],[46.5321,24.54572],[46.53449,24.54548],[46.53467,24.5457],[46.53534,24.54596],[46.53611,24.54595],[46.53576,24.54612],[46.53307,24.54626],[46.53247,24.54649],[46.53181,24.54649],[46.5311,24.54688],[46.53069,24.54749],[46.53111,24.54765],[46.53204,24.54824],[46.53264,24.54834],[46.53318,24.54834],[46.53366,24.5485],[46.53438,24.54855],[46.53474,24.54893],[46.53463,24.54937],[46.53493,24.54947],[46.53618,24.54935],[46.53678,24.54891],[46.53732,24.54917],[46.5375,24.5489],[46.53809,24.54884],[46.53899,24.5485],[46.53976,24.54833],[46.54012,24.54816],[46.54125,24.54711],[46.54108,24.54848],[46.54073,24.54881],[46.54109,24.54946],[46.54056,24.54991],[46.54104,24.54979],[46.5411,24.55012],[46.54021,24.55062],[46.54057,24.55067],[46.54117,24.55056],[46.54164,24.55022],[46.54224,24.55011],[46.54254,24.54994],[46.54277,24.54966],[46.54289,24.54939],[46.54319,24.54917],[46.54342,24.54862],[46.54371,24.5484],[46.54448,24.54697],[46.54471,24.5468],[46.54537,24.54668],[46.54548,24.54613],[46.54572,24.54608],[46.5459,24.54613],[46.54614,24.54597],[46.54727,24.54557],[46.54787,24.54524],[46.5481,24.54485],[46.5484,24.54457],[46.54857,24.54419],[46.54881,24.54419],[46.54893,24.54435],[46.54894,24.54495],[46.54906,24.54528],[46.55062,24.54542],[46.55098,24.54559],[46.55147,24.54662],[46.5519,24.54678],[46.55208,24.54694],[46.55173,24.54766],[46.55262,24.5471],[46.55267,24.54683],[46.55291,24.54639],[46.55327,24.54638],[46.55348,24.54686],[46.55322,24.54726],[46.55198,24.54848],[46.55222,24.54864],[46.55317,24.54813],[46.55388,24.54742],[46.554,24.54741],[46.55442,24.54768],[46.55466,24.54763],[46.55531,24.54718],[46.55561,24.54691],[46.55555,24.54669],[46.55566,24.54614],[46.5559,24.54592],[46.55637,24.54586],[46.55763,24.54612],[46.55799,24.54568],[46.55798,24.54541],[46.55852,24.54474],[46.55983,24.54429],[46.55989,24.54451],[46.55984,24.54506],[46.56002,24.54527],[46.56116,24.54553],[46.56122,24.54537],[46.56158,24.54553],[46.56211,24.54525],[46.5626,24.54552],[46.56403,24.54545],[46.56511,24.54528],[46.56582,24.54505],[46.56659,24.54444],[46.56671,24.54417],[46.56754,24.54383],[46.56784,24.54339],[46.56825,24.54322],[46.56838,24.54338],[46.56808,24.54377],[46.56856,24.54393],[46.5694,24.54397],[46.57065,24.54314],[46.57171,24.54214],[46.57265,24.54055],[46.57366,24.54026],[46.57396,24.54004],[46.57408,24.54031],[46.57637,24.54144],[46.57787,24.54204],[46.57851,24.5424],[46.57828,24.54263],[46.5788,24.54289],[46.5795,24.54294],[46.58053,24.54271],[46.5814,24.5436],[46.58071,24.54361],[46.57997,24.54398],[46.5794,24.54446],[46.57963,24.54477],[46.57934,24.54472],[46.57785,24.54479],[46.57762,24.54485],[46.57768,24.54506],[46.57976,24.54546],[46.58004,24.54524],[46.58044,24.54508],[46.58039,24.54534],[46.58056,24.54555],[46.58085,24.5455],[46.58102,24.54534],[46.58137,24.54549],[46.58171,24.54533],[46.58189,24.54549],[46.58217,24.54559],[46.58448,24.54583],[46.58442,24.54609],[46.58374,24.54641],[46.58311,24.54684],[46.5826,24.54774],[46.58164,24.54885],[46.58014,24.54855],[46.57968,24.54872],[46.57923,24.54919],[46.57849,24.54962],[46.57872,24.54999],[46.57803,24.55],[46.57861,24.55025],[46.57861,24.55057],[46.57786,24.55037],[46.57775,24.55079],[46.57835,24.55096],[46.58073,24.551],[46.58064,24.55081],[46.58024,24.55076],[46.58,24.5505],[46.58029,24.55044],[46.58046,24.55002],[46.57976,24.54977],[46.57982,24.54929],[46.5801,24.54908],[46.58149,24.54943],[46.58206,24.54943],[46.5824,24.54921],[46.58354,24.54815],[46.58521,24.54803],[46.58566,24.54771],[46.58595,24.54786],[46.58601,24.54765],[46.58629,24.54744],[46.58652,24.54738],[46.58663,24.54701],[46.58697,24.5468],[46.58731,24.54616],[46.58736,24.54564],[46.58753,24.54516],[46.58752,24.54479],[46.58781,24.54469],[46.58803,24.54416],[46.58856,24.54499],[46.58822,24.54537],[46.58834,24.54568],[46.58834,24.54594],[46.58852,24.54631],[46.58921,24.54641],[46.58996,24.5464],[46.59037,24.54676],[46.58968,24.54703],[46.58916,24.54662],[46.58858,24.54668],[46.58887,24.54683],[46.58905,24.5472],[46.5894,24.5474],[46.58975,24.54777],[46.58941,24.54809],[46.58837,24.54836],[46.58769,24.54863],[46.58712,24.54906],[46.58674,24.55085],[46.58684,24.55126],[46.58728,24.55128],[46.58838,24.54995],[46.58833,24.54973],[46.58854,24.54976],[46.58887,24.54936],[46.58935,24.54925],[46.58759,24.55157],[46.58643,24.55242],[46.58198,24.55747],[46.58151,24.55812],[46.58062,24.55993],[46.58017,24.5613],[46.58002,24.56216],[46.57971,24.56542],[46.57971,24.56833],[46.57952,24.56921],[46.57968,24.56926],[46.58016,24.57355],[46.59336,24.57259],[46.59454,24.57267],[46.5955,24.57292],[46.58364,24.58895],[46.58163,24.59184],[46.57541,24.60018],[46.57193,24.60518],[46.57288,24.6078],[46.5732,24.60828],[46.57488,24.60955],[46.5755,24.61076],[46.57563,24.61173]]]]},"properties":{"district_id":"riyadh-tuwaiq","name_ar":"طويق","name_en":"Tuwaiq","city":"riyadh","source_codes":["70030076562014220","70030076562014223"]}},{"type":"Feature","id":"riyadh-umm-hamam-eastern","geometry":{"type":"Polygon","coordinates":[[[46.65536,24.70189],[46.65497,24.70186],[46.65457,24.7017],[46.65002,24.69806],[46.64967,24.69754],[46.64954,24.69694],[46.65109,24.68777],[46.6567,24.67509],[46.65706,24.67453],[46.65855,24.67441],[46.66046,24.67457],[46.66265,24.67509],[46.66365,24.67522],[46.669,24.67491],[46.66868,24.67582],[46.66645,24.68031],[46.66624,24.68132],[46.6662,24.68302],[46.66588,24.68402],[46.65912,24.6945],[46.65536,24.70189]]]},"properties":{"district_id":"riyadh-umm-hamam-eastern","name_ar":"أم الحمام الشرقي","name_en":"Umm Hamam eastern","city":"riyadh","source_codes":["70030076562031220"]}},{"type":"Feature","id":"riyadh-umm-salim","geometry":{"type":"Polygon","coordinates":[[[46.7047,24.63102],[46.70437,24.6331],[46.70386,24.63771],[46.6927,24.63702],[46.69234,24.6298],[46.7047,24.63102]]]},"properties":{"district_id":"riyadh-umm-salim","name_ar":"أم سليم","name_en":"Umm Salim","city":"riyadh","source_codes":["70030076562019226"]}},{"type":"Feature","id":"riyadh-uqaz","geometry":{"type":"Polygon","coordinates":[[[46.67627,24.52528],[46.67553,24.52559],[46.65881,24.5373],[46.65199,24.529],[46.65066,24.5272],[46.64964,24.52538],[46.6462,24.5187],[46.64512,24.51704],[46.6442,24.51595],[46.64344,24.51521],[46.64038,24.51274],[46.63912,24.51156],[46.63784,24.50999],[46.63633,24.50767],[46.65527,24.49763],[46.65077,24.49053],[46.65229,24.48964],[46.65264,24.48913],[46.65278,24.48909],[46.65319,24.48908],[46.65358,24.48923],[46.65431,24.48983],[46.65484,24.49051],[46.65534,24.49077],[46.65586,24.49075],[46.65737,24.49023],[46.65784,24.49024],[46.6582,24.49038],[46.65868,24.49081],[46.65914,24.49167],[46.66008,24.49282],[46.66117,24.49329],[46.66252,24.4937],[46.66301,24.49394],[46.66334,24.49418],[46.6636,24.49479],[46.66394,24.49532],[46.66418,24.49546],[46.66453,24.49541],[46.66501,24.49495],[46.66545,24.49469],[46.66569,24.4946],[46.66627,24.49455],[46.66775,24.49465],[46.66868,24.49488],[46.66952,24.49522],[46.66993,24.49522],[46.67023,24.49508],[46.67046,24.49479],[46.67065,24.49374],[46.67096,24.49354],[46.67133,24.49351],[46.67159,24.49359],[46.67181,24.49378],[46.67231,24.49474],[46.67294,24.49553],[46.67402,24.49642],[46.67503,24.49712],[46.67609,24.4973],[46.67737,24.49735],[46.67888,24.49722],[46.68014,24.49691],[46.68089,24.49649],[46.6822,24.49534],[46.68259,24.49531],[46.68284,24.49553],[46.68302,24.49609],[46.68312,24.49663],[46.68312,24.49723],[46.68245,24.49853],[46.6823,24.49976],[46.68256,24.50012],[46.68291,24.50027],[46.68314,24.50028],[46.68401,24.50005],[46.68581,24.49926],[46.6868,24.49898],[46.68721,24.49891],[46.68917,24.49899],[46.69004,24.49883],[46.69105,24.49831],[46.69168,24.49757],[46.69262,24.49683],[46.69303,24.49686],[46.6935,24.49701],[46.69244,24.49826],[46.69129,24.49944],[46.68907,24.50131],[46.68663,24.50293],[46.68399,24.50428],[46.69223,24.5142],[46.68237,24.52104],[46.68273,24.52126],[46.68327,24.52178],[46.68403,24.52206],[46.68409,24.52225],[46.68403,24.52305],[46.68356,24.52339],[46.68338,24.52362],[46.68322,24.52444],[46.68303,24.52471],[46.68245,24.5249],[46.67627,24.52528]]]},"properties":{"district_id":"riyadh-uqaz","name_ar":"عكاظ","name_en":"Uqaz","city":"riyadh","source_codes":["70030076562014228"]}},{"type":"Feature","id":"riyadh-utayqah","geometry":{"type":"Polygon","coordinates":[[[46.70924,24.61691],[46.70655,24.61729],[46.7068,24.61449],[46.70705,24.60738],[46.70693,24.60584],[46.70651,24.60444],[46.70589,24.6031],[46.7053,24.60223],[46.70422,24.60094],[46.70369,24.60006],[46.70325,24.59883],[46.70306,24.59772],[46.70305,24.59682],[46.70317,24.59595],[46.70492,24.58876],[46.70526,24.58684],[46.7053,24.58615],[46.70684,24.58594],[46.7102,24.58832],[46.71095,24.58878],[46.71163,24.58952],[46.71185,24.59013],[46.71002,24.61698],[46.70924,24.61691]]]},"properties":{"district_id":"riyadh-utayqah","name_ar":"عتيقة","name_en":"Utayqah","city":"riyadh","source_codes":["70030076562015747"]}},{"type":"Feature","id":"riyadh-wady-laban","geometry":{"type":"Polygon","coordinates":[[[46.55872,24.61882],[46.55745,24.61897],[46.55577,24.61938],[46.55478,24.61926],[46.55403,24.61898],[46.55236,24.61798],[46.55167,24.61734],[46.55152,24.61671],[46.55323,24.6163],[46.55336,24.61565],[46.55273,24.6151],[46.55078,24.61411],[46.54949,24.61373],[46.54792,24.61375],[46.54722,24.61428],[46.54452,24.61483],[46.54333,24.61482],[46.54238,24.61459],[46.54209,24.61394],[46.54167,24.61328],[46.54107,24.61265],[46.53908,24.61241],[46.53567,24.61296],[46.53505,24.6127],[46.53381,24.61259],[46.53306,24.61231],[46.53252,24.61195],[46.53265,24.6113],[46.53323,24.61065],[46.53534,24.61114],[46.53572,24.61091],[46.53624,24.61074],[46.53761,24.61071],[46.53955,24.60994],[46.54124,24.60984],[46.54117,24.609],[46.54045,24.60861],[46.53765,24.60903],[46.53685,24.60903],[46.5349,24.6088],[46.53433,24.60839],[46.53432,24.60789],[46.53489,24.60737],[46.53501,24.60661],[46.5344,24.60607],[46.53373,24.60608],[46.53287,24.60582],[46.53258,24.60518],[46.53315,24.60517],[46.53314,24.60426],[46.53427,24.60347],[46.53455,24.60294],[46.5341,24.60242],[46.53368,24.60217],[46.53339,24.60165],[46.53182,24.60167],[46.5308,24.60194],[46.52913,24.60222],[46.52775,24.60264],[46.52613,24.60291],[46.52314,24.60305],[46.52229,24.60267],[46.52156,24.60201],[46.5205,24.60065],[46.52002,24.60114],[46.51953,24.60145],[46.51769,24.59895],[46.51745,24.59952],[46.51682,24.59994],[46.51626,24.60078],[46.5157,24.60086],[46.51527,24.60041],[46.51499,24.59967],[46.5151,24.59937],[46.5162,24.59814],[46.51618,24.59781],[46.51595,24.59772],[46.51527,24.59777],[46.51422,24.59758],[46.51383,24.59769],[46.51371,24.59776],[46.51367,24.59793],[46.51356,24.5979],[46.51289,24.59825],[46.5126,24.59855],[46.51237,24.59848],[46.51148,24.59857],[46.51137,24.59875],[46.51126,24.59875],[46.51129,24.59891],[46.5112,24.59896],[46.51089,24.59896],[46.51058,24.59912],[46.51032,24.59906],[46.51015,24.59913],[46.5102,24.59941],[46.51004,24.59964],[46.50988,24.59965],[46.50966,24.59978],[46.50968,24.60018],[46.5091,24.60017],[46.5089,24.60025],[46.50852,24.60074],[46.50828,24.60079],[46.50816,24.60113],[46.50691,24.60205],[46.50633,24.60202],[46.50575,24.60165],[46.50519,24.6018],[46.50407,24.60156],[46.50291,24.60157],[46.50249,24.60196],[46.50207,24.60275],[46.50093,24.60276],[46.50075,24.60293],[46.50517,24.6045],[46.50511,24.60527],[46.5042,24.60551],[46.50404,24.60528],[46.5038,24.60551],[46.50337,24.60543],[46.5031,24.60549],[46.5026,24.60583],[46.50246,24.60563],[46.50223,24.60569],[46.50025,24.60834],[46.50009,24.60839],[46.49874,24.60757],[46.49872,24.60748],[46.49747,24.60696],[46.49789,24.60574],[46.49639,24.6053],[46.49594,24.60652],[46.49488,24.60636],[46.49347,24.60633],[46.49348,24.6066],[46.4922,24.60666],[46.49221,24.60691],[46.49035,24.60685],[46.49031,24.60636],[46.48925,24.6064],[46.48835,24.6065],[46.488,24.60664],[46.48746,24.60695],[46.48726,24.6072],[46.48559,24.60672],[46.48586,24.60599],[46.48576,24.60596],[46.48581,24.60581],[46.48556,24.60572],[46.4853,24.60612],[46.48435,24.60591],[46.48551,24.60311],[46.48474,24.60288],[46.48445,24.60362],[46.48402,24.60349],[46.48384,24.60395],[46.48242,24.60352],[46.48232,24.6038],[46.48211,24.60385],[46.48082,24.6035],[46.48093,24.60333],[46.47993,24.60299],[46.47885,24.60302],[46.47856,24.6032],[46.47856,24.60334],[46.47838,24.60338],[46.47786,24.60371],[46.47767,24.60404],[46.47596,24.60351],[46.47488,24.60332],[46.47496,24.603],[46.47348,24.6028],[46.47134,24.60278],[46.47029,24.60289],[46.47034,24.60321],[46.46883,24.60421],[46.46375,24.60487],[46.46361,24.60407],[46.46387,24.604],[46.46383,24.60373],[46.46478,24.60353],[46.46471,24.60301],[46.46421,24.60305],[46.46407,24.60256],[46.46205,24.60282],[46.4638,24.59915],[46.46139,24.59731],[46.45729,24.59662],[46.45523,24.59498],[46.45544,24.59373],[46.45975,24.59306],[46.46088,24.59201],[46.45746,24.59184],[46.45461,24.59062],[46.45255,24.58939],[46.45229,24.58669],[46.45306,24.5843],[46.45541,24.57283],[46.45397,24.57343],[46.45129,24.57344],[46.45027,24.57385],[46.44952,24.57436],[46.44773,24.57657],[46.44753,24.57736],[46.44765,24.57811],[46.44759,24.57863],[46.44722,24.57963],[46.44671,24.58056],[46.44604,24.58147],[46.44524,24.58244],[46.44421,24.58312],[46.44359,24.58382],[46.44307,24.58402],[46.4415,24.58511],[46.44104,24.5856],[46.43923,24.58694],[46.43808,24.58603],[46.43737,24.586],[46.43678,24.58633],[46.4353,24.58696],[46.43343,24.58719],[46.4316,24.58713],[46.43035,24.58749],[46.43125,24.58613],[46.44087,24.54289],[46.44115,24.54282],[46.44155,24.54232],[46.44294,24.54206],[46.44331,24.54243],[46.44341,24.54313],[46.44314,24.54379],[46.44334,24.54548],[46.44366,24.54572],[46.44464,24.54493],[46.44522,24.54464],[46.44635,24.54442],[46.44693,24.54421],[46.44711,24.54441],[46.44712,24.54536],[46.44673,24.5461],[46.44673,24.54668],[46.44629,24.54734],[46.44647,24.54755],[46.44692,24.5475],[46.44801,24.54786],[46.44806,24.54831],[46.44793,24.54873],[46.4482,24.54914],[46.44865,24.54926],[46.4501,24.54941],[46.45073,24.54986],[46.45101,24.55035],[46.45168,24.54976],[46.45213,24.54984],[46.45245,24.55004],[46.45299,24.55074],[46.45304,24.55103],[46.45291,24.55131],[46.45296,24.55148],[46.45377,24.55127],[46.45435,24.55126],[46.45566,24.55191],[46.45621,24.55236],[46.45662,24.55309],[46.45663,24.55342],[46.4565,24.55379],[46.45736,24.55473],[46.45773,24.55563],[46.45769,24.55592],[46.45792,24.55596],[46.45837,24.55641],[46.45865,24.55686],[46.45874,24.55748],[46.45872,24.55797],[46.4583,24.55843],[46.45851,24.55837],[46.45894,24.55843],[46.4603,24.55893],[46.46073,24.55945],[46.46095,24.56023],[46.46182,24.56081],[46.4638,24.55968],[46.46472,24.55961],[46.46529,24.55947],[46.46615,24.55973],[46.46686,24.55979],[46.46772,24.55997],[46.46807,24.55945],[46.46992,24.55936],[46.47056,24.55981],[46.4715,24.56026],[46.47178,24.5598],[46.47156,24.55922],[46.47127,24.55896],[46.47112,24.55857],[46.47026,24.55799],[46.47018,24.55721],[46.47139,24.557],[46.47224,24.55706],[46.47332,24.55783],[46.47419,24.55887],[46.47512,24.55938],[46.47527,24.5599],[46.47584,24.56048],[46.4762,24.56021],[46.47684,24.56047],[46.47734,24.56079],[46.47763,24.56131],[46.47792,24.56163],[46.47857,24.56195],[46.47893,24.56247],[46.47986,24.56298],[46.48144,24.56407],[46.48173,24.56413],[46.48208,24.5638],[46.48193,24.56335],[46.48236,24.56328],[46.48321,24.56334],[46.48593,24.56422],[46.48585,24.56351],[46.48606,24.56298],[46.48648,24.56252],[46.48705,24.56226],[46.48784,24.56271],[46.48883,24.56263],[46.48804,24.56173],[46.48518,24.56091],[46.48382,24.56007],[46.48253,24.55944],[46.48259,24.55852],[46.48279,24.55806],[46.48386,24.5576],[46.48635,24.55718],[46.4887,24.55723],[46.48984,24.5576],[46.49069,24.55753],[46.4904,24.55708],[46.49054,24.55636],[46.49268,24.5559],[46.49424,24.55661],[46.49584,24.55768],[46.49634,24.55867],[46.49626,24.55958],[46.49647,24.56057],[46.49637,24.56102],[46.49747,24.56209],[46.49827,24.56308],[46.49989,24.56605],[46.50079,24.56712],[46.5014,24.56838],[46.50161,24.56929],[46.50172,24.56992],[46.50152,24.57037],[46.50301,24.5709],[46.50371,24.57143],[46.50421,24.57206],[46.50467,24.57393],[46.50455,24.57438],[46.50505,24.57464],[46.50534,24.57502],[46.50558,24.57592],[46.50617,24.57635],[46.50652,24.57686],[46.50662,24.57725],[46.50674,24.57696],[46.5066,24.5758],[46.50666,24.57555],[46.50694,24.57538],[46.50655,24.57367],[46.50652,24.57303],[46.50667,24.57182],[46.507,24.57158],[46.50741,24.57151],[46.50861,24.5722],[46.51015,24.5736],[46.51088,24.57355],[46.51157,24.5738],[46.51301,24.57502],[46.51372,24.57594],[46.51403,24.57604],[46.51418,24.57618],[46.51498,24.57612],[46.51539,24.58006],[46.51662,24.57998],[46.51554,24.58081],[46.51541,24.581],[46.51521,24.58166],[46.5153,24.58168],[46.5157,24.58126],[46.51631,24.58086],[46.51679,24.58077],[46.51726,24.58091],[46.51818,24.58141],[46.51983,24.58182],[46.52124,24.58254],[46.52167,24.58292],[46.522,24.5838],[46.52248,24.58382],[46.52268,24.58435],[46.52302,24.58479],[46.52325,24.58495],[46.52261,24.58588],[46.52259,24.58607],[46.52376,24.58641],[46.52611,24.58732],[46.52718,24.58736],[46.52742,24.58744],[46.52794,24.58786],[46.52824,24.58815],[46.52818,24.58828],[46.52837,24.58853],[46.52827,24.58877],[46.52826,24.58923],[46.5281,24.58948],[46.52694,24.59062],[46.52777,24.59137],[46.52958,24.58959],[46.52971,24.58975],[46.53026,24.58958],[46.53125,24.58971],[46.53453,24.59135],[46.53615,24.59158],[46.53943,24.59356],[46.53966,24.59355],[46.53973,24.59379],[46.54044,24.59417],[46.54067,24.59448],[46.54183,24.59547],[46.54215,24.59583],[46.54271,24.59677],[46.54372,24.59794],[46.54473,24.60032],[46.54496,24.60058],[46.54675,24.60116],[46.54735,24.60118],[46.54849,24.60104],[46.54904,24.60111],[46.54975,24.60139],[46.5508,24.60266],[46.55179,24.60354],[46.55291,24.60413],[46.55415,24.60457],[46.556,24.60541],[46.55666,24.6059],[46.55733,24.60666],[46.558,24.6072],[46.55878,24.60808],[46.55927,24.60821],[46.55971,24.60855],[46.56017,24.60938],[46.56076,24.60998],[46.56086,24.61021],[46.56105,24.61131],[46.56148,24.61136],[46.56202,24.61124],[46.56333,24.61033],[46.56799,24.61472],[46.57053,24.61696],[46.56978,24.61701],[46.56795,24.61753],[46.56549,24.61877],[46.56449,24.61904],[46.56201,24.61881],[46.55872,24.61882]]]},"properties":{"district_id":"riyadh-wady-laban","name_ar":"وادي لبن","name_en":"Wady Laban","city":"riyadh","source_codes":["70030076562024237"]}},{"type":"Feature","id":"riyadh-west-suwaidi","geometry":{"type":"Polygon","coordinates":[[[46.62426,24.58861],[46.60504,24.57679],[46.60596,24.57565],[46.60696,24.57467],[46.60812,24.57379],[46.6094,24.57304],[46.63497,24.56117],[46.63606,24.56079],[46.63719,24.5605],[46.63834,24.56032],[46.6397,24.56024],[46.64094,24.56029],[46.64213,24.56045],[46.64328,24.56072],[46.64444,24.5611],[46.62426,24.58861]]]},"properties":{"district_id":"riyadh-west-suwaidi","name_ar":"السويدي الغربي","name_en":"West Suwaidi","city":"riyadh","source_codes":["70030076562029765"]}},{"type":"Feature","id":"riyadh-western-al-naseem","geometry":{"type":"Polygon","coordinates":[[[46.84823,24.71317],[46.82026,24.75087],[46.79978,24.73814],[46.82766,24.70043],[46.84823,24.71317]]]},"properties":{"district_id":"riyadh-western-al-naseem","name_ar":"النسيم الغربي","name_en":"Western Al Naseem","city":"riyadh","source_codes":["70030076562029750"]}},{"type":"Feature","id":"riyadh-western-araija","geometry":{"type":"MultiPolygon","coordinates":[[[[46.60504,24.57679],[46.62426,24.58861],[46.61171,24.60571],[46.61134,24.60634],[46.61104,24.60717],[46.61096,24.6076],[46.61124,24.60766],[46.61155,24.60756],[46.61188,24.60771],[46.61188,24.60795],[46.61145,24.60805],[46.61109,24.60849],[46.61157,24.60849],[46.6112,24.60898],[46.61173,24.60897],[46.61173,24.60917],[46.61223,24.61028],[46.61287,24.61056],[46.61431,24.6105],[46.61558,24.61005],[46.61616,24.60975],[46.61675,24.6096],[46.61723,24.60989],[46.61707,24.61003],[46.61644,24.61033],[46.61623,24.61101],[46.61665,24.61082],[46.61697,24.61052],[46.61729,24.61076],[46.61757,24.61124],[46.61751,24.61144],[46.61719,24.61135],[46.6165,24.6114],[46.61555,24.61165],[46.61523,24.61166],[46.61464,24.61152],[46.61379,24.61153],[46.61331,24.61144],[46.61272,24.61149],[46.61214,24.6114],[46.61176,24.6114],[46.61134,24.61155],[46.61091,24.61136],[46.61059,24.61137],[46.61037,24.61093],[46.6101,24.61069],[46.60994,24.61069],[46.60931,24.61099],[46.60916,24.61163],[46.61006,24.61166],[46.61022,24.61181],[46.61006,24.61181],[46.61098,24.61229],[46.61135,24.61219],[46.61193,24.61218],[46.6121,24.61237],[46.61178,24.61242],[46.61162,24.61262],[46.6104,24.61283],[46.61062,24.61322],[46.61013,24.61307],[46.60941,24.613],[46.60983,24.61357],[46.61012,24.6134],[46.61034,24.61368],[46.61052,24.61357],[46.61063,24.61373],[46.61092,24.6138],[46.61126,24.6134],[46.61168,24.61311],[46.61205,24.61315],[46.61248,24.61339],[46.61312,24.61319],[46.6138,24.61265],[46.61482,24.61293],[46.6153,24.61297],[46.61599,24.61335],[46.61631,24.61325],[46.617,24.61276],[46.61711,24.61295],[46.61743,24.61319],[46.61743,24.61343],[46.61771,24.61426],[46.61761,24.61445],[46.61712,24.61426],[46.61632,24.61413],[46.61606,24.61418],[46.61543,24.61462],[46.6142,24.61464],[46.61351,24.61474],[46.6141,24.61522],[46.61442,24.61536],[46.61501,24.61521],[46.61597,24.6152],[46.61639,24.6151],[46.61773,24.61591],[46.61821,24.61576],[46.61907,24.61619],[46.61987,24.61637],[46.62072,24.61637],[46.6212,24.61665],[46.622,24.61679],[46.62233,24.61708],[46.62334,24.61741],[46.62308,24.61765],[46.62292,24.61804],[46.62314,24.61828],[46.62367,24.61833],[46.62414,24.61759],[46.62424,24.6172],[46.6251,24.61758],[46.62559,24.61792],[46.62676,24.61791],[46.62655,24.61849],[46.62618,24.61898],[46.62443,24.61939],[46.62374,24.61964],[46.62534,24.61991],[46.62513,24.62006],[46.62413,24.62041],[46.6237,24.62042],[46.62311,24.62013],[46.62344,24.62086],[46.62312,24.62106],[46.62276,24.62155],[46.62254,24.62136],[46.62217,24.62131],[46.62131,24.62103],[46.62131,24.62054],[46.62098,24.62025],[46.62066,24.62021],[46.62056,24.62065],[46.62035,24.6206],[46.61954,24.61983],[46.61911,24.61959],[46.61879,24.61926],[46.61662,24.6183],[46.61603,24.61816],[46.61539,24.61822],[46.61379,24.61785],[46.61342,24.61795],[46.61322,24.61853],[46.61301,24.61883],[46.61253,24.61898],[46.61237,24.61888],[46.61215,24.6185],[46.61183,24.61816],[46.61171,24.61772],[46.61181,24.61724],[46.61155,24.61709],[46.61149,24.6169],[46.61149,24.6167],[46.61197,24.6165],[46.61186,24.61631],[46.61111,24.61651],[46.61095,24.61632],[46.61084,24.61588],[46.61029,24.61577],[46.61007,24.6159],[46.61047,24.61647],[46.61042,24.61681],[46.61054,24.61749],[46.61022,24.61779],[46.61006,24.61774],[46.60974,24.61711],[46.60953,24.6169],[46.60942,24.61691],[46.60908,24.61649],[46.60888,24.61663],[46.60915,24.61702],[46.60911,24.6178],[46.60857,24.61776],[46.60852,24.618],[46.60917,24.61848],[46.60906,24.61863],[46.60821,24.61834],[46.60773,24.61811],[46.60756,24.61772],[46.60753,24.61686],[46.60723,24.61646],[46.60696,24.61577],[46.60685,24.6158],[46.60474,24.61512],[46.60454,24.61552],[46.60499,24.61587],[46.60631,24.61631],[46.60639,24.61697],[46.60597,24.61752],[46.60438,24.61731],[46.60429,24.617],[46.60393,24.61691],[46.60381,24.61719],[46.6033,24.61709],[46.60335,24.61733],[46.60458,24.61804],[46.60523,24.61857],[46.60411,24.61887],[46.60384,24.61849],[46.60314,24.61781],[46.60213,24.61744],[46.60196,24.6171],[46.60199,24.61677],[46.60154,24.61667],[46.60077,24.61531],[46.60031,24.61663],[46.59936,24.61756],[46.60072,24.62069],[46.60035,24.62119],[46.59973,24.62128],[46.59877,24.62155],[46.59798,24.62156],[46.59786,24.62221],[46.59699,24.62264],[46.59614,24.62099],[46.59443,24.61912],[46.594,24.61829],[46.5927,24.61716],[46.59182,24.61676],[46.59114,24.61673],[46.5903,24.61619],[46.5896,24.61634],[46.58895,24.61592],[46.58839,24.61568],[46.58721,24.61487],[46.58693,24.61449],[46.58664,24.61374],[46.58661,24.61287],[46.5844,24.61253],[46.58728,24.60644],[46.59613,24.58927],[46.5976,24.58692],[46.60504,24.57679]]],[[[46.58412,24.61313],[46.58325,24.61261],[46.58283,24.61263],[46.58255,24.61251],[46.5818,24.6124],[46.58,24.61063],[46.57949,24.61042],[46.57916,24.61005],[46.5792,24.60971],[46.57811,24.60896],[46.57661,24.60697],[46.57637,24.60626],[46.5759,24.60599],[46.57535,24.60598],[46.57541,24.60616],[46.57574,24.60637],[46.57593,24.60693],[46.57576,24.60704],[46.57533,24.60699],[46.57531,24.60656],[46.575,24.60633],[46.57475,24.60588],[46.57454,24.60513],[46.57409,24.60428],[46.57353,24.60376],[46.57306,24.60357],[46.57541,24.60018],[46.58163,24.59184],[46.58364,24.58895],[46.5955,24.57292],[46.59942,24.574],[46.60124,24.57469],[46.60254,24.57534],[46.6045,24.57656],[46.60493,24.57694],[46.5976,24.58692],[46.59613,24.58927],[46.58728,24.60644],[46.58412,24.61313]]]]},"properties":{"district_id":"riyadh-western-araija","name_ar":"العريجاء الغربي","name_en":"Western Araija","city":"riyadh","source_codes":["70030076562029792","70030076562029793"]}},{"type":"Feature","id":"riyadh-western-umm-hamam","geometry":{"type":"Polygon","coordinates":[[[46.6541,24.7044],[46.62978,24.69419],[46.63469,24.6869],[46.63581,24.6865],[46.63685,24.68596],[46.65254,24.67553],[46.6538,24.67541],[46.65597,24.67475],[46.65706,24.67453],[46.6567,24.67509],[46.65109,24.68777],[46.64954,24.69694],[46.64967,24.69754],[46.65002,24.69806],[46.65457,24.7017],[46.65497,24.70186],[46.65536,24.70189],[46.6541,24.7044]]]},"properties":{"district_id":"riyadh-western-umm-hamam","name_ar":"أم الحمام الغربي","name_en":"Western Umm Hamam","city":"riyadh","source_codes":["70030076562031221"]}}]}